roll,t_stat,t_p_value,n_active,mean_pnl
1,-0.9730601922606903,0.3305607041341525,6308,-8.251240564194957e-06
2,0.2508100201247097,0.8019699061462395,5783,2.707189095408921e-06
3,0.48002644456586335,0.6312269701499846,5713,5.15898966782954e-06
4,-0.4654013644271842,0.6416668778045014,4442,-4.945904192036955e-06
5,-1.2957316904072502,0.19512531868946237,5213,-1.1416013067067663e-05
6,1.1784486329571997,0.23867690482848758,4745,1.3854013498157847e-05
7,0.8439105553007007,0.3987609765135187,4855,9.510090690643682e-06
8,-1.4922576736185944,0.1356951943460134,4962,-1.5752941633464315e-05
9,0.7256273879723926,0.4681011669916253,5004,7.567820560599745e-06
10,0.5217865810524495,0.6018396216017061,5587,5.36182613101907e-06
11,-1.053158363539564,0.29232069905129276,4868,-1.083045147890874e-05
12,-0.7924044153144864,0.42817275923107445,3929,-9.26487794483667e-06
13,0.998586208880902,0.3180375950463086,5698,1.1424334461324358e-05
14,-2.6636896748449255,0.007752251920320141,5304,-2.8570174359988666e-05
15,-0.19210636928876695,0.84766728335044,4646,-2.269166955129545e-06
16,-0.36071762073225905,0.718325080134439,5245,-4.491695791643722e-06
17,-1.4247371323497031,0.15428767164993573,5730,-1.2351476495130134e-05
18,-1.2203909451364139,0.22236544883940645,5905,-9.74848875153819e-06
19,0.10753625058916355,0.9143678871139034,4996,8.858788888980435e-07
20,-0.4863563381156429,0.6267416809398307,3928,-5.742018326901055e-06
21,-0.2421335908318838,0.8086876844930457,4501,-2.8489118105290447e-06
22,0.6826478721608561,0.4948598732178491,5186,5.168148734808793e-06
23,-0.2038130287216608,0.8385087883535844,4520,-2.3808998247727564e-06
24,-0.09510034335409588,0.9242388052545405,5179,-1.1644493631970976e-06
25,0.846377168411354,0.3973866967031303,4570,9.27454137447122e-06
26,-1.2410642261197604,0.21464868597086761,4368,-1.4330619091372095e-05
27,-0.9584957965335286,0.3378545616190043,5551,-9.479483617843407e-06
28,-0.5816685136218396,0.5608128894340174,5725,-4.863990447981546e-06
29,1.2416042767833266,0.21444164632788332,4933,1.4143447886505537e-05
30,-0.07505934537049244,0.9401712646225857,3983,-9.263581809938643e-07
31,1.1360534279403163,0.2559855225659764,5306,1.2633522770689623e-05
32,1.1749130315482172,0.24009584813207185,4218,1.181553775578793e-05
33,0.15817140140478383,0.8743274980626756,5546,1.4237631129559568e-06
34,-1.1983556554139707,0.23083527167776463,5011,-1.192181154690192e-05
35,0.1082316283510221,0.9138179316601847,3635,1.1431115194562952e-06
36,-0.7001984331995358,0.48383635658119406,4942,-6.203717398567748e-06
37,-0.2213670834347728,0.8248137101695558,6376,-2.1497242834799573e-06
38,-0.16022746044217148,0.8727071770385548,6132,-1.6197318449979099e-06
39,-0.7038498716366582,0.48156273828777474,4495,-6.696296715590603e-06
40,0.08379768291818449,0.9332203544655131,5475,8.469328822628527e-07
41,0.18068093404367327,0.8566244687247186,5683,1.7897332795987211e-06
42,0.18579653794853412,0.8526106349003904,5968,1.8583963829045646e-06
43,0.36339206499147475,0.716327987948294,4814,3.637093106886366e-06
44,-0.703116812735438,0.4820152459661631,5070,-4.864817694931363e-06
45,-1.2462772949269416,0.21272675712736433,4552,-1.1450242088111851e-05
46,-0.2487722630408834,0.8035457770452914,5787,-2.7048320102128744e-06
47,0.49432489353136033,0.6210958977546119,5671,4.8731260838390825e-06
48,-1.493031278492203,0.1354888963972194,5268,-1.4575102493996214e-05
49,0.17327987302125866,0.8624387680898873,4789,2.19504838311308e-06
50,-0.6372334321113904,0.5240073395166838,4225,-7.096660092271673e-06
51,-0.06286819245153297,0.9498735583063602,5999,-5.66993765810347e-07
52,0.8428266065812945,0.3993737523175247,4172,7.106241315554539e-06
53,-0.7204559973525605,0.4712722838580259,6015,-7.448107770947428e-06
54,2.898506139031648,0.0037620812513980972,6455,2.859404039053424e-05
55,1.4090521574775738,0.15889479485800329,4144,1.678291547620879e-05
56,0.10485016223535297,0.9164993130364718,4565,1.2034716322787664e-06
57,-0.5477016761342428,0.5839277306501982,3948,-6.148340040574342e-06
58,-0.7839051645205743,0.433131859476219,5144,-9.325801529518531e-06
59,-1.6442769492025204,0.1001891088707616,4485,-1.950379095794797e-05
60,-1.3261363994578856,0.1848453048493348,5965,-9.92282107902117e-06
61,-0.04337053233402099,0.9654076822698512,5717,-3.98575035122469e-07
62,-1.1522182780446204,0.24928447898084438,5189,-9.44195793994414e-06
63,-0.09965756260706111,0.9206198643304173,5442,-1.1929331994469048e-06
64,-0.6541845555266829,0.513030879835819,3963,-5.978056933575039e-06
65,-1.2345610339737947,0.21707512658661088,3573,-1.7218854848730563e-05
66,-0.9363150882810526,0.349149552836566,5863,-8.908094478201014e-06
67,-0.3926418924643354,0.6946024025055091,4547,-3.851971283715385e-06
68,0.5701022117636965,0.5686316572662282,5502,4.587775858463142e-06
69,0.5233693209164652,0.600740402627165,5014,5.905889209323566e-06
70,1.8981786181800901,0.05772264602003685,5744,2.1058447427994693e-05
71,0.6531822588506305,0.5136639313143174,5973,6.785806126955713e-06
72,-0.7313042348813716,0.4646293496601863,4760,-7.884470254451372e-06
73,-0.14177980687062575,0.8872583986652915,6399,-8.609695529011787e-07
74,1.3735092423076427,0.16965179281134812,5337,9.370484717838944e-06
75,-1.8696739845442412,0.061580090490594985,5728,-2.0285756083034167e-05
76,-0.10419027330002117,0.9170229207948037,4575,-9.377133477696958e-07
77,-0.8111464402586447,0.41731889000524625,5175,-6.201387350301788e-06
78,0.025720493499082744,0.9794810879318803,6336,1.502797681929367e-07
79,-1.2143805131584948,0.22466769776177875,4396,-1.4488842591282227e-05
80,-0.2728563169807788,0.784975885461475,4612,-2.703125294437172e-06
81,-1.2701900907265944,0.2040814080444242,4584,-1.6500135617648958e-05
82,-0.9926025271004354,0.320948332744611,5381,-8.608033293861906e-06
83,0.6028947453647474,0.5466049937647262,5203,7.432100989336299e-06
84,0.44036831288947714,0.6596911937781389,4572,6.0568644857506315e-06
85,-1.4170296884044074,0.15653765501156158,4914,-1.686303804398112e-05
86,0.24755197205186924,0.8044913172860726,4963,2.9708964140048075e-06
87,-0.4796723774699646,0.6314840414493288,4433,-4.6054192917680825e-06
88,-2.827985781205569,0.00470724375122189,4043,-3.43009809478059e-05
89,1.2353365537736418,0.21678644958862203,3576,1.6679275464567986e-05
90,1.3438690738911971,0.17904830804591665,5296,1.663731242237713e-05
91,0.9436215381035563,0.34540679485381,5216,5.884356795450875e-06
92,-0.706571268842788,0.47986429315057144,5253,-6.908852575095851e-06
93,0.33611618415209954,0.7367982300044813,4710,3.235112491816262e-06
94,1.1041895459842004,0.26956765509470615,4684,1.067093676574137e-05
95,-0.8362919806709055,0.40302798541685925,5355,-1.0127768726428094e-05
96,0.5860068167068112,0.557894597162115,5590,6.612667470483164e-06
97,0.24901497903055714,0.8033584373913174,5534,1.5541352608260935e-06
98,0.07016962168717886,0.9440610449825322,5867,7.471068162045293e-07
99,0.39756896356684707,0.6909650401129386,4964,4.625785593307174e-06
100,0.8706243686850247,0.3839993753572122,5214,1.057667628224057e-05
101,-1.436566992569423,0.1508976271170097,5532,-1.5905042094153288e-05
102,0.4472774386010959,0.6546965779331924,4440,5.478424349088096e-06
103,-0.39865001854867294,0.690169385225488,4656,-4.710120423306567e-06
104,0.7700889960282276,0.4412884267916928,4403,1.031719965552928e-05
105,0.7142923831965761,0.4750757791490796,5676,8.33450272523285e-06
106,0.6762840784658797,0.4988881640060743,5614,7.480114625521082e-06
107,1.0172341331253392,0.30908757568539724,5408,1.2029005239088729e-05
108,-0.7873103111143517,0.431148648710586,3855,-7.5459965243451125e-06
109,0.9715274621577543,0.331342702981237,4122,9.674005561264859e-06
110,-0.9218242031391255,0.35667646545909015,3959,-1.1522395686199974e-05
111,-1.1622827849842359,0.24517424610047556,5173,-7.532509092232279e-06
112,-0.0046896018289477375,0.9962584418326643,4950,-4.2837987107575926e-08
113,0.28187953496093143,0.7780511834867183,3813,3.1256623761152095e-06
114,0.45784930271953245,0.6470883824361366,3596,5.3104536340070155e-06
115,-0.6927166066408361,0.48852221011703745,4624,-8.47183432329234e-06
116,-0.3638811330350764,0.7159624094748636,4921,-3.7035860713113223e-06
117,1.1379697162101687,0.2551901742884173,4780,1.1811321938126705e-05
118,0.5127693362310594,0.6081311309832984,6140,5.035340342593891e-06
119,0.2853937884793864,0.775356350226506,4258,3.693214084978853e-06
120,1.5922332591871549,0.11138920028032984,5556,1.851205673734121e-05
121,1.4093639060941685,0.1588072196624004,3906,1.7165121619095687e-05
122,-0.23905093496650706,0.811074877210169,5574,-1.7339360732900477e-06
123,-0.8465923327469577,0.3972652634144471,4726,-7.355628595027875e-06
124,0.17415222555549786,0.8617528877130642,4996,1.38719131754817e-06
125,-0.5875952814791773,0.5568338935359307,4436,-7.140576843518964e-06
126,-0.2781368419227094,0.7809194749117596,4730,-3.7904103144077567e-06
127,0.16312493116442342,0.8704259429712491,5614,1.663950002109899e-06
128,-1.0977190041072493,0.27237768604359314,5237,-1.2336440511781947e-05
129,0.4682518552849787,0.6396251939402426,4931,4.585616778140005e-06
130,1.8859003000244117,0.05936731844889653,4915,2.490119891501206e-05
131,0.5111627672655451,0.6092603940897479,4843,5.7215074872512875e-06
132,-1.5684686025169443,0.11684323219869475,4431,-1.706782831145172e-05
133,0.8781435004236517,0.3799224090114408,3731,1.3516953554947861e-05
134,-0.6302319580883333,0.5285716336830979,5001,-4.861855771455629e-06
135,-0.986890889040076,0.3237500528144097,4429,-9.424120512112393e-06
136,0.9812692236440442,0.32649476742270633,6828,8.887952049044184e-06
137,1.3615653920352926,0.17339001540485643,5585,1.4597126613899696e-05
138,-1.7075514715322189,0.0877863520166573,4651,-2.0273138671161838e-05
139,-1.4197291039475761,0.15574924275278978,4974,-1.3493204770426912e-05
140,-0.16592178197886734,0.8682238162158828,6317,-1.6387162510167732e-06
141,-0.17216375260334588,0.8633170471561264,4222,-1.5515926340266964e-06
142,-1.5161131345802097,0.12956812155317254,4086,-1.8657216870031622e-05
143,0.212060574590041,0.8320684641787106,4976,2.4369955056600553e-06
144,-0.5541466769951345,0.5795031365503784,5024,-5.380688928019202e-06
145,0.4277933424684902,0.6688195904641558,5117,4.576522006284929e-06
146,0.0786839418248107,0.937287065308005,5168,5.04263657440479e-07
147,0.4931137451977129,0.6219573066877135,4317,3.9619530385656304e-06
148,-1.3435916990455798,0.17913580306943833,5509,-9.945175220569176e-06
149,-0.07953313621616594,0.9366114649452382,5510,-5.078861774801992e-07
150,0.08245112676946606,0.9342915238084295,4659,1.182368607625518e-06
151,0.5703727011630711,0.5684485709598843,5424,6.5495612889189775e-06
152,0.542230882347894,0.5876815432988822,5473,5.1238881284524176e-06
153,0.22535291958542147,0.821713403178691,5313,2.36809701327183e-06
154,-1.978204745494241,0.04796778108070088,4409,-2.315620221175208e-05
155,-0.07153034585570073,0.9429793034800613,3942,-8.623398252586729e-07
156,-1.3491819509950587,0.17733900538378777,5052,-1.3764508938167635e-05
157,-0.25974958884472193,0.7950664263663172,5637,-2.8857952775250182e-06
158,0.6169675078154657,0.53728217835355,5399,7.332292932629884e-06
159,-0.950668697247234,0.3418111190416546,5963,-8.015553162349805e-06
160,-1.3056567253451679,0.1917300224152978,4949,-1.4971774961961456e-05
161,-0.10904999613943323,0.9131677042590216,4495,-1.365817731918177e-06
162,-1.7103111659154209,0.08727226401702493,4854,-1.3852183167850532e-05
163,0.9481230624034348,0.34311946393512804,4352,8.91015808294763e-06
164,1.398854848915613,0.16191784099136974,5058,1.0476662831901866e-05
165,0.7049980032283162,0.48083862267149957,6050,4.032086434238531e-06
166,-0.8964631605533944,0.3700528841337851,4550,-8.073892528101745e-06
167,-0.08492455959274357,0.9323251285421681,4520,-7.540294877144645e-07
168,0.038947238790481994,0.9689338182079794,5700,4.095469516761252e-07
169,-0.148279711774325,0.882128031757573,4979,-1.4265086741524682e-06
170,0.6783200931397184,0.49759361184510453,6317,5.558176938317108e-06
171,1.4603418128785055,0.14429155205911903,3294,1.9412088143499264e-05
172,-0.1422778708853339,0.8868666706372603,4665,-1.9319715728215848e-06
173,0.7011251201918971,0.48325716316850365,5063,4.863514953130462e-06
174,-0.06826011502747933,0.9455818541955507,4161,-6.981332365973473e-07
175,0.6051521248960158,0.5451061020025976,4874,7.777763371176669e-06
176,-0.1594565174280755,0.8733146108399295,5968,-1.218506734061012e-06
177,0.05800183142748707,0.9537496380433106,4696,7.3594493132416e-07
178,-0.7940957036323226,0.4271775786239962,4978,-7.324284574404803e-06
179,1.4956461531085905,0.1348085621726367,5036,1.4825876243792333e-05
180,0.6825328647339777,0.4949322571332082,5238,8.235217067110771e-06
181,0.8010230968202267,0.42315071731963316,5867,5.1969652171755415e-06
182,-0.1810508491408894,0.8563348438573124,5111,-2.2307495773424366e-06
183,1.2913568186662931,0.19664604008917586,4519,1.0092971690978008e-05
184,-0.48913183200437876,0.6247698173394984,5002,-3.626074085330579e-06
185,-0.14840089233591544,0.8820323873855014,4995,-1.8026760816306834e-06
186,-1.1324702890741547,0.2575193456618343,3289,-1.2558199967556798e-05
187,-0.511957805512552,0.6087016442053392,5358,-4.808448569457282e-06
188,-1.080268766019832,0.28007725616624035,4760,-1.200130338705169e-05
189,-0.05684041755104849,0.9546744472031337,5333,-3.7853095950754005e-07
190,0.009806301404920819,0.9921763289376464,3913,1.2967511698745153e-07
191,-0.06928819418840564,0.9447624957986067,6096,-7.097731390352603e-07
192,-2.192185173688268,0.02842205633850492,4109,-2.3909396153755397e-05
193,0.6736431486717442,0.5005754418439978,4183,8.572827745792704e-06
194,-0.2007934227113479,0.8408678575839996,5269,-2.38586018377273e-06
195,-0.7414774877367479,0.4584456916922903,4175,-7.231841175190731e-06
196,-1.560604004779022,0.11869000738012225,4348,-1.50764709166192e-05
197,1.6673975917211197,0.09549353035479768,5385,1.4844107691761347e-05
198,1.7048053258288465,0.08830690516616024,4079,1.5727365986629116e-05
199,-0.8655967798920817,0.386742908902717,6575,-6.012240765742783e-06
200,-1.1950492910687158,0.23212630182282457,4843,-1.1106875394435287e-05
201,-1.6178246581378808,0.1057579008676266,5485,-1.4140629509664443e-05
202,0.6592866333398638,0.5097480162023875,4184,6.495174965763677e-06
203,-0.3378450117306703,0.7354939749342118,5071,-4.251212438559198e-06
204,0.9686963755292933,0.33273393503479687,6293,9.564061271960142e-06
205,0.956730430331098,0.33874229651923327,5937,1.056101371122239e-05
206,-0.2410857548648323,0.8094961739102513,6573,-2.0429851656160166e-06
207,0.4659301137163716,0.6412836559950588,5598,2.9910169404810273e-06
208,0.234227435844777,0.8148195989735867,4289,3.6080120757933864e-06
209,-1.0628519191534744,0.28789615866226415,5456,-1.1840068264096407e-05
210,-0.9176564494660524,0.3588441785962426,4873,-8.370171647612303e-06
211,-0.8481401769220624,0.39640309933241347,4701,-9.55625861215149e-06
212,-0.3236397844120038,0.7462255408583998,4581,-3.7561854746797674e-06
213,0.0549400848800011,0.9561882866897269,5253,3.928137204917536e-07
214,0.41774044374372826,0.6761529090096512,5603,4.723539331377586e-06
215,-1.1476923166479998,0.25115870379877747,4352,-1.1669651299836662e-05
216,-0.11550386909588431,0.9080508430470184,4558,-1.0520247011036946e-06
217,1.3079281614437581,0.19095240883136766,5494,1.5917436041815963e-05
218,-0.15697346231929263,0.8752736990206991,3994,-2.0878649450249233e-06
219,-0.9984285034139122,0.31812168567886934,4826,-9.659438194791786e-06
220,-1.0688630675751551,0.2851814233530736,5156,-9.986933922572283e-06
221,-1.9008893391212751,0.05737119998991802,5253,-2.0260359726957392e-05
222,0.6308733923339056,0.5281541105656644,4682,5.58612373034098e-06
223,-0.6417966439595946,0.5210345149960367,5024,-6.768070542571715e-06
224,-1.6944727023849433,0.09024978983687726,4192,-1.9612451606034003e-05
225,-0.016788103364769012,0.9866063164931584,5108,-1.1573511583366536e-07
226,-0.12305614979367555,0.9020672277986472,5385,-1.1727181599647452e-06
227,-0.41644025556659703,0.6771053874820279,5105,-3.1114189687851303e-06
228,0.8764863963990646,0.3808058932356926,5235,9.872717184910746e-06
229,-0.12431034920436251,0.9010739576037157,5674,-1.2621732896747426e-06
230,0.6858478825386296,0.4928436470118769,4595,6.16686567784468e-06
231,0.22434638566696702,0.8224970353684877,4956,2.5284681642281523e-06
232,1.4097913026153528,0.15865285492240866,6035,1.4641479040547865e-05
233,-0.7604935940931794,0.44699586991450446,4944,-8.781599290221858e-06
234,-0.3632795720267776,0.7164177610218625,3538,-4.724187519761866e-06
235,-0.06791337394001243,0.9458570878890182,5442,-4.931429650467755e-07
236,-0.7647412763137748,0.444461116552592,5085,-7.376292717931063e-06
237,-0.1540445419507099,0.8775811843556416,4733,-1.458431998101002e-06
238,-2.1297226248024588,0.033255432358080705,3999,-1.989134283432957e-05
239,-0.31199188473289613,0.7550602503332768,4798,-2.7262701909798275e-06
240,-0.019497184417764792,0.9844454325395933,4098,-1.7099054913561088e-07
241,-0.6102399213683306,0.5417282252805444,5474,-5.0253376500350485e-06
242,0.3640609394356777,0.7158288838299971,4700,3.0421720430142164e-06
243,0.06728202117042485,0.9463600022660901,4783,8.781692764897102e-07
244,-1.1295476195989607,0.2587152738635776,5601,-8.109482844214084e-06
245,0.6109225932566564,0.5412752508943228,5686,6.958604221229455e-06
246,0.5970094565444171,0.5505330874128336,4222,6.866530616512913e-06
247,0.5802047994458738,0.5617982292000332,6022,6.112243718670743e-06
248,-1.9293429811172,0.05374444703493486,5034,-2.094736995313214e-05
249,-1.6897506629698051,0.09113551703089406,5209,-1.6405366372690828e-05
250,-1.533836788321478,0.125133358515217,4979,-1.6581302144961485e-05
251,1.4733851859547342,0.1406986822264613,6115,7.924849014898183e-06
252,-0.7618474843624239,0.4461879210267765,4872,-5.684841870229916e-06
253,-2.4440313547926635,0.014561798099693268,4561,-2.5806486155367482e-05
254,0.3428011287436221,0.7317622156538253,5097,2.7291362886750245e-06
255,0.543513711967942,0.5868000016879364,5081,6.343929571897542e-06
256,0.42312084124616384,0.6722230264924671,5713,2.6123391690584203e-06
257,-0.7763620665670365,0.4375761476817899,4489,-6.930270839900213e-06
258,-0.08894461899016258,0.9291310634835348,3466,-8.800213390604025e-07
259,0.7427911040093363,0.4576449639741922,4742,5.96343976199175e-06
260,-0.42340043449480635,0.6720218442506738,4866,-4.845498462892216e-06
261,0.5816339491426331,0.5608486837549118,3703,5.320617465044922e-06
262,-0.9355039449216652,0.34957945934571844,4447,-1.3366157230037655e-05
263,0.534638732357143,0.5929218296172305,5371,3.711913593746782e-06
264,-1.2917928149210653,0.19647803006490872,6078,-1.358367433833232e-05
265,-0.8790949182459481,0.3793976334375131,4418,-9.574139299948047e-06
266,0.1684266772740496,0.866254488371919,4962,1.9266957733239155e-06
267,0.056608968320983,0.9548594876336056,4044,5.847877564264248e-07
268,1.4436665724413882,0.14888798754253774,5676,1.3371377239331677e-05
269,-0.4670414516293913,0.6404959752207922,3952,-6.892085274391482e-06
270,-0.8118910530119255,0.4168901956837434,5362,-7.13075084248268e-06
271,0.5367301349272967,0.5914756365663014,5529,6.299133765361218e-06
272,0.4453135102917478,0.656116988338187,4054,6.486644080809994e-06
273,-0.5288091819446973,0.5969640244794094,4481,-6.169633632255029e-06
274,1.1898583375544822,0.2341544247252798,5397,1.2893475908315028e-05
275,-0.5786219664463503,0.5628736416202325,4439,-4.803686177755845e-06
276,-0.0991843455833068,0.9209951781247492,6073,-9.78082765291401e-07
277,0.5806331858337385,0.5615137956813361,5015,6.169349825282721e-06
278,-0.21930794738592377,0.8264206511709546,4272,-2.200223357523143e-06
279,-2.0794398768560183,0.03762498131856784,5292,-2.006288170275793e-05
280,1.8912936582753541,0.05863708613591667,5561,1.9872251101504863e-05
281,0.32948818501921584,0.7418014774068347,4678,3.323772494169261e-06
282,0.4281954012192904,0.6685263692341392,5269,2.9642039782503547e-06
283,-1.2535859687515645,0.2100501314978349,5089,-9.309778893620298e-06
284,-0.7560668265477849,0.4496417778779973,5456,-9.297662023578531e-06
285,0.0898366714682624,0.9284207212730293,4844,7.637064165953382e-07
286,-0.0012743793962448143,0.9989832537494874,4160,-1.8677451236564335e-08
287,0.569636343168227,0.5689522315159663,4594,5.0595840263467085e-06
288,0.47074961390276043,0.637842407145139,4493,5.482157918283509e-06
289,-0.558495764728931,0.5765311519405647,4952,-6.921852889605947e-06
290,-0.02622586310754513,0.9790782285849065,5026,-2.9214635375710747e-07
291,-0.3916673101917932,0.6953235958944239,4270,-4.93468497221511e-06
292,0.04019574923956163,0.9679384683579269,5725,3.342691425255688e-07
293,1.694423639910696,0.0902356308121317,6128,1.5364377719472494e-05
294,-0.8256593270736181,0.409041671362246,4447,-1.0699113766387162e-05
295,-1.7129059755644263,0.08678898361984477,5242,-1.1804931316074919e-05
296,0.762664946003292,0.44569839628286445,5118,7.236961483121064e-06
297,0.9366470963466956,0.34898402878345136,5152,1.1554446696647272e-05
298,1.2985183683477421,0.1941720811729799,4768,1.2608731961809952e-05
299,0.2619345107246429,0.7933806593127497,6183,1.6615486002672567e-06
300,-1.5241484933397844,0.12753296317784746,5156,-1.7886682832832304e-05
301,-1.473101453904195,0.1407801968274478,5570,-1.094216186422797e-05
302,0.7412888365726426,0.4585577732129069,4414,8.548733769051383e-06
303,-0.6829974128160985,0.4946377830923123,5400,-7.700901945877002e-06
304,0.5753312121088796,0.5650965297490256,4432,7.663060242460469e-06
305,1.6032460137975217,0.10893676585294543,5599,1.5501334018852927e-05
306,1.0929409566836894,0.27447624467779463,4659,1.4071871650661595e-05
307,0.5071665169881244,0.6120570316789191,5873,5.3608871910971305e-06
308,-1.176956062238549,0.23928131568609157,4104,-1.2652953582018951e-05
309,-0.810719312091183,0.41756298270584447,5345,-9.55270318207719e-06
310,0.1063073050560535,0.9153427062925723,5114,9.458899270141519e-07
311,0.07085877238783872,0.9435126891271748,5594,7.925446178202844e-07
312,0.4234489543612224,0.6719898214431281,4124,3.783649582357855e-06
313,-1.0089729298538312,0.31304523249186533,4238,-1.2456578730498837e-05
314,-1.875418055301973,0.06079585159745071,4804,-2.3310244705840093e-05
315,-2.7385853050096873,0.006196092828001376,4258,-2.7777261898934406e-05
316,-1.0695394923859434,0.28488108127561285,4743,-9.89558613091819e-06
317,0.12444378524112817,0.9009692153564013,4713,1.4353962107130421e-06
318,-0.0588407827255818,0.9530823217577429,3462,-7.8023722478876e-07
319,0.03191834081295024,0.9745383062747577,5618,3.621518755093779e-07
320,0.22390096238632934,0.8228443928298748,4563,2.9161597797650376e-06
321,-0.0033384198446859193,0.9973365118546786,3689,-4.3767015027846525e-08
322,-2.012781938929038,0.0441846109075994,5689,-1.3287663838517256e-05
323,-1.2477643977484438,0.21219893558470937,3582,-1.3477455316331005e-05
324,-0.42816587218840724,0.6685485269297944,5077,-4.604198351451629e-06
325,0.19735486405890929,0.8435565165464807,6016,2.0614766507693082e-06
326,0.035273230925812284,0.9718634176624288,4546,3.8667055192482874e-07
327,-1.9466267388052059,0.05163807948206656,4775,-1.5548069887490815e-05
328,1.2496347366411422,0.21148455973442237,5674,8.113017151476183e-06
329,-0.5799487043145998,0.5619726130217926,5584,-6.578771352583508e-06
330,-0.00846917564564584,0.9932429518948063,5716,-5.780064381371836e-08
331,-0.0928016865822922,0.9260642465424929,5930,-8.89043591129916e-07
332,0.6076439410638345,0.5434531020014357,4686,5.134888959698141e-06
333,-1.2421823673638388,0.21422265392202733,5459,-1.1494742913192402e-05
334,-0.4006203419401699,0.6887190866304334,4408,-5.187334662731605e-06
335,0.15974823260355608,0.8730856742076518,5147,2.0286575540896044e-06
336,1.4593126368822984,0.14454076306387398,5093,1.8279948311526696e-05
337,-0.0013115771084557374,0.9989535763057131,4145,-1.0900498021677835e-08
338,1.3685999625908765,0.17117684581699244,5858,1.154825259581432e-05
339,-0.206482719592144,0.8364253125442931,3672,-2.6252574766732887e-06
340,-0.34005084787039785,0.733830967038775,5611,-3.360593014953857e-06
341,0.7279650746783528,0.4666663489603997,5432,8.615208149222926e-06
342,-1.2991906579587167,0.19395024644237013,4176,-1.5719987064803197e-05
343,-0.24261564672587305,0.8083114076893292,6033,-2.3872268537465605e-06
344,1.2409319966318206,0.21471768567358995,3354,1.5203800786265025e-05
345,-0.90800292139005,0.3639303846741231,4075,-1.0779389017675567e-05
346,-0.1364566509706744,0.8914682508944076,3452,-1.8756532273471412e-06
347,0.7703387383451064,0.4411328894821889,5368,8.190695159572702e-06
348,0.10433747495841203,0.9169056119112708,5139,8.320925834550735e-07
349,-2.4351255609030726,0.014923878621386777,4662,-3.1521298658735335e-05
350,0.7687329782767377,0.44208961668582236,4807,1.0333000026566728e-05
351,-0.3683818868640287,0.7126067971846881,4263,-4.317650436533847e-06
352,1.0539089532292043,0.29198054013982633,4553,8.4861735249357e-06
353,1.3386417342523487,0.18075276088861525,4652,1.4601564113890508e-05
354,-0.4366013490118098,0.6624208869621411,4621,-5.437172591134305e-06
355,-1.3614984068085558,0.17340788418971687,5940,-1.334734824249834e-05
356,0.40086695699331354,0.6885348616853322,5104,3.091582235168079e-06
357,-2.4374039892628296,0.01482674427211883,5153,-2.4770720967066255e-05
358,-1.0251939448960838,0.30531912601913835,5228,-1.108830039776707e-05
359,-1.7966287498287388,0.07245861413367494,4712,-1.748617249976011e-05
360,1.1960717792798534,0.23171862571121915,5664,1.2357489460916822e-05
361,0.40694274948347103,0.6840685875302923,4696,3.17451326083783e-06
362,-0.19873329405277834,0.8424793142238138,5092,-1.9901405997223423e-06
363,-1.4637407469659742,0.14331866449682362,5836,-9.224539852474107e-06
364,-0.4933329118563552,0.62179840448341,5153,-5.146935752731285e-06
365,-0.005625296851319913,0.9955119400832768,4420,-7.472591447812037e-08
366,0.1727521631008031,0.8628540593737206,4472,1.995418820223331e-06
367,-0.43480299027624975,0.6637250994438837,4772,-5.2455933618649665e-06
368,-0.5722615653637595,0.567165745612126,6138,-5.586014940806669e-06
369,-0.4743327088727953,0.635285053637674,4628,-4.051167808051265e-06
370,-0.35397778092667237,0.7233703891975991,5025,-4.353950838826998e-06
371,-2.4357373909867954,0.014891433677176824,5791,-2.2458290910861915e-05
372,-0.2612641557407028,0.7939003470348971,4663,-2.757151251909659e-06
373,1.390321992801887,0.16449092433679535,5175,1.5663300502672624e-05
374,0.7137651761809266,0.47541068089690186,4352,6.639686882304646e-06
375,-1.3157532928728326,0.18831402903532912,5277,-1.5873201431159125e-05
376,-0.4552967638840188,0.6489245803303993,3430,-6.267046382457994e-06
377,1.248458401855055,0.21191215724539303,5975,1.3642427612890447e-05
378,0.9218010517323065,0.3566857371030496,4167,8.513101623203885e-06
379,-0.4929861722675575,0.6220415197851881,5650,-4.45822078309014e-06
380,-0.61743000683577,0.5369850101880154,4151,-6.1705839741597084e-06
381,-0.7357210878755474,0.4619325264348497,5381,-8.563295373962691e-06
382,-0.7766379470513126,0.43740875199510265,5055,-8.889064641998474e-06
383,-1.599787264435353,0.10970580778001326,5264,-1.7344921183705527e-05
384,0.04238112740263497,0.9661965913361497,4925,5.082210007999308e-07
385,-1.9842206612905313,0.04728713951270502,4884,-1.8093703595454073e-05
386,0.08252555895655315,0.934232097246676,5002,6.785762842111855e-07
387,1.9058744038223445,0.05674348518671768,3722,2.3997927177756867e-05
388,-0.3926708568537255,0.6945780625510747,5413,-4.18743479661545e-06
389,0.3158875649533335,0.7521014516506046,4848,2.7928934922647385e-06
390,-0.06454079868196438,0.9485419098836767,5640,-6.881600642718558e-07
391,-0.10179871042640105,0.9189208612293938,4627,-1.1880066457558225e-06
392,-2.0485552847245216,0.04055571841075123,5201,-1.8005217990216682e-05
393,0.26437322874381575,0.7915014109814011,6006,2.6097758058327615e-06
394,-0.45918426702157367,0.6461177810464507,6265,-4.48745433672274e-06
395,-1.222690229551733,0.2215040722129038,5025,-1.2020456601675286e-05
396,-0.6572216425409677,0.5110656105798679,5562,-7.771710152722501e-06
397,0.1952355499415075,0.8452157248191288,5529,2.2928087153836024e-06
398,0.3175489704287645,0.7508414317395133,4623,4.329585383629092e-06
399,-0.9428359843654374,0.3458121348756169,4813,-1.0384010007049078e-05
400,0.08079728556598419,0.9356071065309128,4105,1.0255758338369807e-06
401,0.5427867576364648,0.5872997610251536,5231,6.549086972186496e-06
402,1.5576034242772172,0.11938472823048629,5510,1.801756769509625e-05
403,-1.5101929072057405,0.1310503668442924,5627,-1.0723088719643987e-05
404,-0.22815649584577727,0.8195319700620678,6314,-1.852305502408142e-06
405,-1.0752343204695896,0.28231673448273553,5532,-9.440737001605507e-06
406,-0.4538586303673578,0.6499500381949428,5063,-5.6405407748176e-06
407,-0.6923155618424874,0.48876735129910465,5707,-5.18174730049674e-06
408,0.7603219829853872,0.44709266611845155,5874,7.987417430398151e-06
409,-0.5521810155627352,0.5808474140499702,5349,-6.017811879674359e-06
410,-0.07216735454656756,0.9424713232523754,5555,-8.211022661186664e-07
411,0.3529582282414641,0.7241406121687795,3568,4.573977860678086e-06
412,0.9355036337537498,0.3495658376002251,6102,9.789892510846918e-06
413,-0.03417403505305275,0.972740019730679,4139,-4.069935192636673e-07
414,0.28808908659235644,0.7732927918670129,4192,2.9631423769488205e-06
415,-1.1976053260659958,0.23113487754735695,4424,-1.5296726673006176e-05
416,1.3268946017051073,0.18459984188151868,5383,1.5060879584759045e-05
417,-0.08751457116443771,0.9302658910863884,5174,-1.0531129990100972e-06
418,0.25051200703113896,0.8022007860304183,5496,2.0714926087902032e-06
419,0.25508796119393323,0.7986679255321685,4111,3.4554491556747787e-06
420,1.1712909132826876,0.241530943114308,5687,1.2568212680950624e-05
421,-1.0991846205694067,0.27173867834736254,5176,-7.599153843831485e-06
422,0.03540551618293517,0.9717576608400917,5545,2.4521157261718674e-07
423,-0.9281507133235506,0.3533801576179969,4414,-1.0046852383673528e-05
424,0.3302097586857615,0.7412531699413181,5915,1.9788979529941202e-06
425,-1.913176617471281,0.05580416455928261,3625,-2.2996919413753804e-05
426,-0.45206348715386085,0.651244711150611,4569,-3.857200790276719e-06
427,-1.7567479994309374,0.07902268277000624,4944,-1.7046021297066774e-05
428,-0.19702679111736293,0.84381508089783,4707,-2.042606008661284e-06
429,-0.373479333082939,0.7088081051028057,4834,-3.0425612315386265e-06
430,-0.836288292860619,0.4030363472509735,4583,-1.015738258566341e-05
431,-0.13383140642747698,0.8935401788338366,6283,-1.1882921051641903e-06
432,1.1566440194996226,0.24747045638511622,5251,1.4881573793702106e-05
433,-1.2920067155190609,0.19641214690142017,5209,-9.952307500904989e-06
434,-0.02071168854200077,0.9834766503004135,4111,-2.2179274607481155e-07
435,-1.7253180797559562,0.08453976420758114,4440,-2.1958634957310928e-05
436,-0.406379373759825,0.6844801329326038,5349,-2.747035862640839e-06
437,0.05253154874493457,0.9581073114385461,4873,6.549251239583248e-07
438,1.668274896440432,0.09533220823083588,4408,1.9053443036137357e-05
439,0.9570384942380064,0.33859587429209137,4816,8.491302864756432e-06
440,-0.22380662709980848,0.8229171976149181,4852,-2.0776187874487584e-06
441,1.0999603229208488,0.27139466336709384,5852,1.1966003097006811e-05
442,0.4945470318415001,0.6209451643037038,4301,6.129303003968594e-06
443,0.25856459320772013,0.7959812528830463,5297,2.826762883819409e-06
444,1.5077984687498818,0.1316658743838064,5287,9.958187495346748e-06
445,-0.9529706486957037,0.34067160633980054,3456,-1.1014364286259652e-05
446,-0.5225524218287535,0.601307512278539,5322,-5.426121921038382e-06
447,-0.03791643412849803,0.9697557222261795,5360,-3.9973292306424894e-07
448,-0.39452596867335216,0.6932073575161213,5764,-2.61816444744872e-06
449,-0.7604464796010182,0.44702506911355955,4805,-9.820108166329522e-06
450,0.7897231853070945,0.42972460440555316,5327,5.772549286312692e-06
451,-0.17468055194291954,0.8613368704193041,5686,-1.7541447479763506e-06
452,0.40409671265152547,0.6861575281834114,5427,4.937594469975748e-06
453,0.5978231610482013,0.5499815439515725,5735,6.709684713402351e-06
454,0.8620386922865035,0.38871799217982517,3994,1.064638681193982e-05
455,-0.46268743046691835,0.6436061503981931,5682,-5.18829350171638e-06
456,-0.41533967455460696,0.6779114543998177,4899,-5.031566369733162e-06
457,-0.4261396085592272,0.6700254942670338,4735,-3.444410010111644e-06
458,0.783214124903021,0.4335384546277199,5004,1.0199124347978822e-05
459,-1.3618345664763711,0.17329975509438045,6179,-1.1182896234253616e-05
460,-0.25976815862000285,0.795052893669093,5203,-2.0469162637141916e-06
461,1.208416241178569,0.22696330900684503,3755,1.1699042558906324e-05
462,-0.7546183272626468,0.45051164066538796,5287,-7.980923708633947e-06
463,-0.5690873883299202,0.56932061511456,5376,-6.79148619083219e-06
464,0.4697356263553378,0.6385620553388951,5646,5.000105994216809e-06
465,-0.44591735484868855,0.6556857199561015,3356,-5.987275205708289e-06
466,2.3681163981764715,0.017911708413974603,5767,1.4726692575259137e-05
467,-0.5063475932258105,0.6126337549877281,5292,-5.4863129270626824e-06
468,-0.7163802403918627,0.4737928410807304,4616,-9.232631971845685e-06
469,-1.9220113647712147,0.05465790941816495,5298,-1.5676351637783955e-05
470,-0.4886729132622001,0.6250987671002561,4206,-7.753348418551096e-06
471,1.0858036591653972,0.2776130510655237,5548,7.1156383411259735e-06
472,-0.7709640815603902,0.4407741715858915,3965,-1.0134820515505832e-05
473,-0.9343807103943339,0.35015651463462816,4608,-1.2618129712782025e-05
474,-0.17860501068853593,0.8582544404565058,5499,-1.764118004583686e-06
475,1.6251087045690467,0.10419966436192563,5230,1.6097711154909644e-05
476,-1.425255129229869,0.15414164897447113,5365,-1.6468612765355406e-05
477,1.3441421259283202,0.17897066046735532,4470,1.671620389711413e-05
478,-0.7359002554651572,0.4618263059277514,4946,-9.087506017628443e-06
479,-0.6398938484498251,0.5222699296545672,5178,-6.591697709887154e-06
480,-0.13015698162937117,0.8964471746501823,5294,-1.1451940051079262e-06
481,0.5594683150609738,0.5758697721245918,4537,5.369717179237342e-06
482,-0.3220357234639383,0.7474396669478716,4797,-2.824534914532565e-06
483,1.5075543631343362,0.13173160857669775,5016,1.4856923506003969e-05
484,0.206292498817141,0.8365733940198492,3834,2.682690025849412e-06
485,-0.8125017263633999,0.41653634661558225,5943,-5.401115449366561e-06
486,0.31018676135297985,0.7564292301835744,6281,3.0205130288533543e-06
487,0.445317465138084,0.6561127128405242,4311,6.232196809769876e-06
488,1.3215342851427807,0.18636828099999758,6719,1.2443071324493721e-05
489,0.41934416182808504,0.6749833682511075,4807,3.880873757287108e-06
490,0.03947388953960029,0.9685138943178242,5953,2.1808911812068218e-07
491,-0.2860578688903569,0.7748454337602202,5094,-3.0400269647027833e-06
492,-0.8611694895569442,0.3891799598818855,5857,-7.96103014615639e-06
493,-1.4027592455890623,0.16075285064929856,4836,-1.2256339571126925e-05
494,0.8233465956207451,0.41035999506805454,4002,1.087751990350142e-05
495,-0.3879097121747952,0.6981003878645655,4709,-3.7465246127731488e-06
496,0.6656974195813673,0.5056363649016786,4823,7.347777908765307e-06
497,1.3696783421386916,0.17084259516287448,5566,1.5547749751354732e-05
498,-0.3327841809151943,0.7393151789667256,3881,-4.600437693466296e-06
499,-0.282485267781364,0.7775820690781161,5502,-1.8323639561152673e-06
500,-0.4123619190610694,0.6800960827361262,4035,-4.911857388292547e-06
501,0.6739353067298212,0.5003874165358595,4455,6.845957273736405e-06
502,-0.6119331595751043,0.5406141699958669,4323,-5.576109197842972e-06
503,-0.47617913258491157,0.6339708175002714,4326,-4.590279496585395e-06
504,0.40508587726226275,0.6854385234638904,3591,5.505772400747143e-06
505,-0.6823289166557626,0.4950648192778484,4673,-8.134134578186925e-06
506,-0.5550578597866761,0.5788816466523672,4675,-5.1971135928467695e-06
507,0.11923296775393293,0.9050950767709964,5586,8.138669149491187e-07
508,-0.6707967096298803,0.502377619427306,5619,-4.415757737211017e-06
509,-2.0780564046908645,0.03774453818249235,6304,-1.5802708874857382e-05
510,-0.43363104222510834,0.6645746581011063,5121,-3.923781474781208e-06
511,-0.21786287383068767,0.8275448896351292,4976,-2.408377900517399e-06
512,1.1663359907936328,0.24352322962764794,6237,7.055390023095114e-06
513,0.3645448625272946,0.7154655551169884,5363,2.2413197204019404e-06
514,0.026040687537173257,0.9792258130100489,5603,2.615669100251842e-07
515,0.6082218582888355,0.543067129969816,5157,5.222740344070722e-06
516,-0.2597100447785395,0.7950959612647452,6278,-2.589985058184825e-06
517,0.3849836824536112,0.7002629779763714,6078,3.681923873260775e-06
518,0.4384313175734993,0.6610904137526152,5650,4.925060056168939e-06
519,0.1670574283594783,0.867331315965286,5235,1.7853339075126654e-06
520,-0.3941987055002773,0.6934500733821438,5344,-4.112238034793752e-06
521,-1.2530625027466331,0.21023597919921366,5527,-1.126643060061971e-05
522,-0.9746590964421035,0.32977739390533145,4912,-1.1509148487327802e-05
523,0.444536666571251,0.65667161610383,5663,5.062722432576148e-06
524,-0.5157518144127802,0.6060480273734734,5627,-4.430007931821549e-06
525,-0.6443678407950193,0.5193758567716724,3798,-8.369899041243835e-06
526,1.2359440223790228,0.21653097244659025,5627,7.801098488156848e-06
527,-1.1311164898407005,0.2580648523660938,4615,-1.2618754641668123e-05
528,-0.12978850748094148,0.896739555223719,4502,-1.5744629224329466e-06
529,-1.7940650420300428,0.07287135720617588,4405,-2.0051825186713128e-05
530,-1.1117023536503756,0.26632219920375144,4769,-1.1818507425713375e-05
531,-0.17927069298985862,0.8577329918256447,4637,-1.8968572535939309e-06
532,0.08206137769748688,0.9346012214594528,4954,6.544414537299207e-07
533,0.4442688445797807,0.6568679922177587,4864,5.158025382723891e-06
534,0.3143576750974345,0.7532617715624998,5301,2.31623101403542e-06
535,0.3702067871266705,0.7112432661534276,5282,2.6019283708330288e-06
536,0.10579086663300206,0.9157522991675746,5285,9.491848486139273e-07
537,0.737094117430021,0.46110069771738327,4861,9.784545538036952e-06
538,-1.0106388255840935,0.31223248936839565,5666,-7.580709042848568e-06
539,-1.9952062477173287,0.04606937369313435,5531,-1.7893479279828593e-05
540,1.8598446638267991,0.06297230858279335,4529,1.6166481460578312e-05
541,-0.2532297997717349,0.800101311013252,4879,-3.0009694367312374e-06
542,-0.8623362569408518,0.3885463348144089,4719,-8.701944010650378e-06
543,0.7865526820162502,0.43157280437180745,6420,7.48375968456572e-06
544,-0.24217525802565887,0.8086526082536869,6026,-2.48804388969642e-06
545,0.4357211326989822,0.6630574684328452,5113,5.759981679526117e-06
546,0.28948153362396184,0.7722236835515779,5571,1.609547441877717e-06
547,0.02237416373245689,0.982150452237118,4638,1.9084568728544072e-07
548,-0.6978587547260304,0.485304125169465,4205,-7.148007388216658e-06
549,0.7331217173010534,0.4635226737078142,4467,7.305085056255703e-06
550,-1.3938219029084455,0.16343067871302908,5225,-1.2920084951306008e-05
551,0.29399019905070367,0.7687763507864604,5569,3.2853570750955535e-06
552,-0.22713627627050123,0.820326431006936,5366,-2.016826250855474e-06
553,-1.6160155995769387,0.10614450563821842,5890,-1.6363000902389494e-05
554,0.09320396787362766,0.9257451618300991,5131,9.782203072630515e-07
555,1.0972397203926614,0.27261745497615064,3269,1.2528088759472527e-05
556,0.07282494504957941,0.9419483764313512,4928,5.682999513884498e-07
557,-0.8234442785240993,0.41029279491656023,5251,-8.341306098088808e-06
558,-0.18901943192265466,0.8500856674361832,4748,-1.4063047495566838e-06
559,-1.4139094533240288,0.1574698301861175,3828,-1.989554471774367e-05
560,0.3075210104603843,0.7584598389499493,4925,3.374620436304171e-06
561,-0.34300288953730423,0.7316101115259936,5216,-3.951715886124913e-06
562,0.21029653971183057,0.8334439694397886,5541,2.2859502325696005e-06
563,0.20985244630883826,0.8337943764449092,3706,2.7411056590065495e-06
564,-0.8071107390867416,0.4196402647549564,5109,-6.824882066546156e-06
565,0.809094951834567,0.4185049867439474,4331,1.1937986761994122e-05
566,-0.7586786338726602,0.4480842049899083,4541,-1.0190979957202998e-05
567,-0.34326164218571764,0.7314147448115302,5505,-3.7256713482751112e-06
568,-0.9534343736374697,0.34041716784777076,4890,-1.0998578766522637e-05
569,-0.32371022804998467,0.7461716003481689,4777,-3.032225193728243e-06
570,0.05182847363328552,0.9586672748384426,5428,3.40190965848744e-07
571,-0.5085695929866709,0.6110766300471657,4947,-5.059626293107401e-06
572,-0.06777504908171354,0.9459681224891219,3967,-8.310121194097937e-07
573,1.326516098693019,0.184754325462543,3543,1.6447915143096438e-05
574,0.5170863200446394,0.6051156883344702,5781,4.2274883240073524e-06
575,0.03940896765042164,0.9685659941972604,4729,3.9263167923744254e-07
576,-0.15330777510652116,0.8781617191664894,5031,-1.7104490390840217e-06
577,0.1646617060683144,0.869215981889647,5817,1.695648720827518e-06
578,-0.18886231217628602,0.8502079015135466,5347,-1.698381690898929e-06
579,-0.9042463759195749,0.3659028688989552,5719,-7.989948537133219e-06
580,1.0457991349530045,0.2956988300244505,5612,1.064349513738109e-05
581,-1.1312435522466726,0.25801014175397907,4715,-1.012194847612354e-05
582,1.2156768852100506,0.2241642135638351,5109,1.5043500003044515e-05
583,-0.588248292379989,0.5563893734873437,5600,-5.014375930762448e-06
584,1.0687115710454735,0.28525290949794924,4845,1.1433634134943109e-05
585,1.0769623594071922,0.28154036634331114,6003,1.1656286323507928e-05
586,-0.39920457492851696,0.6897556056829552,6492,-2.946994279217933e-06
587,-1.3259878632504065,0.18489087674858107,6423,-1.0253642567074205e-05
588,-0.25689362857840137,0.7972712928079924,5081,-2.8130234106342227e-06
589,-0.35918221023557306,0.7194735522284224,5136,-4.446910186204609e-06
590,1.2476508835132114,0.2122230586218432,4557,1.160485789003062e-05
591,-0.4781379941965505,0.632572381261304,5127,-5.001689514200107e-06
592,0.8520881916424341,0.3941992109452923,5991,9.313211784844792e-06
593,-1.708094149536203,0.08766958636402467,6121,-9.999920444148531e-06
594,-1.0617658127483551,0.28838338275011943,6199,-9.339692055224442e-06
595,-0.5120871837285952,0.6086115216348529,5254,-5.703951909477435e-06
596,0.3920081400858694,0.6950720509748698,4209,3.6618385631030725e-06
597,0.13232086223486147,0.8947356450958701,5182,9.334721051584073e-07
598,-0.20509856922626485,0.8375026820522535,5517,-2.0260802788211398e-06
599,0.9744973259173001,0.3298619650956012,4508,1.1305751843231725e-05
600,0.37953260232428326,0.7043084975529337,5007,4.480834404734417e-06
601,-0.14899517971822587,0.8815631084175402,5298,-1.0770314508803874e-06
602,-1.2647133097147698,0.20603479668171643,4858,-1.35962618711783e-05
603,-0.541972743502969,0.5878635109591777,4605,-5.859365547101456e-06
604,0.9843086823413274,0.325001900088989,6245,9.857074927846404e-06
605,0.5369359911962445,0.5913334889341093,5516,5.859221006906986e-06
606,-0.4693100475612767,0.6388737034082639,3987,-4.8470636704620474e-06
607,-2.3676737629941114,0.01793944148095794,4837,-2.533384498749294e-05
608,-0.5543655211444994,0.5793505853847911,5670,-4.539011416257713e-06
609,-1.0276548447285951,0.30416498701680084,4711,-7.113437287260758e-06
610,-1.2095048061302602,0.22652189473610052,5403,-1.098545828763573e-05
611,-0.40891364828463234,0.6826182909043026,5740,-3.82597859348155e-06
612,-0.3732908709389139,0.7089478141167169,4995,-3.2485782523161246e-06
613,-0.6185453591645723,0.5362413971304236,5528,-3.684900924110859e-06
614,-0.35370615358377827,0.7235768176939597,4212,-3.4590188249929724e-06
615,0.08772347214030243,0.930099849131319,5189,9.304026059645655e-07
616,-1.2796918557836636,0.20072058915692326,4428,-1.621160368869738e-05
617,-0.5859040314054691,0.5579671034917828,4881,-6.520446858754101e-06
618,1.9298059509273051,0.05371007078060641,3569,2.1503596071414738e-05
619,-0.9510238549634012,0.3416451265523923,4349,-7.7277164444212e-06
620,1.2861384150685147,0.19845101626188044,5294,1.5050144002653909e-05
621,-1.5151915621883703,0.12978157402568802,5481,-1.738356605035259e-05
622,0.41489487922581786,0.6782359911349642,5196,5.088658328643428e-06
623,0.4066399251666057,0.6842899821613888,4970,5.142344507908949e-06
624,0.5191584443583457,0.6036722730462611,5219,6.044240986191819e-06
625,-0.38646173016096236,0.6991707994264527,5121,-4.460742961164972e-06
626,0.42480736744074604,0.6709947640532801,5177,4.321127698671511e-06
627,-0.14230492975090553,0.8868445761823542,5287,-1.4015718699670602e-06
628,-1.3950456346619067,0.16306528014188815,4903,-1.031698766460247e-05
629,-0.16403037180556787,0.8697125013048357,6295,-1.5414821065921786e-06
630,0.7428689199324774,0.45760455961135205,4011,6.933673832786091e-06
631,-0.5831492094004749,0.5598216968252774,4561,-5.583787628522742e-06
632,1.5215632857880284,0.12817981713843452,5161,1.8541365575312553e-05
633,-0.7635308321439139,0.4451827846318719,5018,-6.07987788181178e-06
634,-0.05071553270840136,0.9595538757072677,6043,-3.1110605454987734e-07
635,-0.22379985263485572,0.8229227386403353,4717,-2.8145634221786306e-06
636,0.8602175812349657,0.38970774012164267,5340,5.494361540552978e-06
637,-0.624887865725954,0.5320687811962945,5911,-5.734749185814003e-06
638,0.17700339455359287,0.8595114221870572,6291,1.6959046564613372e-06
639,-1.8010142944810064,0.07175826486822023,5226,-1.4327046381218179e-05
640,-1.9133119826144989,0.05575825581626637,5691,-1.5301236851033406e-05
641,0.9808373221632865,0.32672839571394885,4282,1.3605617571234112e-05
642,1.2153432106293702,0.22428583818698922,5669,1.3245983090922802e-05
643,0.4438706630081689,0.6571519937718482,6042,3.5086240667847117e-06
644,-0.9304674365460074,0.35217602649657476,4789,-8.632427604702778e-06
645,-0.4663174178566946,0.6410096879474603,4753,-5.615108692281203e-06
646,0.9813192405423466,0.3264778896697078,5580,6.7101397107155664e-06
647,0.42572012110473095,0.6703299081444174,5060,3.346616312236907e-06
648,0.2204530895948346,0.8255285028190862,4413,2.7619290024282875e-06
649,1.0708964810057222,0.28426285814311303,5514,1.1178154337556302e-05
650,-1.0751934108299828,0.2823410835847957,4901,-8.528423417323019e-06
651,0.09052310975204508,0.9278760639745696,4000,1.018777381894445e-06
652,-0.21758561943709628,0.8277616975362394,4574,-1.6585305718565298e-06
653,1.3083442140436512,0.19081628222149183,5038,1.2441076619136078e-05
654,-1.3864414304897699,0.16569142301112172,3900,-1.4487211327867088e-05
655,-1.319618548015771,0.18703272563848983,4297,-1.5022310682204626e-05
656,-0.45170400221735046,0.6515017488561632,5021,-3.7907156710515345e-06
657,-1.5338796083081963,0.12512029684184012,5185,-1.3578966925123966e-05
658,-0.20828446850915663,0.8350152927072885,5030,-2.629296973046812e-06
659,1.0531982925249195,0.2922911836649207,6198,1.0732830257355684e-05
660,0.02493754281624639,0.9801063327204067,3209,3.10189895753572e-07
661,0.9472376955532834,0.3435616610376897,5204,8.979979430756069e-06
662,-0.20563648498906142,0.8370833044662169,4967,-2.3083463299799945e-06
663,0.08164647530613922,0.9349319347523433,3994,9.743780155903971e-07
664,0.9570779682807915,0.338571229564675,5341,9.967511564817596e-06
665,-0.4457389844660538,0.6558042547501248,5230,-4.63802303577152e-06
666,0.3155606466376301,0.7523478660379745,5556,3.493092425023242e-06
667,0.942095264399449,0.3461927463012302,4657,1.0047924982609449e-05
668,-0.6729037747364999,0.5010429029768608,4522,-5.153036977237424e-06
669,0.20602349574658085,0.8367802660831529,5442,2.24210904105783e-06
670,0.24230247645337646,0.8085565944629114,4602,2.060126984969405e-06
671,-1.2392179313995275,0.21531592254746812,5690,-1.1352552048080754e-05
672,0.32726442082942425,0.74347997085277,5676,3.6493067052030105e-06
673,-0.6729892882938592,0.5009842845472123,5154,-4.970030805172455e-06
674,0.41795654552041184,0.6759990868126851,4444,5.742066746246012e-06
675,0.3418382571248199,0.7324932696399489,3479,4.127426587335649e-06
676,0.9939600370116015,0.320286892515353,5397,1.1366513554027364e-05
677,0.14106308687685312,0.887826147164632,4703,1.8006060192490864e-06
678,-0.33016302768376576,0.7412896774493474,5364,-2.953891269762994e-06
679,0.3266662244355846,0.743933443197335,5222,2.6875285389844154e-06
680,1.0325534592897267,0.30185927042011307,5388,1.1651953314263895e-05
681,-0.07648171254516883,0.9390385138158182,5772,-8.125250738882474e-07
682,-0.841877932991495,0.3998961328894932,5053,-7.88237302305955e-06
683,-0.24827843112191128,0.8039287692860415,5212,-2.084296758426793e-06
684,-0.7191297963447205,0.47210048746829614,4251,-7.760817788097837e-06
685,-1.274333462426752,0.202615748335095,4202,-1.2853451065221885e-05
686,-1.1499232247154745,0.25022252481972207,5848,-9.974078481579833e-06
687,1.024007544106514,0.30587413277584474,5840,1.1317641503718473e-05
688,0.7046796369004399,0.48103677396819267,6046,7.221326463034411e-06
689,0.22446843512226813,0.8224026517649152,4668,2.486523463291361e-06
690,0.5925177657640531,0.5535310035829935,4949,4.7631375760342906e-06
691,0.7962431416698744,0.4259230750981007,5844,8.533598279578154e-06
692,-0.8672316529779556,0.385853903598008,5363,-6.913823377720057e-06
693,-0.50027330893246,0.6169128056556321,3651,-5.4755197552407404e-06
694,0.34629473422263213,0.7291336054455138,5886,3.2913430108133656e-06
695,0.18539859248736057,0.8529238153627929,5080,2.1720267539578423e-06
696,-0.08178749749874537,0.9348189910372731,4972,-1.0372629210370014e-06
697,0.597540067553363,0.550172097410135,5363,6.602391557059857e-06
698,-0.7662338412344358,0.4435820090905833,4035,-8.79415010345955e-06
699,-0.3872583958782298,0.6985793934307076,5696,-4.046022368914675e-06
700,-0.6451139291561606,0.5188846198795383,4735,-6.552962086999089e-06
701,-0.2857414214352442,0.7750879290500592,5037,-2.3448372138848087e-06
702,1.3322614253690273,0.18282759623011158,5697,8.0322535747575e-06
703,0.07602999484003495,0.9393979831233632,5535,7.685451980795604e-07
704,0.2368921100290677,0.8127506126423123,4795,3.190965755489552e-06
705,-0.021060082344570987,0.9831985409972477,5166,-1.8935549688208848e-07
706,-0.942139298479591,0.3461648589641033,5229,-9.839914203068758e-06
707,-0.5443830078617004,0.5862090348048534,3904,-5.890407064766017e-06
708,-0.7812975561355292,0.4346653535323699,4888,-6.649768202171125e-06
709,-0.4643864872202486,0.642392591673568,4655,-3.9557561072402275e-06
710,0.8968657609968244,0.3698326456059666,5130,9.499398500601209e-06
711,-2.827103087020063,0.004715832912515205,4988,-2.9183959942182372e-05
712,-0.3760698721677246,0.706878806496051,5759,-2.4309503370802477e-06
713,0.05246398167830691,0.9581612386565166,4670,6.836023935595919e-07
714,0.4065379493136832,0.6843633216063876,5458,4.298511404643598e-06
715,-1.2860304299371697,0.19849318272736638,4903,-8.78864652835851e-06
716,0.05468439565500652,0.9563923895875079,4391,4.931351114816859e-07
717,0.5655838647616753,0.5717007773220055,5271,5.720516730382048e-06
718,-1.350495008384011,0.17691560737230572,5238,-1.3382380613440664e-05
719,-1.5371174094867972,0.12433140496416661,4734,-1.383548983795541e-05
720,-0.8439496948705688,0.39873477693616466,5419,-6.320541770067158e-06
721,-0.9330392424405052,0.35083866694910837,5783,-6.87989858521917e-06
722,0.016724624667337425,0.9866569954816973,4814,1.2307055078945169e-07
723,-0.39804296235526565,0.6906171878418272,4552,-4.996457362771335e-06
724,-1.771566995386564,0.07652137504199996,5546,-1.796305163171042e-05
725,1.0642019662837419,0.2872853529005086,5339,6.945238367435602e-06
726,-0.3857044519154441,0.6997310571874742,5297,-4.327287460430453e-06
727,1.6514269702044986,0.09871893061961634,4652,1.880662037739485e-05
728,0.820464050403138,0.41198715890819915,5503,8.93899133994442e-06
729,-1.2433962657992264,0.21377682191869973,5303,-1.4787641842335763e-05
730,1.3231629064635817,0.18584391948455825,4825,9.091350210925018e-06
731,1.6513075486048767,0.09872892966730085,5910,1.0071163341226123e-05
732,-1.9608695615290315,0.04996049948841197,4184,-2.179618536459664e-05
733,0.9225565368715978,0.3562760594438954,5904,5.367753727619053e-06
734,0.7415552577020234,0.4583883707736931,5524,4.601741584927401e-06
735,0.27713969461346605,0.7816836330022241,5310,3.3619310604885372e-06
736,-1.7308299184377314,0.08353278072970083,6088,-1.6342071861555274e-05
737,-0.47201053545237565,0.636940442439458,4865,-5.640630575072822e-06
738,0.5890212353493733,0.5558734374534802,5039,4.548403735323171e-06
739,0.2223200375990765,0.8240730455870522,5477,2.5342887052644073e-06
740,0.04062780459035639,0.9675941516516604,5288,4.785507597157343e-07
741,0.6819793252493581,0.495281469614008,5365,4.670186059783776e-06
742,1.7372079109025789,0.08240252366103529,5917,1.8421642974486084e-05
743,0.7347775681302744,0.46252000290532824,3827,8.710192977093562e-06
744,0.9813523343539744,0.32645423650885697,6743,8.887196454236354e-06
745,-0.3151202635114983,0.7526821396082408,5575,-3.553647126363615e-06
746,-0.5650371732931374,0.5720727989559578,5213,-6.059610705776922e-06
747,-1.6234562526000762,0.10456259407047286,4460,-1.555245007683251e-05
748,-1.0387667706847419,0.29896369072197504,4977,-8.216893724616678e-06
749,0.22499292597373918,0.8219926051315212,5874,2.339435620173956e-06
750,0.09601856413005821,0.9235097084808264,4960,1.2157553818815297e-06
751,-0.17292673958121754,0.862716230547099,4850,-1.5490989217074387e-06
752,-0.44433374584707086,0.6568216390128256,4730,-4.584580219699624e-06
753,-2.0709793911279935,0.03842412400922668,4038,-2.4372164603695264e-05
754,-0.5082861624185596,0.6112770781976167,4595,-5.452585350890063e-06
755,-0.2931603525335284,0.7694126635320471,4653,-3.1525142468330274e-06
756,-1.2460639334449142,0.21279350033137034,5553,-1.4112944316840321e-05
757,-0.4068817245239814,0.6841120585245197,5064,-3.6024684765500647e-06
758,0.5496856658476297,0.5825580900460405,5315,6.893065356868509e-06
759,0.12413698116758097,0.9012119909291105,4824,1.0112240307885757e-06
760,-0.17462873000277407,0.861379401120685,4404,-1.4658527832282423e-06
761,-0.8565969259466651,0.39170709662393843,5209,-8.472422603326246e-06
762,0.006724208595685995,0.9946351482614706,5365,5.900986503285325e-08
763,1.639765803075824,0.10111622940782783,5045,2.0551956888010686e-05
764,1.00292913686765,0.3159378819443579,5667,1.0574949854949117e-05
765,0.00630755733558963,0.994967631392943,4186,7.731188024859101e-08
766,0.4529085966100901,0.650633308409077,5242,4.1942778340880225e-06
767,0.2565067368194997,0.7975721514328593,4198,2.4609843605501537e-06
768,1.3270171604625993,0.1845533763634437,6016,1.3413567957288037e-05
769,-1.2881572735459592,0.19778139853525367,3306,-1.859120821454474e-05
770,-0.8446495457457264,0.39834061215156646,5931,-8.77016480787133e-06
771,-0.9140024014813782,0.360754162507229,5713,-5.821918582906874e-06
772,-0.028322929076139813,0.9774055428904955,5952,-3.1771190291463e-07
773,-1.1057658240281247,0.26889328056465045,4069,-1.4029334144628966e-05
774,1.1221834022048292,0.2618379366447743,5040,1.0329052243897646e-05
775,-0.09219631176220039,0.9265459694255811,4735,-1.0381963607910375e-06
776,0.7065757918256004,0.4798606170889317,5402,5.037564529515967e-06
777,-1.4748661976455704,0.14031202718510194,4958,-1.217034484481421e-05
778,0.35552591769684966,0.7222076607142571,6235,3.047171534841154e-06
779,-0.4513032042289666,0.6517889495766416,5464,-5.174132891488853e-06
780,1.7185905761611737,0.08576319098183793,4170,1.654699212041536e-05
781,-0.08468243062495688,0.9325179292095422,4171,-1.1609813893451864e-06
782,0.7242515881113208,0.46894473687502813,5067,5.112191802122247e-06
783,0.1548424335288662,0.876952625129441,4410,1.8652132383006282e-06
784,-0.279658618579858,0.7797532730299523,4179,-2.8070951727555505e-06
785,-1.1276081967798715,0.25955716342633917,3772,-1.3535537299402742e-05
786,-0.6856202299279287,0.49298706671388226,4615,-8.994561709428991e-06
787,0.6674466640456038,0.5045185509211574,4862,7.761462595873876e-06
788,-0.05242520144838605,0.9581921034899261,4740,-4.867525001482236e-07
789,-0.5802188619343023,0.5617871943289305,6486,-2.7576442651001473e-06
790,0.7604727500537185,0.4470117794458357,4514,5.5978660781006565e-06
791,-1.3693988200634377,0.17094928030739043,4121,-1.3251837261843119e-05
792,-1.1431919594830802,0.2530105344956213,5301,-9.130597378796187e-06
793,-0.6225130465146305,0.5336373102856427,4336,-7.471792692709471e-06
794,1.881241125931246,0.05998670379084392,6102,1.9243904418112368e-05
795,-1.5533181209469755,0.12040686073156448,5301,-1.6795706181627373e-05
796,0.20343935646737935,0.8387992780531885,5421,2.4052538507706574e-06
797,-0.6850008543234961,0.4933736400057791,5248,-7.094041946163904e-06
798,-0.0513692035141329,0.959033212843567,5434,-5.42996092127693e-07
799,0.784171991427249,0.4329804078155264,4508,8.172240980090479e-06
800,0.2884475912726321,0.7730150796926141,5467,2.6890126866061114e-06
801,-0.39692391842979,0.6914375848648482,6043,-4.048720492783113e-06
802,-1.2960987089862082,0.1950059704394851,4639,-1.574815689681508e-05
803,-1.1541493544851094,0.24851095310762772,3831,-1.539647898613461e-05
804,-0.25044804173364077,0.8022495471948212,5938,-2.1306204806418195e-06
805,1.4218375763152309,0.15513118184307562,5399,1.7150037439595156e-05
806,-0.870670781862247,0.38398314620837315,4248,-8.565214126666824e-06
807,1.7387584530665279,0.08212579335454473,6342,1.7902858562466594e-05
808,-0.7666371577948147,0.4433359285762699,4683,-6.350783007046825e-06
809,-1.4192261029311142,0.1558842451674991,6096,-1.0855557323577384e-05
810,-0.6228826867779969,0.5333931309989484,4508,-7.895848816845806e-06
811,-1.0133991602235055,0.3109098197621065,6088,-7.022731750475616e-06
812,0.5578326081855219,0.576992755157288,3667,6.752814018757087e-06
813,-0.25890116845458133,0.7957240584006673,4243,-2.4804583277323243e-06
814,-0.34112021359938943,0.733028207214347,4740,-3.6708755179791793e-06
815,-0.08054817876107714,0.9358052137719142,4098,-7.007549079763775e-07
816,-0.3466779608642429,0.7288482013743516,4886,-3.526091263380469e-06
817,-1.3341694882628492,0.18222889944340093,3771,-1.4530043938213007e-05
818,-1.7097565265796608,0.08738212351497299,4357,-1.9203774628430294e-05
819,0.2810993139141243,0.7786470881350225,4523,2.3947151828742756e-06
820,0.13401003017613816,0.893401092969422,4182,1.4555775554339925e-06
821,-0.7884619502957617,0.430463244184927,5094,-7.83901870925955e-06
822,-0.6529214678523276,0.5138397516782698,4571,-5.752693075259858e-06
823,1.2063183701679407,0.2277423594051955,5996,6.686543700957946e-06
824,-0.6615213013686563,0.5083160760702157,4010,-7.174862264748049e-06
825,-0.06761674783875789,0.9460943904155246,3687,-7.977500290945842e-07
826,-0.9097460417353045,0.36300000310003977,5036,-9.82207444576744e-06
827,-1.963817804856917,0.04961897749853672,4084,-2.5301960264861416e-05
828,1.5675271853379917,0.11705055804904663,5360,1.5236225992643229e-05
829,-0.4363666367373692,0.6625979203951036,3467,-4.88102612876177e-06
830,-0.2610744205846386,0.7940453828511529,5238,-2.253983394470833e-06
831,-1.4582034055214317,0.1448478510199971,4957,-1.4654943105781767e-05
832,1.0622992663750142,0.28814519389482274,5658,1.1447085241452693e-05
833,-1.4899720412675648,0.13629054735437052,5350,-1.7511475226389804e-05
834,-0.037664544015892344,0.9699565168754514,5484,-4.400759202649219e-07
835,-0.6160842388956602,0.5378689311878007,4674,-5.351992809555993e-06
836,-0.2623662845804773,0.7930530460309815,3866,-3.1034261988080328e-06
837,-0.10904695662802981,0.9131694482839645,5208,-1.237138148058379e-06
838,-0.1931247675796918,0.8468684458604412,5456,-1.6503135037038794e-06
839,0.26137355588005423,0.7938167904056346,4362,2.102381699507279e-06
840,-0.6393689965637207,0.5226086064479691,5701,-5.986263238066925e-06
841,0.06896592312722256,0.9450195687442107,4883,8.280461665203835e-07
842,-1.5928702433236637,0.11125718346111135,4657,-1.8733470101912515e-05
843,-0.4144088805418199,0.678591832577871,5185,-3.0396747568267412e-06
844,0.3871515474970374,0.6986584287996478,5718,2.746217091200817e-06
845,-1.1107002506692865,0.2667404596577958,6202,-1.0559821188744517e-05
846,-0.9599360974840339,0.3371402911040895,4387,-1.2774139899043347e-05
847,-0.6292786057060988,0.5291928779814397,5487,-6.691954751195299e-06
848,-0.6391840853541139,0.5227305131951612,5358,-5.1364758234927935e-06
849,-0.38214787171347764,0.7023696627585094,4518,-4.680898653075285e-06
850,-0.6319283234993345,0.5274700557737106,3976,-8.744847739928992e-06
851,-1.0490959037464473,0.29418987309075506,4537,-1.3016791948077e-05
852,0.11334039430749122,0.9097642674333244,6367,1.1326844697614835e-06
853,-0.32234207602495996,0.7472105252397849,3973,-4.2638971152641995e-06
854,-0.9429963938141849,0.34572692119013926,5158,-9.900943853813402e-06
855,1.5218832890307616,0.1280960350394753,5480,1.1279198753997418e-05
856,0.3438361516690921,0.730983099162605,5321,4.227681356121149e-06
857,-0.6199879814547168,0.5352920110311534,5370,-5.17318508011245e-06
858,1.705153190673882,0.08823240644385466,4668,1.4212446651401471e-05
859,-0.6455076365438032,0.5186387131284733,3663,-7.670408161389525e-06
860,-0.6341835017890272,0.5259943975299666,4354,-5.786918881630602e-06
861,-0.0009314870047146295,0.999256822379389,4492,-7.920411689402744e-09
862,0.9017001560495866,0.36727911382487255,3451,1.0578261975322104e-05
863,-0.17090240891613515,0.8643090440012247,4049,-2.1848751770708747e-06
864,0.06694908938530525,0.9466261179720508,3446,7.304220640818016e-07
865,0.9472490729161032,0.3435584524396902,4915,1.0207361099968671e-05
866,0.38616899915015174,0.6993868731865143,5349,4.6517659686955634e-06
867,1.8538776054687574,0.06383236020562211,3889,2.1061582229674812e-05
868,-0.07046755898340692,0.9438241597208064,5340,-7.384373905733714e-07
869,1.1722061816448937,0.24116932087227938,5075,1.0899193166292445e-05
870,-0.06449371642474423,0.9485794908748539,5416,-7.52260039562598e-07
871,-0.48681558148564413,0.6264093885805195,5241,-4.667704963882107e-06
872,-0.41722881336991147,0.6765270170380233,5611,-3.9768129794322404e-06
873,0.0032977403541428543,0.9973689360092115,4465,3.735931835386069e-08
874,0.1777288937922004,0.8589427675606822,5237,2.0431192367531007e-06
875,-2.165494544527708,0.03040612036993684,4188,-2.972486796638904e-05
876,1.2256344739493423,0.2203825066505023,6242,1.1888472465710964e-05
877,-1.2822204358235108,0.19981842466279076,5599,-1.1419117759136644e-05
878,-0.40312865919706786,0.6868736861866704,4287,-5.965648595707677e-06
879,-0.5992723321640996,0.5490150872767474,5707,-3.882102050317822e-06
880,-1.4278176085526362,0.15342540706423824,3854,-1.558965459444935e-05
881,0.5570107647258064,0.5775432836040357,5372,6.208062652782006e-06
882,-0.5205438538520043,0.6027059359749485,5395,-4.775461316266341e-06
883,0.15234667592286458,0.8789216821428483,3763,1.6667538605214049e-06
884,-0.1687524682320333,0.8659979984986705,5132,-1.7583449978379596e-06
885,-0.40837646528808097,0.6830200909893405,3839,-4.714815874127184e-06
886,0.0123168750906585,0.990173365468054,4377,1.0618569018884716e-07
887,0.17716646616480744,0.8593874089925517,3672,1.9443444533901027e-06
888,1.2312167343992644,0.21831176795454943,4140,1.8009798827724455e-05
889,-2.060132737405741,0.03943483130600378,5272,-2.0740048626694022e-05
890,-1.384124310310295,0.16638202112988654,5013,-1.3329418016502066e-05
891,-1.444406755390417,0.1486948681793634,4459,-1.6285658966105787e-05
892,-0.8842953688485555,0.37657736724373825,5240,-1.000777853991722e-05
893,-0.5589018730672134,0.5762675444302023,3222,-8.226135705027692e-06
894,0.025520894054928356,0.9796404491334891,5271,2.2827827135097462e-07
895,-0.7878707997634669,0.43081486875058506,4386,-1.0557100004937166e-05
896,-1.5011845271125244,0.13337098479195109,5001,-1.689496314206407e-05
897,-0.3190843634315945,0.7496801996489124,3775,-3.138540812230505e-06
898,-0.10692141297082916,0.9148557314015242,4869,-8.856318249324071e-07
899,0.236815926828168,0.8128103815129566,4498,2.835312477151939e-06
900,2.0662547638474,0.03884951844285278,5699,1.3309401741201867e-05
901,-0.7498628688187527,0.45337968359069825,4163,-8.915874360436337e-06
902,-0.5765220993719756,0.5642911846530443,4499,-7.312671769356688e-06
903,-0.7162235331518083,0.47388350656172396,5544,-7.2791227149422805e-06
904,1.6609353591261726,0.09678117783606655,5727,1.832108697823412e-05
905,0.014074127419114004,0.9887713677044196,5339,1.2094460260644993e-07
906,-0.20022409625745327,0.841313196299327,5172,-1.4205798627660028e-06
907,-0.1493740772973616,0.8812653379706501,4384,-1.355518534304059e-06
908,0.4216159288985728,0.6733210783033696,5773,4.663814905672037e-06
909,1.1640119609600157,0.2444668139075652,5829,6.917915774705007e-06
910,0.36256700620227184,0.716942861323171,5285,3.405621214992371e-06
911,-1.1867495514128101,0.23538843645080654,4547,-1.0538552327529072e-05
912,-1.0769110871013818,0.2815907726315845,3671,-1.3908688052161287e-05
913,0.8293207201216053,0.4069633301704232,4903,8.071289546267863e-06
914,0.2773984056510106,0.7814860089423621,4859,3.652633388403783e-06
915,-0.41476788636159345,0.678331545196738,4514,-5.153795868949902e-06
916,0.1619465238974698,0.8713538029128087,5606,1.2064842440848026e-06
917,-0.6854206631069343,0.49310691539083806,5594,-6.967712834019846e-06
918,0.4745640379534472,0.6351169694730525,5391,4.4590678363536795e-06
919,-0.21599482804413306,0.8289988231935821,6255,-2.1357856881040776e-06
920,-1.9799722305169034,0.04776921162609793,4376,-2.0690808204157594e-05
921,1.7250391912681549,0.08459578748704688,4100,1.6779577672622133e-05
922,0.9174328798694211,0.3589589361597829,5136,1.0188417243620417e-05
923,-0.5155615814700383,0.6061833251079247,5027,-4.0679258238524665e-06
924,-0.802606679358494,0.4222457728277167,4369,-8.371239632152837e-06
925,1.1737114744055424,0.24056493091104802,5147,9.884316781632198e-06
926,0.6648309954598051,0.5061828146495579,6331,5.262268640444722e-06
927,0.0020116003479725064,0.9983950600423546,4788,2.456520480960356e-08
928,0.12518123057071046,0.9003841757101056,6139,1.057243388801049e-06
929,-0.14385837044764999,0.8856186744396486,4555,-1.6093469550940994e-06
930,-0.8333713764890337,0.40467539247785034,4967,-7.712293646479852e-06
931,0.15488615036361955,0.8769174321011166,4916,1.661601075369936e-06
932,-0.49233996001035185,0.6225001249896434,5126,-5.9492859642388e-06
933,0.38414129881212017,0.700896279147758,3622,5.819957348292289e-06
934,1.5899005270006532,0.1119227167165191,4828,1.3254040430532773e-05
935,0.7002413566640706,0.4838049877315218,5737,7.897872505729582e-06
936,-0.27763483218134566,0.7813048397474889,4725,-3.621366132430486e-06
937,-0.6437348255252728,0.5197769396095162,4999,-7.61418300032529e-06
938,-0.26694616174311014,0.7895217768279568,4932,-2.4485967224682376e-06
939,-3.3622078489966203,0.0007788662904859578,5141,-3.479551543032456e-05
940,-0.3513834146793825,0.725314880620529,5230,-3.7795383129258113e-06
941,0.7850185748989074,0.43247393300797476,5951,4.8108050760022285e-06
942,1.0546023953995096,0.2916555355037529,5273,1.0847003152188835e-05
943,0.7638519738333261,0.4450024019147347,3840,8.514507867892328e-06
944,-1.8452140376357182,0.06507283854427204,4449,-2.475518359176289e-05
945,0.52288705432922,0.6010762708955999,4948,6.698645850021322e-06
946,-0.7134660261752055,0.47558951495691293,5190,-6.837366401337399e-06
947,-0.052105021700214645,0.9584467367296503,6034,-4.3717555419962377e-07
948,-0.3678883332808189,0.7129754440584475,4111,-5.035065502701558e-06
949,0.4679483412906249,0.6398381468206518,6139,4.103197055400891e-06
950,-1.0066307943637642,0.31415968905504466,5133,-1.086030980418424e-05
951,-0.1228195200436147,0.9022555778049286,4439,-1.1534432425765124e-06
952,-0.20464387240988618,0.837858514589739,5118,-2.4447694914195026e-06
953,-0.12225149120845741,0.9027056817070898,4212,-1.0492127297669394e-06
954,-0.5902601548271044,0.5550453121961367,4590,-6.667983966093855e-06
955,-1.072826806261008,0.28341007393071416,4228,-1.3072795103227401e-05
956,-0.6846427817754686,0.49359583467138357,5995,-4.315436077780366e-06
957,-0.48317788597064054,0.6289901850712609,5099,-4.709010357467435e-06
958,-0.7220663415230328,0.4702842712883102,5522,-5.754247607390816e-06
959,-0.9300724790954175,0.35238010735270064,4824,-9.170217258221638e-06
960,-0.30270176299200263,0.7621304338917334,4742,-3.8803649340158414e-06
961,0.1765041423854,0.8599057569590731,4547,1.7565651841777907e-06
962,0.16087244899081415,0.8721994707095397,5795,1.1156026297814898e-06
963,-0.6207704712572256,0.5347750384403427,5803,-5.883613907975365e-06
964,-0.20074411129060657,0.8409068438575729,4993,-2.4992609487097418e-06
965,0.6978273091116642,0.48532577921506137,3999,6.999419532501506e-06
966,0.47715744601776233,0.6332676215220596,5922,4.66872962366621e-06
967,2.426435772210814,0.015278880647881188,5679,2.7519514510701885e-05
968,0.06689355736930609,0.9466690023875717,5224,6.561744516795376e-07
969,0.06859098256359011,0.945317905971844,5063,8.147099019894868e-07
970,-2.0263896356786466,0.04277479748028856,5307,-1.8215781523542446e-05
971,-0.27006178145009335,0.787126322519911,4099,-3.730487765740682e-06
972,-0.6684336384687587,0.5038870504917481,5106,-7.033858359697706e-06
973,-0.16588617276840967,0.8682551765917639,3879,-2.0968460557844845e-06
974,-1.2888293690508168,0.19751724358734113,4984,-1.1198110025934312e-05
975,-0.01755087935704534,0.9859978795766702,4756,-1.6495425664240753e-07
976,0.08288184817472855,0.9339489084682993,4850,9.979205029095957e-07
977,-0.06313151165307442,0.9496646670042461,4374,-7.328933141540572e-07
978,-0.00721228076328458,0.9942458833753525,3589,-8.427427069107808e-08
979,-0.13661748444790914,0.8913373754579603,6518,-6.758266354332937e-07
980,1.1636474357095163,0.24463856452599786,3876,1.213741938731001e-05
981,-0.10801855476593814,0.9139850579361422,5307,-9.983366487313562e-07
982,-0.001454186184178174,0.9988397828802984,5258,-1.0581570614982721e-08
983,-1.1255666644285962,0.26040245285160535,5053,-9.334697770292823e-06
984,2.2985817747467765,0.021568132786446093,5207,1.5783169345242796e-05
985,0.9312869434106372,0.3517471835092518,5350,8.475437471958003e-06
986,0.6853980182738313,0.49312159633794206,5517,5.047095496717518e-06
987,-1.5721013018734291,0.11600299827868943,4167,-1.773188779353736e-05
988,0.43036508277011504,0.6669490490461425,4893,3.51131162314368e-06
989,0.4135405089346738,0.6792256238893883,5923,4.176542279659524e-06
990,1.5174268854253914,0.12922454844377462,4819,2.112707643834634e-05
991,-0.11919613813800976,0.9051250570904539,4704,-1.4653773097939514e-06
992,-0.3954362582587066,0.6925391570808821,4635,-4.152832421106142e-06
993,-1.877155475968229,0.06056848950562421,4058,-1.7486138294898213e-05
994,-2.88531470981714,0.003923357503889724,6369,-2.148156420176697e-05
995,-0.29326810397959496,0.7693308303052773,4476,-2.9961804167096666e-06
996,-0.1865179307589911,0.8520511673777635,3016,-2.5209713700917567e-06
997,-0.899012344671774,0.3686877360064251,5198,-1.0005467220511698e-05
998,-1.1426352944888807,0.2532479519525572,4725,-1.434907375776904e-05
999,1.0291422850658636,0.3034560685755263,5756,1.1049607406123354e-05
1000,-1.0666014684912766,0.2862111249440411,4344,-1.0756626158458639e-05
1001,1.2555294995030322,0.20933924445107732,5574,1.3833056470146755e-05
1002,0.341021950110326,0.7330992832570904,5861,3.462695896780678e-06
1003,0.6107678545668681,0.5413811787385634,4976,6.337784298257292e-06
1004,0.4447096388191773,0.6565491803290766,4917,5.751049643467689e-06
1005,-1.0702322948027965,0.2845666597987997,4978,-1.1571326230446e-05
1006,-0.5880741905550951,0.5565065101771305,5531,-5.70261568282856e-06
1007,-0.07236943659302435,0.9423105423407319,5493,-7.954532771267412e-07
1008,-1.8725564428779078,0.06119831562712941,4248,-2.0624025005526e-05
1009,0.013261689375537808,0.9894195779819794,4683,1.86462735932464e-07
1010,1.5149580195660481,0.12984999569968148,4721,1.5965603411210586e-05
1011,0.05188280187826523,0.9586240769223466,5185,4.903900165630169e-07
1012,-1.3101875084665922,0.19018293602829783,5957,-1.19296265196185e-05
1013,0.08786963273531392,0.9299837278309326,5123,1.0140932037347983e-06
1014,-0.8993827786493835,0.36850189861035076,4080,-1.0950958783907528e-05
1015,0.669371702313075,0.5032857977803267,5641,7.810790013717472e-06
1016,-0.7777627746804118,0.43675803343204356,3744,-1.036933701084435e-05
1017,0.8608311166773782,0.38937148399123966,5107,6.8948904893849e-06
1018,1.3382016594856987,0.18088051362917779,6110,7.506028920119774e-06
1019,0.9408368681299693,0.34683326106128165,5074,1.1804484031526525e-05
1020,0.07044869043763935,0.9438396832039126,4480,6.538078101168668e-07
1021,0.9974958933016661,0.318576551374264,4582,1.044105951485561e-05
1022,-0.466390003550398,0.6409630157995414,3813,-5.985861730395343e-06
1023,-0.25495611706006216,0.7987668627593627,5313,-3.007512971895299e-06
1024,-0.43661067854750113,0.6624134538754851,4777,-3.479925755003786e-06
1025,-0.38818949797234,0.6978905024215141,5623,-4.0083871512489575e-06
1026,0.5006328176804516,0.6166518376472117,4947,3.905111926750624e-06
1027,-0.13468347319026613,0.8928671452564463,5417,-1.1971161453379362e-06
1028,-0.18644555509409474,0.8521036809479792,4552,-2.293273242453621e-06
1029,-0.8069625877253118,0.4197237165327994,5380,-7.672625728150914e-06
1030,-0.6535470989738741,0.5134361322618632,4625,-5.8017708517517175e-06
1031,-1.4202338884847425,0.15560625623022672,4678,-1.1397473731355541e-05
1032,-0.15859224291925642,0.8739972492561146,4506,-1.933604782521088e-06
1033,0.49548992464518116,0.6202747557590826,5332,5.46151170832306e-06
1034,-1.3266918607044365,0.18467543342564707,4676,-1.1460012743743308e-05
1035,-1.4126556936004246,0.1578163631894831,5242,-1.2859734973137784e-05
1036,-0.046740906683146885,0.9627219712719617,4160,-6.347932209079457e-07
1037,-0.0852169283374945,0.9320923282244034,5025,-1.0951757992767467e-06
1038,0.2858946458258894,0.7749723654550362,4371,3.6102987659213733e-06
1039,1.203990606716329,0.22864503149430582,5500,7.66490177053107e-06
1040,0.005912136436765173,0.9952830654242824,4908,6.641610327722222e-08
1041,-1.073311106993271,0.2831829186233301,5043,-1.0297800597836101e-05
1042,0.0662814467302707,0.9471562649744543,5278,7.738576201975966e-07
1043,-0.21236081452833067,0.8318340825037325,5076,-2.662210495308183e-06
1044,-0.0727434268288736,0.9420134620387302,4588,-7.064330399063757e-07
1045,0.9070246680638255,0.3644336409997577,5480,1.0578485139940188e-05
1046,0.23157620710714372,0.816879547202561,3835,2.188839288943882e-06
1047,-0.6708774264216343,0.5023352206551124,4234,-8.282604798289576e-06
1048,0.4923898128279708,0.6224652768399612,5034,5.7722765832582596e-06
1049,0.304094411272279,0.7610675167377705,5478,3.3227046818295226e-06
1050,-0.8025573595152891,0.42227029841628694,4808,-8.884043722459889e-06
1051,0.44542775263780127,0.6560299980021704,4987,5.9465095161418475e-06
1052,0.887483531299637,0.37486249141348793,4867,1.0608418505473775e-05
1053,0.5248817484786107,0.5996877954736841,5196,6.672395312439581e-06
1054,-0.7952950111562764,0.42647933648672476,5045,-1.0195854675393119e-05
1055,-0.8100903108921549,0.41791960068637923,6154,-6.241361130454791e-06
1056,-0.35670554367558055,0.7213289942315724,4497,-4.260006227489944e-06
1057,1.6801681770709698,0.09298644875846751,5051,2.199039854760737e-05
1058,1.4811212711033641,0.13863489520184924,5197,1.3962062489629642e-05
1059,-0.8120953198168107,0.41677164284306745,5571,-6.895337229216934e-06
1060,-1.8907687970283675,0.05870911858701011,5359,-1.8748954541280258e-05
1061,1.56861701066342,0.11679735709821548,5261,1.9128665361588844e-05
1062,0.5044722910205406,0.6139483840636202,5896,5.231808323716178e-06
1063,-1.0202217660342106,0.30767173680515114,5096,-9.541255549894834e-06
1064,1.1021441014056395,0.2704494649093079,5260,1.2598433267614301e-05
1065,-0.08826303321520991,0.9296718894796916,4140,-1.1362190947225405e-06
1066,0.8538408374157451,0.39323947587196617,4419,1.1264164887634612e-05
1067,0.6448760419588215,0.5190385834078168,4763,8.197571089631847e-06
1068,-1.4377400682641643,0.15057205673694085,4872,-1.621921012134624e-05
1069,-0.4339415072939184,0.6643496062957457,5010,-5.085791077857117e-06
1070,0.1871892357554171,0.8515200333198649,4889,1.959332759773186e-06
1071,-0.5119151084068653,0.6087344393763467,4708,-4.623398750876347e-06
1072,-0.7026690807055707,0.4822904162997559,5757,-7.3585531251379514e-06
1073,-0.7384265180461183,0.46029258749523994,4649,-6.253824961844513e-06
1074,0.923442553733039,0.3558209801717258,5024,6.900138941456935e-06
1075,-0.10807435658634709,0.913942672549817,3637,-1.3670090845494804e-06
1076,-0.0025371407123010907,0.9979757652288943,4667,-3.1329449206207196e-08
1077,-0.26529043368279387,0.7907984501057277,4301,-2.997511097842306e-06
1078,-0.3668654054707665,0.7137351495100379,4935,-3.862877623686881e-06
1079,-0.5340040067809392,0.5933608907618848,5365,-6.160999055779665e-06
1080,0.2981306325300026,0.7656174851807613,4418,2.7905921141274674e-06
1081,1.5978749932447718,0.11012339661097714,6008,1.6347766803016856e-05
1082,2.2236850982214293,0.026211020992938927,5379,2.6505335495117427e-05
1083,0.015281698880022357,0.9878082110399946,3970,1.9584554962376747e-07
1084,-1.6825719991622485,0.09251621956082356,5361,-1.704012781530653e-05
1085,0.5258595027849366,0.5990084788960348,5149,6.558593038126167e-06
1086,-1.3471658400616555,0.17798521316688332,5229,-9.450376699751166e-06
1087,0.9342101764926583,0.35024756809396207,4332,1.065775512518167e-05
1088,0.09378044994457647,0.9252870914614255,5324,1.0487671430010877e-06
1089,0.5935408693112478,0.5528426599156917,5733,3.9609800039999786e-06
1090,-3.2474673817854787,0.0011713904075625337,5474,-2.521024744954485e-05
1091,-0.5460167046281141,0.5850757486703171,5721,-5.454840215868367e-06
1092,1.3583709006714944,0.17440967382570727,4815,1.8147799670900347e-05
1093,0.05438073085498493,0.9566338539924417,5370,6.377202423971678e-07
1094,1.1959358903245998,0.2317772867171306,5091,1.4956653907915333e-05
1095,1.7097580996466835,0.08736534728341172,5669,1.8819522165946733e-05
1096,1.0545066491551236,0.29171055507348886,4280,1.3484835743628413e-05
1097,0.9558885332140394,0.33917948147896193,4538,8.145407478171404e-06
1098,1.0297204661942547,0.3031825661531169,6028,8.530188786048061e-06
1099,0.14437938569066228,0.8852064559873616,5232,1.3435951939748855e-06
1100,2.5757780576851497,0.010028260326391258,5314,2.9739318855949508e-05
1101,1.2035992370308133,0.2288052221001622,4694,1.336808606672245e-05
1102,0.05923776791164428,0.952765432267269,4378,7.72292362084203e-07
1103,-0.39762468556858227,0.690929101795807,3817,-4.118200574811318e-06
1104,0.5216436319503661,0.6019426668602605,4777,3.946035039991838e-06
1105,0.02129240490019938,0.9830133352995849,4555,2.0396693743270787e-07
1106,0.4439615586168155,0.6570886289173083,5264,3.2421955274623653e-06
1107,-0.7732692726452944,0.43939672161648735,5427,-7.905183525215458e-06
1108,0.5226075978512171,0.601269637454978,5196,6.358747644975143e-06
1109,-0.0784579719692241,0.9374668374004542,5103,-8.150671099669947e-07
1110,0.5079130956342413,0.6115333810359895,5869,4.909120322981187e-06
1111,-0.4458213420863961,0.6557483396556469,4381,-5.537770872010567e-06
1112,0.615899139194138,0.537992703401641,4435,5.236063483265331e-06
1113,-0.9003572633934013,0.3679782824451818,4506,-8.154348690733031e-06
1114,0.9692736539528057,0.3324577421576056,4778,1.1922998341962932e-05
1115,-0.3691212635391755,0.7120529017258068,5023,-3.9927365339512106e-06
1116,-0.43047672301384415,0.6668719438451083,4026,-5.54042729489149e-06
1117,-0.9567672827682789,0.33873016852854665,5091,-9.077941171038163e-06
1118,-0.16971791938202205,0.8652383312674687,5407,-1.5988123780688291e-06
1119,-1.0149402305305455,0.3101758954393119,5907,-6.1929917359711496e-06
1120,1.923395082044806,0.05448103874903465,5607,1.3152888427025839e-05
1121,0.9563765928631125,0.3389265509303012,5191,1.0753862517000386e-05
1122,0.5264253848025433,0.5986152907246929,5165,6.709871018327619e-06
1123,-0.383588881042733,0.7013070606534577,3416,-4.836295354735308e-06
1124,0.8502106421733167,0.3952416197523223,6053,8.60241241640672e-06
1125,0.42976412997917546,0.6673868711726856,4715,6.099627289772391e-06
1126,0.43764930373945277,0.6616580117286288,5406,5.34122114017758e-06
1127,0.378074018936716,0.7053915778157336,5026,4.610134476301904e-06
1128,-0.24910757766306893,0.8032869914844509,5430,-2.7373980103074594e-06
1129,0.4899440874503721,0.6241919604292958,5812,5.316649587115189e-06
1130,-0.29561441761206864,0.7675372481719209,4839,-2.37280019863033e-06
1131,-1.5884017417076521,0.11225452694448723,5359,-1.576379629308198e-05
1132,1.2051594868992532,0.22819434419652151,5422,7.591768830467911e-06
1133,1.5398189230389845,0.123661506804978,5551,1.556444913847224e-05
1134,0.7081293494272397,0.4788957844124915,5351,8.199599756442988e-06
1135,-0.6249349985788538,0.5320395331190451,5525,-6.717221362693998e-06
1136,0.17589666815178887,0.860381374648016,5698,1.2418309025466926e-06
1137,0.21601698691744955,0.8289847123103202,4318,2.187665493424819e-06
1138,0.27293622527170625,0.7849154381656238,4271,3.652212622984007e-06
1139,-0.3336795051250207,0.7386339033108866,5604,-3.130549318099802e-06
1140,1.3174926644049934,0.1877277860915798,5565,9.355202617327163e-06
1141,-0.016501474038345836,0.9868349639847229,5162,-1.9343705009237713e-07
1142,1.1659142898825083,0.24370527424466504,4951,8.272154094561028e-06
1143,-0.5142023137973755,0.607135850629636,4492,-5.511254602253482e-06
1144,-0.17836240434295467,0.8584451692554191,5317,-2.0325782970500823e-06
1145,1.287070749460661,0.19813494263621556,4562,1.423954433347796e-05
1146,0.4413711904469848,0.6589632141255755,5045,5.294253020317433e-06
1147,-0.5215497622046761,0.6020101535853062,4392,-4.833606632698807e-06
1148,0.882298109221791,0.37765508100186906,5375,9.1730693839869e-06
1149,-0.34310966800409376,0.7315288464235579,5597,-2.0965308215897302e-06
1150,-0.49862632288814795,0.6180658827486147,4723,-5.240975285061444e-06
1151,-2.592445284620398,0.009555914227555418,5279,-3.031218593317987e-05
1152,0.40074916924629683,0.6886208810855072,5327,3.9464064934926875e-06
1153,0.10031257883763021,0.920100063942211,5167,7.696814111452065e-07
1154,-0.4434508111215084,0.6574615187396375,4396,-3.7614844498098047e-06
1155,0.26840774650423094,0.7883961223635094,5202,2.837237318253765e-06
1156,-2.142990941149225,0.032152919196638985,6156,-1.724811706655429e-05
1157,-1.2005159351148533,0.22998443912431688,6263,-9.915564124066901e-06
1158,-0.3576498628537427,0.7206231176845015,4251,-3.687525018113269e-06
1159,-1.170501829340178,0.24185632834810633,4873,-9.329385855663711e-06
1160,0.17813657189996307,0.8586232871887387,4770,2.3741069267680414e-06
1161,1.4307201451203873,0.15258841409060175,4008,1.3276052593530874e-05
1162,0.5083507790045114,0.6112318375907662,4583,4.056963163805253e-06
1163,-0.675754125253203,0.49923943524969405,3663,-8.164809867792734e-06
1164,0.9654210165924844,0.33437568239199056,5599,9.951578587473503e-06
1165,-1.8191392014081469,0.06894636329602477,5323,-1.83450536433428e-05
1166,0.31467335573894484,0.7530256493529595,4111,3.6270186768151936e-06
1167,-0.09689085468480574,0.9228165605916991,5566,-6.442895172744255e-07
1168,0.016390995424383773,0.9869230039651546,6050,1.6900207723875538e-07
1169,-0.7059339377439606,0.4802630092091391,4868,-8.388427705447646e-06
1170,-1.3567147664551136,0.17494907559855055,3967,-1.4934645117169704e-05
1171,-0.35470279756213435,0.7228287297712024,4541,-4.746972744645647e-06
1172,-1.34357493481903,0.1791770410550344,3345,-1.9267179692174413e-05
1173,0.16232858016078874,0.8710534360738842,5185,1.9582784989103136e-06
1174,0.19545838062121632,0.845042574815478,4696,2.159691081277091e-06
1175,-1.2895730480906735,0.19725266516556883,5552,-1.2603974012295612e-05
1176,-0.4283224272768633,0.6684373438384208,4404,-5.718377707585264e-06
1177,-1.3150044647284413,0.18856805135692767,5056,-1.2306063316870185e-05
1178,-1.4677223787825557,0.14225732111107603,4050,-1.8263233319544675e-05
1179,-0.15663996966389296,0.8755348344798191,5073,-1.6569096107244136e-06
1180,-0.15506394287696024,0.8767769856408272,5150,-1.2029984316615527e-06
1181,-3.1259446848852352,0.0017821106062956282,5206,-2.998463708658006e-05
1182,0.768855003698766,0.44201350289233377,5324,9.189290293127066e-06
1183,-1.060259483682137,0.2890888076983942,4115,-9.59330919213134e-06
1184,1.4646060656924158,0.14309536634236486,4697,1.9145411963999508e-05
1185,0.08981580928766388,0.9284377944163758,4274,9.896441098105932e-07
1186,0.287801197899295,0.7735109275286047,4968,2.929064222809534e-06
1187,-0.6629886240329058,0.5073671756142821,5210,-4.60107295602196e-06
1188,-2.557424811787248,0.010572385331436118,5348,-2.914957926718091e-05
1189,0.05840800712858319,0.9534265471632075,4011,5.548162832496771e-07
1190,0.9475257629172087,0.3434420361663364,3221,1.3830726473975176e-05
1191,-0.7444008179334309,0.4566720163378706,4605,-8.583051896111724e-06
1192,0.045745399230399914,0.9635152863539593,4334,3.781892411895858e-07
1193,-0.294711576109731,0.7682235066453873,6588,-2.7099458277189527e-06
1194,0.6351580079711046,0.5253621761719198,3949,5.06399637395037e-06
1195,0.5404780453219017,0.5888930189377186,4699,4.758538566837838e-06
1196,-0.3180816144174932,0.7504366763489339,4868,-2.67392050063573e-06
1197,-0.09081385801053815,0.9276436076145109,5851,-5.85986683551681e-07
1198,-0.5272001510213578,0.5980737759717858,6101,-5.1998321377132904e-06
1199,-1.0735361198777962,0.28308029343190433,5218,-9.904545005565204e-06
1200,1.3680086202331159,0.17136968298146038,5098,1.6444349555793745e-05
1201,-2.216137616085687,0.026722134583845092,5600,-1.6867505543568484e-05
1202,0.5124588856936715,0.608356123245757,4315,4.808651736816585e-06
1203,1.0200337570285132,0.3077542533933675,5904,1.0896563526741566e-05
1204,-1.4071323583290531,0.1594586324745053,4410,-1.4079995923560787e-05
1205,-1.0059325963436383,0.31450044934949073,4641,-8.939771763367328e-06
1206,0.31975865157981814,0.7491626509247222,5883,3.4270616279959413e-06
1207,-3.228101273873659,0.0012548026159044934,4650,-3.899776235331127e-05
1208,0.380641120640429,0.7034866792065326,4725,3.3505170730734834e-06
1209,0.08325420644641231,0.9336523352438979,5701,8.718302892143136e-07
1210,0.979551804603857,0.3273551699397774,4962,9.906137581345074e-06
1211,1.7970672446037586,0.07237943934390878,5536,1.90777720339643e-05
1212,-1.1439572305235783,0.2526884868112145,5813,-9.888349370053008e-06
1213,1.3096570251606945,0.1903648379778018,5683,1.464574201368959e-05
1214,-1.770284290185621,0.07674416982839838,4733,-2.163954450863479e-05
1215,-1.6341023213518706,0.10231287167331327,4170,-2.160779142133779e-05
1216,0.649676792922286,0.515929257813478,5285,5.114501386232342e-06
1217,-0.8363838170578188,0.402977159514486,5240,-8.625641029773728e-06
1218,-1.7918373575086366,0.07321076666451765,5842,-1.3863056970096051e-05
1219,0.09177555408617835,0.9268797941492679,5365,8.869432707325265e-07
1220,-0.9198069632102308,0.35771151746328034,5859,-6.854962021460792e-06
1221,-0.33013565267958406,0.7413106700922429,5238,-3.825846350252503e-06
1222,-0.07040326551281802,0.9438758721596112,4428,-6.274173080158425e-07
1223,-1.4711261341505246,0.14132247817296895,4807,-1.261852910794598e-05
1224,-1.8704203931528909,0.061482628177802034,5107,-2.0810241584037692e-05
1225,-0.8339429192903359,0.4043570534885814,4538,-1.0249824710522157e-05
1226,0.7154418567674775,0.4743712579906454,4746,6.232641000688213e-06
1227,-0.27460360880543117,0.783632113529827,5012,-2.138410269130879e-06
1228,-1.1190866483920534,0.2631581423608873,4891,-8.129311973092656e-06
1229,0.4183503715630578,0.6757111855580957,4444,4.53555559922497e-06
1230,-2.5988921638889098,0.009378161499953741,5356,-2.6441824230224613e-05
1231,0.6998714713133263,0.48404420857411434,4445,7.94804396633858e-06
1232,-0.4502760100376994,0.6525351552128607,4116,-5.121821790449376e-06
1233,1.4662947261485824,0.14264183843002076,4260,2.0902199806478e-05
1234,-0.5860762251347633,0.5578499860568553,5149,-6.725737966465328e-06
1235,-0.16509806308175903,0.8688737965059006,4769,-1.7242309246395724e-06
1236,-1.4522675432088472,0.14649157042736727,4877,-1.472164617502359e-05
1237,0.10510271885971274,0.9162989747636636,4512,1.1586137348920554e-06
1238,-0.2812112570178621,0.7785588296898656,5564,-3.266153470282167e-06
1239,0.015203062320522322,0.9878708239893714,4700,1.8233785164250288e-07
1240,-0.6308732478853788,0.5281533478914588,4816,-6.897251675123183e-06
1241,-2.264236449043058,0.023592666322626465,6445,-2.015171075323153e-05
1242,-0.2566419351301028,0.7974645869367887,5625,-2.756541389773786e-06
1243,-1.579578560225064,0.11426974541960089,4769,-1.805068020494255e-05
1244,-1.3756617350089133,0.1689841570608246,5334,-1.4402735774623522e-05
1245,-0.9446273499402423,0.34490923115368544,3800,-9.794001582502399e-06
1246,1.1476021655479607,0.25118530706943965,5233,1.1589013956391241e-05
1247,0.21035258763841455,0.8334009739356172,5055,2.06977393498505e-06
1248,0.6471793186147948,0.5175472409467448,4740,5.084473209782226e-06
1249,0.4402457196353823,0.659783565907127,3898,6.101698085120967e-06
1250,-1.6398680155615468,0.10109039884281201,5444,-1.1770769031209763e-05
1251,-0.7663792408265903,0.4434843181284225,5379,-6.032845844775512e-06
1252,0.08980987354194706,0.928441893369778,5009,8.761959977200157e-07
1253,-1.4119243352992035,0.15803323868001096,5102,-1.5660286960783117e-05
1254,-0.018377142210850256,0.9853388068718398,4474,-1.9357327589485622e-07
1255,-0.5140006495222036,0.6072725920377406,5395,-5.380162015097812e-06
1256,-0.5699389205737635,0.5687460572147542,4755,-4.737595657915067e-06
1257,0.5781870753811659,0.5631643671128737,4906,5.403245892144859e-06
1258,1.8714630334741347,0.06133266426147288,5640,2.1610239216367616e-05
1259,1.2227729133367404,0.2214673526515163,5556,8.14204160371293e-06
1260,-0.9720163475449047,0.3310900835151185,4933,-1.0542556929823771e-05
1261,0.13606211570238738,0.8917781625712884,4576,1.4457218113558438e-06
1262,-0.9216070647449249,0.356779938271385,4796,-9.207470953185207e-06
1263,0.7109560716309119,0.47714360438009584,5159,7.158527422471717e-06
1264,-0.7997532901319124,0.4238933016029587,4804,-9.135250426659705e-06
1265,1.6801449989549189,0.09297777426929921,6419,1.6188462553420725e-05
1266,-0.3425576481959814,0.7319453600606924,5110,-4.3767885270852655e-06
1267,-2.4254292939485746,0.015325209346048085,5038,-2.644936544639909e-05
1268,-1.5906645814761815,0.11174530216568002,5250,-1.1902313271439325e-05
1269,1.039030333343795,0.298834508590359,5726,7.456740692234427e-06
1270,-1.1193114961515518,0.2630930781486698,3134,-1.5534938049776748e-05
1271,-0.49033405454158113,0.6239161643921816,5775,-3.4012514564130535e-06
1272,0.199324080351014,0.8420182272443508,4512,1.6321603813662894e-06
1273,-0.7572970577475193,0.4489054712246878,5318,-6.099752783642951e-06
1274,0.4086534819934844,0.6828152511176064,4114,5.842971039726897e-06
1275,-1.0969080729006289,0.2727238398348617,6251,-1.0274550457040946e-05
1276,1.3638409433898027,0.17268096203679995,4848,1.5427472304360176e-05
1277,0.17580600360682977,0.860453335413395,5099,1.922229745952997e-06
1278,-0.4766315219426622,0.6336464852862864,4745,-4.607567908803009e-06
1279,0.5566387796380596,0.5778003437651589,4775,4.6326986442671045e-06
1280,-0.7853946685763975,0.43225690703846054,5363,-6.078187801622563e-06
1281,-0.7930863334660996,0.42776541343896657,4967,-7.205504391262265e-06
1282,-1.2787658183057145,0.20106670676952243,3405,-1.4594014652975886e-05
1283,-0.65888771649957,0.5099941752224648,5769,-6.094951488986837e-06
1284,-1.7034485181067616,0.08853785624006894,5788,-1.1699935989547855e-05
1285,-1.305140559655379,0.19190687913432924,4853,-1.0490474088375057e-05
1286,-1.0356677647872916,0.30040817975323075,4910,-1.3373135672945003e-05
1287,1.0288046284063466,0.3036106150145734,6361,9.243551120795684e-06
1288,-1.4756320291648737,0.140102477778691,5268,-1.355339003439369e-05
1289,0.7640547217060264,0.4448679112761198,5418,8.16641993965031e-06
1290,0.5035386869660807,0.6146097728374689,4587,4.238842676169299e-06
1291,-0.5338323131717674,0.5934772917326177,6013,-4.99480252130787e-06
1292,0.5439067727587663,0.5865331859831293,4401,5.7854138924787774e-06
1293,-0.7470864182464255,0.45504528713721504,5184,-5.528672127715101e-06
1294,0.4991570923328997,0.6176885792626328,5530,5.503509446167825e-06
1295,1.2863434186356821,0.1983722397970189,6078,1.2631473714402867e-05
1296,1.246458117748208,0.21265774727702946,4749,1.088740369967118e-05
1297,0.7230751884325033,0.46966604493360453,5228,5.677411824093022e-06
1298,-0.37381644927440216,0.7085550827181835,5581,-3.4815068133651827e-06
1299,-0.3355184377039259,0.7372502409716009,4345,-2.7086978506799845e-06
1300,-0.713684288077528,0.4754540824353004,5262,-4.885163981088697e-06
1301,-1.8432060742914214,0.06536501829748098,4476,-2.2485933058109426e-05
1302,-0.5302380267623311,0.5959701755794966,5061,-4.419059051263738e-06
1303,-0.5514482422960052,0.5813499422938908,5243,-4.6434912385453565e-06
1304,0.11789010909053159,0.9061595911605023,4872,8.224344624509086e-07
1305,0.8773399020538859,0.38034140315215703,5356,5.824012117485455e-06
1306,2.019102388597404,0.04353249424620009,4764,1.3583770546082768e-05
1307,-1.308900690885029,0.19062115046081396,5659,-1.2266104463475899e-05
1308,-0.03160812929177818,0.9747859537844272,4528,-4.458514766674968e-07
1309,-0.25871421842748016,0.7958654084068986,5513,-2.497017502714952e-06
1310,0.9140102009768638,0.36074930324106846,5828,9.88704870043595e-06
1311,0.809535656410317,0.418239720151518,5906,8.662720155671532e-06
1312,-1.6904947651361775,0.09099488143361967,5065,-1.7767407977765247e-05
1313,0.6969442216008549,0.48586834369344123,5288,4.353186844782604e-06
1314,-1.4677601895658443,0.14223415284709917,4856,-1.4608725651694329e-05
1315,0.41834048296683374,0.6757154905329026,5195,4.985756435047036e-06
1316,-1.8407394434555926,0.06571453088678791,5406,-1.7525649336277258e-05
1317,0.5048433739387121,0.6136923229405746,4740,5.840764370588215e-06
1318,-1.413177077421855,0.1576541664228337,6164,-9.746958348377123e-06
1319,-1.0784608359579977,0.2808831789317128,4728,-1.2777653640355225e-05
1320,-0.1611049886167922,0.8720161615806676,5972,-1.709343082771405e-06
1321,-0.6426685088182065,0.520469086763774,4934,-5.608968112762748e-06
1322,-0.005785084120328158,0.9953843933975421,5860,-5.96171607289652e-08
1323,-0.25461514807903185,0.7990316027718156,4657,-2.6794863407476137e-06
1324,1.3408311169908667,0.18003903087489403,4779,1.2755521921316948e-05
1325,-1.4362574096624,0.15099991091643328,4419,-1.7239306436121522e-05
1326,-1.12635939470497,0.260059105948405,5918,-1.1076771104285988e-05
1327,-0.9987741681988587,0.31794880497489064,5407,-1.0029143504593698e-05
1328,-0.31501879148190953,0.7527589947507649,5663,-3.336036364556691e-06
1329,-0.5413013903800612,0.5883272608318655,4402,-6.090705560540277e-06
1330,-0.06983905936458337,0.9443246698520722,4797,-5.3188463454094e-07
1331,0.6594575245993303,0.5096300879983819,5410,4.854246158352215e-06
1332,-0.5301530830660894,0.596029829008947,4899,-5.066953503489063e-06
1333,2.0826957242203257,0.03733494513488833,4530,2.3826246002448994e-05
1334,0.1326812274228939,0.8944518519848146,4197,1.924342187832945e-06
1335,0.297975217616261,0.7657335440735231,5400,2.3384582231838645e-06
1336,1.3572084762027259,0.17477362225212256,5224,1.6861397762311454e-05
1337,-0.800980946694384,0.423179483930729,5171,-8.96153402812138e-06
1338,0.545965592606254,0.5851112864329706,5614,6.408061606855933e-06
1339,-0.5136375952316795,0.6075281952700613,4977,-6.136621132531153e-06
1340,-0.3981716443925221,0.6905203624167551,5092,-4.7178093205603495e-06
1341,0.922980736663325,0.35605243405780307,6329,9.084071026748842e-06
1342,-0.34362186518810856,0.7311501138710277,3718,-4.354823712332451e-06
1343,-0.7921470134271483,0.4283089017487145,5537,-5.351434805197316e-06
1344,-0.6982063717901111,0.48508835668000594,4038,-9.438354237833038e-06
1345,-0.6823036786839479,0.4950779891371253,5092,-6.8626076545303885e-06
1346,-0.1843647821993976,0.8537340244912883,5557,-1.275136141693083e-06
1347,-0.42152350615809947,0.6733902035228492,5222,-4.920662453050668e-06
1348,0.3496441170791598,0.7266196816129757,5304,3.420122289755768e-06
1349,1.3142168720683742,0.18882048627668335,6380,6.8325990947098415e-06
1350,1.138930606505783,0.25478765078360466,4912,9.173296475333594e-06
1351,-2.2699495646029555,0.023248237955476148,5638,-2.063556312125065e-05
1352,0.02269187542345446,0.9818969087837708,5314,2.7609989201001036e-07
1353,1.0370884450576203,0.29974305802192713,5180,1.0298893146408191e-05
1354,0.4248243374425733,0.6709916007208148,3403,5.289723455706004e-06
1355,-0.7129817432716834,0.47589236808308133,4712,-6.236804362131091e-06
1356,-0.3724845002233656,0.7095482136049744,4915,-3.4095576301914445e-06
1357,0.012117353995436923,0.9903324231589548,5542,1.3539998752144962e-07
1358,1.2941455157672603,0.1956666529078177,5805,1.357132529298659e-05
1359,0.3511649116225778,0.7254810901901396,4496,4.718316682389293e-06
1360,0.5001283616116443,0.6170081366812801,4696,5.902010915562064e-06
1361,0.2563851280177382,0.7976636359847638,5189,1.8130098826816852e-06
1362,-0.7286145738224847,0.4662732223885766,4772,-8.393407539055448e-06
1363,-0.7138221611696485,0.4753702541761853,5034,-6.294789404910061e-06
1364,0.485466377083432,0.6273642293639952,5697,5.339101896412586e-06
1365,-0.4622293236492908,0.6439452351655928,3547,-5.47733823167526e-06
1366,0.5836827625438921,0.5594578810810953,5460,7.040005653380841e-06
1367,0.830491767348212,0.40629785907059257,5351,9.644394431321097e-06
1368,-0.5104720619908657,0.6097400531858133,5848,-5.091992363432848e-06
1369,1.365908150881159,0.1720277063623903,5128,1.110008681147369e-05
1370,-1.5162501476417622,0.12950968488810877,5901,-1.0903662658804059e-05
1371,1.2334430163112151,0.2174966741831701,3366,1.5499585127116642e-05
1372,-1.9758347945223613,0.0482364857005273,4358,-2.0043340572551058e-05
1373,-0.9074526548101068,0.3642297881850962,3510,-1.0681308769494044e-05
1374,0.2542577903297655,0.7993060343317004,5431,2.139547348763156e-06
1375,-0.4341697784099109,0.6641844625393705,4853,-5.685984866512432e-06
1376,0.407771372242237,0.6834594538653926,4872,4.758083084655749e-06
1377,-0.846524445268466,0.3973079718513013,4245,-1.053830717065404e-05
1378,-0.5214467589564102,0.602086069432515,3789,-7.76787868283542e-06
1379,1.0106528325876485,0.312225160300017,5749,1.1083077097572669e-05
1380,0.4187677412026626,0.6754011754473761,5882,4.509733230456149e-06
1381,0.8497534937474656,0.39550262565369376,5027,9.310988632886816e-06
1382,1.1435931861841342,0.2528404308569496,5699,1.317553365579467e-05
1383,-0.734132952683949,0.46290095873081016,5178,-5.788334096488882e-06
1384,0.6297017134776929,0.5289191687223163,4893,8.315751214037704e-06
1385,-0.030718795024795267,0.9754949788314393,5210,-4.018445525697309e-07
1386,-0.2508573069155461,0.8019334783673142,5699,-1.7450345605626902e-06
1387,1.1645821764312583,0.24424588182322715,4814,9.924386886559829e-06
1388,-0.9851178836754408,0.32462255251358996,4228,-1.1992517619285594e-05
1389,-1.1995892756566109,0.23034479962108922,6192,-1.0333936743887573e-05
1390,-0.09413232381633335,0.9250079709666923,4803,-1.1222744906498782e-06
1391,0.8402608419358961,0.4008039506277279,4807,9.429947449654782e-06
1392,-0.551893511760908,0.5810479041779171,4639,-6.093177864523114e-06
1393,-2.3735087617963884,0.01765360641962377,5587,-2.228325974993318e-05
1394,0.8029576468873196,0.4220345211590968,5406,9.743471644290597e-06
1395,0.7975958624806085,0.42513608852223683,6103,8.07631274450914e-06
1396,0.1830111427622622,0.8547963925671636,5214,1.9053288372417308e-06
1397,0.07391149386709335,0.9410836019555326,5296,5.872685159273924e-07
1398,-0.6973205389042177,0.4856312687052009,5581,-6.961186698156778e-06
1399,-0.3486603602262537,0.7273573257521542,5639,-3.9338241931388375e-06
1400,-0.60992102990232,0.5419459573053427,4354,-8.047671287225064e-06
1401,0.3064810707935533,0.7592488795473029,6084,1.8799167206222565e-06
1402,-0.11162005802806228,0.9111288105249356,5408,-1.351439542783436e-06
1403,0.2763442004394503,0.7822954077104693,4883,3.35561349637029e-06
1404,-1.508887237706848,0.13138424857073705,5578,-1.412057690362929e-05
1405,-0.611021596265871,0.5412132487236905,4967,-7.170153445014833e-06
1406,-0.8973651945256589,0.36956815684064903,4902,-7.1431426389194265e-06
1407,2.2618714150755674,0.023746289291824096,5223,2.7704442450839683e-05
1408,-0.6741914133732801,0.5002164088246719,5820,-7.3473159095508915e-06
1409,1.1846649564153644,0.2361987027639767,5775,1.0121555563641141e-05
1410,0.331302801590329,0.7404304581837517,4729,4.2151548445478745e-06
1411,-0.42526003677729557,0.6706641436991094,5377,-4.7231773266072354e-06
1412,0.7868198534364659,0.4314197625529126,5750,8.629427533087466e-06
1413,-1.2159561362792826,0.2240541417565065,5467,-9.272173283287655e-06
1414,2.0088922231869795,0.04459616732011118,5637,2.2021984276153855e-05
1415,0.32623498534603684,0.7442625911412339,4263,2.9040290766641764e-06
1416,-0.04925008403786082,0.960722313715576,4249,-4.455578055907079e-07
1417,1.602402557124162,0.10912041572763909,5872,1.737920678101155e-05
1418,-1.1571731073102554,0.24726237423097763,4552,-1.0560955006448468e-05
1419,0.7326586781190216,0.46379680654521627,5692,7.900780385440893e-06
1420,-1.1267876879582321,0.2598855005256482,5079,-1.0708212074505617e-05
1421,-1.2711967839796263,0.20372194828174628,4672,-1.3252292843031918e-05
1422,0.2864531947375985,0.7745491287045092,3281,3.7191867462233138e-06
1423,-0.49936527488364346,0.6175498681796312,3954,-6.592085104203741e-06
1424,-1.957531040416479,0.05034877017877415,4361,-2.612626931662128e-05
1425,0.3945797936382689,0.6931697506626415,5033,2.625958291446711e-06
1426,1.0070104620649192,0.31397909818906977,4938,9.082238235597115e-06
1427,1.6051708895137817,0.10851243776730546,5616,1.8593171129168588e-05
1428,-0.7177144229104796,0.47296969986356885,4618,-9.204794057099786e-06
1429,-0.11841440364788516,0.9057458745217013,3626,-1.2499378622478448e-06
1430,0.5821001507588741,0.5605355834056456,3610,6.449336441267641e-06
1431,-1.0207317347712916,0.3074263521080791,5513,-9.76772375158589e-06
1432,-0.4181945863903221,0.6758237702710668,4748,-4.968303013367574e-06
1433,-0.4089195533396615,0.6826157256878194,5144,-2.7861164195921055e-06
1434,-0.5353726663392039,0.5924170413394512,4791,-3.962586703143228e-06
1435,0.6925710137219226,0.48860677941093433,5750,4.627988486394546e-06
1436,0.6704366928413357,0.5026097423091058,5112,4.75764897467778e-06
1437,-1.0389765031293565,0.29886739312077815,4857,-9.744898048036338e-06
1438,-0.8341618450631911,0.4042282983272525,5175,-5.485822186927284e-06
1439,-0.9381027972126244,0.34822707873255454,6384,-7.238188474280795e-06
1440,0.4268850205854156,0.669486207142594,3974,4.610533747685083e-06
1441,-0.6421493329928367,0.5208094469473243,4432,-7.828829886005182e-06
1442,-1.9253362720104732,0.05425103126429742,4446,-1.884033363825136e-05
1443,0.6795273118955014,0.4968327098535741,5443,4.964336774883674e-06
1444,-0.5185685560223888,0.604092870797535,3675,-6.292469188527399e-06
1445,-0.2444622592493178,0.8068823886861696,5247,-2.9382874478264303e-06
1446,-0.05508459217218131,0.9560739234427078,3859,-5.468729103194027e-07
1447,0.6709941996646174,0.5022632895863763,3968,9.385926028086109e-06
1448,-1.008464710926679,0.3132740183803895,5729,-7.035276956677198e-06
1449,-0.06638340886508805,0.9470752213096985,5023,-7.711865307556359e-07
1450,-0.5458090940378432,0.5852342890082038,3281,-8.963479504413859e-06
1451,-0.6344101208805083,0.5258412654897708,5173,-6.5899825545626345e-06
1452,0.09751608797874521,0.9223195438060037,6548,8.872097744779932e-07
1453,0.8779919970088226,0.3799879509700279,5289,1.0855747593356456e-05
1454,0.40965244176588733,0.6820864060549834,3444,4.646148270497789e-06
1455,-1.3816062319546194,0.16714235772837638,6209,-9.591625430368751e-06
1456,-0.11176394287118475,0.9110158593704556,4248,-1.3429355311592548e-06
1457,0.1333907111185722,0.8938896314543805,5123,1.357871925177751e-06
1458,1.4854417569948273,0.13747971265580827,5963,1.5889436788076577e-05
1459,0.3565941242870185,0.7214099554893507,5270,3.7950800075664667e-06
1460,-0.3997505897347047,0.6893571866826727,5035,-5.075966358737985e-06
1461,0.11309604290705001,0.9099585472813239,5491,1.2061250448735624e-06
1462,-1.5547194687520132,0.12007379834913978,5197,-1.1369737121603186e-05
1463,0.4066094477345163,0.6843120639327727,5058,4.801392428205414e-06
1464,0.27947534141485814,0.7798901284855935,5741,3.062194684035795e-06
1465,-1.3319501146811874,0.18294621809868472,4360,-1.2792845110595488e-05
1466,-0.8203243374432466,0.41207041898673147,4991,-7.50572606775832e-06
1467,0.5313107808558938,0.5952318981742355,4147,6.045905741151517e-06
1468,0.38331068280098735,0.7015063063083367,4826,4.789108783928326e-06
1469,0.024832701666665145,0.9801897733919167,3627,3.5017112798404294e-07
1470,-1.5983622961383461,0.11003422223149051,4398,-1.7425885118668453e-05
1471,0.22264978477903763,0.8238160053339283,5743,2.4911170520632274e-06
1472,-0.34385610836767244,0.7309721171853258,4105,-4.1269844885446304e-06
1473,-0.9065884412598822,0.3646845839701105,3635,-1.1057867253775699e-05
1474,-0.04904830310092349,0.9608825627132656,5564,-4.502505965397463e-07
1475,0.32462677299711623,0.7454774903961967,4876,4.337194578774399e-06
1476,0.3223544534471165,0.7471983625760075,4754,4.1646590712573595e-06
1477,-2.813885757003172,0.004914190362147464,4897,-2.4695740133200628e-05
1478,1.258546796715615,0.2082445307088241,5824,7.293019861544511e-06
1479,-1.1561055552586441,0.24768306120659012,6128,-9.816745181323396e-06
1480,-0.9090914289878392,0.3633366588681266,6298,-6.328379601551744e-06
1481,-1.097828186255525,0.27234076288887765,4317,-1.1732256551712202e-05
1482,0.37785842848286105,0.7055532953343466,4576,4.56170586907103e-06
1483,0.12397590734477461,0.9013389850059232,5378,1.4321009054513707e-06
1484,-0.75367942547615,0.4510804480504471,4585,-8.601823613247592e-06
1485,0.33724641766766233,0.7359439683246916,5522,3.860194818524207e-06
1486,0.3837189617878454,0.7011999763874885,6172,2.116135432317005e-06
1487,0.5092434602549412,0.6106013969351194,5672,5.34825316065205e-06
1488,0.00023722611141105697,0.9998107306883912,4860,1.876516454451385e-09
1489,-1.999913897874416,0.04556126566215157,5223,-1.4292973303872973e-05
1490,-0.059416881923873024,0.9526222750071143,5378,-5.652562045310738e-07
1491,0.3332592319659658,0.7389516671082883,5352,3.533144857337529e-06
1492,-0.5747121316539989,0.565513702763734,4668,-5.584668195761494e-06
1493,-0.4145598682320465,0.6784780980799425,6368,-3.5471469663548875e-06
1494,-0.734233618230893,0.4628371247067151,5598,-7.277362283381741e-06
1495,-1.099129553875265,0.27176633176308185,4832,-9.523447624959023e-06
1496,0.2331188326979664,0.8156793986087181,4648,3.044718842926618e-06
1497,-0.41300760323187913,0.6796177885262193,5289,-4.294101982699825e-06
1498,-1.5002736505187038,0.13359952624863647,5639,-1.4541585421210017e-05
1499,0.5484224554012923,0.5834323224336448,4020,4.965393227833345e-06
1500,-1.5671053929142629,0.11716054278438959,4490,-1.5168003029139608e-05
1501,-1.8288676238381,0.06747595738268863,5268,-1.948882894904463e-05
1502,0.6647288851769563,0.5062532678640639,5223,7.354297557950842e-06
1503,0.2877593631635019,0.7735448811982226,4280,2.7561635559976994e-06
1504,-0.5336818936785813,0.5935853757129137,4998,-5.7884845337999365e-06
1505,0.4423159164775775,0.6582787627314306,5272,3.143101621565507e-06
1506,-0.2524414021054479,0.8007127630945752,4035,-3.09421875323553e-06
1507,0.0356648537918664,0.9715512600617577,4277,3.467023061784302e-07
1508,-0.8192012949913379,0.41271335244938157,4674,-8.919861738629654e-06
1509,0.6418363292075947,0.5210094330129222,4909,5.0274644296096166e-06
1510,-0.6464163213702847,0.5180360615390822,5644,-5.172124180272287e-06
1511,1.7217819676946633,0.08516496472024149,5529,1.0463345782352813e-05
1512,0.48438874215381117,0.6281288324707526,5636,3.2188333631121556e-06
1513,-0.29194727848440527,0.770339480448694,4828,-3.050953985822295e-06
1514,0.2506297936643946,0.8021096121461531,5557,2.812650400620912e-06
1515,-0.20084198949281099,0.8408303771355585,4953,-2.128136213514214e-06
1516,-1.315391869067055,0.18843278129539187,5530,-9.147630162119774e-06
1517,-0.22388437737240796,0.8228570760893337,4666,-1.7058825696787798e-06
1518,-1.0008747395520494,0.3169343936889035,5151,-9.375761465521524e-06
1519,-0.7837689386988921,0.4332103218658008,5363,-6.483986491408633e-06
1520,1.2302129521336034,0.21866620343032284,5927,1.256565208416387e-05
1521,-1.2888204522496074,0.19751633386891232,5342,-1.1247935826646648e-05
1522,-0.10669640232394398,0.9150334345100857,5950,-6.283622386240988e-07
1523,-0.543240648022288,0.586983789109182,6158,-4.7825212547448035e-06
1524,1.1834391133782522,0.23670406122563104,4084,1.0964997504328959e-05
1525,-0.8969168899091304,0.36980531362990665,5136,-9.880564779689552e-06
1526,0.32649436488359046,0.7440721463465896,3136,4.175487990010059e-06
1527,-0.0416228985592512,0.9668010754188607,4731,-3.382824664165558e-07
1528,-0.5422158794939279,0.587693641380703,5068,-4.82513996375516e-06
1529,0.1111894529872118,0.9114699690295929,5791,9.928177448518295e-07
1530,1.156766236642588,0.24742512268063277,4828,9.309545571455968e-06
1531,-0.04453480724426958,0.9644796988743292,5588,-4.148554121991939e-07
1532,-0.6261644842151726,0.5312316200135585,5820,-6.856495565393779e-06
1533,0.060126671660792094,0.9520572232307323,4854,6.724904862804892e-07
1534,1.960248027719219,0.05000986037713706,6441,1.779349050600525e-05
1535,-0.8140186718490969,0.41567319796130997,4978,-9.214960582789537e-06
1536,0.5324328529253701,0.5944469897726148,5701,3.768610644956834e-06
1537,-1.4206492738668988,0.15547573373870582,5472,-1.6250076666744183e-05
1538,0.10342978794702502,0.9176256288495397,5521,1.1523824025098637e-06
1539,0.17778655392786244,0.8588969865848606,5646,1.3357598216180937e-06
1540,-0.6034667334694771,0.5462327936842328,3962,-8.624102397346559e-06
1541,0.15585671226484013,0.8761514570759035,5731,1.50215688680481e-06
1542,0.006094243085905814,0.9951377375100157,5793,5.9488371975882665e-08
1543,-0.029170967887196874,0.9767292913420409,5515,-3.293619807377987e-07
1544,-0.18944310044365117,0.8497531375537417,5066,-1.896286155474075e-06
1545,1.7372902577333122,0.08238991844012755,5706,1.972369452376545e-05
1546,-0.24142115835128797,0.8092382565889424,5189,-1.7538654293851684e-06
1547,0.13038360844700356,0.8962678054379205,5385,1.3926084742314236e-06
1548,2.050489154455515,0.04037072157574273,4818,1.6989350288354227e-05
1549,-1.1124657545780159,0.2659962572180927,4587,-1.3460611415749537e-05
1550,0.5198540436285274,0.6031877781123915,5122,5.026648333628884e-06
1551,-1.1069226048651901,0.2683711979547825,6079,-1.0364833281023624e-05
1552,-0.010967792952961845,0.9912496227785679,4559,-1.3482595211084938e-07
1553,-1.0076302789606528,0.313681140019489,4961,-1.107384855797312e-05
1554,-2.1169946602898366,0.034313375600610874,4641,-2.486880646753938e-05
1555,-1.458142605458387,0.1448625872817204,5120,-1.3850758230131579e-05
1556,-2.0163533733765253,0.04380990314361721,5695,-1.9307558941989342e-05
1557,-0.2006217383371423,0.8410020437083701,5310,-2.217013045118683e-06
1558,-0.4557915005378964,0.6485551567425283,6495,-4.101636861001926e-06
1559,-1.13191004434773,0.2577257559401138,5074,-8.774786302535621e-06
1560,-0.47668123451870575,0.6336088276342404,5288,-5.69636434110308e-06
1561,1.4544910679438732,0.14587760089096613,4658,1.696198087413482e-05
1562,0.5659694834360018,0.5714382007967704,5365,4.949023705726063e-06
1563,-1.1663480015743681,0.24352385254922826,5555,-7.648645503187977e-06
1564,-0.7173541465768603,0.47318628107214344,5463,-6.100107962780917e-06
1565,-0.8317736358626252,0.40558835361057355,3848,-8.859866990487814e-06
1566,0.45158199657698916,0.6515975352033179,3576,6.763404564918088e-06
1567,0.5656949614333385,0.571628356511154,4668,4.234031952247961e-06
1568,0.6523145509906774,0.5142250009467662,5611,7.0692477969142655e-06
1569,-0.4509615603897518,0.6520358076280424,5271,-5.493378428000756e-06
1570,1.2739928736900452,0.20272434907543557,5070,9.560658991389193e-06
1571,0.19172989705526036,0.8479611767737103,5268,1.6809117802039065e-06
1572,0.17708225160429564,0.8594511619432006,4861,1.9347805162610095e-06
1573,-0.5686681296270393,0.5696070637372674,4973,-5.319444410841274e-06
1574,-0.46132864191238593,0.6445804048559447,5713,-5.053732885190254e-06
1575,1.9251854109060629,0.054246793546187,6974,1.7306946579408704e-05
1576,0.6566518536498753,0.5114422739184517,4033,5.9627132891413435e-06
1577,0.3433978913536423,0.73131254626733,5388,4.07659578678639e-06
1578,-0.8102847051368796,0.4178122502053849,5404,-6.534688362426462e-06
1579,0.8201130890206728,0.4121854066345443,5790,6.0511318833385185e-06
1580,-0.18670885805464274,0.8518969740286884,4698,-1.5252701259947438e-06
1581,-0.6722013503987279,0.5014843178412787,5394,-4.454796027746037e-06
1582,-0.8249074440041054,0.4094603488509123,5435,-7.225857627271404e-06
1583,0.2604757652764968,0.7945067200449758,5411,1.8712681683680785e-06
1584,-0.35718887392952625,0.7209661597171078,4788,-3.827317219919712e-06
1585,-1.2499416208299547,0.21136948650330312,6018,-9.907414361396805e-06
1586,-0.10293332805157959,0.9180194398863526,5809,-1.1104207650392596e-06
1587,-0.6178885163675392,0.5366771232676881,4974,-8.02076817062449e-06
1588,0.38828272137117814,0.697825313306828,4471,3.4442084564257723e-06
1589,-1.276352771225222,0.20188200943429435,5794,-1.135621039381434e-05
1590,-1.585849218599779,0.11284185159402571,4628,-1.8879258208502794e-05
1591,-0.14280266711904804,0.8864515633725474,5201,-1.5397941659264878e-06
1592,0.7616843531157995,0.4462875748589892,4588,8.63886204169226e-06
1593,-0.2631064785434722,0.7924774084003086,6093,-1.635225940534809e-06
1594,1.4250650562580522,0.15419441575356174,5572,1.3896482582796429e-05
1595,0.32392720161440053,0.7460083657448879,4453,2.6435167528156635e-06
1596,-0.3240247139064007,0.745934409480415,4493,-3.1907875969753855e-06
1597,0.8277069124200827,0.4078837211416193,4184,7.501357249165177e-06
1598,-0.6835948581856018,0.4942575579795132,5972,-3.568961204631338e-06
1599,-0.3514230400841554,0.7252878917801602,4384,-4.266723799907488e-06
1600,-1.8782467570053714,0.06040569014047481,4990,-1.9544474169116075e-05
1601,-0.9325061777215952,0.35111922490720704,5091,-9.77753500707753e-06
1602,-1.4297137216904652,0.15285724425954106,5383,-1.1459368247082702e-05
1603,-1.3283993491591923,0.18411192755265415,4614,-1.0836380960267512e-05
1604,-0.3956417981100314,0.6923974298875417,3001,-5.113293269325689e-06
1605,-0.6647716339088384,0.5062329360415356,4216,-8.080206729499042e-06
1606,-1.464245355236622,0.14320449634338295,4053,-1.9755444259320537e-05
1607,-2.2047731000381448,0.027515785742660226,4958,-2.6170048907729587e-05
1608,-0.2858007757144963,0.7750420455804996,5225,-2.6134173466410967e-06
1609,1.068082075355717,0.2855326086526919,5250,1.3239571926862469e-05
1610,-0.7553546646115543,0.45006810034988587,5579,-8.140759141275381e-06
1611,0.9977911192060339,0.31842979715429665,4914,1.3685426451718514e-05
1612,0.4763965259006059,0.6338134096040089,4842,5.474031641048504e-06
1613,0.1294264642259959,0.8970250965804152,5326,9.574573371446043e-07
1614,1.5113631085448778,0.13075297797093977,5543,1.3045896694051603e-05
1615,2.0144854459520136,0.04400419085534146,5861,2.271704180432298e-05
1616,-0.5733252290051286,0.5664486258808763,5346,-5.439503448997633e-06
1617,1.211267764843378,0.2258468032713854,5301,1.2130191721568204e-05
1618,-1.169610601872814,0.24223776302584876,3483,-1.5239459783374718e-05
1619,-0.5353999128901032,0.5923920703527288,6361,-4.968684033062218e-06
1620,-0.10487998981524847,0.9164747449705841,5674,-1.0941517939055693e-06
1621,-1.2603412575936044,0.2076031086668093,5176,-1.2899231409905657e-05
1622,-0.48151349445371205,0.630173473467674,4816,-4.895242167026653e-06
1623,0.22050561079742076,0.8254854170730788,5618,1.4688568724000758e-06
1624,0.144826981540357,0.8848543491900684,4249,1.5423330649892912e-06
1625,-0.5558458672970659,0.5783431023346601,4628,-7.240893711065009e-06
1626,-0.9779440787157193,0.32814583185387325,5396,-6.4142820814573845e-06
1627,-0.37216078294755034,0.709789483611651,4827,-3.818098250069911e-06
1628,-1.1158164279479437,0.2645483765675136,5627,-1.1345352382629502e-05
1629,-0.5718546775524814,0.5674448531786509,5264,-4.924290860101954e-06
1630,-0.1710186715887772,0.8642157908861807,5160,-1.3063065315156268e-06
1631,-1.3759200211656668,0.16891402669560596,4557,-1.889185602361527e-05
1632,1.4744730653377611,0.14040368267429715,6371,1.4548973616879425e-05
1633,-0.2776033885403213,0.7813277820745699,5241,-2.673522770787779e-06
1634,1.1005365580425968,0.27117258943311806,3572,1.2890441102883044e-05
1635,0.49489933527453184,0.6206900073980912,5776,5.403255837736743e-06
1636,-0.3492766949837971,0.7268947842617712,5576,-2.617534915890025e-06
1637,0.3046041291641865,0.7606794652708366,5377,3.6298594487286004e-06
1638,0.28307777149692986,0.7771314562656708,4117,3.1859751069875512e-06
1639,-0.7525682966914061,0.45174104091721556,5595,-8.19207104164752e-06
1640,-1.037365248658875,0.2996121162305203,5401,-1.0153944134006943e-05
1641,-0.3846641469505744,0.7005032570152676,4814,-4.0113113845759306e-06
1642,-0.28566937098221373,0.7751405519923085,6442,-1.471639230371465e-06
1643,0.9067640554787072,0.36458754412583616,3905,9.243574459854261e-06
1644,0.9269099185050224,0.35400820467191463,6411,9.403955568867307e-06
1645,0.9510419802345058,0.3416263750260822,5308,9.918352256934688e-06
1646,0.692285589874248,0.48878437033766886,6096,4.275197891013842e-06
1647,0.7112966460324648,0.47693397950563865,4946,5.795107474727114e-06
1648,1.565070030743259,0.11763317378916405,4746,2.201577466272464e-05
1649,-1.926867674699419,0.05405754172507904,4609,-2.093902542552001e-05
1650,1.2046500574056882,0.2283886501856045,5677,9.142031522705592e-06
1651,-0.6757720840067077,0.4992242327311578,4021,-8.237758319561996e-06
1652,1.726608730927565,0.0842977164908374,5169,1.1825007642916054e-05
1653,-0.12098355825501023,0.9037089715792102,4948,-1.4221683009920718e-06
1654,-0.04633904933558599,0.9630425268169309,3686,-5.228573581615802e-07
1655,-0.23005114188231132,0.8180605788837041,5505,-2.519417170697427e-06
1656,-0.5132800575660708,0.6077804238928493,4538,-4.5934690563943215e-06
1657,0.5490282600175218,0.5830064831794806,6002,2.9589139355482162e-06
1658,1.0489989092489145,0.2942310298214994,4838,1.5001462306760854e-05
1659,-1.2033890445371385,0.22890363582122153,3661,-1.6392266614363106e-05
1660,-0.855281497986256,0.3924331260412455,5422,-8.195331186452876e-06
1661,-0.9281993099826171,0.3533439199300057,5640,-8.458545436270608e-06
1662,-0.027382031897696026,0.9781561975770452,4678,-3.1403334256762284e-07
1663,-1.9751919171455383,0.04829647840005613,5481,-2.008782883868825e-05
1664,-0.9749114335641931,0.3296390063311383,6775,-5.295920433179772e-06
1665,0.047063189758393735,0.962465550211657,3501,6.066916257948695e-07
1666,1.1566700870327107,0.24745975288634914,5256,1.2506570194411869e-05
1667,-0.9393543238597065,0.34759094044825867,5392,-7.06531368473079e-06
1668,0.6845954276067148,0.49363005386391867,5152,8.33976404242464e-06
1669,0.803576820448206,0.42167437372437044,5796,8.63549167538292e-06
1670,-0.5867916074529861,0.5573734401589978,4451,-6.264847950980976e-06
1671,-0.22296659057537133,0.8235697691572166,5514,-1.681293392269985e-06
1672,-0.10091267490553922,0.9196241573700534,4624,-1.1728046227613436e-06
1673,-1.8399301182956087,0.06584227826622424,4645,-2.0079598491689556e-05
1674,1.054340916449569,0.2917696516090058,5954,5.894264300794746e-06
1675,-0.6473694362486675,0.5174182609605666,5854,-6.055254318455702e-06
1676,-1.1503840854189482,0.25004345221703694,4765,-9.677054009213572e-06
1677,0.13802403995525406,0.8902282260535048,4083,1.4042857091972278e-06
1678,0.4640565673712524,0.6426271496700957,5069,6.027496942873298e-06
1679,-0.12970436499028354,0.8968052808695728,5269,-1.44466337202347e-06
1680,-0.13701882601827375,0.8910223803277901,4267,-1.3882312148574e-06
1681,-0.49467352988372826,0.6208542185179318,4600,-6.602672601499199e-06
1682,-0.7291871151173476,0.46592707455099514,4285,-9.396998961242368e-06
1683,0.340522493583987,0.733478751896752,4567,3.021522561610612e-06
1684,0.7579703252239405,0.4484968624503689,6354,7.4915337451571145e-06
1685,0.4132094267865001,0.6794737097598151,4317,4.7138606414391465e-06
1686,-0.43288354853096717,0.6651180024722834,5012,-4.632951752443062e-06
1687,-0.2409172425938421,0.8096278580249301,5744,-1.9372732541352155e-06
1688,-1.177175186424256,0.23918727292186848,4543,-1.5201907566492057e-05
1689,-0.786209262540374,0.431785205294017,4623,-7.28415603290797e-06
1690,-0.18995282994241547,0.8493530959815918,5507,-2.2005376335504117e-06
1691,-0.29076603356242575,0.7712422714691933,5023,-3.720772499046609e-06
1692,-0.06892770974639699,0.9450494605859627,5996,-7.260180396660993e-07
1693,0.9525023148364741,0.34088475919661576,5422,1.1214949908284194e-05
1694,1.9422842219622696,0.05215811787629199,5061,2.164767001584677e-05
1695,-1.011674317329105,0.3117392865220521,5382,-7.346341816316946e-06
1696,-1.1020223543909171,0.2704975389260693,5819,-6.946936245722562e-06
1697,0.5295616833471718,0.5964447498759995,4071,5.5027568419300164e-06
1698,-0.8154965176075798,0.4148275848396499,4927,-8.37872726607592e-06
1699,-1.1788342212081946,0.23850556238997478,6781,-9.459414812035057e-06
1700,0.586421454291788,0.5576183245705657,5093,7.2044999884482945e-06
1701,0.3945088794842781,0.6932222901232734,4974,4.359186904995051e-06
1702,-0.9745672167518068,0.32983749210432967,3772,-1.1565673558086219e-05
1703,-0.4863169475626867,0.6267649382087741,4743,-5.189546423692226e-06
1704,-1.556729298840551,0.11961144616071828,4128,-1.7431071733518596e-05
1705,-0.0009069348947147023,0.9992764118725534,4400,-9.040337787143202e-09
1706,-3.079880522408698,0.0020806013649679045,5757,-2.602772940364359e-05
1707,-0.7121023620521869,0.47643022779036404,5762,-7.823159070111368e-06
1708,1.2675279904005485,0.20501603970854743,5966,1.3840032450881967e-05
1709,-1.7875676988645925,0.0739096336185101,4742,-2.1596184301507477e-05
1710,0.7059779941169179,0.4802314281820397,5556,7.498812068517917e-06
1711,-0.4048980212094315,0.6855757600320218,3720,-4.575299796706184e-06
1712,1.0961210485038426,0.27307918291151223,4946,1.0912415975306424e-05
1713,0.1816650618102607,0.8558535454943768,4627,2.3946637816952234e-06
1714,0.8032072050041962,0.42188962139139496,5512,5.399020811741873e-06
1715,-0.6075512524678645,0.5435126981612619,5007,-5.317323730218112e-06
1716,-0.2679262814356254,0.788772358972373,3392,-3.196103153850378e-06
1717,-0.9711235192038242,0.33154036053521807,4384,-9.96248326792025e-06
1718,0.7568010627777079,0.44919938835428397,5879,7.642713942803764e-06
1719,-0.11128565919163756,0.9113946290195889,4652,-1.4365871764889741e-06
1720,-0.7171127525765333,0.4733362727110497,5277,-8.069314686382465e-06
1721,-0.64371068066127,0.5197959395225791,4491,-7.158593397125533e-06
1722,-0.1035598417092847,0.9175230716349128,4706,-8.778556382451784e-07
1723,-0.37919101866282573,0.7045660128487712,4028,-4.1222730568337625e-06
1724,-1.5092227357406869,0.1313027674860967,5189,-1.3128385402568834e-05
1725,-0.29803283342197345,0.7656914711953768,4633,-3.478794034748201e-06
1726,-0.44943883430713316,0.6531380570865863,4248,-3.900338954010668e-06
1727,0.20044001412989082,0.8411449930935082,4782,1.6418850915685219e-06
1728,-0.11371134263716812,0.9094706261365044,5700,-1.1176393778036946e-06
1729,-0.5523816643382042,0.5807097985777889,5390,-6.371401984092966e-06
1730,0.33840596625954095,0.7350727330012696,4598,3.0189712737998686e-06
1731,-0.535441608213253,0.5923706135542135,4565,-5.642882411478866e-06
1732,-1.4747474971349679,0.1403421188709537,5105,-1.4546192128639988e-05
1733,-0.14544174487354447,0.8843675997622391,5338,-9.777278954934575e-07
1734,0.13319350529676618,0.8940449950800882,5767,1.4701591614901772e-06
1735,-0.9546333211684437,0.3398105224279533,4873,-9.012898206305317e-06
1736,-1.2224940735748617,0.22159997189508363,3642,-1.0994902793805811e-05
1737,0.1772613931274258,0.859309389255869,5686,1.2283844833624347e-06
1738,-2.0548829056652256,0.03994747920160724,4536,-1.9101891997410497e-05
1739,-2.6845410528864924,0.007291275484914594,4229,-2.637743598483299e-05
1740,-0.5236638327085008,0.6005364056505722,4830,-6.711813250238643e-06
1741,-0.27041133443391496,0.7868573133482508,4137,-2.7816357638048456e-06
1742,-1.1415719852119015,0.25367545210186804,6288,-6.831957109193932e-06
1743,-0.4250186600788921,0.6708419580053295,4843,-4.321060917514415e-06
1744,-0.7389960399228968,0.45994485663386153,4893,-5.39148652560096e-06
1745,1.4486564321479054,0.14749058048196928,5499,1.623913966931581e-05
1746,-0.5351655844349027,0.5925586175038431,5118,-3.979467076194322e-06
1747,-1.1654097666161707,0.2439081210136098,5059,-1.261139941716683e-05
1748,-0.2782221765289792,0.780852285995687,5493,-3.1233607115395108e-06
1749,1.6110858007305804,0.10722442101520091,4979,1.3026387067016837e-05
1750,0.4349241970158937,0.6636343760280363,5546,4.753834832481552e-06
1751,0.3831450099814008,0.7016256298683361,6087,3.568482556715087e-06
1752,-1.515450857169644,0.12975286563596078,3342,-1.8876023246737028e-05
1753,0.9541693541672222,0.34003686958666846,5923,9.600697227497025e-06
1754,0.6030213041251478,0.5465193177292382,5515,5.626795918874293e-06
1755,0.31774415101059983,0.75069127397812,5414,3.817497315090852e-06
1756,1.5005062059378005,0.1335321674626606,6465,1.4360591315431998e-05
1757,0.1883176995950229,0.8506343410698334,5679,1.9832227551067e-06
1758,2.1090227945959668,0.034980441721219835,6556,1.1232125921630858e-05
1759,-0.4847542396081704,0.6278705583616078,5344,-4.329386811055198e-06
1760,1.097117084522656,0.2726535469808544,4172,1.131309367554532e-05
1761,0.26304765282951253,0.7925219170871722,6719,2.2547887772511472e-06
1762,-0.4924771761543641,0.6224086237242372,4070,-6.312078283462566e-06
1763,-1.2529595320738482,0.2102827930492428,4699,-1.3876416669821852e-05
1764,0.6746294584479603,0.4999371443897149,6015,7.115306677507901e-06
1765,-1.2087091491872775,0.2268308180669516,5085,-1.2010499633526477e-05
1766,-1.2260138032132601,0.22025214613103694,4922,-1.1372762359350799e-05
1767,-0.8226880364179491,0.410721719759926,5405,-8.089814231546192e-06
1768,0.26278393711930315,0.7927276693692646,5131,3.137243929945847e-06
1769,0.027283453481763247,0.9782346228778291,5621,1.7621341415719906e-07
1770,-0.405099572335339,0.685422169143215,4856,-4.434545763168366e-06
1771,-0.5661157940691961,0.5713461641839812,4086,-6.314303261986329e-06
1772,0.17154407279039202,0.8638027489092255,5128,1.706587473158455e-06
1773,0.24037738070816841,0.8100459185664346,6005,2.4040436055911823e-06
1774,-0.6462403929135834,0.5181468086628862,6414,-6.056279186512799e-06
1775,-0.7738214703335342,0.4390712365079037,5248,-6.741179832559335e-06
1776,-0.7721507712417739,0.44006574626814543,4494,-6.3400769588770765e-06
1777,-0.3356100573628313,0.7371802473180318,4600,-4.488375397059201e-06
1778,-0.3429202877290426,0.7316732263882777,4872,-4.053324862270042e-06
1779,-0.9800950050844716,0.3270812258152347,5646,-9.399805354316965e-06
1780,-0.5385093370696679,0.5902575687031693,3734,-6.879383485168013e-06
1781,1.1858123546441184,0.2357478998261664,5473,1.1023853277263566e-05
1782,-2.333667485924125,0.01965565436064054,4638,-1.9167652990725593e-05
1783,1.2380890348666722,0.21574413464472442,4759,1.3564011977005362e-05
1784,-0.8855000875295651,0.3759310903531585,4827,-1.0031855514254837e-05
1785,-1.2699888594913176,0.20415400120370752,4519,-1.2171995716240968e-05
1786,-0.5491899431406567,0.5828993202164883,5065,-7.028794955927723e-06
1787,-1.0502922300651372,0.2936275354389928,5801,-1.0833363975420912e-05
1788,1.5174144738317157,0.1292294849201825,4690,2.001155186969042e-05
1789,0.7259890898549717,0.46787327093526176,6110,7.594543589337404e-06
1790,-1.5414519780882248,0.12327052415798434,4968,-1.9069981920948817e-05
1791,0.4733921477463809,0.6359560422001278,4571,5.53969411132022e-06
1792,0.4583294872881658,0.6467372114229581,4640,5.0245162050404544e-06
1793,-0.06535344703160528,0.9478959616370191,3874,-8.273513266019923e-07
1794,1.3572447533634087,0.17476238177505277,5199,1.6951994018137777e-05
1795,-0.6649147966927033,0.5061386971955057,4550,-8.10000538101566e-06
1796,0.024456059569039092,0.9804898871991872,4628,1.9090645419258327e-07
1797,-0.3996290428515581,0.6894473557760543,4852,-4.9116159309117815e-06
1798,-1.1070098472843863,0.2683363934683254,5700,-9.88660207992653e-06
1799,1.748112697903682,0.08050428730484893,5135,2.2537569578541177e-05
1800,0.022044396999058177,0.9824133042878669,5759,1.5071556862768366e-07
1801,1.4012627641542486,0.1611935267941078,5350,1.572898303387241e-05
1802,0.08626951640417799,0.931254936608513,6245,7.683577027795835e-07
1803,-0.9148252523214402,0.3603291757185385,4817,-7.866238075966179e-06
1804,-0.550168706041829,0.5822275624933697,5143,-3.9995583186297465e-06
1805,-1.3219810249391502,0.18623538337832235,4965,-1.5002281800110397e-05
1806,1.7688528606064549,0.07697756703836212,5155,1.2055451092464032e-05
1807,0.09731728964820925,0.9224778802903069,5647,8.40836280994483e-07
1808,-0.034557724506399955,0.9724339491115801,4489,-4.4588489598347586e-07
1809,0.9489133115619811,0.3427085813385693,5227,1.176219911591286e-05
1810,0.9107027534653042,0.362492363107318,5441,1.0968488745491912e-05
1811,-0.17385521518190522,0.8619863833310735,4934,-1.3433231867730336e-06
1812,-0.5548420679637385,0.5790259413371024,5338,-4.697145098097762e-06
1813,1.1800609879695019,0.23802447233811463,5787,1.32329088790896e-05
1814,-0.5664950130571917,0.5710834108796132,4874,-5.732335654898208e-06
1815,-0.8344684697579924,0.4040750592678979,3437,-9.404317686203485e-06
1816,0.17637751063834636,0.8600048938870419,4749,1.1981334477702495e-06
1817,0.8876578580042496,0.3747593931488069,6176,8.767930576793565e-06
1818,-0.7301918355155037,0.4653079327397007,4888,-8.076227722071985e-06
1819,-0.5637347463332277,0.5729593127571646,5130,-6.6978052790713175e-06
1820,-0.3140387518790401,0.7535050054619328,4890,-2.6743098649851613e-06
1821,-1.7788195507594766,0.0753292413359754,5072,-1.4243871084725983e-05
1822,0.21553762849410965,0.8293552770854813,6193,2.1280286930132887e-06
1823,-0.5459309883322675,0.5851373202580972,5087,-3.9736873736160034e-06
1824,0.7239691889046252,0.46912122817653223,4631,9.227832441094758e-06
1825,-2.54638369885761,0.010915798056863268,4758,-2.1302476760218574e-05
1826,-1.1758066674095782,0.23973213056172238,4667,-1.3404419686456907e-05
1827,1.2608294527957264,0.2074349471631569,4551,1.3297040436971215e-05
1828,0.38643467053754843,0.699191802815653,4830,4.319252156164438e-06
1829,-0.3960638008122721,0.6920739385216401,5290,-3.6929608679257275e-06
1830,-0.029544752929894075,0.976431250471451,5248,-2.926109534214212e-07
1831,0.23563038309175907,0.8137297328453874,4714,2.1263812794079896e-06
1832,0.9523732840759831,0.3409538499617042,4989,7.648341784570196e-06
1833,0.4162326748934163,0.6772572086607744,5118,3.825517999084894e-06
1834,-1.6821914820929225,0.09258580581520226,5773,-1.061757922133383e-05
1835,-0.22815308510402244,0.8195376121808187,4495,-2.6090968141604562e-06
1836,-0.5189427165577207,0.6038217627722338,5450,-4.243785800136925e-06
1837,-0.45355464492746633,0.650169873566838,4809,-3.817403019501692e-06
1838,0.9125400779795424,0.36152543915553537,5372,1.0299629947928124e-05
1839,1.0580963689662017,0.29006052691340667,5215,1.2347276340035421e-05
1840,0.6291459835049054,0.5292788480816668,5668,4.25591208239653e-06
1841,-0.2461022975522875,0.8056135980946579,4787,-2.7741715635770453e-06
1842,-0.017993298890334956,0.9856448709720234,5345,-1.8635973886578187e-07
1843,-0.9791276460557856,0.32755681533302905,5937,-6.323337057943436e-06
1844,-1.4563417214145624,0.14535785165823456,5262,-1.0797261489840008e-05
1845,2.207516891319156,0.02731769950917995,5695,1.897589707265998e-05
1846,0.29968055073965066,0.7644324425561964,5367,2.5899662647149955e-06
1847,-1.43848372053287,0.15035217334374495,5658,-1.5172513484490208e-05
1848,-1.017643331004607,0.3088903700298846,5742,-7.3740593458226025e-06
1849,1.0049003471141404,0.3149844178946182,6144,1.0071001058631804e-05
1850,0.4775618205081136,0.6329798462047842,5886,4.422747575303044e-06
1851,-1.397578160224335,0.16229499419039484,5616,-1.2841409364830057e-05
1852,0.5088823053720238,0.6108645743335228,3762,6.001193729916955e-06
1853,0.5481739855197809,0.5835963835441902,5112,5.9030307388082545e-06
1854,-1.3603566387841446,0.17379032311618348,4188,-1.5026905229266656e-05
1855,-1.6555037566819921,0.09787977084563693,5466,-1.4535376727462606e-05
1856,-1.0312861915171527,0.302466541103088,4164,-1.5044129515213616e-05
1857,1.1941189945317026,0.23247967567825434,5871,1.2714361100650824e-05
1858,1.2823631524505792,0.1997909755163989,3928,1.2613582852386456e-05
1859,-0.026801370873448742,0.9786191722879356,5283,-3.27919019050822e-07
1860,0.6276139824327477,0.530285313696812,5035,8.06225267940616e-06
1861,0.822392205618714,0.4108959636932843,4642,6.072407402354289e-06
1862,-0.37964763590579154,0.7042219050463365,5408,-3.90088827150634e-06
1863,-0.21959143212128446,0.8261981857118863,5082,-2.0031094956112183e-06
1864,-0.514965646578572,0.6066035757571666,4288,-6.047618377920261e-06
1865,-0.4674319756917102,0.6402122965576826,4750,-5.815633738743503e-06
1866,-0.7868424946486395,0.4314051718681329,5997,-4.978802001166692e-06
1867,1.059952711620268,0.2892130935799422,5450,8.08275043630409e-06
1868,1.731221757985579,0.08347123929510669,5227,1.2559167368129694e-05
1869,0.3031132252353732,0.7618161936057266,4998,3.424059754845059e-06
1870,-0.4855498426226933,0.6273107747897064,4359,-5.500909360107521e-06
1871,0.30596082833745,0.7596476299133565,4841,4.277363687136891e-06
1872,0.37054672574430686,0.7109912968284715,4867,3.959574469107155e-06
1873,0.8053474989910109,0.42065922026658775,4783,9.549015574506748e-06
1874,1.3668947814230046,0.17170646448118276,6379,7.9286964621126e-06
1875,-0.02484849864410018,0.9801768323047086,4835,-2.9618462530065084e-07
1876,0.05602352494955053,0.9553253894036837,4819,5.88986842089329e-07
1877,-0.36177928719121594,0.717532820226809,4824,-4.529152961113282e-06
1878,-0.12695867243111517,0.8989777528142957,5497,-1.2265658489155537e-06
1879,0.6889972790035271,0.4908549139889544,5341,8.075080849900066e-06
1880,-1.5351752331970647,0.12481013628281623,4563,-1.5913070592403384e-05
1881,1.579764979360809,0.11425747597941704,3269,1.8892816975975604e-05
1882,-0.04889882106006804,0.9610017660556418,5315,-4.778409198486585e-07
1883,0.15733745887411593,0.8749842341288945,5956,1.6243826593478433e-06
1884,-0.7161385684192251,0.4739404266131757,4829,-6.399141862329204e-06
1885,-1.349515815946258,0.1772215320265822,6088,-1.017726846219048e-05
1886,1.3841025556572684,0.16639175308441412,4775,1.7248798443469593e-05
1887,0.9650181581260867,0.33458534539615914,4703,1.2434552254624462e-05
1888,-0.15512943077633265,0.8767251458904999,5339,-1.7894080091447045e-06
1889,-0.30646744040793283,0.7592605147523259,5432,-2.1221667780056584e-06
1890,1.1441461194333142,0.2526228886649382,4577,1.627560995394107e-05
1891,0.556269846688564,0.5780569476753223,4075,6.90280877368087e-06
1892,-1.5983398958856008,0.11002834407385476,5181,-1.2641099300570143e-05
1893,-1.892223008567761,0.05852914754378502,4253,-2.4661013999885418e-05
1894,1.5373511088106642,0.12427453774199204,4710,1.5000976508365645e-05
1895,0.5858686284532041,0.5579901228275568,5024,5.388440778959827e-06
1896,-0.7943736338859936,0.4270261961598725,3908,-9.376305745661505e-06
1897,-0.4401492359867508,0.6598509474664356,4340,-6.090040003711046e-06
1898,-0.12303054134516513,0.9020876011033312,5275,-8.784051681137049e-07
1899,-0.25394372160836304,0.7995513587297118,4238,-2.856284597919868e-06
1900,0.7039882804661145,0.4814664722910782,6210,6.908940636073045e-06
1901,-0.19434640806992823,0.8459120095621906,5365,-2.1964805502539363e-06
1902,0.3415235152654061,0.7327224161378378,5559,2.253473527152785e-06
1903,-1.7775927181397102,0.07556661966631228,3171,-2.5929887417478215e-05
1904,-0.7513753330741919,0.45247792004637777,3460,-1.03394542651325e-05
1905,0.19535055097150636,0.8451279345578071,4219,2.473236769353072e-06
1906,0.08702260416061075,0.930657058943422,4959,8.760385689746147e-07
1907,0.004690075536261718,0.996258037843142,5741,3.043602543199668e-08
1908,0.4773643741321397,0.6331191594478298,6331,4.7447650877437745e-06
1909,-0.3067976051684531,0.7590114856441992,4546,-3.4379582790994924e-06
1910,-0.28329393971184813,0.7769637039344288,4815,-2.620173605503382e-06
1911,-1.1806995081238012,0.23777740580599516,5080,-1.4891560195525244e-05
1912,-0.48500913224560754,0.6276938384400577,4433,-4.242615643527127e-06
1913,-0.4112795479301137,0.6808875495422981,4411,-4.419063422107762e-06
1914,0.16898953615364087,0.8658102553254987,6350,1.4622158723922583e-06
1915,-0.694513545429697,0.4873954293698195,4582,-9.369821804073237e-06
1916,-0.2561026393455429,0.7978809043128423,5653,-2.5792805983038766e-06
1917,-1.44044765822539,0.149809291960032,4571,-1.652418424336719e-05
1918,0.2766167676284141,0.7820863305280015,4788,3.830331021300126e-06
1919,-0.744639830896023,0.4565219041492703,5398,-8.400967093393767e-06
1920,-0.16842239588110047,0.8662563099581733,6404,-1.0776497430886231e-06
1921,-0.2947521288580657,0.7681987749681589,3939,-3.048684559757872e-06
1922,0.5515462533085721,0.5812853337159469,4729,5.479722977834463e-06
1923,-0.18572386061333435,0.8526688599819814,4994,-2.305877820380412e-06
1924,-0.9687403538761806,0.33271965191439623,5219,-1.0685866024316772e-05
1925,0.18373164614217627,0.8542315667477645,4912,2.2923918554658652e-06
1926,0.04343899149270544,0.9653534969732318,4564,4.7149905277897645e-07
1927,-0.4247118563245991,0.6710656416471668,4835,-4.675193430658204e-06
1928,-0.7283474388656354,0.46643045620412193,5777,-7.707382289807723e-06
1929,0.2364439769419603,0.8131006396147129,3886,2.5753946518606983e-06
1930,0.9206213858676642,0.35728971944301424,5341,6.2246758124823215e-06
1931,-0.6488268909341282,0.5164764178744408,5700,-5.208478101640412e-06
1932,0.862768148755572,0.38831072826820723,4521,9.338894755281107e-06
1933,-0.7755620025117848,0.438037668967562,6109,-5.7065400104736706e-06
1934,-1.2898214005443138,0.1971729807438105,4947,-1.4168409211299114e-05
1935,-0.7364461778501326,0.46148996577128076,5618,-7.092839873499415e-06
1936,-0.3523617851689951,0.7245822772123787,4848,-3.305466364642235e-06
1937,-0.020934667524506307,0.983298552972454,5349,-2.4284880770377675e-07
1938,-0.6066734522716178,0.5441020565030881,4003,-8.807054807200715e-06
1939,-0.8128030210540284,0.4163648309096817,5721,-5.212527527429519e-06
1940,-0.46216332590783943,0.6439841895467637,5031,-4.722587251470705e-06
1941,0.35376491530142945,0.7235296123778747,5129,4.06916497156612e-06
1942,1.1397582576784278,0.25444341797344316,4842,1.0649099833137152e-05
1943,1.4111436116552547,0.15826770983654614,4755,1.9353745984742284e-05
1944,-2.613844488751728,0.008980459565814725,4884,-2.5765444395194425e-05
1945,0.3355593434113943,0.7372150537931188,5933,3.657349316051653e-06
1946,-1.0793834275511802,0.28046978990343785,4917,-8.570758755770473e-06
1947,0.2604794768251414,0.7945046001349951,5034,3.0256316360112967e-06
1948,-1.4920003307908027,0.1357625152083597,4972,-1.7574168782600883e-05
1949,-0.27345604854464683,0.7845156346430595,4358,-3.942889852165242e-06
1950,-0.2674518124547883,0.7891329399542555,4744,-2.8494126168622446e-06
1951,1.0842077468296873,0.2783262809662084,4879,1.4369330160733247e-05
1952,0.3571470089702456,0.7209958561575132,5345,3.4002656442572894e-06
1953,0.4858524400943995,0.6270914820783968,5407,4.4196497027328555e-06
1954,1.3527545415065203,0.17619252577450584,5232,1.693218072568011e-05
1955,-1.063141593344876,0.2877665680938608,5259,-1.192291466366679e-05
1956,1.3494414820750908,0.17725439557529588,5162,1.0532462620132335e-05
1957,0.39324887230604827,0.6941525641523709,4965,4.876848301268626e-06
1958,-0.5304255175863335,0.5958441946214923,4322,-5.055809485178539e-06
1959,-0.09399244281828759,0.9251192464055056,4609,-1.0288445373307482e-06
1960,0.26841205277413177,0.7883939604728027,4694,3.462491824949815e-06
1961,-1.7842867306470744,0.07443333937040242,5389,-1.559527617162676e-05
1962,-0.1277598184297445,0.898344951119626,4354,-1.2251834129277297e-06
1963,-0.36235449578611073,0.7171006013215597,5689,-3.077014580426549e-06
1964,-0.27145110090527397,0.7860562216276468,4625,-3.2569806609150565e-06
1965,-0.05511665107006553,0.9560481831688563,4152,-6.447677445778358e-07
1966,0.4088497251609618,0.6826650513443284,5797,4.461641981315527e-06
1967,-0.27249817901696416,0.7852501565687344,5040,-2.206616158002465e-06
1968,1.0751145336803218,0.28237307702521086,5228,1.0013143451891168e-05
1969,0.11318861558928434,0.9098854561155361,5124,1.2313782264129508e-06
1970,0.49883883503645843,0.6179199185107427,4066,7.280167591130003e-06
1971,0.22393144711371887,0.8228197911152983,5003,2.2639032710497307e-06
1972,0.4748655729407085,0.6349038686840236,4921,4.4344814045322335e-06
1973,0.4612327041257311,0.6446510972617729,5162,3.350154026999441e-06
1974,-0.6098563518788,0.541984358718635,5060,-6.723558701351479e-06
1975,-0.040758448617405775,0.9674904845274532,4030,-4.3743023986335785e-07
1976,-0.4154414953143567,0.6778365017720938,5018,-4.3227031752416664e-06
1977,-1.1642992650517852,0.2443665463452913,4355,-1.3155991262034953e-05
1978,-0.4280982504057534,0.6686081063077016,3234,-5.987813102966912e-06
1979,0.858452830012543,0.3906764690918061,6052,8.591847919220309e-06
1980,0.2170740184809493,0.8281589651316905,5334,2.2011431003847406e-06
1981,2.3832501458406297,0.01719083111499642,6126,2.0640318938521368e-05
1982,-0.4649778983765403,0.641964787903117,5785,-4.727501857346002e-06
1983,-0.3682847468774443,0.7126765030446842,5005,-4.6907329444035315e-06
1984,0.3524349240071628,0.7245268596394396,5038,2.7907293294089257e-06
1985,-0.1302876543840002,0.8963444335667297,4692,-1.033647797658341e-06
1986,0.01389981537223936,0.9889105156352924,4572,1.2076706980401725e-07
1987,-0.43746714686326027,0.6617943195982923,4350,-6.071732914243854e-06
1988,-1.180178213592247,0.23799062018231787,4582,-1.339656351225664e-05
1989,0.5706049669663784,0.5682959220527692,4504,7.827064261450268e-06
1990,-0.1296995610960932,0.8968088709403166,5503,-1.4964545313082369e-06
1991,-0.20555025473520086,0.8371515714643822,4484,-2.148285646376772e-06
1992,-0.13150140020342796,0.895382876718646,6303,-7.01974979691558e-07
1993,-0.8403448595375731,0.4007624845124642,4237,-8.193005418775715e-06
1994,-1.2209674834719897,0.22215855274775587,4781,-1.3419564480740138e-05
1995,-1.514804877186792,0.12987585071204144,5851,-1.3693602781470807e-05
1996,-1.34675243146951,0.1781192874096682,5147,-9.780044723960195e-06
1997,-0.37724594839328685,0.7060078581170153,4704,-2.9450372189681005e-06
1998,-1.4849481470865762,0.13762007532218368,5043,-1.391976748438917e-05
1999,-0.13720586259982467,0.8908731019710185,5498,-1.5998790795810834e-06
2000,0.49707816908330166,0.6191531442968219,5688,5.618341733782026e-06
2001,0.40915352335783456,0.6824446656234007,4961,2.840921005880325e-06
2002,-0.6718425564459551,0.5017279114794113,3530,-8.937081854424314e-06
2003,-0.07884810801362338,0.9371563021874623,5510,-8.441406917183366e-07
2004,-0.23852316660256406,0.8114841381315749,5562,-2.6705727023598384e-06
2005,0.23822361801623596,0.8117159890863097,5861,2.3520035216481543e-06
2006,-0.7974359343778648,0.4252349629065537,5109,-7.187444585291244e-06
2007,1.3964326228673243,0.16265593287833502,4325,1.2351402212504495e-05
2008,-1.2578449353142325,0.2085055994168199,5086,-1.372233545978626e-05
2009,0.19552220508648083,0.8449931453964112,4420,1.6605661176868553e-06
2010,0.7422821423578209,0.4579477651316157,5561,8.117920892208586e-06
2011,-1.4149982130889502,0.15714477912112024,4111,-1.4436627035761176e-05
2012,-0.667953344266069,0.5041929506854101,5213,-6.798988368310106e-06
2013,-1.3348505411642182,0.18197906181147494,5650,-1.0724945739120294e-05
2014,0.2050627322910376,0.8375312725638604,5116,2.5173400098264913e-06
2015,0.007190117606619594,0.994263441998533,5190,8.817438056588873e-08
2016,-2.456981166736562,0.014050539139081497,4267,-2.7976514704881795e-05
2017,-0.09235973954473986,0.9264173421453972,3617,-9.90178372027845e-07
2018,-1.4379558958151304,0.15051065028881738,4884,-1.4772344494868579e-05
2019,-0.40864076139207167,0.6828249285062391,4049,-5.182014787551521e-06
2020,0.6915902723050074,0.4892236214450403,5547,3.980232591835549e-06
2021,0.1938891750942594,0.8462702055839593,5220,2.1500383452503307e-06
2022,-0.9664367889102249,0.3338815731800957,4181,-9.953618488076076e-06
2023,-0.5503216340457915,0.5821245355297515,4775,-7.053699888430545e-06
2024,0.9293061467728597,0.35279108948611393,3700,9.448688724538799e-06
2025,-0.48322071074179823,0.6289582277695906,5512,-5.133518087166209e-06
2026,0.09937358745503085,0.9208451942328073,5626,9.774539244046061e-07
2027,-0.7486437276669995,0.45410879606774657,4782,-9.524321119259842e-06
2028,-1.3081422845136006,0.1908775727162486,5726,-1.2019713823934249e-05
2029,0.937859571613971,0.34836860169209305,4355,9.278069356948117e-06
2030,-0.30326759725019814,0.7617050140467814,3308,-4.135360928400433e-06
2031,-0.15673972610565778,0.8754567626995633,4664,-2.0023209097377494e-06
2032,0.006955526031130222,0.9944506540288802,4390,7.805953496665211e-08
2033,0.6993481428352287,0.48436343506977986,5620,7.380512700270221e-06
2034,0.11054661501377634,0.9119804167261198,4894,1.2412367258953579e-06
2035,1.6965503952322807,0.089834904466358,5850,1.797855394905666e-05
2036,0.28096900790759555,0.7787444991294592,5629,1.8010501399326759e-06
2037,0.44286912019190405,0.6578784172190204,5319,4.01319394528351e-06
2038,0.04869445648682461,0.9611648276829661,4782,4.000047582537437e-07
2039,0.8084217746039724,0.4188935651613028,4205,1.1164926340197864e-05
2040,-0.23437676436879348,0.8147021267685663,4983,-2.8940248362498307e-06
2041,-1.079580417552013,0.2803798094432175,5132,-1.239148928241716e-05
2042,-0.19894953204562135,0.842309679783587,5425,-1.9634087755701687e-06
2043,0.6048098635022284,0.545329678800363,5639,4.102539414466348e-06
2044,-0.5409384282085024,0.5885742023355631,4984,-5.796532474308039e-06
2045,-0.32239333955588945,0.7471668269036971,5572,-3.375828564752461e-06
2046,-0.48104215759246577,0.6305096520953573,4554,-5.946048982715279e-06
2047,0.17019261327557478,0.8648653265027126,5166,2.096938407574565e-06
2048,-0.29420447413629497,0.7686140856932251,4916,-3.516431702417761e-06
2049,-0.9373850430642044,0.348611129291974,4475,-9.773662280294417e-06
2050,-0.8997051498912084,0.36832631745299693,4410,-8.903322077021746e-06
2051,-0.7359220193421991,0.46181047951082,5341,-8.220217327055148e-06
2052,-0.6722273241487203,0.501470728768936,4894,-7.685574750589415e-06
2053,0.10052421912797163,0.9199316044243913,5845,6.209580476418324e-07
2054,-0.3301573725606264,0.7412962876350839,4541,-4.086709930792012e-06
2055,1.125586433203074,0.26039128383146304,5332,9.021765911489795e-06
2056,-0.9101337147813124,0.3628003122527097,4541,-1.0336995573695358e-05
2057,-0.0462705236166953,0.9630964829565156,4995,-5.473313806923514e-07
2058,-2.73463456079821,0.006276471073008993,3494,-3.2635241834797374e-05
2059,-0.22974397005210537,0.818299763441632,5200,-1.4530891488748221e-06
2060,-1.8837873706574222,0.0596520706729291,4971,-2.0812984143975772e-05
2061,-0.7758382540087528,0.43788419769451714,4622,-9.005434770743202e-06
2062,-0.6454336256842212,0.518670882324006,6005,-6.630448221866437e-06
2063,-0.45634750933815743,0.6481597456556694,5047,-4.183575094674418e-06
2064,1.9571419147438436,0.05038130645961414,5500,2.2978289750963e-05
2065,-0.7354296490803416,0.4621113149366889,5158,-8.183806907213011e-06
2066,0.17122848244169905,0.8640516404816767,4603,1.7990221490824087e-06
2067,0.22366924193867452,0.8230236713632055,5083,2.7974630128726785e-06
2068,-0.40529655276377624,0.6852744116576115,5831,-2.8374119150549045e-06
2069,-0.4642250943956084,0.6425054542702193,5328,-5.1288066240290535e-06
2070,0.9150067905628321,0.36023215405504105,5005,1.1407675880307152e-05
2071,-1.4278211811394261,0.15339727633379252,5790,-1.5308035262594653e-05
2072,-1.8754331978915073,0.06079318212713436,4851,-1.9662689368803628e-05
2073,0.03490031433971132,0.9721606942568335,4758,4.819665309059617e-07
2074,-0.4802233583585914,0.6310879736626052,5417,-4.766560400244238e-06
2075,-1.194529696533564,0.23231667452759575,6181,-1.0811232387918601e-05
2076,0.008857028661004508,0.9929337294458671,3376,1.1298331372174227e-07
2077,0.024399606584546117,0.9805347495476056,5487,2.913246203581203e-07
2078,-0.28535371254826924,0.7753892729510452,3670,-3.2626880171490686e-06
2079,1.0299130465774962,0.3031241701290375,3397,1.1956929501222387e-05
2080,0.2989345226451514,0.7650015322248969,5390,3.5215509330691103e-06
2081,0.7076815737258851,0.47917796360971865,4721,8.159205864347114e-06
2082,0.011525304877986928,0.9908048080490008,4921,1.0150317398760923e-07
2083,-1.6613754276162795,0.09669107329567872,5915,-1.3835517412537144e-05
2084,0.16466147743998394,0.86921684832441,5194,1.7698447911859141e-06
2085,0.22467980496610962,0.8222401738911749,3892,2.5058081543580937e-06
2086,-0.6122535791478805,0.5403942704289575,5736,-5.9052915042135596e-06
2087,-0.8916802883241973,0.3726085291155248,4854,-8.99196169247216e-06
2088,-1.2100859288643167,0.22630232520766658,5072,-1.4294778820858407e-05
2089,0.05885169792716152,0.9530725935009903,4978,7.057763078467108e-07
2090,0.8752195793648919,0.38149762184353975,4869,9.414861105947791e-06
2091,0.07727014307121223,0.9384119355111151,4695,1.0399137866762447e-06
2092,0.807803367125479,0.4192368462092231,5813,8.263319065814798e-06
2093,1.4089450311026777,0.1589085147454643,5447,8.765611454875429e-06
2094,-0.5224405195242803,0.6013889129351093,4582,-6.130112720909933e-06
2095,-1.8188572492574615,0.06899473869995565,4860,-1.753199693050851e-05
2096,0.689134735761495,0.49076831205382687,5361,7.09590710157189e-06
2097,-1.494000993377769,0.13523612762261106,5193,-1.5991796106873956e-05
2098,0.27834214786600026,0.7807633582816043,4222,2.72374352961355e-06
2099,1.1159021534253593,0.26451374753017554,5393,6.411525721676866e-06
2100,-0.8400356056958274,0.40093397189411384,4410,-1.143026252962567e-05
2101,1.0979111155717216,0.2722888719877501,5802,1.2198127646068544e-05
2102,-1.1680592434017996,0.24283879632626348,4980,-1.127864013903269e-05
2103,-3.2097412976095017,0.0013379686176719918,4458,-3.5127543570977486e-05
2104,-0.1620949455106666,0.8712380706426315,4690,-1.8362601028413055e-06
2105,-0.04458173471195968,0.9644422490334643,5754,-4.949472263576894e-07
2106,0.4594516475856504,0.6459285172315905,5356,4.153187983635797e-06
2107,-0.9633746234655749,0.3354006618666743,5668,-1.0002767068537669e-05
2108,0.7639559746412461,0.4449262260666007,5505,8.215997944842153e-06
2109,0.3220462826693337,0.7474391318742373,3132,3.613579326106634e-06
2110,-0.5039465505989738,0.6143216354984666,4892,-5.247479019780792e-06
2111,-0.9397032547913114,0.3474068389885199,6128,-9.386185919206049e-06
2112,-0.11520257750783076,0.908289035678856,5164,-1.3501012151164826e-06
2113,-1.4379960917794763,0.15048625153605455,6126,-1.2404181205828373e-05
2114,0.18980334216148345,0.849470585764879,5243,1.5118188826618757e-06
2115,-0.6645161642235574,0.506388900323373,5304,-4.727437143807889e-06
2116,0.6064937257731434,0.5442091029934386,6215,5.936322432742831e-06
2117,0.4092472119613886,0.6823740740178001,5540,3.848253968299502e-06
2118,-1.130952793477243,0.25813987519333237,4179,-1.0637262314698613e-05
2119,0.3966176000323066,0.6916641419116312,5770,4.250502909822523e-06
2120,0.25067251700302257,0.8020772717176994,5171,3.050769736852952e-06
2121,-0.14030834264432676,0.8884218041928289,5204,-1.5795240966592716e-06
2122,0.3339929851075483,0.7383968628672841,5832,3.6806447487651317e-06
2123,0.3630050981116338,0.7166159678971189,5153,2.828436216979975e-06
2124,0.47491640616893704,0.6348627803497355,6394,2.4636045663847116e-06
2125,0.5739773312798515,0.566012837501062,4348,6.497572269076915e-06
2126,1.9976684524102828,0.04582440538297572,3768,2.4223666070605143e-05
2127,-0.9687048700669755,0.33275136828720386,3978,-1.0658875167195988e-05
2128,2.1465603082815234,0.031870827704992166,5641,2.377847930689259e-05
2129,0.9662404967533093,0.33397893482445307,4243,9.94687603080605e-06
2130,0.5674064089191435,0.5704613392506248,5481,6.606979976746444e-06
2131,0.2903179149528743,0.7715883911821464,3921,4.2343829702992435e-06
2132,-0.7874562587601508,0.4310511759060569,5135,-7.476251212689081e-06
2133,-0.6932085183949934,0.4882081886326892,5461,-7.76587782902011e-06
2134,0.1811351614383305,0.8562680215057767,5618,1.1850517422189203e-06
2135,0.23725086278333427,0.8124702986568901,5987,2.3528625645493175e-06
2136,0.5746280535742223,0.5655686600820795,5014,7.450304421215404e-06
2137,0.11360454512718189,0.9095555042342245,5405,1.2836998194043546e-06
2138,-0.44756075288917935,0.6544894222043451,5053,-4.164553319046473e-06
2139,-0.8449240008963137,0.3981979535300404,4525,-7.084373728111439e-06
2140,-1.0594525113651445,0.2894425130962266,5248,-1.278991111043931e-05
2141,-0.6281138268315434,0.5299549576651326,5608,-7.367377399857925e-06
2142,-0.497167021869501,0.6190887548200967,6254,-4.85831799530071e-06
2143,-0.03218910235959819,0.9743223589195882,5777,-1.97148653627e-07
2144,1.1781278735890333,0.23880128730276318,5038,1.5225687937534335e-05
2145,-1.678140702041474,0.09339079595708344,4392,-1.584612598018895e-05
2146,-1.0326485987127323,0.3018206414118074,4779,-1.1151717806271106e-05
2147,-1.3103270959084616,0.1901408018349573,5414,-1.2352362127710559e-05
2148,0.5349352340110932,0.5927186131127695,4963,5.77808252371283e-06
2149,-0.021490266494882025,0.9828555242869936,4484,-2.2321879815722106e-07
2150,0.83902872277806,0.4014981692235957,4460,7.015147337411249e-06
2151,-0.07629190659150639,0.9391900810638896,4746,-5.883177234846109e-07
2152,-0.13050793298196348,0.8961705756259211,4378,-1.1778034777407654e-06
2153,-1.5850509805059094,0.1130293960915556,4237,-2.1362982495861306e-05
2154,-0.4942753383611373,0.6211315698584117,5476,-3.421154136098381e-06
2155,1.508643596084304,0.13146364582544168,4284,1.783347280578524e-05
2156,-0.0012723863721391376,0.9989848310828997,5261,-1.5196192913241305e-08
2157,1.202934007251949,0.22905042459603897,5865,1.2844451809159353e-05
2158,-0.4928008864143438,0.6221728149002415,5541,-5.411862858897239e-06
2159,0.8346159691486735,0.4039684494604896,5783,8.840048005056683e-06
2160,1.42267777695665,0.15491402356244555,3695,1.5676662397628336e-05
2161,1.2834102352759875,0.19942433124000947,3917,1.2732839821859814e-05
2162,-0.09621990738391097,0.9233501402810758,4570,-1.2104193900271503e-06
2163,-1.096807933345243,0.27279552593276946,3765,-1.3712250875243728e-05
2164,0.8480313130608091,0.3964697359178646,4126,1.0591890584374395e-05
2165,0.31925821161269674,0.7495423845920031,5717,3.430163875608354e-06
2166,-1.1886175095211633,0.23465133380741698,4619,-1.0840252237673732e-05
2167,-0.5399484163502881,0.5892540577701393,5606,-5.642044458608172e-06
2168,1.0305917260414519,0.30278522406064057,4712,1.0995001387414495e-05
2169,0.9773024961091185,0.3284640733882227,5295,1.0687997967612605e-05
2170,-2.2623194018492874,0.023725493990845115,4470,-2.545699169017258e-05
2171,-1.2389864702766034,0.2154133542187351,4628,-1.3408648538942851e-05
2172,0.2581658403724882,0.7962878850639132,5927,2.689349291212261e-06
2173,-1.2372708476305951,0.21605055075451207,4540,-1.1338458362068621e-05
2174,0.15122235537508324,0.8798057253081328,5640,1.5205463752042566e-06
2175,-0.2188047891762952,0.8268112660080487,4881,-2.0961379821819804e-06
2176,0.686915561547783,0.49216741269824293,5062,8.204779656331688e-06
2177,-0.09232869320867236,0.926441958768891,3651,-1.041852791636657e-06
2178,-0.044460373144804596,0.9645393111738485,4741,-4.184323722558667e-07
2179,-0.438958593369124,0.6607093892839768,5314,-3.5434700799843192e-06
2180,-0.4903662677592436,0.6238963802894775,4973,-6.193741343839658e-06
2181,-0.592417256236638,0.5535962595708184,5349,-5.918940076537583e-06
2182,1.1010284419175862,0.27093592647203946,5132,1.3872677552235306e-05
2183,-0.19019595188274874,0.8491632323311498,5048,-1.6053742858846343e-06
2184,-2.153067770057643,0.03136186068313784,4916,-2.0752249201686227e-05
2185,0.5788463707042671,0.5627189756979769,4989,6.850050362509505e-06
2186,-1.2060255935056285,0.2278589395011894,5561,-1.2356501868594163e-05
2187,0.4080497648510611,0.6832523858082542,5731,2.416325483529436e-06
2188,-0.058214309505415104,0.9535810104017213,3768,-6.451744612043081e-07
2189,-0.19535221049722218,0.845123671339318,6159,-1.5631493072407923e-06
2190,0.6266506785349547,0.5309142726790457,5496,4.934965472332061e-06
2191,-0.2631547011880248,0.7924415002627196,5339,-3.0750416190843163e-06
2192,0.21029711413098048,0.8334463662916827,4051,2.225929388188324e-06
2193,0.4635409209048696,0.6429972664892998,4904,5.333698492148195e-06
2194,0.5099508824141734,0.6101087754557724,4915,6.346155111486674e-06
2195,0.2652281088544835,0.7908433299611308,5703,2.7765190870208094e-06
2196,-0.2375361845388478,0.8122496157962407,5553,-2.5491602775787068e-06
2197,-0.2086094082682812,0.8347612106375522,5282,-1.7053270290907783e-06
2198,-0.556769986264598,0.5777032251777334,6688,-3.2717106395729662e-06
2199,0.010727030315859004,0.991441605383865,5736,7.306654268928318e-08
2200,-0.29660655118849544,0.7667794336649654,4919,-2.7775447255541108e-06
2201,1.8938008869051182,0.05830053286675296,5875,2.098033677741134e-05
2202,-1.0248545919523537,0.3054737624368735,5909,-6.607202323880068e-06
2203,-1.4766787261314231,0.13983321109970825,4409,-1.5879216604946305e-05
2204,0.3465532944261271,0.7289393104267257,5895,3.814704681263567e-06
2205,-1.2043614228260826,0.22850148712040808,5528,-1.4170819446246168e-05
2206,-0.2964597177558195,0.7668958234768257,3666,-3.2929943539253795e-06
2207,-1.269765181187615,0.20422644809040058,5081,-1.3231008412137438e-05
2208,-1.1710881648253086,0.2416237891472952,4617,-1.141458675484171e-05
2209,-1.350209864949117,0.17700911128872376,5057,-1.1972166573645556e-05
2210,-0.9616071060929777,0.33628807136626193,5662,-8.93871515732391e-06
2211,-1.1171737355891473,0.2639725406542144,5114,-9.494535983340831e-06
2212,0.5059681867910886,0.612898694913619,5659,2.9822584485643737e-06
2213,-0.17149855082490478,0.8638378672358256,5692,-1.8568342797175766e-06
2214,0.6927547538993413,0.4884934726573258,5363,6.538267925444901e-06
2215,0.5686886452472496,0.5695919993497882,5204,5.062944382635287e-06
2216,-0.969847956926569,0.3321736209406525,4570,-9.83354806401569e-06
2217,0.1101245649415686,0.9123145376735089,5594,1.0275842079921588e-06
2218,0.8547467112588676,0.392728668464688,5493,7.6178634957733646e-06
2219,0.2167970167403827,0.8283775682071597,4010,3.0610710843019286e-06
2220,0.44753080739076867,0.6545142413291702,4330,5.458498896185245e-06
2221,-1.3822513509954915,0.16697819663123115,3691,-1.8155482763475963e-05
2222,0.8801409355001513,0.3788247311823314,5065,1.1390606080403493e-05
2223,-0.2864263659117575,0.7745703419092158,3164,-4.465425921622879e-06
2224,1.234924021757459,0.21694118308977273,3522,1.455193933949493e-05
2225,1.2069181839594212,0.2275100583371661,6153,1.2516801283308622e-05
2226,-1.4497988268986275,0.14717361825164765,5317,-1.4340036848110036e-05
2227,-0.803808439545497,0.42155659180277905,3902,-7.732129144688595e-06
2228,1.2060766091908484,0.2278328026983485,6363,1.1910934787148929e-05
2229,0.23111988888913182,0.8172316039682292,4758,1.825209282857689e-06
2230,-0.7095225054044201,0.4780348254388256,4791,-9.590832221757843e-06
2231,0.37960010065486316,0.704257520633575,5292,2.8346610362328865e-06
2232,1.6754191049638545,0.09390625225208882,5767,1.8952766233137843e-05
2233,-0.09072893558785991,0.9277114686441501,5207,-1.080459985352961e-06
2234,-1.0926280353273354,0.27462528233862527,3864,-1.2667118912120875e-05
2235,0.11088281765030177,0.9117145390880261,4225,1.08720416798759e-06
2236,-1.0571582740337382,0.29050632998690573,3814,-1.2210742845885556e-05
2237,0.9483446701318331,0.3429898012968686,6405,5.08365416176531e-06
2238,-0.4896705421211804,0.6243906102639718,4560,-3.987537489536175e-06
2239,0.9489301442393946,0.342711250360495,4162,8.555445521032384e-06
2240,-0.4734141304314826,0.6359380251201148,5098,-5.501551297088135e-06
2241,-0.6824136420219675,0.4950155651085557,4146,-8.64783307176219e-06
2242,0.4820820527888222,0.6297726302173805,4226,6.594046185153674e-06
2243,-1.3749946110658822,0.16920272870688535,4426,-1.628445970572831e-05
2244,-1.0526346268591902,0.2925573069310261,5210,-1.2528292029534223e-05
2245,-1.1206894972814865,0.2624696436158107,5428,-1.2395250534213939e-05
2246,-0.28678955231308334,0.7742860271412542,4730,-3.0917762031532773e-06
2247,-0.4321602698026363,0.6656410820875944,5771,-4.392452723105599e-06
2248,0.7915697020007043,0.42864805303713194,5154,9.914844945667304e-06
2249,-1.013728431997853,0.31075673593459596,5527,-9.63463932204975e-06
2250,0.3447216174137902,0.730317563115678,5217,2.523936476228008e-06
2251,-0.8274834256508256,0.40800811065979126,4389,-9.522643633602212e-06
2252,-0.3594251298418697,0.7192898673437707,5935,-2.2339500893879566e-06
2253,-0.4321409218660337,0.6656569470145004,5191,-5.139649490855793e-06
2254,1.4323345789888668,0.1521316178751011,3743,1.824459062522312e-05
2255,0.6441265451224707,0.5195243227761488,4775,5.753777941647765e-06
2256,0.6210647557762964,0.534590752377996,4197,6.36026194838265e-06
2257,0.24176766434804647,0.8089708957727413,4634,3.280682082384805e-06
2258,-0.9516635582431997,0.34131534421837784,4822,-1.2229587799041246e-05
2259,0.5006057594409109,0.616666045917369,6319,4.93791651461793e-06
2260,-0.33347122073373564,0.7387929134308373,4889,-3.7799457088069583e-06
2261,1.3667425915084441,0.1717700667485078,4797,1.5453958571376276e-05
2262,0.5669394815228949,0.5707807077271227,5009,5.3633323739575745e-06
2263,-1.375936545537376,0.1689000940706984,5240,-1.004930610232555e-05
2264,-0.1683062274322747,0.8663485399600883,5522,-1.3446083934366744e-06
2265,0.1387453469509483,0.8896566511974737,5304,1.0617294707429556e-06
2266,0.4494717243159705,0.6531073052323211,6126,4.715217829857872e-06
2267,-0.8866735861351219,0.37529563606659355,5205,-8.065414024887287e-06
2268,-0.5477438495272247,0.5838897110822567,5580,-4.01995618162365e-06
2269,-0.08650604669051358,0.9310677293577094,4839,-1.0141438129129292e-06
2270,0.04744804588176778,0.9621579746885021,5157,4.902074421068459e-07
2271,-0.6343866285656811,0.5258588800243782,4783,-6.10530835577124e-06
2272,-0.6952015342733513,0.4869612784932418,5007,-6.7455475658076736e-06
2273,-0.03543360685136671,0.9717355799787617,4441,-4.6728746399232965e-07
2274,0.5295519970904446,0.5964491316078591,4429,5.3904122577464656e-06
2275,-1.088418429559318,0.27646416690846953,4882,-1.348789796259199e-05
2276,-1.0955199545051573,0.27334130704558257,5036,-8.809234265325513e-06
2277,-0.5125738201914654,0.6082723684508182,4945,-5.980934296407781e-06
2278,-0.7601151044723841,0.4472186104152398,5460,-6.336931094032358e-06
2279,-0.5469322544894225,0.5844484722169887,5262,-5.68983228435022e-06
2280,-0.2485379500349655,0.803727584175832,5446,-1.6108162834183339e-06
2281,1.149397105196776,0.25044324361827286,5394,1.3637777217111863e-05
2282,-0.1643477639256034,0.8694640125325679,5011,-1.3079594235118312e-06
2283,-0.10396967729399217,0.9171978303597133,4720,-1.1674608172144875e-06
2284,0.12825088376250757,0.8979554262284966,5166,1.2822377574303652e-06
2285,-0.6223647412213066,0.5337300917960173,5063,-6.064845924571866e-06
2286,0.6050084817300657,0.5452015440257245,4872,7.1033174842744545e-06
2287,-0.015651650070903755,0.9875131172845928,3821,-1.6120375347033103e-07
2288,-0.6651180296864054,0.5060079256967289,4660,-6.918805364378632e-06
2289,-1.9630822335888818,0.049685900101208436,5617,-1.7566095958268093e-05
2290,-0.029290500541235432,0.9766341315723279,4759,-3.234812742521641e-07
2291,-0.16796119880127472,0.8666200000152924,5483,-1.4327585874145795e-06
2292,-1.7968164531431499,0.07242419137580214,5077,-1.5803265243165472e-05
2293,0.6725036277858117,0.5012942697330405,4991,5.019667322475466e-06
2294,-0.1663315445228667,0.8679022174953364,5447,-1.924213414789459e-06
2295,-1.3136873990738485,0.18903948785556768,3423,-1.7334879423698316e-05
2296,-1.1493001817111965,0.25048811245381475,4919,-1.0549803412361333e-05
2297,-0.2870997265936013,0.7740481884563586,4866,-3.8585486033439485e-06
2298,0.2910783277418743,0.7710019077821428,5754,3.2015740558827853e-06
2299,-0.7731366884756755,0.439472573433199,5880,-5.8154564739476965e-06
2300,-0.2922324910785956,0.7701216392819235,4749,-3.4188564560993684e-06
2301,0.8368571262251474,0.402707720823996,5741,5.161571109295808e-06
2302,-0.49366230189665444,0.6215660432611574,5079,-4.580213916809652e-06
2303,1.0249500677292958,0.30543830129677785,4810,1.1066143499772715e-05
2304,-1.0881725892896943,0.2765852119852934,3957,-1.496927995183134e-05
2305,1.1767980359347838,0.2393267585333394,5533,8.248525845202657e-06
2306,0.8412068167058273,0.40027046785111886,5241,5.6205831936556725e-06
2307,2.0459545674454342,0.040805000115827994,5912,2.2116929957554512e-05
2308,1.6058685262539616,0.10836654829278025,4954,2.113097576111061e-05
2309,-0.7289592685016311,0.46605614398222195,5775,-6.311398945436685e-06
2310,-1.8409883887780636,0.06567416332002951,5817,-1.669252825941248e-05
2311,1.151900438617453,0.24940856661880462,5913,9.817190997716598e-06
2312,0.5206762518126469,0.6026151931931332,5041,4.395998723507892e-06
2313,0.04391292390185264,0.9649758015607615,4411,5.254713327429157e-07
2314,1.1728669622724461,0.24091154551414795,4479,1.0200081082484123e-05
2315,-0.9250338784056276,0.35499313337384253,4978,-1.0690488135141072e-05
2316,-0.5007249403073111,0.6165879957779627,4735,-4.673069847832516e-06
2317,-0.04717409020529278,0.9623768046289203,4049,-5.70301282214618e-07
2318,0.1836761531899039,0.8542743181449819,5477,1.294732875521863e-06
2319,0.13912401103183342,0.8893580180436895,4779,1.7318966196022491e-06
2320,0.5113081208387285,0.6091547996455828,5796,5.7055991326132644e-06
2321,-0.4473886423681753,0.6546088690069269,6733,-4.099473673861846e-06
2322,-0.7074857745464226,0.4793007102201243,4573,-8.707557696327968e-06
2323,0.37542019389340026,0.7073620741032955,5654,4.201657037772031e-06
2324,-0.458437813903735,0.6466580392834063,4955,-3.402949181795126e-06
2325,0.4833990545401238,0.6288367716671064,4347,4.529091032351431e-06
2326,-0.6615045979418843,0.5083205385993002,4798,-6.048739398542444e-06
2327,-0.7423959563279675,0.4578834361764079,4849,-9.609084947072767e-06
2328,-0.23489608909676643,0.8143000276302026,4520,-2.1943567144315667e-06
2329,-0.5480017076400585,0.5837160439880109,4833,-6.9717457832602655e-06
2330,1.2472368962684555,0.2123865909596263,3847,1.4978281021607943e-05
2331,0.0864203555401626,0.9311361324273155,4476,1.0131850639898186e-06
2332,-1.0743274029764254,0.2827332506460223,4526,-1.4116515823465457e-05
2333,1.5667809527071161,0.11722445144389804,5405,1.5364729365814873e-05
2334,-0.23495240741185294,0.8142548478763323,5244,-2.3986985323885647e-06
2335,0.28823491222233116,0.7731764885242924,6248,2.780188733392978e-06
2336,0.6930374933680844,0.4883264500821862,3982,7.248844607554057e-06
2337,0.169317703728796,0.8655534364022299,5124,2.1779827035082746e-06
2338,-0.87287966340059,0.38276940702892626,5146,-9.795416210325565e-06
2339,-0.5934427707788535,0.5529117099937282,5002,-4.743628653511081e-06
2340,0.05617535296437606,0.9552040883466384,5690,6.458783039257615e-07
2341,0.6944100994784007,0.4874599560820525,4624,5.883378701041279e-06
2342,0.18649659827886486,0.8520637828702284,4485,2.305751791608936e-06
2343,1.0207348796487081,0.30742418156299656,5598,1.159614745470558e-05
2344,-0.15786615666770254,0.8745677470962585,5817,-1.6397901952107916e-06
2345,-1.641028788999194,0.10084948278769001,5419,-1.4894396658087615e-05
2346,0.6621806859502695,0.5078803721968468,6119,6.861655747506975e-06
2347,0.16189623065482434,0.8713938988428729,5170,1.0096537576112487e-06
2348,1.3634088036117797,0.17281203643195742,5263,8.464230062583129e-06
2349,0.11392057183074746,0.9093049717634605,5428,1.35844486485708e-06
2350,1.4890774623826357,0.1365242034983909,5511,9.515153643664951e-06
2351,-1.865921670987361,0.06212882908505146,3825,-2.544565320253741e-05
2352,1.4319410663610639,0.15221974641716884,5293,1.3167966368724223e-05
2353,0.7450471703055682,0.4562784910726094,4963,7.192850700718788e-06
2354,0.06988595588534828,0.9442870689416842,5299,5.472771142757103e-07
2355,-1.0512305590898248,0.29320244001507656,5109,-1.0344345621827629e-05
2356,0.09532260578055407,0.9240618937178207,5778,7.244469956578429e-07
2357,0.572193461671066,0.5672179323684099,4762,4.483040402762489e-06
2358,0.13856476435852746,0.8897997057851292,4968,1.5965138264701042e-06
2359,-0.4481673175886984,0.6540573301162285,3903,-5.270905496958117e-06
2360,-0.6224528935426714,0.5336708170361257,5315,-4.6691772906599705e-06
2361,-0.520299628262621,0.602878562590438,4839,-4.283930837060348e-06
2362,0.21560548383221695,0.8293047187319291,4660,1.7286199975687878e-06
2363,-0.552404999954814,0.5806962982987884,4863,-6.824654633360236e-06
2364,0.1252364624991805,0.9003419482718238,4499,1.349722256378458e-06
2365,-0.21004015714413943,0.8336452216269525,4814,-2.4460279499185408e-06
2366,1.7423687746070926,0.08150290764187296,5214,1.9933746656809637e-05
2367,1.0214917057035455,0.30706825672067994,5290,1.1027763618257351e-05
2368,-1.1309643036403905,0.258125944983119,4859,-1.1680627997055447e-05
2369,-0.2573601080143768,0.7969100330401515,5733,-2.7216673492178274e-06
2370,1.2302027858858187,0.21868316839566226,4669,1.6134882234762995e-05
2371,1.2586895073483155,0.20819612116035802,5481,8.17134370114075e-06
2372,-0.14680443789483116,0.8832926368185705,4732,-1.5952727621567094e-06
2373,-1.2607797042868867,0.20744198184950502,5473,-9.417366414845493e-06
2374,-0.48847130233108493,0.6252372744832315,5047,-4.212015503826247e-06
2375,0.06729438751182654,0.9463509867638646,3695,7.626346472057025e-07
2376,-1.0531835750406378,0.29231027778661245,4765,-9.749411726865581e-06
2377,0.314633055869115,0.7530527169483752,5278,3.2631608684836023e-06
2378,-0.8801333566464785,0.37882457075859155,5641,-5.309125318383211e-06
2379,-0.7577131826597203,0.4486553933218176,5463,-6.3149607700731645e-06
2380,-0.15285316034450272,0.8785201319206262,5092,-1.1999894181895466e-06
2381,-0.7510778468433532,0.4526458554479924,4414,-8.306865680497221e-06
2382,-0.35571669028275127,0.7220701046530711,4323,-4.709400877854238e-06
2383,1.484411307775629,0.13775151445315248,6100,1.2707646604107058e-05
2384,0.06728830983200085,0.9463546807940955,5387,8.016163161065308e-07
2385,0.9069874997926958,0.3644547427221476,5288,1.1097871983588194e-05
2386,0.058615029028534694,0.9532609479316441,5305,7.138804054747807e-07
2387,0.3163211334648135,0.7517704633360258,5648,2.228546256758244e-06
2388,-1.3882270088734112,0.16513128494145657,4882,-1.2250138865820228e-05
2389,-0.7852177914670527,0.4323622890436587,5111,-9.092392733308125e-06
2390,-0.6250536589485863,0.531960835706121,5707,-4.498956446490616e-06
2391,0.6665004225322272,0.5051262861806292,4395,8.590074811306368e-06
2392,0.005338888493901981,0.9957404244319976,4822,6.374375066089849e-08
2393,-0.7746833201851647,0.4385637290351616,4962,-5.890001605236154e-06
2394,0.6476912832856111,0.5172125187106866,5335,7.168942001510651e-06
2395,1.122643763585866,0.2616370015589342,5595,1.2902871879814522e-05
2396,-1.9924043244609388,0.046372823241715544,5887,-1.4370375710527503e-05
2397,0.44860439641024874,0.6537352843570781,5335,4.340897245925932e-06
2398,-1.8285536169297762,0.06752663807000303,4952,-1.916411497955248e-05
2399,-0.12213017684811753,0.9028007806747809,5053,-1.069140220867e-06
2400,-0.6205541561592013,0.5349195035215257,5339,-6.0523942819504664e-06
2401,-1.3580943924787499,0.17448918934307356,5526,-1.3017911928152936e-05
2402,-0.66620473139061,0.5053096837527282,5222,-7.857076951471085e-06
2403,-0.29924010978417187,0.7647723742325652,4006,-3.7008161768631584e-06
2404,0.14908020285131865,0.881495635011819,5686,1.3769943233712536e-06
2405,-1.0884327098881885,0.2764534505460703,5319,-1.1842264573259954e-05
2406,0.6211616302642594,0.5345206512048186,5174,6.340668814215392e-06
2407,0.6372579078570834,0.5239855080428546,5094,7.429824129399094e-06
2408,0.9587924370188242,0.33772261677811044,3910,1.0037888805212906e-05
2409,0.6706171488372901,0.502492778140303,5469,4.312905087911274e-06
2410,0.07412319307952944,0.940915192075152,5237,8.115769863602014e-07
2411,0.5860024827337074,0.5579030474487539,4530,7.236836961619097e-06
2412,-0.43536455385060463,0.6633168319901408,4947,-4.9588658654485686e-06
2413,0.47139742560734227,0.6373785629237485,4760,4.605866943960918e-06
2414,-1.0027067831599885,0.31604543390818374,5633,-8.159681450535041e-06
2415,0.851555894633277,0.39449567011795517,5820,9.26153662539326e-06
2416,1.0270950544415365,0.30441933625582407,5695,1.150171710663899e-05
2417,-1.3177052103051707,0.18766224236280715,5041,-1.531160558049546e-05
2418,-0.7036175255111621,0.4817043378001693,4914,-8.891091043702782e-06
2419,-0.5584907031988884,0.5765340629795497,5061,-5.548186148462036e-06
2420,-1.1779586402802331,0.23890407177665285,3082,-1.5366544473365463e-05
2421,0.19636046965107526,0.8443365403455325,4692,2.444178250269911e-06
2422,-0.11662976477032659,0.9071583669333785,4764,-9.04960329022456e-07
2423,0.294009338025591,0.7687642467354452,4528,2.542993995596811e-06
2424,-1.458345250343182,0.14480933812319474,4913,-1.4920499242631952e-05
2425,1.0298045013637707,0.3031477221738712,5423,1.2016632718842853e-05
2426,-0.6492685784528981,0.5162051900709768,3692,-8.55394024256221e-06
2427,0.3366105637643393,0.7364241221909893,5183,2.2772370660004413e-06
2428,-0.06820811563842219,0.9456233869549513,3988,-7.023009946308955e-07
2429,-2.226320129259321,0.02603320409187737,5487,-2.215913740917303e-05
2430,0.023826611811514763,0.9809920354498951,4236,2.988761771561159e-07
2431,-0.6176914370535911,0.5368081092522936,4793,-7.40352884228432e-06
2432,-0.6901082857836242,0.49015829017616586,4975,-8.205806751971644e-06
2433,1.5763611675196663,0.11500147500291735,5373,1.8902459884663486e-05
2434,-0.7171136717078292,0.4733468944433832,3902,-8.392969297658588e-06
2435,0.8328532924834565,0.4049622591068147,5719,7.487637932472333e-06
2436,0.8209230593955035,0.4117461485835332,3492,9.312199615844003e-06
2437,1.1568654155822535,0.24739716545322588,3959,1.4081539768467718e-05
2438,-0.8286180981183834,0.4073561183255814,5560,-7.921291602012842e-06
2439,0.6678149792571579,0.5042821547623042,5062,7.0397402291897725e-06
2440,-0.5056732640248777,0.6131108408545249,4495,-4.65455028298343e-06
2441,-0.47409786658044495,0.6354489913546559,5486,-4.422034227203389e-06
2442,-1.1010442848823807,0.2709360913437622,4515,-9.218821248256615e-06
2443,0.8152286262332058,0.41497765649895824,5364,9.13457424763729e-06
2444,-0.5665285601970617,0.5710565545020043,5772,-6.322526526905052e-06
2445,-0.45065235857957536,0.652258547989359,5304,-3.2874099354590866e-06
2446,-0.7197868995555232,0.4716958010027634,4250,-7.153107735296237e-06
2447,0.34656977471789524,0.728928209026646,5342,3.8025641770285685e-06
2448,0.3575630493553651,0.7206864722134241,4677,3.161953396978091e-06
2449,-0.7532329404139282,0.4513449088531698,5073,-8.446708444609204e-06
2450,0.5570208930425052,0.5775351712961401,5663,6.068848702082068e-06
2451,-0.9125105052911585,0.3615445709148908,4941,-9.345908593431701e-06
2452,-0.7670659339848482,0.44307624528788203,5338,-7.027957693527192e-06
2453,-1.9919441564597051,0.046458135040836845,3355,-2.3701555198750898e-05
2454,-0.11601425641543045,0.9076460343560744,4863,-9.980249782375368e-07
2455,0.7407026302199785,0.4589076316046894,5136,7.675532444225357e-06
2456,-1.4160933415989991,0.15680518889259676,5464,-1.1512313911452675e-05
2457,-0.11668476890902592,0.9071134887776562,6459,-6.766778524962239e-07
2458,0.6743211281121249,0.5001357591116777,5454,5.426662493408457e-06
2459,-0.5285713229343038,0.5971257282918785,5130,-6.377230145942254e-06
2460,-0.7393186583884124,0.45974817297099424,5009,-5.868277785709954e-06
2461,2.2464625115848684,0.024714660840200242,5399,2.7365841802168763e-05
2462,-1.351995403633939,0.17642677069928836,6118,-1.0771636629728495e-05
2463,1.8266579590803447,0.06781252137288862,4861,1.5148825202745777e-05
2464,1.5631855720272108,0.11806431099931669,5717,1.7681749720277656e-05
2465,-1.2273909760339823,0.2197334486281486,5002,-1.1468459284676564e-05
2466,-0.47132921336970474,0.6374290038824353,4405,-5.612135627934316e-06
2467,1.568594972532378,0.11680295633273885,5221,1.2517011619933959e-05
2468,-0.43668951474937767,0.6623548809360522,5140,-3.006296996698315e-06
2469,0.45570999923193345,0.6486211421516876,4377,5.631864761860649e-06
2470,-1.2915127883875412,0.19658089558040936,5431,-1.4734803534539784e-05
2471,0.6437646329493383,0.5197542981836807,5630,7.230387625235695e-06
2472,-1.0289395907173537,0.303559939915667,4798,-1.0694463965630382e-05
2473,-1.6380758771060664,0.10146123608833824,5683,-1.6549393687477106e-05
2474,-0.7132038713351572,0.47575473622456066,4739,-7.734490778984646e-06
2475,-0.7279460724447753,0.46667991270402975,5117,-8.481492724535112e-06
2476,-0.31437502934302275,0.7532485189336753,5333,-2.2510934330956835e-06
2477,-1.2297136596792824,0.21885992001869958,5207,-1.033819287785059e-05
2478,-0.014382187032059863,0.9885256732264698,4762,-1.9851792929342313e-07
2479,0.09376764615615907,0.9252968288297714,6069,6.335082403314751e-07
2480,-1.408963735696665,0.15891419600544765,4553,-1.273408723828321e-05
2481,-0.6170334352082444,0.5372441554351646,4463,-7.738099842323651e-06
2482,0.904747351224527,0.3656491243371822,4371,8.730542161273601e-06
2483,0.9171879294757637,0.3590830641114253,5688,5.587815698985005e-06
2484,1.3180141120682372,0.187555174578369,5368,1.49237586812798e-05
2485,-0.5414614717715407,0.5882191038003004,4082,-4.674388044035924e-06
2486,-0.9452121356766324,0.3446058789567079,4131,-1.099291090007547e-05
2487,0.29931580376845063,0.7647103516614115,5528,3.113520450798596e-06
2488,-0.8059266350651613,0.42033284590508413,4019,-1.1035981406161704e-05
2489,0.02995610022093945,0.9761031201895258,5663,3.401555559860821e-07
2490,0.5849300609329542,0.5586181228334264,5646,3.4703768805252437e-06
2491,-1.3906573296895097,0.1643921301473692,4931,-1.4451555845135767e-05
2492,-1.7448765565534665,0.08108117197637754,4107,-1.861460453233073e-05
2493,-0.025267481608836614,0.9798432436562485,3090,-3.2831067365112096e-07
2494,-1.8221957604759034,0.06847580089938021,5911,-1.5115191959092749e-05
2495,-0.9072096312129135,0.3643335629820159,5813,-7.709049884355417e-06
2496,-2.067604886644158,0.038731738735715115,4706,-2.4027357639395667e-05
2497,-1.2536154851388723,0.2100587985274045,3807,-1.5601252395350322e-05
2498,-1.1451673146652357,0.2521922153532532,5235,-1.2806155101246487e-05
2499,0.3910411798194784,0.6957813973228331,5707,4.182420656552095e-06
2500,0.30687809008096234,0.7589545429596642,3478,3.6974295608669522e-06
2501,0.4960898826941278,0.6198508855380656,5483,3.7271839450611615e-06
2502,0.8811497638235342,0.37827981629394514,4920,7.593921190991105e-06
2503,-1.4470619928527733,0.14793622241769988,5533,-9.83223427363889e-06
2504,1.3690379496672849,0.17105232159626715,4738,1.464233464134343e-05
2505,0.08896128489287543,0.9291166770292096,4456,7.902954135364785e-07
2506,-0.23428495858242454,0.8147724716976974,5508,-2.243682818335525e-06
2507,0.3926345644243295,0.6946067185857578,4835,3.1902168804503486e-06
2508,0.8734773896960328,0.3824441554936402,5088,6.424978742036154e-06
2509,-0.06978436404850419,0.9443686702249303,4132,-9.062518314901e-07
2510,0.366680062686528,0.7138742318944349,4688,2.989973338659503e-06
2511,-0.8256018636384436,0.4090733385780414,4543,-1.0579378707353766e-05
2512,-0.3151104312232033,0.7526922461299619,4555,-3.6991416472384998e-06
2513,-0.5145398905509339,0.6069008332412653,4332,-4.9203529926019695e-06
2514,-0.3887560201263729,0.6974726339986486,5175,-4.423161037081503e-06
2515,-1.307573307687227,0.19107026272752137,5761,-1.4112793279813947e-05
2516,1.1607741193897407,0.24581905010347826,3250,1.5150159936958782e-05
2517,-0.028094162322648077,0.9775881065787064,5307,-3.1205910125000476e-07
2518,0.1190033772459846,0.9052779802255941,4511,1.4591730003531844e-06
2519,-0.48016125306729723,0.6311379035212639,4174,-6.364092876892808e-06
2520,-2.149488275890604,0.03164579928552458,4777,-2.2111803617900983e-05
2521,-0.4130803222917189,0.6795634581672165,5645,-3.828924533895623e-06
2522,1.1064617684676143,0.2685992826917749,3668,1.2437191819196951e-05
2523,-0.5172942735136047,0.6049818834764715,3676,-5.08191002836733e-06
2524,-0.77713224914862,0.4371187920367392,4833,-6.120888488505144e-06
2525,-0.2614844569012177,0.793730207162574,4778,-2.5766154552327e-06
2526,-0.04552095612465622,0.9636937814385189,5317,-4.4860531597406395e-07
2527,0.892282063292619,0.3722764280315196,6195,9.010326202355724e-06
2528,-0.4321765498007668,0.6656328983691377,4708,-5.1855379468852874e-06
2529,-1.0414979445926495,0.2977054547361231,4132,-1.1695015298917302e-05
2530,0.45898222600268496,0.6462763995927956,3386,5.475586691634274e-06
2531,-1.0935833813193345,0.2741845951302415,5623,-9.48718357372505e-06
2532,-1.428025093152637,0.15334241242779334,5406,-1.0732149327498192e-05
2533,-0.12644133335686197,0.8993879664122439,4725,-1.5278191940763096e-06
2534,-1.8972324640181362,0.057854942289093714,4991,-1.6969119021261898e-05
2535,0.19703351600053748,0.8438089911469975,5214,2.4559186524327423e-06
2536,-0.7766981888477367,0.4373706251841978,5441,-5.605211589900602e-06
2537,0.7792541409453342,0.43585956982306007,6242,7.453148839386407e-06
2538,-0.11264448862160892,0.9103162037585122,5965,-1.143245689820418e-06
2539,0.11895315487151008,0.9053174667062893,4782,1.3065938869276766e-06
2540,-0.2367986561743014,0.8128230132700782,4842,-2.063299173037961e-06
2541,-0.874685861217223,0.3817894536875581,4711,-7.785344667840266e-06
2542,-0.517841396328512,0.6045888277522433,5759,-3.25536427392638e-06
2543,0.4386259710101718,0.6609491818614606,5707,4.258118348628873e-06
2544,-0.22485859897800378,0.8220986596315014,4898,-2.3378511169986758e-06
2545,-1.2387155643897967,0.21550242171611056,5639,-1.2803327899267086e-05
2546,-1.1454035387484092,0.25210004331122526,4726,-1.4568690087665555e-05
2547,0.8587300204956585,0.3905246794359529,5849,9.234485039719301e-06
2548,1.225004191102209,0.22061995434805604,6231,8.166112683140255e-06
2549,-0.7355209931774958,0.4620511247851331,5977,-4.280213431761838e-06
2550,1.4853048898279662,0.13752498072346775,5093,1.437657291951224e-05
2551,-0.133267299197032,0.8939875378463786,4833,-1.7843264596368171e-06
2552,-1.7349674764371852,0.08280798938512879,5017,-1.4021520919728968e-05
2553,-0.540519089014177,0.5888667734114874,4351,-5.10377562322097e-06
2554,0.32756184944976907,0.7432545815498806,5907,2.099605855759622e-06
2555,-0.6447985416193426,0.5190870652972004,5046,-4.17006868934405e-06
2556,-0.4016980753319607,0.6879223283638032,5337,-4.712035591390502e-06
2557,1.060954077420105,0.2887542802392975,5890,1.037480213223194e-05
2558,0.8238836087062674,0.41004730494045893,4723,8.386232624585789e-06
2559,-1.7382256871663067,0.08223804105407084,4596,-1.82201427941719e-05
2560,-0.07300209624352107,0.9418073291061879,5071,-8.905976783713617e-07
2561,0.044386948453054846,0.9645982699204547,3846,5.063083676043011e-07
2562,1.3865767706663983,0.16562768438529218,5440,1.4740340137845825e-05
2563,1.2894267578186576,0.19731827136150892,4354,1.4651772837895762e-05
2564,0.5116279243314702,0.6089383674294764,4196,5.002067721489339e-06
2565,-2.445203973137688,0.014506335367790335,5846,-2.197752213389426e-05
2566,-0.5986959825689524,0.5494037589345098,4823,-5.887953730088553e-06
2567,0.38837239791618605,0.6977568000894863,5063,4.880960682131977e-06
2568,-2.1721281688270335,0.029902855801294592,4120,-2.6729783056863148e-05
2569,-0.025318954822296364,0.9798014826507404,5447,-2.6414541056894654e-07
2570,1.3543256757946645,0.17568418758347026,5921,7.211517843378037e-06
2571,-1.4546989420541006,0.14581595493636978,4957,-1.4535746360260647e-05
2572,-1.7981324921345965,0.07221416295502125,5186,-1.875416616279822e-05
2573,-1.2269487399374477,0.2198949742799896,5439,-1.3046856993436827e-05
2574,-1.5526107264829645,0.12057839339982568,5086,-1.6273982913181756e-05
2575,1.6372062693400373,0.1016406355173114,5909,1.04068965073683e-05
2576,1.5023046259603328,0.13309084073662936,4363,1.686812142732757e-05
2577,0.23496744620309637,0.814242721834258,5517,2.7699198488972937e-06
2578,-1.8537684610972545,0.06382837893033466,5248,-2.2762872636288577e-05
2579,-1.0264834052606222,0.30470257574524107,6401,-9.420544693369505e-06
2580,0.657068041767458,0.5111732210362026,4195,6.895999102609013e-06
2581,-1.3138066591631272,0.18897219770335516,4948,-1.3648855938769373e-05
2582,-0.4161163252358783,0.6773422609049797,5140,-3.966168357873429e-06
2583,0.6233698276213538,0.5330646302176234,6153,6.456915593538449e-06
2584,0.7672466297149582,0.4429755796077841,4453,7.058942935907064e-06
2585,-1.4432666338828366,0.14903294100291098,3578,-1.929941279383545e-05
2586,0.5410881112833631,0.5884752580388815,4244,7.024209422098034e-06
2587,-0.24539727701673097,0.8061573333926906,5928,-2.501370818768458e-06
2588,1.358724587985849,0.17428785923593026,5678,1.5654586636822446e-05
2589,0.049965555825179656,0.9601524371625787,3838,6.322236985445585e-07
2590,-0.16527347222998628,0.8687360240087443,4586,-1.8640738032961395e-06
2591,-0.5052846976104682,0.6133806128796273,5127,-4.622696999353646e-06
2592,1.2925694998191555,0.19621286024576334,5650,7.1415473669254845e-06
2593,0.5451966479854657,0.5856440261300639,4723,4.120109697317074e-06
2594,-0.9986061676251206,0.3180457200821858,4014,-1.269381729369292e-05
2595,1.571776034650081,0.11607364237181161,4448,1.9339708364020597e-05
2596,1.5820208493265793,0.11370087248599048,5642,1.2569017815340606e-05
2597,-0.3029468985474908,0.7619430599730876,4951,-2.101271003370135e-06
2598,0.26622759569296006,0.7900794976279246,3527,4.306390290074385e-06
2599,1.412797736636556,0.15776865870576384,5823,1.4268148157224282e-05
2600,-1.610098283475435,0.1074327535772408,5602,-1.6114015046379658e-05
2601,0.7109510601347745,0.4771503987431398,4628,1.0209919525193798e-05
2602,0.8217377734738617,0.41126033354788993,5733,8.933978024716394e-06
2603,-2.0607603179984038,0.039385755158093616,4313,-2.0351656322062513e-05
2604,1.177550119550632,0.23903057853913712,5136,1.4265996176278445e-05
2605,-0.004996709460467464,0.9960133885025679,5890,-3.1998594320211466e-08
2606,-1.43330077466036,0.15183638538728772,4849,-1.9793444637620134e-05
2607,-0.5090483342117681,0.6107387767051233,5498,-3.5513647803560195e-06
2608,1.3569750590428964,0.1748644970026969,4065,1.6183689104941564e-05
2609,-0.2671118925634289,0.7893945876541608,4759,-1.9910010910609897e-06
2610,-0.17099157104246876,0.864238229033282,4416,-1.6160165270125894e-06
2611,-0.30442722723651333,0.7608147898094515,5125,-3.637929739655072e-06
2612,0.39208319191256996,0.6950108840045026,5911,2.583658635162774e-06
2613,0.09448624189342245,0.9247262573003421,5658,6.550598131626343e-07
2614,0.10837330425048948,0.9137038922431946,5039,1.2279078500413223e-06
2615,1.1470977566566474,0.2513961733086669,4995,1.254026299885877e-05
2616,-3.0286561893214565,0.0024708261886190463,4361,-2.8434851394062438e-05
2617,-2.4034345516272766,0.016278975068956925,4878,-2.1098973977820068e-05
2618,-0.00044658690831248096,0.9996436986789976,3797,-6.206672286116072e-09
2619,-0.6162915705770602,0.5377255635312133,5980,-3.8043307138010243e-06
2620,0.4336502720221573,0.6645627138376613,4611,3.7081921963530954e-06
2621,-0.4684829482038328,0.6394600209050125,4920,-3.4219328272677352e-06
2622,-1.431324311102048,0.15239273617298554,5637,-1.5421860112489732e-05
2623,0.6015408677612921,0.5475089369182518,4681,5.486128246160651e-06
2624,1.5264949637554277,0.12694495010650342,5425,1.6836883596581512e-05
2625,0.15207473283258055,0.8791348897893982,4449,1.3049141976605137e-06
2626,-0.07021824910395354,0.9440227347659653,5042,-5.002070519255428e-07
2627,1.2987828144567217,0.1940691964969805,5905,1.3926115904966341e-05
2628,-0.021711319533279077,0.9826790948786477,5034,-2.6500953945108976e-07
2629,-1.1098169452453732,0.26713241039158464,4898,-8.911689773050076e-06
2630,0.1492702922847143,0.8813461179214781,5225,1.5406873034446984e-06
2631,0.055797060115925265,0.9555057748411095,4852,5.288602779315999e-07
2632,-0.4983497389849661,0.6182587222467526,5179,-5.858435547046511e-06
2633,-0.6678515788506172,0.5042601295006643,4849,-5.616042621589998e-06
2634,-0.11050686069143793,0.9120118134677813,5036,-1.0448735378769897e-06
2635,-0.5948709945762614,0.5519562803065814,5066,-5.939702021229856e-06
2636,0.3097383638793034,0.7567720552945858,5322,3.0624071568036706e-06
2637,0.39141787666235484,0.6955056971118632,4817,4.251452988735749e-06
2638,-1.9531663176058964,0.05085702222898614,4876,-1.9598820370055448e-05
2639,-0.6672215208826366,0.5046591774677662,5397,-7.705839588035298e-06
2640,0.5295180300502671,0.596469288167047,5079,6.606290721318523e-06
2641,-0.9909051675473062,0.3217761638326906,5416,-1.114026944318173e-05
2642,-0.12160679800933767,0.9032146596630342,5777,-7.840125835379786e-07
2643,1.9624145838308316,0.04976262454953062,5723,2.2553582550134676e-05
2644,-0.9095531134255124,0.3630962785394871,5763,-5.442630765369434e-06
2645,-0.13663996193920452,0.891321427603935,4555,-1.131305454504394e-06
2646,1.2216738144657637,0.22188772407566848,5078,1.405758735854465e-05
2647,0.49106481039462846,0.623409616185485,3716,6.3442563370924256e-06
2648,-1.5781597968490528,0.11458353169588076,5791,-9.207856409962991e-06
2649,-0.8102601350769023,0.41783501524214595,4350,-8.853185115687034e-06
2650,0.4120078849019873,0.6803483059688826,6024,3.4362165690572743e-06
2651,-1.0064327080685076,0.3142499566485242,5732,-1.010651608874241e-05
2652,-0.18302879439691547,0.8547831620701309,4797,-1.9357239719842813e-06
2653,0.5442758005336239,0.586279478648724,4369,8.437679938329978e-06
2654,-1.6307562459706832,0.10301892860785244,4082,-1.5774927683927535e-05
2655,1.8172068987906063,0.06923526715770989,6005,1.9042025731362934e-05
2656,1.0728455447152774,0.2834032411630969,4122,9.284921359089764e-06
2657,-0.7844740945730353,0.4327949467341816,5637,-7.756288538749991e-06
2658,1.6412876481318943,0.10079497821143413,5493,1.0433669723616645e-05
2659,0.3208288722906521,0.7483538047474187,4885,3.920942662758185e-06
2660,-1.8489129410790548,0.0645263022063689,5276,-1.2388737907723588e-05
2661,-1.7446238003911323,0.08110517461705524,5607,-1.74116595356417e-05
2662,1.1681807884616404,0.24278559232950414,5383,1.381893932532186e-05
2663,0.5713082149680311,0.5678107608262861,6412,5.672330327399638e-06
2664,0.23433414602502856,0.8147355216652432,4826,2.9369829625917527e-06
2665,-1.281437699514686,0.20010778841106447,4382,-1.2103947256374133e-05
2666,0.9138485494553799,0.3608426688545434,4766,7.33024816448329e-06
2667,-0.8027229774234095,0.4221761248346223,4625,-7.167172483082275e-06
2668,0.5432587516146548,0.586976058219393,4964,5.985994982528669e-06
2669,0.3637562510814786,0.7160592346559365,4006,4.70451194772782e-06
2670,0.6313138845372637,0.5278644838677466,4947,5.0197114883088855e-06
2671,-0.9892406642024459,0.32259009398739047,5357,-1.073096082008914e-05
2672,-0.8881495378387155,0.37449632881837647,5933,-9.39643459699663e-06
2673,-0.6959145406161934,0.486511359661693,5576,-6.814175579843339e-06
2674,-0.2058473470859674,0.8369184414368382,5058,-1.343672190910987e-06
2675,-0.2660611712665199,0.7902021941898378,5434,-2.976271518941721e-06
2676,-1.5461587169559798,0.12212587809323261,5307,-1.490209413631998e-05
2677,-0.7725860457942559,0.43980719338938834,4590,-1.0218435914101784e-05
2678,-0.24495212260988225,0.8065030999583835,5238,-1.8599138201547694e-06
2679,-0.5408269316823573,0.5886579718297065,3875,-6.2395754613841915e-06
2680,-1.2008200827437627,0.2298835637242087,4547,-1.2854545470296416e-05
2681,-2.622209507459323,0.008762569687202904,5018,-2.2926162751606954e-05
2682,0.02235047044743163,0.9821691583024472,5800,2.435582599698929e-07
2683,-0.1474248146119912,0.8828024622970314,5177,-1.6636548761506478e-06
2684,-1.395739029711695,0.1628431489550497,6192,-1.3701767736150491e-05
2685,2.4003553695377007,0.016412092535705414,5517,2.8844571128666967e-05
2686,-1.1206438679140556,0.26250950927147043,3844,-1.4581799966725795e-05
2687,0.0033379430491857183,0.9973368914262126,3706,4.578158228445e-08
2688,-0.4703351217685908,0.6381338630757054,5620,-3.989518109869633e-06
2689,0.986394959496036,0.3239924284722968,4496,9.944851377172771e-06
2690,2.0422551468957644,0.04117358169676244,5529,2.3318664194987017e-05
2691,0.2846382993111048,0.7759314823518484,5770,3.1228572082840406e-06
2692,-0.7759887615199664,0.43779741427188146,4392,-9.528358836338038e-06
2693,0.7463613516089661,0.4554845108926675,4964,9.244762673258615e-06
2694,-0.19087251464213328,0.8486321932222394,5768,-1.9462948558412494e-06
2695,0.7911421975311435,0.4289156070045479,3438,8.509123682642483e-06
2696,0.4689626403793902,0.6391171444008017,4915,4.4532822447143755e-06
2697,0.6859553619583818,0.4927750345092563,4709,7.70418934274113e-06
2698,0.586504564663337,0.5575612814135704,5342,5.5596699121311415e-06
2699,1.3560321384472693,0.1751433936259421,5624,1.4238465743406598e-05
2700,1.1028167163743372,0.2701577439049614,5207,1.3761741245548307e-05
2701,0.7605359306142305,0.44696484204608433,5872,8.055335158314842e-06
2702,1.1626318994385898,0.2450273771856517,5722,7.502248163111319e-06
2703,0.05805037741361451,0.9537114595703531,3921,6.316188931531422e-07
2704,-0.9037770496911403,0.3661531226166852,5514,-9.092136709709446e-06
2705,-0.20811235569994965,0.8351508241070063,4423,-3.107352622853411e-06
2706,-0.2909005420143423,0.7711395914179353,4944,-3.447177250314388e-06
2707,-0.6812194393583981,0.4957716259959941,4048,-9.184194317409584e-06
2708,-0.38183136414393126,0.7026035981942793,4733,-4.312792818133437e-06
2709,1.212905347399807,0.2252113153127362,6325,1.196955419789135e-05
2710,-0.5358916674864135,0.5920572035302951,5013,-5.056482376712951e-06
2711,-0.3431002422303688,0.7315389871066653,4526,-3.7166156973694756e-06
2712,0.7317964671182284,0.4643320376215052,4372,6.549771461125444e-06
2713,0.0849714412226984,0.9322886322909907,3750,9.759371526356859e-07
2714,-0.3913843912672686,0.6955291120126843,5218,-4.369454353252571e-06
2715,-0.8599259225689196,0.38988392580723996,3815,-9.797688743314977e-06
2716,-0.15878985333246648,0.8738402051680683,5566,-1.0427482538742166e-06
2717,0.47422135581363983,0.6353612900548571,5387,4.729598421858085e-06
2718,-2.0880696104646006,0.036842534972828744,4952,-1.846697678213083e-05
2719,-0.49582381684522386,0.6200432770742297,4438,-6.027003658774542e-06
2720,0.75386824577622,0.45096600000395703,4714,7.863506620994321e-06
2721,0.5617017909399243,0.5743452866130796,4829,6.9878284222278335e-06
2722,-0.6845382664658065,0.49366885170508823,4734,-7.635222167413864e-06
2723,2.0479621474730507,0.04061058339605461,5561,1.700949263917261e-05
2724,-0.08069942655255172,0.935684132255828,5145,-7.496166202116226e-07
2725,-0.1562176172955494,0.8758672104663978,5514,-1.6381154363517147e-06
2726,-0.1334977048427199,0.8938045194524338,5668,-1.0986652472654085e-06
2727,0.45153098653519613,0.6516263141170762,5044,5.587583932570727e-06
2728,0.1783528827638405,0.8584518029304751,6070,1.7890083207777978e-06
2729,-0.8249560830500464,0.40943121631748824,5673,-8.829870349412208e-06
2730,-0.5253590654562046,0.5993550312371689,5437,-5.308967821527241e-06
2731,-0.9810081514888233,0.32663061452278663,5666,-1.0134746735194222e-05
2732,-0.3018504033977114,0.7627800510188121,4502,-3.405680055533754e-06
2733,0.5895162263686213,0.555540485058305,5233,5.23405950841152e-06
2734,-0.3619781018856493,0.7173845168237833,4745,-2.673908120718164e-06
2735,0.159644678549282,0.8731681755172629,4483,1.9817107287074245e-06
2736,-0.03814718598806779,0.9695717532485095,5350,-4.369806321221342e-07
2737,-0.7959520560177027,0.4260950269080659,5380,-7.1795204513249805e-06
2738,-0.4805400868384754,0.6308629376341921,5383,-3.2592200947918847e-06
2739,0.7133496959291586,0.47566021943217196,5401,8.43125614353858e-06
2740,-0.6261025989011899,0.5312766097120942,4935,-5.293543693570432e-06
2741,-0.2760314597681299,0.7825352564689205,5025,-2.8975424484736977e-06
2742,-2.0688285942357205,0.038614148312204444,4934,-1.681210825770558e-05
2743,-0.8187116268855003,0.41299294299133527,4648,-1.1790342479449884e-05
2744,0.6208866258464812,0.5347026933475159,4971,7.339869889234528e-06
2745,0.6096531748845855,0.5421174259024268,5360,6.961283676447058e-06
2746,-0.4777909764473545,0.6328237956551659,4210,-5.893130291963105e-06
2747,-0.2823222112924565,0.7777067459025058,5679,-2.950112932204515e-06
2748,-0.6470160825985903,0.5176485213113784,5504,-7.135523165547301e-06
2749,-1.100684218594653,0.2710933191551761,4476,-1.236887426057381e-05
2750,0.34643738017760767,0.7290304310250044,4447,3.953847270643455e-06
2751,0.14167611046230577,0.887341407728341,5132,1.0674684964921454e-06
2752,-1.1961524929788578,0.23168826522646668,5539,-1.2200386814446268e-05
2753,-0.11943585618672539,0.9049338456128955,6331,-6.693804860809379e-07
2754,-1.46329792050216,0.14345857786806726,4324,-1.6049286473512045e-05
2755,1.4703731583339352,0.14151388859321168,5918,1.5082533465940665e-05
2756,0.29985521827593614,0.7642987649997388,5580,2.1942978255952837e-06
2757,0.47882653508460066,0.6320795388015141,5983,4.826572099635749e-06
2758,-0.3066547985381699,0.7591181940285952,5297,-2.304218541571432e-06
2759,0.15158688995601385,0.8795185589058387,5287,1.7334097877559062e-06
2760,0.4183193584167935,0.6757327622987197,4698,5.20885993061455e-06
2761,1.071675568491091,0.2839181197508931,4942,7.845368245431962e-06
2762,-0.8474082159293364,0.3968040819865104,5564,-8.52465412042024e-06
2763,-1.3777791982696614,0.1683289676411195,5363,-1.5315248090200505e-05
2764,-1.0680099354131851,0.28558671806788194,3648,-1.2401916667385283e-05
2765,-0.21205056438411585,0.8320764295828034,4888,-2.317383565772348e-06
2766,1.2524728107505234,0.21045273557713284,5316,1.5478128887750726e-05
2767,0.16465271794806605,0.869223903582685,5067,1.8717554693092155e-06
2768,-0.8292289243839043,0.4070145128872442,4995,-1.0510522762900348e-05
2769,0.4873902107295575,0.6260063953402351,4350,5.294823433950589e-06
2770,0.038027318613140446,0.9696677096827162,4197,3.699363834806537e-07
2771,0.27688000875081764,0.7818860693667762,4140,3.53829282398581e-06
2772,-1.2274064563925413,0.21972338491038146,5399,-1.3011373230713389e-05
2773,0.6000671431250427,0.5484917713831554,4491,5.710703942373896e-06
2774,-0.02546121291743613,0.9796880740583294,5143,-2.1971985636074794e-07
2775,-0.0031091618645789003,0.9975193642416282,5514,-3.400535321356313e-08
2776,-0.8403751566402978,0.4007307223903438,6155,-6.5291016763725476e-06
2777,1.50432807719641,0.132552996516766,5632,1.714801466155819e-05
2778,0.03954859413778476,0.968454940114265,4094,5.223364398803965e-07
2779,-0.5054253199612758,0.6132825741532857,4966,-6.50812704131194e-06
2780,0.06647496870582985,0.947002021565575,5690,7.460311575429982e-07
2781,0.27604929402195044,0.7825208856418402,5342,1.9315068538149908e-06
2782,0.8541835014588738,0.3930388892784884,5754,5.289895799910493e-06
2783,-0.11064390866712404,0.9119028557432409,5379,-7.212900334546544e-07
2784,-2.0759957960232276,0.03795395536666124,4277,-1.8936128984334162e-05
2785,1.385445461528392,0.16596939879336148,5820,9.869371947949018e-06
2786,0.3235389172748599,0.7463017515255044,4631,3.7064522617088323e-06
2787,-1.0238589649534797,0.30594632623937557,5575,-1.0180290658408804e-05
2788,-1.7406687701609875,0.08180452896095924,4893,-1.289192016323273e-05
2789,0.8347280985398471,0.40390174685906644,6448,5.027809226945904e-06
2790,-1.532495845388875,0.125464917083278,4883,-1.4785073052636643e-05
2791,0.504323384669658,0.61405402069982,5592,3.869292839780441e-06
2792,-0.2837862008471707,0.7765853612915552,5279,-3.014543401661707e-06
2793,-0.6139599147510747,0.5392673808723378,5464,-4.092978614044132e-06
2794,0.24294123315917976,0.8080620820481992,4466,3.1545492521031343e-06
2795,0.8242487233051655,0.4098321411341741,5801,9.267858127305628e-06
2796,0.2918547938220862,0.7704126559167528,4035,2.943070417381804e-06
2797,0.2142709702531132,0.830343867531504,5386,2.5498335737445227e-06
2798,-0.9596792363756914,0.33726678794537435,4631,-1.0629957990930916e-05
2799,-0.08823133067525976,0.9296975717512082,3716,-9.089509721187929e-07
2800,-1.9437758608397693,0.05197495761874471,5340,-2.108675144292581e-05
2801,0.04530026024961248,0.9638696669005267,5363,3.316533635803951e-07
2802,0.6672873495237874,0.5046152762505978,5774,7.4596813665273715e-06
2803,-0.3184989089732028,0.7501201631047416,4877,-2.4801185507887638e-06
2804,0.005732268278989663,0.9954265320784215,5853,5.593896888116178e-08
2805,-0.7876514401619183,0.43093828458006334,4957,-8.746740388433011e-06
2806,0.8260030741650888,0.4088395913475127,5292,9.663725854028774e-06
2807,-0.5536209999480176,0.5798585587951997,6096,-4.452930293209516e-06
2808,-0.38155254954285817,0.7028094569802263,5014,-4.663274806132038e-06
2809,1.305934491643164,0.1916331072521702,5156,1.2847227619866036e-05
2810,-1.2935899660586396,0.19586345242752268,5302,-1.2984505745671704e-05
2811,0.15745440605192149,0.8748921446097635,5881,1.5942514933562092e-06
2812,1.3661628250485467,0.1719661878086267,3923,1.5376268104678625e-05
2813,-0.5356870011773115,0.5921965769679485,5494,-5.309298314668714e-06
2814,-0.11965138168811083,0.9047639154426734,5226,-1.28221667599517e-06
2815,-0.4166820197357322,0.6769287840511944,5032,-4.545645065324183e-06
2816,-0.3334064183483699,0.7388384614623686,6389,-1.9966829353214303e-06
2817,0.40753788390536383,0.6836312223020213,4782,3.374664904710239e-06
2818,0.31821172822696053,0.7503361837770797,5610,2.15452972825621e-06
2819,-0.757084576681019,0.4490380285896509,4594,-8.460547235097193e-06
2820,0.5804762914894782,0.5616248890077205,4164,5.517792854959785e-06
2821,-0.8368340489464908,0.40273139540140335,4392,-7.790409423782485e-06
2822,1.4250611337254766,0.15423879011480413,3145,2.349769619191681e-05
2823,0.13867700870666416,0.8897121300697184,4142,1.62352732560315e-06
2824,-0.5730837812510376,0.5666178233996484,4317,-7.156547784172856e-06
2825,-0.1385539624151313,0.8898080791916736,5116,-1.1476511938511969e-06
2826,0.08279733422872197,0.9340161448377926,4796,8.586798880431945e-07
2827,0.7881571727345748,0.43063820873006864,5589,8.651975479836556e-06
2828,0.3446959494536176,0.730340464067559,4143,4.151023565191743e-06
2829,0.8030033351405501,0.4220042837841744,6064,5.079668029488254e-06
2830,-1.4239261018756078,0.15452736252253163,5245,-1.4691503217330319e-05
2831,-0.03827450067875195,0.9694702049650621,5523,-4.0570498091261887e-07
2832,-0.88593048558505,0.3756923934137728,5696,-9.696318704654052e-06
2833,-0.5140878337379681,0.6072126147405261,5157,-4.80379061369693e-06
2834,0.48684393407450155,0.626387119780754,5868,4.733275023090657e-06
2835,-0.7601875123749083,0.4471760314501303,5347,-5.252975119853542e-06
2836,0.4045192659166008,0.6858501304113136,4503,5.5938218767950885e-06
2837,0.5427425275802994,0.5873317080243798,4914,6.3226349581507865e-06
2838,-0.10075204161333677,0.9197515017848084,4806,-1.0322556103064516e-06
2839,0.21201459526989833,0.8321039843677047,5184,2.219522209162006e-06
2840,-1.502297142704133,0.13308988858356274,4544,-1.5240530599236128e-05
2841,1.076317914922488,0.2818390464029972,4814,1.4390895300156976e-05
2842,-0.7989578460398301,0.4243551925617206,4705,-8.516594443320074e-06
2843,-1.0617236232608782,0.2884113369471448,5112,-7.3424321313415914e-06
2844,0.7743617378726877,0.43876218407298073,4044,8.893456217217095e-06
2845,-0.7560130180838548,0.4496747448657259,5340,-7.221032301638355e-06
2846,0.4257034242422001,0.6703396779306177,5832,4.784343787033411e-06
2847,-1.3952482961037236,0.16300309291453896,4989,-1.0877177974847797e-05
2848,0.442938357977037,0.6578296031463284,4970,5.735839267487206e-06
2849,0.29475173975866537,0.7681959991104712,4910,3.543097123041427e-06
2850,0.12647145582997205,0.8993647963482092,4201,1.4183067913105602e-06
2851,-0.21332969692470596,0.8310770561924372,6004,-1.3011338481934184e-06
2852,-0.30446461211989023,0.7607887654094294,4277,-3.007164267599716e-06
2853,-0.5642854124471373,0.5725873951438278,4605,-6.3974285724401935e-06
2854,0.15573161491272583,0.8762503521158176,5443,1.809007798964979e-06
2855,0.9785151551816722,0.3278719215401784,4525,1.1563150248593665e-05
2856,-0.7532690653817042,0.4513205213065261,5495,-8.546808054279358e-06
2857,0.03415127152316329,0.9727576153298843,6244,1.9251690056612864e-07
2858,-0.7815374060376369,0.4345272115882186,4544,-7.393521268613932e-06
2859,0.5586175461609905,0.5764454582014813,5512,6.169886135249415e-06
2860,-0.3126057377474769,0.754595476613718,4273,-3.5883568313173333e-06
2861,1.0028394189374659,0.315978209306637,6088,1.0320373417714157e-05
2862,-0.7945693128323095,0.42690417641141987,4703,-9.408980580804057e-06
2863,-0.4742576811407091,0.6353400409867604,4338,-4.0328969286020946e-06
2864,0.463151209298899,0.6432799545314789,4206,4.483598066928951e-06
2865,0.730445502714777,0.46515083912247124,5198,5.525558696274664e-06
2866,1.164872053330493,0.24411495591353605,6292,1.1219526791503376e-05
2867,1.2314443205911447,0.21821126400728286,5311,1.4170149071511737e-05
2868,-1.7016536950224872,0.08887796610314336,5392,-1.4992561090959381e-05
2869,-1.421514156848279,0.15523014814844482,4966,-1.089434997895829e-05
2870,1.4227114738799858,0.15487809444580147,5353,9.4523091313224e-06
2871,-1.698319305402658,0.08949955292436851,5979,-1.5569520220485755e-05
2872,-0.0750856619474548,0.9401499521631875,4423,-7.813982480071508e-07
2873,-0.7179926721248369,0.4727924625245534,5472,-8.431513800674227e-06
2874,1.2655351127479282,0.20573859715191833,4996,9.916887994970275e-06
2875,-0.9090699354584989,0.36336569746914194,4175,-1.088690654499015e-05
2876,0.9476819169157855,0.34335852175171233,3413,1.044363523868224e-05
2877,0.3549196053975988,0.7226718726957784,3395,3.7826784228065275e-06
2878,0.42128473438434316,0.6735620145095038,6103,2.719851285718195e-06
2879,-2.220260347843999,0.0264428293615655,5353,-2.344711082429648e-05
2880,-0.4855079710949897,0.6273333802613594,6142,-3.863898157927659e-06
2881,-0.20420030480669976,0.8382058712218476,4671,-2.5359033488545203e-06
2882,-1.2995166016007362,0.1938407372465616,4047,-1.2095780619573902e-05
2883,-0.6578357619161412,0.5106688123268621,6024,-6.616984999866145e-06
2884,0.19739300727807405,0.8435271119911585,5643,2.1942985922629075e-06
2885,-1.522203244024473,0.12801619984873258,5449,-1.5923940801617844e-05
2886,-0.5340782195414601,0.5933110060049662,5034,-5.252170880428816e-06
2887,-1.1496705346602032,0.2503376959599506,4733,-1.2311615877225691e-05
2888,-0.4564380298214316,0.6480972647793442,4458,-5.667025464304087e-06
2889,0.7606718690836951,0.4468925237267021,4548,6.374512494089646e-06
2890,0.2061997809735458,0.8366427359679685,5330,2.116476658208124e-06
2891,0.10375427542928926,0.9173690394842284,4441,8.912632267890227e-07
2892,-0.556266553345108,0.5780552997236423,4671,-5.724450040803577e-06
2893,1.6910494793928526,0.09088707179370248,5219,1.1997482674793752e-05
2894,-1.134130229667481,0.25678281157487093,6340,-7.655660165122567e-06
2895,-0.12186693948536893,0.9030091702985781,5133,-8.736228049082956e-07
2896,-1.403025855599912,0.16067343341806573,4829,-1.0802966090184486e-05
2897,-0.47790795838719785,0.6327346890399816,5507,-5.516844706375894e-06
2898,-2.0517471279769497,0.04025496156783781,4281,-2.4394399266843705e-05
2899,-0.9875548903948035,0.3234181981507893,5030,-1.1708195378567199e-05
2900,1.1890680985728312,0.23446347696704684,5580,1.349276326514961e-05
2901,-0.7870032403170638,0.4313114259080968,5930,-8.180862044714802e-06
2902,-2.2752825694302126,0.0229372330805111,4368,-2.1878571338664516e-05
2903,0.028392382255629515,0.9773504224461611,4635,3.528739298074404e-07
2904,0.8589196097113869,0.3904335966998984,4226,8.647118890361882e-06
2905,-1.0314231704204349,0.30239311838926763,4921,-1.0703715592596501e-05
2906,-0.002482022752910464,0.9980197404575171,4669,-2.751249620873616e-08
2907,-0.003259646849634924,0.9973993380355248,4187,-3.6281139661822245e-08
2908,-1.209486395936089,0.22654006941635663,4466,-1.4827762767033655e-05
2909,1.078442018280738,0.2808827461989385,5631,7.340318317274454e-06
2910,0.5392127104516271,0.5897647808179949,4863,6.503390553043912e-06
2911,0.9544881177233728,0.3398911366399284,4233,8.558147670785026e-06
2912,-1.2923260401116472,0.19630338766242295,5051,-1.3872724811331795e-05
2913,-0.04897911732827062,0.960937825125006,5184,-5.883734027093265e-07
2914,-1.4868768499826786,0.13711940055846816,4376,-1.752727769683434e-05
2915,0.3551385331469896,0.7224985458859714,5882,3.464332559725046e-06
2916,1.505545248617935,0.132254561796185,4474,2.1539214824699857e-05
2917,-0.9756595837679873,0.3292808829511107,4949,-9.639650997014688e-06
2918,-0.3912985256555073,0.695590409567497,6033,-3.5155719172554693e-06
2919,-0.583906261918236,0.5593172442997005,3890,-7.573466078214149e-06
2920,-0.5582396740491176,0.5767059447171206,4958,-6.552138338456092e-06
2921,-1.469569242896292,0.1417510557746784,4334,-1.6915182281901138e-05
2922,0.2031597496409841,0.8390178935717656,5354,2.4382315662663365e-06
2923,-1.3834709725204077,0.1665833713931122,4913,-1.3588544104960871e-05
2924,0.14973382783020112,0.8809802931764221,5322,1.1489145104879183e-06
2925,0.01610334315472171,0.9871526498213772,4568,2.0238266922077526e-07
2926,-0.3489943190042532,0.7271104774469936,4348,-3.618377377823324e-06
2927,-0.310445230975081,0.7562339557258351,5601,-3.5656378920460676e-06
2928,0.23584889471872264,0.8135580649830687,5935,2.1227710148874745e-06
2929,0.20298629130555432,0.8391542062516644,4883,2.3721932358718e-06
2930,-1.6000778646484106,0.1096594628271208,4043,-2.5096171565164248e-05
2931,0.6823622511263994,0.4950425535846641,4844,6.208970822019721e-06
2932,-0.709656220728844,0.4779438161321994,6252,-5.238949209200729e-06
2933,1.2176584528520535,0.2234015488211909,6017,1.2588168453461296e-05
2934,-0.9267426075911348,0.35410954914179715,4532,-6.939021179860894e-06
2935,-1.7330973149171505,0.08314459638061189,4656,-1.729292374572849e-05
2936,-0.06568544925159228,0.9476306815474738,5417,-6.42055481688552e-07
2937,-1.083641286758716,0.27856944038902043,5735,-8.290955176390045e-06
2938,-1.9398698132547605,0.0524441565072693,5774,-1.61724691574108e-05
2939,0.13561462411493208,0.892131500863294,4913,1.5713117038612005e-06
2940,0.8964399408308188,0.3700699147959723,4145,9.750841382760698e-06
2941,1.0735141645965431,0.28309262615285613,4969,7.955951360483076e-06
2942,-0.3452537138503284,0.7299195511020007,4565,-4.249289911734398e-06
2943,-1.3412117306908788,0.17990640358481036,5571,-1.13757464611643e-05
2944,1.2455749112971313,0.21298202478335337,4744,1.5824695369461888e-05
2945,-1.8331625908840976,0.06684581188180427,4408,-2.3243802081374308e-05
2946,0.7471537667263587,0.4550017134943303,5674,8.774809916306118e-06
2947,0.02870431030936007,0.9771015852328424,4911,3.5986518531191735e-07
2948,-0.049597383560884056,0.9604455394897617,4293,-4.587290979209867e-07
2949,0.19842131878153707,0.8427231145507386,5256,1.4274887799818884e-06
2950,0.33635522207261687,0.7366165813310599,5202,4.16779931141324e-06
2951,-1.2864004701892036,0.1983570121527063,5549,-1.0328595277649027e-05
2952,-1.0772681758005331,0.2814187000057866,4464,-1.44096328521471e-05
2953,-0.32420725083402585,0.7457952328712747,4810,-3.4321321538738595e-06
2954,-0.3759471216876543,0.7069698890159759,5830,-4.117706757458336e-06
2955,-0.050118934576476176,0.9600297020752839,4788,-3.538499020381502e-07
2956,-2.0039304014411288,0.045126088196641545,5544,-1.9610621449181683e-05
2957,-0.6878321396600532,0.4915875635406577,5489,-5.638470677605786e-06
2958,-0.8522237413079814,0.3941270424711236,5499,-6.460657471577006e-06
2959,-0.5587580794473485,0.5763537239723369,4654,-4.414123805472426e-06
2960,0.4805808957732979,0.6308326286853814,5767,5.241163097846719e-06
2961,0.6243910818772218,0.5323972910917991,5374,7.224156110467975e-06
2962,-0.08551645922887287,0.9318539486064155,5457,-8.114372830029986e-07
2963,0.5784687097835826,0.5629752927910152,4725,4.779942606272242e-06
2964,0.7993852909085221,0.4241009835076097,5594,9.101794458362793e-06
2965,-1.1309690383623365,0.25812735376753215,4580,-1.3422392586591179e-05
2966,-0.29770763698342445,0.7659441567682337,3467,-3.501937502784169e-06
2967,0.39002060731041954,0.696536200450443,5579,2.428668878164731e-06
2968,2.410413652112552,0.015967171703057836,5480,1.6570606871284083e-05
2969,0.459264235452313,0.6460636765514478,5187,4.285643381613764e-06
2970,2.275628459164996,0.022903252214773406,6019,2.427639897430596e-05
2971,-1.202646643996936,0.22917594469703495,4531,-1.21731710234717e-05
2972,0.2982725702739838,0.7655072529860785,5116,3.5709777385456787e-06
2973,0.5020287462806289,0.6156666272514677,5720,3.2297768082833547e-06
2974,0.214836435055631,0.8299040078771038,4782,2.9361541749924007e-06
2975,0.3893525343115041,0.6970312013295734,5241,4.708613105505674e-06
2976,1.559897032139786,0.11883910601627057,5766,1.4521217662927047e-05
2977,-0.5133254085748453,0.6077505981336007,4219,-5.450464546620969e-06
2978,0.8669403638038307,0.38601550367268755,5097,1.1080974871419627e-05
2979,-0.6073527787097636,0.5436397724080377,6009,-6.17469813325524e-06
2980,-1.1527255055301635,0.24908882767994456,4191,-1.6490950922911824e-05
2981,0.19857488274628346,0.8426027521579105,5420,2.1632549706731e-06
2982,-1.4118583232702921,0.15804540089586094,5793,-1.409367085992902e-05
2983,0.14318508960103274,0.8861493955612278,5353,1.3997954140966696e-06
2984,0.5374863526915397,0.5909669152527193,3398,6.899446085342508e-06
2985,-0.9093388943965971,0.3632174512572084,4746,-1.1731905630286603e-05
2986,1.3309477275132666,0.18325839269584177,5816,1.0368951445548803e-05
2987,-1.4159898435888107,0.15684120629310283,4966,-1.6591005928622235e-05
2988,1.984018304937721,0.047302222449420395,5638,2.1939058111707772e-05
2989,-0.8422038049651096,0.3997169751262595,4675,-1.0372386040985537e-05
2990,-0.11729606585066701,0.9066300093757598,5159,-1.2544482420974684e-06
2991,-0.4254679857960241,0.6705140432104959,4953,-3.7725184023305783e-06
2992,-2.452123240662816,0.014239673526639018,4460,-2.190629710271269e-05
2993,-1.2088024046599113,0.22679459896956322,5120,-9.064077412642408e-06
2994,-0.8830335095320273,0.37725375180616205,5966,-8.824865431839182e-06
2995,0.4402701004426782,0.6597645336423801,4131,5.391378189663167e-06
2996,-1.395033834104441,0.16306930581481915,4867,-1.294650485508832e-05
2997,-0.4712443003569461,0.637489788601104,4375,-4.364370635778711e-06
2998,-0.08055029267612732,0.935802484493971,5586,-9.354763737094722e-07
2999,0.7907235459131456,0.4291384510797016,5663,8.592151145761263e-06
3000,-1.0211408650105405,0.3072308369369703,5728,-1.0099752628815117e-05
3001,-1.7364802284297962,0.08253581889572081,5417,-1.1765058045556543e-05
3002,1.3065911268973698,0.19140179967322357,5988,1.2094958517529811e-05
3003,-1.2938571162047336,0.19578099036730268,4514,-1.58859148470257e-05
3004,-0.0750818068888278,0.9401528258376073,4690,-1.0575848787296749e-06
3005,-0.5222501836884044,0.601516966442154,5558,-4.684567845412026e-06
3006,0.3512606548871693,0.7254097702389033,4364,3.662973577839019e-06
3007,1.1054067219574097,0.2690312652320652,5556,1.2616682555700183e-05
3008,-0.8149081339701227,0.4151726949772825,4061,-8.199189075758795e-06
3009,0.05098913823298407,0.959336236388513,4943,3.7136902712032493e-07
3010,-0.21149152326874057,0.8325110906099249,5869,-1.9164278842067094e-06
3011,-0.3580990307885588,0.720287373265283,4161,-4.912418179539455e-06
3012,1.2724853321711118,0.20326239346909358,4799,1.2737499899254504e-05
3013,0.887119733643419,0.37505753095411953,4952,1.1692317606153031e-05
3014,-0.6927354300083739,0.4885047314909694,5523,-5.6258862712918415e-06
3015,1.0180217070519884,0.30870590061502945,6438,6.5834388797641114e-06
3016,-0.7371230001570982,0.4610834764496645,4815,-7.344182092929121e-06
3017,0.7114129967103755,0.47685794741781695,5607,4.232074464112277e-06
3018,1.529946775243199,0.12609680299663228,4729,1.6333919929709954e-05
3019,-1.2246056737086053,0.22077929185846168,5202,-1.2874431434695296e-05
3020,-1.1224802987694888,0.26172073285332687,4316,-1.3263736672219585e-05
3021,0.4048544202049252,0.6856019054829308,4983,4.3807316907745504e-06
3022,0.8058435130623246,0.4203759029646117,4476,1.076242582052809e-05
3023,-0.5144265716877349,0.6069742467085497,5557,-3.952125572678846e-06
3024,1.5192646152044937,0.12875540498815297,5314,8.676076087809247e-06
3025,-1.4713948107547503,0.141250773642017,4740,-1.6391202399431392e-05
3026,-0.07727894846447608,0.9384045728383383,5268,-7.134348224398389e-07
3027,0.6430122240767492,0.5202459819765481,4946,7.45538510765592e-06
3028,-0.4980083036481021,0.618499351520625,5176,-5.360264622101834e-06
3029,-0.43253423432884613,0.6653732516687265,4647,-5.299171723225366e-06
3030,-0.5583510764292651,0.5766246298261444,6265,-2.973725000857221e-06
3031,0.7440095425746255,0.4569063919759788,4899,6.447201669871206e-06
3032,0.11414637487765152,0.9091257265571637,5779,1.2798125978223854e-06
3033,1.205807303019601,0.22795395215497893,4591,1.6292074442906496e-05
3034,-0.0065972363257118865,0.9947364507807837,5359,-6.954164683224178e-08
3035,0.44894890604312016,0.6534865407057331,5398,4.570004337614677e-06
3036,0.9648628965627294,0.3346610640484238,4905,8.131462269688945e-06
3037,1.8396713723627793,0.06586895701442996,5648,1.8277246817974256e-05
3038,-0.4509574331898512,0.6520433818943827,4224,-4.36801719105114e-06
3039,-1.4725492715879747,0.14094612441290733,4282,-1.6769059681819435e-05
3040,0.44308389590874464,0.6577222604549369,5571,2.830511130680398e-06
3041,0.7687318730874982,0.4420919815313762,4599,8.329103669018077e-06
3042,0.8137246552138024,0.4158333574262101,6322,7.859598393222475e-06
3043,1.1251876562123833,0.26055169101724807,6405,1.1223934005387554e-05
3044,0.7421835082370404,0.45801166061356957,4911,5.494435878115799e-06
3045,0.1830938345338053,0.8547312644867957,5403,2.2258656204971037e-06
3046,0.7975587754552269,0.42515959622631017,5737,5.342223684495708e-06
3047,0.15119764563211294,0.8798254054242616,5449,1.8154587774989842e-06
3048,0.20940792497892774,0.8341394138129969,4441,1.9413731437351935e-06
3049,-0.7942128042091801,0.42710370546546805,5863,-4.416350767218853e-06
3050,-0.6415336814269981,0.5212184258994115,3467,-7.571580783016172e-06
3051,0.7134714818142298,0.47558087383296543,6209,6.707481323705073e-06
3052,-0.9194569965500227,0.3579002274484506,5083,-9.893181441428561e-06
3053,-1.507656317292124,0.13171571754918543,4316,-1.612924759519005e-05
3054,-0.20893809588848627,0.8345049945377176,5049,-2.4448415865460565e-06
3055,-0.5655210136062415,0.5717493730581453,4239,-6.222057880282561e-06
3056,0.5263050607856966,0.5986976055795541,5471,3.424463273299664e-06
3057,-0.31524336034297384,0.7525875158638657,6189,-3.099731066861374e-06
3058,-1.5053253652965728,0.13230242307697893,5097,-1.4941900586857684e-05
3059,-0.19115421102033714,0.8484123780234931,5106,-1.3119718613260054e-06
3060,-0.4718567879831165,0.6370541112596388,4103,-4.469115056172626e-06
3061,0.029615937458941366,0.9763745563354276,4919,3.738602446689077e-07
3062,-2.0063536346660205,0.044880748818257876,4321,-1.8973663176517966e-05
3063,-0.45157767914441405,0.6515929612743401,4970,-5.749683538006441e-06
3064,0.8909867622692237,0.37297796742751776,5142,1.0844582079448979e-05
3065,0.01173993735070423,0.9906335422758827,5301,9.615525899485935e-08
3066,-0.13503291588505364,0.8925905784143104,5748,-1.4651514528102578e-06
3067,1.1273565410044708,0.2596450317753678,5079,1.412498361558806e-05
3068,-1.916598970212229,0.05534079675410419,5487,-1.9052573256463854e-05
3069,0.9450797720477416,0.3446545394784386,6276,8.673964093745141e-06
3070,-1.26243098914744,0.20685985298855547,4454,-1.2823388893403068e-05
3071,1.586724292385581,0.11265500210844337,3958,1.675956489343841e-05
3072,-1.2590292084005255,0.20807186074624195,5644,-1.3089634669697315e-05
3073,-0.09524711371374027,0.9241232457630513,4064,-1.0911583997283535e-06
3074,0.04244089133733284,0.9661490815556886,4580,3.5644412107277215e-07
3075,0.17283977149562943,0.8627838857415324,5373,1.898950096825417e-06
3076,-0.05033569544004416,0.9598567437342029,5392,-4.607905582732346e-07
3077,0.17020015829293478,0.8648591821159619,5335,1.5923166553175685e-06
3078,0.34259413283536677,0.7319189181253161,4769,3.5220636531074816e-06
3079,-0.8904949372561157,0.37323923554441407,5487,-9.129231169894425e-06
3080,-1.4348329756135436,0.15140783161642224,4277,-1.902077728508775e-05
3081,1.6821786380411747,0.09262878524746077,3302,1.9743289727707812e-05
3082,-1.1443184199818885,0.2525419629299881,5440,-9.725928696310727e-06
3083,0.6590869862518649,0.5098725126857984,4656,7.606927621112952e-06
3084,0.1474549207611547,0.8827791751252572,4783,1.3702004010790397e-06
3085,-1.5994116365286886,0.10979503740092045,4797,-1.9512195099543524e-05
3086,-0.9095184915297005,0.3631291924504434,4161,-1.0423131831834747e-05
3087,-0.9449120380392185,0.34476932791748993,3484,-1.0006887916314376e-05
3088,0.2579984869506609,0.796418748585654,4975,1.998921535957186e-06
3089,0.26943095754590635,0.7876122866114392,3910,3.200100167301995e-06
3090,-0.32998397383373995,0.7414241323235595,5732,-2.651991000713731e-06
3091,-0.3270923375952814,0.7436104182576491,5535,-2.7935575703747344e-06
3092,-0.43772074801985733,0.6616076947861744,4985,-5.341865848718851e-06
3093,-2.2898413721959283,0.022073437844235544,4831,-2.607940744023694e-05
3094,-0.5289893233782107,0.5968370742932718,4849,-6.553838103870461e-06
3095,1.7725792910604656,0.07635965278307144,4974,1.3503299210128802e-05
3096,-0.951335541141596,0.3414819596719725,4802,-1.1482480579628685e-05
3097,0.2831744652366808,0.7770527882559897,6052,3.0090195978585926e-06
3098,-0.9086891748068947,0.3635546373739731,5419,-1.0426234840811685e-05
3099,0.2997558797393157,0.7643755585775878,5113,1.992811745081631e-06
3100,-0.29197713512025214,0.7703147787679416,5676,-1.837935273945248e-06
3101,0.20129746375989002,0.8404743392109415,4902,2.2303375559691654e-06
3102,-0.701350594568179,0.4831312640461103,3472,-9.384860166842934e-06
3103,-1.4173416257583924,0.15646039485422403,4030,-1.7942039113748433e-05
3104,-1.1030941827407088,0.2700375999090645,5172,-1.1095826543053254e-05
3105,1.1641870061467143,0.24440055823248463,5309,1.3825913548557171e-05
3106,0.0364489029757051,0.9709263534209582,3766,3.6950485004585507e-07
3107,-0.7616496854710165,0.44630070094503704,5687,-8.754593780792331e-06
3108,-0.4813586743937526,0.6302844690980409,4607,-5.480808084512636e-06
3109,-0.862314798812915,0.3885627251221824,4272,-9.733295202052817e-06
3110,-0.07289355539721208,0.9418932712547297,5954,-7.454704869606838e-07
3111,-2.422251964617902,0.01546057540459822,4917,-2.297101570305617e-05
3112,1.5542507015206093,0.1201823952825527,5479,1.6253354400209393e-05
3113,-1.7760895719845753,0.07576799125339595,6101,-1.670924869136726e-05
3114,0.13217225736154417,0.8948529856844487,5382,1.0936856838715586e-06
3115,-0.73044522517322,0.4651555341075695,4570,-7.521565705287122e-06
3116,-0.5753501479623916,0.565077798999357,5560,-4.254725077721923e-06
3117,0.5473291802512626,0.584173554182376,5830,3.7707554509980233e-06
3118,-0.005346327594435053,0.9957344686840717,5317,-5.248477335604757e-08
3119,-1.1165116967170656,0.2642517901288368,5518,-1.2106395521383876e-05
3120,-0.5757032561607406,0.5648370107562366,6101,-5.575205547302511e-06
3121,1.36217020605992,0.17320456976045628,5081,1.3138310571890549e-05
3122,0.4691892626036357,0.6389632296275969,3544,7.2904221263781084e-06
3123,-1.2868630152956066,0.19820030630299357,5113,-1.078251026647097e-05
3124,-0.006047624124014241,0.9951749541488721,5231,-7.28182497744347e-08
3125,-0.0994140914766101,0.9208132574664558,5297,-8.595967870487854e-07
3126,-0.13039057140906285,0.8962620892149271,5625,-1.1266754443685085e-06
3127,-0.9460989642433589,0.3441511244063815,4313,-1.3372347550210179e-05
3128,-0.51302790051977,0.6079566724335663,4558,-5.80437777920526e-06
3129,-0.6105805966256158,0.5415067696317051,4705,-5.401605548431541e-06
3130,0.49688759883634126,0.6192860955388504,6145,4.778524858416563e-06
3131,0.4572168151564579,0.6475316981059152,6026,4.488336938991524e-06
3132,-0.6200641384109405,0.5352475695880246,4415,-7.66900275808475e-06
3133,-1.1451454318608778,0.2522092810519989,4541,-1.4897729107133544e-05
3134,-2.2114991479765567,0.027049021217175673,4722,-2.1479940160922887e-05
3135,-0.7549678784001508,0.450306797500893,4614,-7.353813789349243e-06
3136,-0.2663127600282994,0.7900087318268199,5288,-2.755935517606588e-06
3137,-1.313488977821173,0.18908448993510607,4549,-1.5753190319146703e-05
3138,2.9396404337416846,0.0032993716137077467,5598,3.1387415498470146e-05
3139,0.29186740609281053,0.770399592213336,5226,3.370168927517783e-06
3140,0.2804334475040959,0.7791565182815043,5028,3.591903915467216e-06
3141,-1.0275976045662698,0.3041914756291708,4751,-1.2869983179889617e-05
3142,-0.2823586112828703,0.7776784536094943,5900,-1.748017766489319e-06
3143,0.5406051074184762,0.5887986449762583,6389,4.181686661149615e-06
3144,1.0743121850924884,0.28273412347645865,5050,7.894641648919782e-06
3145,0.3958598377408314,0.6922245043632373,5255,4.856780320123871e-06
3146,-0.5566285881221819,0.5778074175933561,4755,-7.731299646794315e-06
3147,0.48278629815619073,0.6292718143636009,4344,6.254140776250531e-06
3148,0.31579227151392364,0.7521693543056809,7188,1.962391737728578e-06
3149,1.2918535258183765,0.19645602728699374,6201,7.375047401788204e-06
3150,-0.15902147508801223,0.8736576684999615,5621,-1.0153997650346482e-06
3151,-0.9345768121869374,0.350051376203361,5022,-1.081096143059337e-05
3152,0.08441935026081292,0.9327268220252698,4449,7.886995959316206e-07
3153,-1.8008183758130172,0.07178354699129352,5789,-1.8944887071108355e-05
3154,0.6559880257218679,0.5118654338787181,4492,8.262695840299672e-06
3155,-0.40701095333392606,0.6840148495039013,5845,-4.238357606763614e-06
3156,0.8559165363431254,0.39208386050177846,5139,6.364837926602927e-06
3157,-0.7296760892382743,0.4656170110984754,5933,-5.194690490877218e-06
3158,0.0594654033507479,0.9525836240968175,5394,3.941495869510176e-07
3159,-0.4491516891236175,0.6533391129165782,5768,-3.443656227525561e-06
3160,-0.5125956500152279,0.6082565712020425,5061,-4.416224071930275e-06
3161,-1.0083759069602287,0.31331940060253016,5379,-1.1295154473128505e-05
3162,0.4565409699217756,0.6480212148042432,4910,3.2660073704480156e-06
3163,-1.102879018585628,0.27013414728309604,4876,-1.0598026400385446e-05
3164,-0.034568355251813516,0.972425120718583,5821,-1.9628841036040606e-07
3165,-0.44193913767017295,0.6585520087381611,5095,-5.553853473306225e-06
3166,0.7060469250922843,0.48019029720753004,5249,8.677437238941017e-06
3167,0.4200684560221577,0.6744557491644803,4446,3.492034526070581e-06
3168,-0.9721179497486978,0.331040182676944,4868,-9.230315123590328e-06
3169,-1.339054982227134,0.1806150269142437,4890,-1.4015024795410837e-05
3170,-1.6253841067306163,0.10413980682601487,5336,-1.9169583344391362e-05
3171,0.10902121276155372,0.9131906926263555,4352,9.85580681788712e-07
3172,-0.2313907633917474,0.8170213862175435,4667,-2.4486697142884338e-06
3173,-0.41203545322074925,0.6803349831466887,4100,-5.552042973431476e-06
3174,-3.749879788992625,0.00017887185758880264,5122,-3.2763448199614735e-05
3175,0.671188008410276,0.5021295605393443,5385,8.363051475168614e-06
3176,1.037253646101105,0.29966029348886747,5884,1.0201019905477646e-05
3177,-0.7173042151343771,0.4732185333180965,5216,-5.140913298258414e-06
3178,-0.6752631636641924,0.4995416885887023,4717,-7.774385647250845e-06
3179,-1.5082696726133775,0.13154760972074375,5089,-1.2585659797667962e-05
3180,1.2345248476266157,0.2170653507774445,5006,9.111632232120548e-06
3181,-0.14921762395840252,0.8813873747135346,5511,-1.327207843087037e-06
3182,-0.7331635500041136,0.46349284317527717,5032,-6.097887253615127e-06
3183,-1.8015872016832384,0.0716677376740642,5250,-1.713066243961355e-05
3184,-1.0466312629736843,0.2953218988237736,4845,-1.106511879714388e-05
3185,-1.2974333592885683,0.194544058753231,4833,-1.2815641467387336e-05
3186,-0.3069193865659133,0.7589180570525087,4797,-2.7782834521616302e-06
3187,-1.4973372140501187,0.13436599795729998,5221,-1.784292080852221e-05
3188,0.2853979819985484,0.7753510630194054,5006,3.425657297666203e-06
3189,0.9741211373779303,0.3300457087108064,4779,7.567917733506336e-06
3190,-0.7512916581775821,0.45252315158937284,3844,-8.891584861824007e-06
3191,-2.0039562506497464,0.04513757918376937,4286,-2.6541082157309105e-05
3192,0.16077546074536583,0.8722767007052425,5038,1.9231684934034643e-06
3193,0.4735192597113721,0.6358672460769172,4223,4.991431020674024e-06
3194,-0.7179353638662025,0.4728272567803353,5570,-7.042080407710375e-06
3195,0.9108498300361174,0.3624250651937382,4343,8.23878683733614e-06
3196,-0.7961787699326612,0.4259637275778614,5311,-5.530560153453306e-06
3197,-0.659304456081482,0.5097352296260453,4345,-8.899434835783982e-06
3198,0.11646603279756815,0.90728755260304,5380,1.2200781453830967e-06
3199,0.46558674638301073,0.641530571137876,5271,5.930843831056668e-06
3200,0.3383437249803082,0.7351157282663965,6150,3.0627115105131367e-06
3201,-0.34374568501961794,0.7310545032308347,4264,-3.2396892020360443e-06
3202,1.0381217183215348,0.2992680390169258,4594,1.1066848694055065e-05
3203,-0.5874517479370052,0.5569288897966174,4648,-6.5207949903342936e-06
3204,0.13701989598405923,0.8910217443289945,4133,1.8011603776246175e-06
3205,-0.6387478608962346,0.5230141573643081,5382,-6.5171550146087885e-06
3206,0.43287205712736015,0.6651262692712927,5034,3.6101935378747923e-06
3207,0.3022318094741879,0.7624882527637644,4875,4.158101174536284e-06
3208,-0.07867061543341475,0.9372985291549469,4026,-1.0538385283841008e-06
3209,0.26558262418374434,0.7905723894270782,4672,3.4007771606661675e-06
3210,-0.029808879160823715,0.9762206873969324,4917,-3.6749818697832127e-07
3211,-1.0401378483791168,0.2983191657556612,5808,-8.90667796416763e-06
3212,-0.5279337266235877,0.5975735201200492,4157,-5.575698657529171e-06
3213,-0.4230917234068533,0.6722473782556229,4780,-3.7177677701583706e-06
3214,-0.46994471817041056,0.6384185242178257,4269,-5.2861398598520626e-06
3215,0.5892497273823456,0.5557313746754726,3540,7.270694460020409e-06
3216,-1.360916362792334,0.17359919999237627,5192,-1.2588765011392274e-05
3217,0.3277876459997493,0.7430854300691765,5199,3.4245017523322343e-06
3218,1.7760364716453547,0.07579132835772784,4720,1.54650208873327e-05
3219,-0.6818888268072735,0.49534258867041414,4738,-8.179125704979745e-06
3220,-1.0250556156596535,0.3053856198798113,5095,-9.655580972323042e-06
3221,-1.1356043139808993,0.2561836497557546,4430,-1.4431954488851317e-05
3222,0.8972510343000393,0.36962397443507955,5540,9.251744284741938e-06
3223,-0.7937202948960053,0.4273954868466139,5063,-8.689428703672977e-06
3224,1.0670816711005966,0.2859830348908037,5359,1.1587475080050311e-05
3225,-0.08491066083753362,0.9323360929991957,4624,-7.699224622805876e-07
3226,0.6542022034408348,0.513010913579095,5123,5.226937941410663e-06
3227,-0.1372489745027445,0.8908398205367203,4749,-1.402149587364034e-06
3228,-0.41778978305458797,0.6761254574141424,3642,-4.366838335450277e-06
3229,-1.5157165581004959,0.12964376984557746,5995,-9.380668402538562e-06
3230,-0.18964517566440092,0.8495961606224349,4289,-1.7925105438200533e-06
3231,-0.2065708201558388,0.8363558563235971,3893,-2.5838055834218785e-06
3232,0.659411223748527,0.5096573041741981,5940,6.802657696764911e-06
3233,-0.1598413386592447,0.8730131185135535,4574,-1.590023957677715e-06
3234,-0.2521807265097148,0.8009101395531977,5914,-1.569940637796748e-06
3235,1.087600010885086,0.2768190570485163,5539,1.16125073768999e-05
3236,0.3215842302690689,0.7477826048768026,4508,2.8815140081556993e-06
3237,-0.1770172880521552,0.85950040111395,6413,-1.0032535121155054e-06
3238,0.5109634684185621,0.6093958177754133,5882,5.5487677820840896e-06
3239,0.5559146475381126,0.5782924427589906,5353,6.641926609491806e-06
3240,0.777070324477434,0.4371446987325982,6705,7.066442635748767e-06
3241,-0.6442687300303028,0.5194361387071904,4229,-7.13694645756041e-06
3242,-0.2693256917573872,0.7876913131135725,4537,-2.7308764019007584e-06
3243,-0.2557960349222289,0.7981208473167452,4206,-3.5941476809767774e-06
3244,-1.7105965893297903,0.08721196109151319,5505,-1.7387723548175928e-05
3245,-0.05161948899550858,0.9588336536790469,5847,-5.717273908328665e-07
3246,0.18534890316300115,0.8529632046813469,4807,2.329766115882121e-06
3247,-0.6305961238675599,0.5283414597112608,3914,-7.71825104836836e-06
3248,-1.224336039367879,0.2208801838125627,5274,-9.725736533340483e-06
3249,1.4759481557098704,0.14001235893376052,5773,8.333375048087614e-06
3250,2.301871548023334,0.021385304809794947,4770,2.8442813643149153e-05
3251,-0.42801843844811777,0.668657892042031,4565,-3.7892491791718493e-06
3252,-1.4483615206873302,0.14761603751142283,3134,-2.2666887126665326e-05
3253,0.07904767844965738,0.9369980577962336,4711,9.662645083559482e-07
3254,0.1338006543097764,0.8935669968334656,3968,1.8922440217439516e-06
3255,0.32401164003950605,0.7459424025072847,5142,3.21005781674493e-06
3256,-0.610898226365623,0.5412932355198263,5285,-7.3226526095970715e-06
3257,-1.1294316505055952,0.25877488542574456,4585,-1.1716623557803378e-05
3258,-0.23766482408994974,0.8121543205069357,3675,-2.6474380629807075e-06
3259,-0.3049466542823993,0.7604191552207014,5130,-3.6070099731505106e-06
3260,-0.8481150261304327,0.39640882222718465,5816,-6.805395588564395e-06
3261,-0.6347666529653752,0.5256084614294467,5216,-4.9310626392449515e-06
3262,-1.0887098189548492,0.27634800491652345,3968,-1.576692662471692e-05
3263,-0.16703620989236792,0.8673484969958316,4868,-1.692062040183091e-06
3264,0.3289142957134673,0.7422349963855952,4742,3.991633516178925e-06
3265,0.6386566046935713,0.5230770050798221,4772,5.084168376127897e-06
3266,-0.11463276107991202,0.9087405667230795,5285,-1.0804234082715796e-06
3267,-1.1204067250059255,0.2625923128997716,5192,-8.808355375340486e-06
3268,0.46677718712225535,0.6406805815589791,4779,5.33243261893319e-06
3269,1.5528751087518338,0.12050501376267264,6082,1.6969173575037105e-05
3270,0.22830045966150955,0.8194223799168643,4807,1.791069309793013e-06
3271,-2.0257919694551654,0.042839388727633265,4975,-1.7809352709346042e-05
3272,-0.5944492454976548,0.5522346835698728,5847,-3.4888495312712303e-06
3273,-1.2513027042911369,0.21088082970729483,5157,-1.1940891635799737e-05
3274,0.20723904223752676,0.8358307264013476,5591,2.3686639578104427e-06
3275,1.3197214161866633,0.1869916610582114,4750,1.3317975959286138e-05
3276,-0.9056158983500961,0.3651800948998869,5335,-8.937114628924316e-06
3277,-0.15160226535733953,0.879506306590305,5404,-1.3671703987014106e-06
3278,-0.084128261392352,0.9329574093075998,5701,-7.725876480840971e-07
3279,-0.8543029932800793,0.3929693059081538,6361,-8.000314364790743e-06
3280,-0.3536888209522921,0.7235871006560819,4972,-3.1077980801951373e-06
3281,0.1581548893193722,0.8743407894521371,5288,1.4972715431643062e-06
3282,1.865240089017964,0.06220128805927527,5468,2.234965902398873e-05
3283,0.5676723224161935,0.5702846493751055,4693,7.0333081665425825e-06
3284,-0.5140372597942099,0.6072454533176392,5822,-3.4606987188033116e-06
3285,-1.8833134908350215,0.05972247621777149,4491,-2.408669335623706e-05
3286,0.7223688867226608,0.47010427253937825,4621,8.688868295155205e-06
3287,0.06356972994765736,0.9493150091038294,5845,6.718172513267423e-07
3288,1.1617186901923762,0.24539625646530894,5963,1.202464978517751e-05
3289,-0.9389506648857403,0.3478055560841211,4584,-1.1350713178282273e-05
3290,-0.26302615195764234,0.7925431871391204,4246,-2.227291517618151e-06
3291,-0.6585777151124578,0.5101930196754432,5823,-4.187173344596314e-06
3292,-0.4192822641426323,0.6750267537897565,5331,-4.925247277765199e-06
3293,-0.11180458579381554,0.9109826575339373,5212,-1.3399202420202191e-06
3294,0.26079563251474047,0.794264006574511,3866,3.4029420523812276e-06
3295,0.6546366876572485,0.5127334535516135,4742,4.811891146589352e-06
3296,-0.4793260554283624,0.6317242137893213,5982,-3.981047709563081e-06
3297,-2.18121134451679,0.02921649087365541,4768,-2.6543025618997683e-05
3298,1.8952232176729855,0.0581115631548903,5914,1.4669145245027256e-05
3299,-0.7747182756663444,0.43854476779915386,4744,-5.399823335094163e-06
3300,0.12700178334780812,0.898943212540738,6044,1.3600285541269096e-06
3301,-0.306581429281652,0.7591738130504497,5400,-2.0014300628277515e-06
3302,-0.6066724657151565,0.5440963704662192,4907,-6.70476001213052e-06
3303,2.3254389335626486,0.020088730014247158,4949,2.7280721234918705e-05
3304,-0.6551465640988298,0.5124084234091137,4303,-6.607275160415829e-06
3305,0.054179036417448416,0.9567957293543881,3376,6.657897609073307e-07
3306,-0.05332089109502831,0.9574783041119668,5149,-6.875871322119338e-07
3307,-0.007965854762848518,0.9936446518469519,3810,-7.676353528326993e-08
3308,1.2171727415392748,0.22359867545722878,4774,1.2234540910605525e-05
3309,-1.0979155790188575,0.2722937718577465,5044,-9.650347783549215e-06
3310,-1.1939572702041994,0.23254805794538447,5307,-1.143258641625219e-05
3311,-0.4368178601698651,0.6622642743266365,4529,-4.702019314421831e-06
3312,-1.542468712161984,0.12302052611021841,5206,-1.486434793250692e-05
3313,-1.1657245736185589,0.24379241302514498,4176,-1.4444585920353084e-05
3314,-1.2789284544436204,0.20098972839769824,4399,-9.185827179586057e-06
3315,-0.7683168536282744,0.4423320532591921,5484,-8.192404647238525e-06
3316,-0.3731730456757296,0.7090346678003066,5270,-2.9793178557102397e-06
3317,-0.5957634025409722,0.5513654973518951,4188,-7.1648301068833945e-06
3318,-0.9334255095272702,0.35065421558726184,4182,-8.33917346481546e-06
3319,1.1812651595081591,0.23754843269167303,5506,1.3967394270159334e-05
3320,0.0014585572894772407,0.9988362911024102,5702,1.539229346654195e-08
3321,-0.9221494227731393,0.35649209134840265,5368,-8.310150363112977e-06
3322,-0.37205798706526505,0.709871586725686,3599,-4.229350239070007e-06
3323,1.0435115050188686,0.29677306753577115,4095,1.0513824820238517e-05
3324,-1.56637898124801,0.1173148528746275,5761,-1.565387475739429e-05
3325,-0.5561772766333604,0.5781203972360998,4051,-6.0962925702076e-06
3326,0.6612981579369197,0.508450087119996,5261,4.917067549191382e-06
3327,-0.525125126100152,0.5995185896599211,5203,-5.298456895204125e-06
3328,-1.3673056642521026,0.17158076937356848,5997,-8.811199079627931e-06
3329,0.009567568597124456,0.9923667107420315,4661,1.345557756982564e-07
3330,-1.843216859592317,0.06535559565209015,5079,-1.4120905417019476e-05
3331,-0.8457550809462325,0.39773747715209407,4209,-1.0239291045600795e-05
3332,-0.4903779868732548,0.6238893224493625,4705,-5.438859431676377e-06
3333,1.3457294075481607,0.17845115977954862,4973,1.2455835387169957e-05
3334,-1.8810827502313117,0.06001963136061317,4924,-2.0354507123908817e-05
3335,-0.376023760224289,0.7069139952406447,5404,-4.481606606650986e-06
3336,-0.4771852219874275,0.6332504232110363,5166,-5.59367107486508e-06
3337,-0.7385103836604616,0.460233764583986,5895,-6.611083962091335e-06
3338,-0.34840298850726803,0.7275496729668398,6055,-3.6413187240207946e-06
3339,-1.3688659764911353,0.1710916009842891,6098,-1.2009081333806128e-05
3340,-0.6968613124527423,0.48592496597236345,4580,-6.585979275292713e-06
3341,1.8074905590272814,0.07073326296644233,6333,1.7192192799517898e-05
3342,-0.674856812276605,0.49979471659487507,5578,-4.817447781840535e-06
3343,-1.1595744125193292,0.24627184598906893,5569,-1.0854557540424867e-05
3344,-0.0687056041733758,0.945226735714966,4945,-7.465394110932287e-07
3345,-0.015522041230598735,0.9876162161639228,6003,-1.4065609987936417e-07
3346,0.886719481543673,0.37528537501988435,3848,1.0337023131792374e-05
3347,0.430614513174301,0.6667703343175795,4288,5.180764388548827e-06
3348,-0.7503226031569447,0.45308792938302744,6421,-5.981335595566923e-06
3349,-0.16724190486384405,0.867188353061668,3915,-2.164882563729749e-06
3350,0.6544183192497224,0.5128690335928598,5638,5.938822191815925e-06
3351,-0.29276847469322276,0.769716103068615,3579,-4.15867166928724e-06
3352,-0.2643440638788959,0.7915276390596802,4247,-2.864752826029441e-06
3353,-0.7511915914973957,0.4525691523242228,5561,-4.9333015224901204e-06
3354,-0.8797285640029133,0.3790695099462804,3349,-1.305786352113856e-05
3355,-0.19153918921798685,0.8481122512433681,4288,-2.132258674570945e-06
3356,-0.12944549304084252,0.8970123556913485,3615,-1.7806976653161405e-06
3357,-0.2568863799544025,0.797279800321538,3970,-3.132047408665007e-06
3358,-0.40734063666584974,0.6837723668228579,5995,-3.973081705678512e-06
3359,-0.9306331530182541,0.35208146740353063,5896,-8.261367954428582e-06
3360,-1.245862229381224,0.21287689374131102,4715,-1.3010718097987285e-05
3361,-0.3905677371328868,0.6961298458726883,6367,-3.7085930115463165e-06
3362,-0.2276639606348464,0.8199162902494046,5291,-2.4501580014256225e-06
3363,-1.41126261709335,0.15822434853834677,5444,-1.5114180357683555e-05
3364,-1.941566889022543,0.052243336523896344,5217,-1.687172218117174e-05
3365,-0.16039194395918271,0.8725784397271346,5308,-1.704888069256355e-06
3366,0.027547548622558544,0.9780240258064978,5444,3.283419995363189e-07
3367,0.4404695846405367,0.6596154302111925,5177,4.38787308224115e-06
3368,0.6824161562114937,0.49500945884053227,4703,5.325398764482064e-06
3369,0.7813837145222898,0.4346125981704456,5175,9.972972044176064e-06
3370,-0.39534118126420087,0.6926042485136072,6420,-3.7987658893078027e-06
3371,-1.3076021368214874,0.19107707867877677,4371,-1.3921250541083859e-05
3372,0.09738130724001437,0.9224275522154937,4925,9.696254081914039e-07
3373,-1.0410643804399096,0.29789853208914496,4762,-7.998334531641726e-06
3374,0.6345950632171078,0.5257204289072495,5208,7.434091810506916e-06
3375,-0.1834510901371267,0.8544506827975897,5644,-1.205496598655664e-06
3376,-0.4705528153968265,0.6379862229764717,3931,-4.913036255479188e-06
3377,-1.1327841176485174,0.25735192623145076,5779,-1.0612196882238475e-05
3378,-0.635333997469433,0.5252373765853822,5431,-5.520011554092651e-06
3379,-0.26128253151519704,0.7938853252719003,5035,-2.8742560962063137e-06
3380,-0.27284832969016737,0.7849803295933311,5355,-2.819373397289526e-06
3381,-0.8649637879477449,0.3870952705271342,5669,-7.518943201700663e-06
3382,-0.19252446890093516,0.8473401862112975,4452,-2.5940844170027893e-06
3383,0.35573409893252406,0.722055383999785,4787,4.054662056312575e-06
3384,-0.8463140028772105,0.3974274887486009,4060,-1.0966562936371429e-05
3385,-0.4239899889401345,0.6715886400111741,5875,-4.469964370235949e-06
3386,-0.9050430824072123,0.3654835164817509,5325,-1.0232517611028698e-05
3387,0.7707166522597734,0.44091189228091787,4923,9.75652388879552e-06
3388,-1.3584964615305213,0.17436700395984994,5041,-1.3354210085436504e-05
3389,-0.16326770147646455,0.8703151155153686,4428,-2.0444593364577145e-06
3390,0.6524610528428241,0.5141321453328462,5290,8.042121170601568e-06
3391,-1.4150478455189146,0.15711431402385845,5204,-1.5407980985646292e-05
3392,1.8071456073836865,0.07078776922389651,6235,1.0774252775172818e-05
3393,1.0370269598023734,0.29976783014377895,5631,1.1661401775334243e-05
3394,-0.439803238994505,0.6600954541723407,6004,-3.0036223547813167e-06
3395,0.8481157150047547,0.3964088824341767,5743,8.750661608672063e-06
3396,0.07600220085205615,0.9394198322868283,6119,8.060619234563441e-07
3397,0.2873267055895049,0.7738739605848324,5053,3.0951533130536832e-06
3398,0.5383562166364415,0.5903542387168326,5190,4.639996514781063e-06
3399,-0.2685327406120675,0.7883058409854926,3345,-3.653282231126109e-06
3400,0.4057292245953715,0.6849564969489146,5815,4.4072797945201505e-06
3401,-0.12105361795076515,0.903653898818696,4562,-1.4793517065783271e-06
3402,0.4086143944730881,0.6828427007969362,4368,5.27653830047058e-06
3403,1.11286175269149,0.2658253224689633,4652,1.4200416276729288e-05
3404,1.1878583568261865,0.23495123473025759,4550,1.3705787109847688e-05
3405,1.8582973474342293,0.06317304324356732,6351,1.839376723147265e-05
3406,0.4607684570433678,0.6449854195161384,4845,4.7653815152056335e-06
3407,-0.7420079409982553,0.458121614365387,4459,-6.742892504431764e-06
3408,-0.7669757583145176,0.44313269996696336,4925,-7.589427560097178e-06
3409,0.39909319285496375,0.6898428410864841,4657,4.900273737186075e-06
3410,-1.2446423127407782,0.21331494836563802,5644,-7.365682129298033e-06
3411,-0.16470880178648928,0.8691785495935109,6211,-1.6111898901524076e-06
3412,1.7067083651344315,0.08792780109246623,6026,1.828561646404626e-05
3413,0.12211355068503399,0.9028173462475573,2973,1.8244557999491944e-06
3414,-0.7538377689011349,0.45097948543102184,5405,-5.8800896398754924e-06
3415,-0.6556339077576828,0.5120897901168795,5014,-4.99718236709656e-06
3416,1.2195076020521975,0.22271230867768743,4738,1.3940634239401006e-05
3417,1.2656888192800162,0.20568283260160802,5057,1.2274637863803277e-05
3418,0.3648910231585811,0.715207634441144,5187,3.4267425690113353e-06
3419,0.18482998723612945,0.8533696815352294,5139,2.151678076281913e-06
3420,0.5085355910723043,0.6111011764133907,4797,4.476790475396661e-06
3421,-0.2513371539107724,0.8015690635133979,3309,-3.3066808134694094e-06
3422,0.12580547665286534,0.8998912385744819,4744,1.6809462369731908e-06
3423,-1.3471463042199074,0.17801342142873589,3802,-1.834539050725666e-05
3424,0.6020714701319037,0.5471579075671862,4356,4.937010919296327e-06
3425,-0.6143545110428044,0.5390058869300525,5637,-6.278840935538705e-06
3426,-1.4172853099605736,0.1564621240325883,4978,-1.717000405317744e-05
3427,1.4213791003359717,0.1552669057284468,5170,1.1759459758778241e-05
3428,-0.7819935210510797,0.4342843842520341,2806,-1.2249231959726955e-05
3429,0.7117440123389231,0.4766583494684302,4739,5.960861839736736e-06
3430,0.4942369142211881,0.6211602554366777,5078,4.8430184686424225e-06
3431,-0.7488411863910774,0.45399454944476947,4233,-7.2633874110728135e-06
3432,-0.3856433186282634,0.6997800348579557,4276,-3.5414610117380567e-06
3433,-0.36603807831997726,0.714352669700975,4838,-3.4927985013015567e-06
3434,-0.6517482546917531,0.5145907217246997,5521,-6.503785033575991e-06
3435,1.1192692896660077,0.263093554407712,3938,1.1218579623704996e-05
3436,-0.6369284059368655,0.5242005106704988,5023,-5.487605863377323e-06
3437,0.46795602269202197,0.6398379893037545,4647,5.407831210739315e-06
3438,0.45177044940044614,0.6514548062237782,4793,4.109947491581173e-06
3439,1.6241803486500284,0.10440182707958368,4887,1.3117053480711916e-05
3440,0.3638179328963275,0.7160077048929057,5601,4.217351620096707e-06
3441,-0.21094503144545854,0.8329383500702063,5252,-2.3313311278655715e-06
3442,0.23182100431451352,0.8166853276894133,5726,2.251465197175601e-06
3443,-0.2901742529421507,0.7716974092825437,4157,-3.889283209402201e-06
3444,-0.3145823616151294,0.7530960801909221,3793,-4.396178982085697e-06
3445,-0.011910433544149014,0.9904974959493089,5627,-8.346291568093321e-08
3446,0.23026345768602166,0.8178977684006146,4397,2.993396084586764e-06
3447,-0.11128219639071203,0.9113975568937103,4482,-1.0500992174430513e-06
3448,-0.6174372267825068,0.5369726910066244,5343,-6.953980238573933e-06
3449,-2.552746745934306,0.010715534218515899,5295,-2.1846272847488168e-05
3450,-1.185260114084906,0.23596769874267687,5307,-1.0522744058056774e-05
3451,1.9154342826302695,0.055488933442187305,5502,2.3192211014769068e-05
3452,-2.256205543885305,0.024099326286604272,5176,-2.319321369744726e-05
3453,-1.5118122585377034,0.1306418520895689,5248,-1.4449601976638377e-05
3454,0.4930884870347621,0.6219707634165257,5232,6.090761233095625e-06
3455,-1.5807819609675433,0.1139962217750965,4630,-2.0172873173288685e-05
3456,-0.9525907866877626,0.34084496684019516,4846,-8.024932152316508e-06
3457,1.1951638009556331,0.2320833405505569,4701,9.200847981878445e-06
3458,0.5583124832129005,0.5766524991714861,5821,5.6803333040109845e-06
3459,1.5064644065305193,0.1320008437489355,5978,1.5989086037059278e-05
3460,-0.7347440446614679,0.4625329257388322,4591,-7.630172387253188e-06
3461,-0.05356909658183771,0.9572809065651458,4408,-4.4292643787629497e-07
3462,0.90644802759426,0.36476362461064493,3368,1.3383609105657619e-05
3463,-1.923809406093478,0.054428114384782456,5713,-1.6549125711820894e-05
3464,-0.30499714645775167,0.760381541057439,4804,-2.640529787774069e-06
3465,1.105115807209316,0.26915913554373416,5348,1.3009337685664245e-05
3466,-0.39404282863077195,0.6935662973475503,4979,-3.292645700407332e-06
3467,0.3835678698982249,0.7013150953121543,4992,5.032787131225719e-06
3468,1.7519648994207646,0.07983255191962568,5816,1.9136445544066204e-05
3469,-0.054318236494638586,0.9566840019803386,4557,-6.999531769332325e-07
3470,0.11915791169076938,0.9051549986658125,5042,1.2620016663274617e-06
3471,1.9511591169177427,0.05108933545393901,5446,2.2450796491843804e-05
3472,0.26143794515092517,0.7937643157570073,5658,1.8070852523174744e-06
3473,-0.6108627551329513,0.5413205334959992,4615,-5.285939284365214e-06
3474,-0.07950768525327778,0.9366320837361319,4874,-6.192317412948854e-07
3475,0.04675247959954622,0.9627122350962796,5392,3.126757514528256e-07
3476,-1.4354360919989,0.15122095755328568,5385,-1.6226845241252813e-05
3477,-0.33927130358823465,0.734420372528378,4746,-4.226226690334271e-06
3478,-0.8181000473522424,0.41333814783749645,5119,-9.47946905674483e-06
3479,-0.19721112795351456,0.8436728175301305,3820,-2.2265953620239692e-06
3480,-1.2218462081691117,0.22182914359170192,4547,-1.189141580520862e-05
3481,-0.8860459387586705,0.3756303824832683,5666,-7.983094258325323e-06
3482,-0.0503625768772188,0.9598353470970142,5325,-5.665940777647914e-07
3483,-0.9780099293663138,0.3281148921838881,5203,-1.1876194892838409e-05
3484,-0.5132908271525921,0.6077655867418597,6412,-4.865617758801406e-06
3485,0.4650294280211112,0.6419301011024858,5136,5.366362949077047e-06
3486,1.052200496935718,0.2927591721247713,4928,7.625339476382532e-06
3487,-0.6105435275703421,0.5415331886045509,4424,-5.4600217492021015e-06
3488,-0.21360615743819064,0.8308632543339203,4809,-2.23526758280997e-06
3489,-1.2043392663179295,0.2285108231102977,5446,-1.2620748771131693e-05
3490,1.1785076104255439,0.2386615276560904,4172,1.0810167721816771e-05
3491,-0.26789471943304366,0.7887896414655318,5953,-2.143832744034701e-06
3492,-1.1365504239470663,0.2557920411356511,4142,-1.4041605954842967e-05
3493,-0.2217744066079851,0.8244976560039357,5556,-2.2032502633351483e-06
3494,0.0652390989455602,0.947986153812467,5170,7.270303851873933e-07
3495,0.5354582789786598,0.5923563981544588,5090,5.3032733523539094e-06
3496,0.6696612882132167,0.5030991019083364,6096,4.168916043053778e-06
3497,0.3550279168116896,0.7225851977637126,4533,4.348080157997667e-06
3498,0.41955342329392925,0.6748268264866435,5967,4.306249426511929e-06
3499,0.585241599600572,0.558409721955984,5403,4.283382802361659e-06
3500,-0.4773495696509524,0.6331365461613623,4473,-5.567802836545569e-06
3501,0.0787525953502313,0.9372322586452544,5533,8.626556935363446e-07
3502,0.670773664301589,0.5023979699046972,4661,7.1211563293484244e-06
3503,-0.2794298910969812,0.7799276267620772,4554,-3.247200735792579e-06
3504,1.1769747610787964,0.2392523462106646,5991,6.975219527505658e-06
3505,-0.42597955398668236,0.6701452368744247,4077,-5.33163624556615e-06
3506,-1.2249098065524464,0.22066989302037143,4755,-1.1955009089616492e-05
3507,-1.3264304685161048,0.18477266982119867,4012,-1.3092268699844753e-05
3508,-1.6478309330132304,0.09946858992685437,3869,-1.735747690400194e-05
3509,-1.5547129713982115,0.1200961285186457,3875,-1.8775123934755046e-05
3510,0.09475876052242967,0.9245097216413871,5793,1.0231324527236262e-06
3511,0.48038809046359454,0.6309703982039196,5550,5.374075349010185e-06
3512,0.06377798398106192,0.9491494031201617,5325,4.1420190030888343e-07
3513,-1.008792027316096,0.3131145894717249,6072,-7.873652297003537e-06
3514,0.218580117882737,0.8269849371319626,5723,2.4329646309659264e-06
3515,-0.05339604663408865,0.9574188848900005,4217,-5.240754218979113e-07
3516,-0.46011554649758213,0.6454530831916556,5054,-4.929470037457109e-06
3517,-1.5275989253940745,0.12666646268115223,5824,-1.28149942362249e-05
3518,0.44141265953114606,0.6589311078779989,5672,4.568626972487431e-06
3519,-1.0010697332083804,0.3168325716734599,6137,-8.924585702593714e-06
3520,-0.21547786473804578,0.8294026831201835,5553,-2.4028588925144534e-06
3521,-0.09393926784956377,0.9251610044631602,5223,-1.0134534894772883e-06
3522,0.12478841646181896,0.9006956603534251,5451,1.4589118416309262e-06
3523,-1.1754632662017575,0.23987291073650452,4409,-1.663455325867546e-05
3524,-0.26406463888664633,0.791742511729058,4389,-3.307241437495925e-06
3525,-0.05802303464698208,0.9537325460379711,5118,-7.096068039779601e-07
3526,-1.6113690154617042,0.10716991755279381,4471,-1.4414079857366614e-05
3527,-1.0925934530795522,0.27463078772388894,4504,-1.4486345198768721e-05
3528,-1.2163401126361453,0.22390941110280482,5315,-1.1824120223922478e-05
3529,-0.17630171312437518,0.8600652262797257,4297,-2.0256841370967683e-06
3530,-0.8654505331294908,0.3868414373357516,4163,-9.93480113932039e-06
3531,-1.2046277327530734,0.22839247728831502,6276,-1.0194341952292826e-05
3532,-0.4671030363123761,0.6404441423662237,5661,-3.1393242415714515e-06
3533,-1.138858649769499,0.254805144006482,6341,-1.0355195076902957e-05
3534,-0.33559182070679916,0.7371984068927611,3572,-4.336467627544127e-06
3535,0.6512269086043175,0.5149307998254926,4863,6.600746053484412e-06
3536,-1.064834891627693,0.28700042877386256,5166,-9.819812751653666e-06
3537,-0.5769527204431578,0.5640044910672501,3925,-6.9373082423039295e-06
3538,-1.0806115277586148,0.2799243332540009,4793,-8.27706828050282e-06
3539,0.20732033139117392,0.835768009990246,5079,1.6463950854009567e-06
3540,1.5664366089520825,0.11730311175710684,5584,1.8282494507927756e-05
3541,-0.0886126593076562,0.929394006263897,4167,-1.2210604104449938e-06
3542,-1.6711484453005416,0.09475355756021941,5114,-1.7497488766536584e-05
3543,-0.6162944815373523,0.5377278001844146,5080,-6.54175732486678e-06
3544,-0.12448214395712566,0.9009376634951078,6065,-8.685871733548444e-07
3545,0.2710275329501237,0.7863809751558517,5032,3.108739768068753e-06
3546,0.8449870509222287,0.39816167370967737,4637,1.0288686453391765e-05
3547,-0.1822178732847332,0.8554182086235422,5717,-2.06893830383388e-06
3548,0.6349739348146889,0.5254680151036553,6429,6.154001690036684e-06
3549,0.6013791283058867,0.5476108709990388,5833,6.265986372005505e-06
3550,0.3959217218722941,0.6921885272650048,3281,5.340326058370433e-06
3551,-1.2523453033539544,0.21050577581001662,4747,-1.5615814992740773e-05
3552,-0.7819228785267309,0.434294111458037,5412,-7.694156564429118e-06
3553,-1.8280123363231167,0.06762790074580094,3714,-2.6428024163855875e-05
3554,0.39251999169316554,0.6946916069564821,4764,4.412965090637592e-06
3555,-0.7975581186702775,0.4251586888066594,5970,-6.198406012160474e-06
3556,-1.5128732908839475,0.13037237393941226,5222,-1.6499296712495013e-05
3557,1.731666805991077,0.08339364751736777,5078,1.1876256945644775e-05
3558,-1.3583296217733558,0.17441709274030037,5286,-1.0558271625619113e-05
3559,-0.48669005287111383,0.6264990166129694,5075,-3.974448152832942e-06
3560,-1.7754449705463409,0.07588636101241386,4912,-1.924611336613179e-05
3561,0.45880508169271245,0.6463974642772103,4277,5.74406055927459e-06
3562,0.34046389183313436,0.7335205803559557,5350,2.2247347240820112e-06
3563,0.5863361870202601,0.5576821094339866,4074,8.177626668650047e-06
3564,-0.03532009580966645,0.9718262044416393,4135,-3.6770450936584315e-07
3565,-0.9274229386602256,0.35374806907703515,5449,-7.002028387321498e-06
3566,-1.0435840848161255,0.2967292049154233,4914,-1.2519111582781124e-05
3567,-0.7061910767373464,0.48009647141350187,6060,-7.045752232191814e-06
3568,0.33090845275126846,0.7407295165974443,4367,4.231283424097677e-06
3569,-0.16332422544294004,0.8702695346472216,5179,-2.0360087753921117e-06
3570,0.02223763408868509,0.9822591684193385,5755,2.315155387270788e-07
3571,-0.21683700455646365,0.8283426143513419,6109,-1.3292188615691914e-06
3572,0.2019562245719611,0.8399606697397164,4226,2.1445050903030705e-06
3573,-0.7730357208980548,0.4395328460551471,5782,-5.744593370883074e-06
3574,0.28490032266091647,0.7757322307945014,5034,3.5085306448571018e-06
3575,0.9801797662563818,0.327043594087848,5133,6.987525711781274e-06
3576,-0.9661396493763703,0.3340329637112147,3984,-1.0574119486409418e-05
3577,-0.08412720323237415,0.932958876854562,4704,-9.19430482510606e-07
3578,-1.542726775747014,0.12295108796791876,5860,-1.1463133517475823e-05
3579,-0.9524368640798136,0.3409411646145841,3505,-1.4688499019791622e-05
3580,0.12467692144958685,0.90078419955684,5146,8.495223823362981e-07
3581,-1.8937961682352886,0.058308554533639034,5106,-2.2159329490950243e-05
3582,-0.8956961255450427,0.37045708940228694,5133,-9.041764491058395e-06
3583,0.8085338614447621,0.41881812136553065,5528,9.629450513894714e-06
3584,0.03259357061135702,0.9740004474766595,3717,4.4336648319887887e-07
3585,0.7724194348236876,0.43989747095784404,5810,7.930100388271033e-06
3586,-0.9837919160538137,0.3252641847041158,5136,-9.167959968873335e-06
3587,-1.3027034751539244,0.19272687578633074,5899,-7.831733737022758e-06
3588,0.2519005862757273,0.8011306281805026,4070,2.3136485838654965e-06
3589,-0.27424170239247553,0.7839104495693023,4898,-2.105684581059682e-06
3590,-0.25964203198419206,0.7951513733552167,4664,-2.2191753408152156e-06
3591,0.10824695964198774,0.9138033861511554,6049,6.386446452968799e-07
3592,0.16760950179116482,0.8668976188010238,4759,2.18329434303094e-06
3593,-1.2997244418880705,0.19374589989755364,5937,-1.1754463759219955e-05
3594,-1.2986134680472945,0.19413346600830272,5268,-1.0016896431727831e-05
3595,-0.13616753266709603,0.8916937296324559,5608,-1.5285234832888785e-06
3596,0.3894252115494309,0.6969785724983475,4894,4.7973546487297695e-06
3597,-0.1860917344216945,0.8523824573919132,3919,-2.343425412451194e-06
3598,-0.38368820406700266,0.7012266032344452,4786,-4.090928301779115e-06
3599,2.0111804658674792,0.04435758330426043,5234,1.6786000379760366e-05
3600,-1.059935602403208,0.28922930641459876,4621,-1.2205838238371363e-05
3601,0.02207883456066113,0.9823858701277834,5506,2.5150364857337507e-07
3602,-0.47334912847160926,0.6359835170407644,5327,-5.1503429267100285e-06
3603,-1.4659683072798426,0.14272112685498817,4898,-1.683119903310358e-05
3604,0.060059785020774456,0.9521101822245766,5549,5.390096916453555e-07
3605,-0.8770416018795333,0.38050646703308444,4967,-6.329913393526788e-06
3606,-0.05293440787189064,0.957786030488549,5682,-3.472926609190852e-07
3607,-0.2898814579483702,0.7719178448882724,5506,-3.0839456404826146e-06
3608,-2.176161392665243,0.029588947140191335,5100,-2.2354864312299987e-05
3609,-0.27357510751415737,0.7844233631959041,4633,-2.2980116800663446e-06
3610,0.11891102530182118,0.9053503824502735,5267,8.796209502043635e-07
3611,-1.6276184201890287,0.10366683888132644,5164,-1.3164995554641887e-05
3612,-0.2738527122188057,0.7842085514644084,5268,-2.007660459652353e-06
3613,-0.09082097879004822,0.9276383709385383,5153,-7.879663312286165e-07
3614,-0.4999855932826194,0.6171076276677541,4911,-5.47986113775621e-06
3615,0.8879113058343941,0.37462784828024764,5423,1.0238824382689101e-05
3616,0.13776005556387932,0.8904353778499792,5211,1.4292525297157713e-06
3617,-0.5010058559020585,0.6163887086861806,5081,-3.8081120243154486e-06
3618,-0.11691734562301782,0.9069298981282032,5404,-1.300350837908466e-06
3619,-1.3705961377301221,0.1705637964476765,4891,-1.5139356488108864e-05
3620,0.053874611284680844,0.9570376658620774,4138,7.178642406769267e-07
3621,-0.30968411735359236,0.7568164470467127,4228,-3.436506556723244e-06
3622,0.295326792346776,0.7677605448051517,3764,2.7619565325844865e-06
3623,0.36713803745709345,0.7135286343861176,6177,3.981376004630555e-06
3624,0.03387648601550184,0.9729768172609099,5763,3.1058431703037117e-07
3625,-1.5422462578881533,0.12308192618703084,4643,-1.3409373398352092e-05
3626,-0.6516670183307735,0.5146502650306708,4372,-6.042648276874535e-06
3627,-1.309755141267496,0.19033982361924884,4922,-1.18210286482391e-05
3628,1.7871274379978708,0.07397589145272843,5133,1.987185727027915e-05
3629,0.3596448203261647,0.7191262263522851,5641,2.3126796752790656e-06
3630,-0.1320713061123377,0.8949363640881667,3137,-1.6711664743999166e-06
3631,-0.7562361426732002,0.4495415578864055,5251,-8.470925723563422e-06
3632,1.0631350187936182,0.28777891017478163,4413,1.1738014318250043e-05
3633,-0.6158527327029454,0.5380219082392157,4644,-5.1250682786391505e-06
3634,0.18461595086046823,0.853537604415231,5108,2.1470038497643975e-06
3635,-1.123068395788777,0.2614646391779236,4799,-1.0452260725973124e-05
3636,-1.2689114775533663,0.20452644338374992,5490,-1.3430817096116415e-05
3637,0.19242538255728722,0.8474163313678413,5339,2.072571024251554e-06
3638,2.065617268053479,0.03891169303034436,5463,1.8191751073844495e-05
3639,-1.9514269128294681,0.051059767874052975,5214,-2.2638337041764638e-05
3640,-2.463922322356787,0.013778565445161428,4645,-2.2342592520147087e-05
3641,-1.112557541387941,0.2659620572435015,4209,-1.2238375509233897e-05
3642,1.0044139550856448,0.31522778957867525,4995,1.3130165871651177e-05
3643,0.4634191004210101,0.6430864773685427,4486,3.6237051939249013e-06
3644,-0.9205052725571826,0.3573518104516804,5161,-8.984437749225529e-06
3645,-0.07740723109873483,0.938303272117752,4205,-7.448890517342614e-07
3646,0.10999877636835668,0.9124149785381901,4765,1.1472917374044248e-06
3647,0.18734728303628218,0.8513948189143687,5879,1.9783351253261344e-06
3648,2.2819770943969635,0.02252875242409713,5496,2.583887003609752e-05
3649,0.02162609312056307,0.9827472937305173,4016,2.0950318852671064e-07
3650,0.4871808404891875,0.626157222438593,3950,4.984496572306388e-06
3651,1.1157187142111593,0.264609613032313,3999,1.1411116097201283e-05
3652,-0.2332250621267934,0.8155979867067873,4210,-2.641301042453367e-06
3653,-2.91288247938307,0.0035953872909848528,5548,-2.808834218409329e-05
3654,-0.3834188419098463,0.7014256377745864,4970,-3.972899717348017e-06
3655,-1.1296776563416944,0.25865957870012113,5705,-1.1683072669362435e-05
3656,-0.9639148498548646,0.3351497283517859,3815,-1.1784508573553777e-05
3657,-2.033849808462847,0.04201373249014129,5607,-2.0145056754769495e-05
3658,-0.6946491889693562,0.487310842233486,4526,-9.004304069473653e-06
3659,0.6070243964047815,0.5438766100210315,3291,6.662244082384771e-06
3660,-0.6794970560094798,0.4968691332858699,3408,-8.82540771063096e-06
3661,0.5648885229524866,0.572169633578028,6323,2.885704800155065e-06
3662,0.2508506229636885,0.801937474259574,6547,2.418672533952632e-06
3663,0.5309445796560209,0.5954796222304668,5256,6.536746636071358e-06
3664,-0.5963518276966936,0.5509680694417725,4847,-4.7919068758777416e-06
3665,-0.6694377996411229,0.503254303111732,4062,-6.601889580589482e-06
3666,-0.448821907773652,0.653581224999944,4612,-4.301719392337813e-06
3667,-0.7541666517056225,0.4507776171446407,6241,-5.156062234654718e-06
3668,0.25227894177757626,0.8008406281341638,3420,3.658272906139632e-06
3669,0.1407452949816813,0.888076159759905,5672,1.5951750180140114e-06
3670,-0.1329533522296544,0.8942355404307538,5079,-1.5224857079506524e-06
3671,-0.18747610442728732,0.8512946452509165,5220,-2.1020868145548616e-06
3672,0.17658723591773887,0.859839665623054,5077,1.701636395432824e-06
3673,-1.3603518558489442,0.17380093979513256,3725,-1.4573696665591925e-05
3674,0.6455242756003352,0.5186157509195657,5242,7.514735559298131e-06
3675,0.7346919812812317,0.4625717692221629,3858,8.812863813105097e-06
3676,-1.1472327464622776,0.25133619171867516,5409,-1.0368570497332287e-05
3677,0.7630678747325816,0.44545882399876136,5014,9.94660868926874e-06
3678,0.25787696919832837,0.7965142376580854,4288,2.7543596510192858e-06
3679,-1.488378565159187,0.13671412518893344,5003,-1.4758080573072594e-05
3680,0.5178747739717434,0.6045658377445169,5674,5.319637914571974e-06
3681,-0.3803761629665296,0.7036808979461764,5500,-3.4106956346100004e-06
3682,-1.4537159975642509,0.14608907744395783,4903,-1.2495996357272144e-05
3683,0.26627787958632776,0.7900373399890877,4526,3.483684105149628e-06
3684,0.5524699136092136,0.58064692923287,6028,3.5144453126393907e-06
3685,-0.8847120551098534,0.3763622249639724,4232,-1.0271726688526752e-05
3686,-0.7066346387146378,0.47982166205628296,5859,-6.574378986296388e-06
3687,-0.525437687442261,0.5993099021094452,3766,-5.660501139393934e-06
3688,0.4148429999120036,0.6782786023560368,4090,4.525323129876637e-06
3689,-0.42315626710509835,0.6721988459768582,5173,-3.89975877686034e-06
3690,-1.0510603388797926,0.2932821553626084,4954,-1.0010556423227346e-05
3691,-1.0303020561539842,0.302905976928604,6603,-5.544695459315221e-06
3692,0.26782806222279437,0.7888420325875125,5331,3.1311541616507752e-06
3693,0.03877832706994509,0.9690687653626955,4718,3.859505987708163e-07
3694,0.5838058342383871,0.5593776502870464,4933,5.817316022947155e-06
3695,-0.5256168035505756,0.5991782926830052,4895,-6.005433313353189e-06
3696,0.12343634888027694,0.9017659670585003,5649,1.1013761417840435e-06
3697,-0.5633221468461309,0.5732405107553022,5059,-5.808905316323892e-06
3698,-0.5674813660324847,0.5704217428783254,3687,-7.418251548564304e-06
3699,1.100830243273082,0.27102275578161583,5076,1.4721812962188177e-05
3700,0.5703658712139749,0.5684607278805054,4114,5.190664420665239e-06
3701,-0.6952011313052227,0.4869669865176043,4283,-8.681191460552116e-06
3702,0.2644908907772652,0.791414836308626,4145,2.3004397642479544e-06
3703,-1.0945062616358754,0.27378713193337756,4871,-9.290587909341084e-06
3704,-0.8775850262948962,0.3802038864895274,6037,-5.041998118061207e-06
3705,-0.7812256870058762,0.4347150399322417,4086,-9.891257455000158e-06
3706,0.43928471474332376,0.6604728809078142,5384,4.620354293393931e-06
3707,-1.1764040739205799,0.23949521805731777,4534,-1.4003670473059101e-05
3708,-1.0440646631874737,0.29651006365343924,4624,-1.2120562696257911e-05
3709,-0.5478281167718302,0.583832125319923,5510,-6.1917728113711625e-06
3710,0.22491488427314624,0.8220537642234083,5555,2.62602397275493e-06
3711,-0.7628942887388303,0.44556167873191654,5108,-7.945415961060924e-06
3712,-0.9334537092997224,0.3506243977553103,5834,-8.182406420779508e-06
3713,-1.8893850685759692,0.058916695214168424,3782,-2.1666937287555582e-05
3714,1.4393171211158853,0.15012898851938528,4584,1.4995154226231408e-05
3715,0.6950132350537315,0.48707671857163337,5436,7.797028642607444e-06
3716,0.6405768422377288,0.5218271342847123,4979,5.524646385712527e-06
3717,-0.14170418226653952,0.8873190469700483,5311,-1.129791784711784e-06
3718,-0.9384251569750314,0.3480793771389239,4244,-1.4940225224371851e-05
3719,0.7300068855307712,0.4654218541005304,4767,7.0606445962042436e-06
3720,-0.5872107296588424,0.5570845884257198,5919,-5.806161807906485e-06
3721,0.9723177109909953,0.3309525687026855,3917,1.0966310976720437e-05
3722,0.3655582583156512,0.7147124891678907,4354,3.8429316414608825e-06
3723,-0.6575747540320694,0.5108372005967763,5872,-5.587326685859499e-06
3724,-0.9643730699096801,0.33490082237297125,5566,-8.833927812560428e-06
3725,0.026078504291597925,0.9791956609145747,5545,2.578413306200336e-07
3726,-1.3285926119071638,0.18404176070775913,5109,-1.1390573280017168e-05
3727,0.8507987638594067,0.3949216146491663,5035,1.087431425811227e-05
3728,0.7980748958092334,0.4248618520027212,5443,6.698578529067506e-06
3729,-1.0520566408810972,0.29282397082376277,5044,-1.1152912553498832e-05
3730,1.4870218442433587,0.13706518046332494,5617,1.6969949244963117e-05
3731,-0.03510409266059978,0.9719982994357104,4488,-3.7756406043088043e-07
3732,-1.5364713453332053,0.12447923466091537,5609,-1.0556659391745897e-05
3733,0.6072223697347631,0.5437328641981951,4672,7.53694479367639e-06
3734,0.28759386225389916,0.7736696512787118,4964,2.041737617086243e-06
3735,-1.1235125069732395,0.26127077871551485,5301,-8.268633941776926e-06
3736,-0.759539906497087,0.4475702494134963,4411,-8.829295883918017e-06
3737,-0.4391940308754417,0.6605399096865894,5006,-4.49135904305826e-06
3738,0.09868472852349992,0.9213932627819199,4238,9.071422622470743e-07
3739,-0.4757962394351888,0.6342370054100956,5955,-2.9154982602644826e-06
3740,-0.25481840487901164,0.7988715186963087,6423,-1.375028328316196e-06
3741,0.3540156797902938,0.7233394488623772,6061,3.589046267044315e-06
3742,0.7935419739868482,0.4274941339975553,5883,7.12421369884151e-06
3743,0.25012776814909415,0.8024989899488717,4919,2.5245947805050735e-06
3744,-1.3102077036043525,0.19020937986437336,3592,-1.8704011465542036e-05
3745,2.3297617035693015,0.01986384313070433,4393,2.8027714168172538e-05
3746,-2.421568353128234,0.015486529803673488,5384,-2.1405305951262493e-05
3747,0.41418135245154253,0.6787641389023933,3890,5.128382014933237e-06
3748,-0.9211400462363075,0.3570225796786519,4910,-9.42164345632357e-06
3749,-0.6426650086653768,0.520467485253441,5669,-7.450892527063432e-06
3750,0.9658590395904293,0.3341597669873595,5186,6.78215169463859e-06
3751,0.18753435266806823,0.8512504767574423,4332,2.3660935906518e-06
3752,-1.4733339382444572,0.1407392487310002,4024,-1.5099272832366554e-05
3753,0.041845534034229435,0.9666246121850643,3010,5.835213959899394e-07
3754,-0.9861996777756665,0.32407817457611543,5545,-6.983416921211558e-06
3755,-1.974893563472488,0.04834295937722377,4379,-2.3024124441415162e-05
3756,-1.2264265921345308,0.22010153622302275,4559,-1.535613288030286e-05
3757,-0.07018290588615586,0.9440503195310426,6267,-5.427469651874666e-07
3758,0.29614614316615284,0.767131912047013,4578,3.9788071489955754e-06
3759,-0.487761537020462,0.6257410773434167,4792,-6.133400481667141e-06
3760,0.6781721687969877,0.4976945533675283,4902,5.993574202792067e-06
3761,0.6446974224389745,0.5191515359236694,5236,6.769910601353676e-06
3762,-0.9116788384551752,0.361981740857501,5003,-7.004603779991926e-06
3763,2.269730084415572,0.023265692670410676,5081,2.9492690693419083e-05
3764,1.2190608129831735,0.22286968313649602,5921,1.27883837009322e-05
3765,0.9812847746870641,0.3265085150103504,4226,9.616179080754966e-06
3766,2.053827037870359,0.04003712008853255,5807,1.750917295517414e-05
3767,1.281337544045206,0.20012201549368092,6338,1.2575237600314124e-05
3768,0.5583485915365175,0.5766325984286178,4767,6.1995551767901224e-06
3769,0.2902383748483673,0.7716450144555362,5406,2.8210160491705995e-06
3770,0.9433271659807898,0.3455754255919268,3686,1.0291728058218479e-05
3771,-0.5522646065445372,0.5807897057566414,5455,-3.73698127572648e-06
3772,-0.5744626360229126,0.5656816643792426,4807,-6.135340865818889e-06
3773,-0.7728533379949855,0.4396449144828276,5113,-6.154424057449054e-06
3774,0.5588559315067958,0.5762862647038682,4774,5.354220069035406e-06
3775,-0.8212356436677428,0.41155755313021003,4304,-1.1437940792547431e-05
3776,-0.02710321626013731,0.9783785535976377,4728,-3.609239400268663e-07
3777,-0.4145583228537368,0.6784805974498964,5800,-3.830906079550741e-06
3778,0.35808613019991653,0.7202933095751805,5231,4.488176559702542e-06
3779,1.3168007967001327,0.18797692633115037,4220,1.1868501221833412e-05
3780,0.6907257959119839,0.48977114970583036,4819,5.279837948993227e-06
3781,1.1135297668724546,0.2655344451720767,5006,1.4737041126821148e-05
3782,-0.04158971140847389,0.9668275028638036,4807,-3.462296244355638e-07
3783,-0.26235882904849306,0.7930563754497642,4674,-3.2510055969096806e-06
3784,0.6372083358122667,0.5240235929305621,4236,6.766587606852783e-06
3785,-0.15751094432753465,0.8748487987057239,4808,-1.8885616820155618e-06
3786,-1.051073872957588,0.29327526620269095,5020,-1.1638952523504863e-05
3787,0.8040504225043836,0.42140349995199733,5363,9.575250293869419e-06
3788,-1.5136308469838886,0.1301890096530256,4547,-1.7955575380764975e-05
3789,-0.637651568903687,0.5237281370922426,5287,-4.286238043853001e-06
3790,1.2655520292508726,0.20572656828951974,5558,1.3882478342144417e-05
3791,-0.0375902202959205,0.9700159058392921,5002,-4.671212183348579e-07
3792,0.5047472275242018,0.613759638639026,4784,6.612466031546405e-06
3793,0.2273033870074055,0.8202004763484627,3678,2.3068258526152706e-06
3794,-1.0374953353633352,0.2995577352112364,4764,-1.2071122766396824e-05
3795,-1.396140938970341,0.16273299077197145,5087,-9.388462057806552e-06
3796,-1.0794475302061475,0.2804492549609434,4270,-1.281653112330651e-05
3797,0.5491151653727497,0.5829459882969146,6266,5.679418949514012e-06
3798,0.041463675379528595,0.9669288214627607,3221,7.004342876751988e-07
3799,0.12534814444055276,0.9002524667050564,5566,1.0069912931712041e-06
3800,0.24805159324871526,0.8041034613196065,5677,2.8583714764638622e-06
3801,1.3804246613523348,0.1675116853857237,5535,1.612192312750792e-05
3802,-1.0073127573836853,0.3138377965612005,4574,-9.440007404785467e-06
3803,0.4706124302399796,0.6379392753887765,4721,3.6651398862239825e-06
3804,-0.7491946223234409,0.45377799528022944,4628,-7.386036723028645e-06
3805,-0.23273056808403197,0.8159806580633524,4751,-3.0877486720819484e-06
3806,-0.08712705356277754,0.9305734943429826,5869,-9.80780537983809e-07
3807,-0.02052804830400176,0.9836228713102197,5582,-2.1899060915527677e-07
3808,0.3023560216858772,0.7623930668839185,5076,2.358431365133172e-06
3809,-0.8944544025908465,0.37112922894494416,4271,-1.0340165799922154e-05
3810,-0.5032796274354033,0.614792189786951,4525,-5.336590699663994e-06
3811,-2.387531484659707,0.017000654849374852,4771,-2.765007054036544e-05
3812,0.008699599461580951,0.9930592533565539,3928,1.1579999053884257e-07
3813,0.0347402445035903,0.9722882068100309,5187,4.2950705677531975e-07
3814,-0.9461409359828391,0.34412977090050845,4309,-1.2406543378601474e-05
3815,-1.4403401534641607,0.14984220596036657,4409,-1.5462900973166423e-05
3816,0.8812581932793143,0.3782173754958138,5392,7.40731089756105e-06
3817,-0.682086137837601,0.49521435396346325,5290,-6.528069790234461e-06
3818,0.323449459501122,0.7463740862321626,3522,4.4020547101688035e-06
3819,-0.34765029547174664,0.7281161058685841,5512,-2.722726290734755e-06
3820,-0.3874304928562548,0.6984526897679721,5441,-3.864916624292762e-06
3821,-0.9628701915810616,0.3356551164997925,5486,-7.965814636917042e-06
3822,0.06617778887735673,0.9472389416889333,4971,8.093727019731234e-07
3823,0.8626837619877088,0.3883537985318042,4876,9.061585489521515e-06
3824,-1.5253529873465248,0.12723918817892654,4644,-1.8854223681556888e-05
3825,-0.6844396867828232,0.4937273601271628,5324,-7.707203829830944e-06
3826,-1.1925064738384736,0.23311497620014565,5415,-1.076772347659409e-05
3827,0.9733431464169376,0.33043103807696594,4880,1.2886364826946876e-05
3828,-0.45395995246678245,0.6498772411033928,5030,-4.986879754040819e-06
3829,1.5546417796481982,0.1201009566518858,4551,1.2856336627339e-05
3830,0.40154746698299487,0.6880357839091213,4593,3.936625588307235e-06
3831,1.4812919592225053,0.1385855177996529,5555,1.6922857560225646e-05
3832,-1.4416148182207282,0.149467142640769,5585,-1.1593574627857804e-05
3833,0.24237613296590388,0.8084971180156888,5924,2.570654612499922e-06
3834,0.6346662246702647,0.5256765073180922,4780,5.963263703530376e-06
3835,0.928994583691159,0.3529338992367075,5339,1.1067889790079698e-05
3836,0.1749631944962065,0.8611157680665886,4911,2.1067033765194515e-06
3837,-0.3626569546457652,0.7168770267102103,4831,-4.507918850125413e-06
3838,0.5805053802046789,0.5616028756237712,4509,6.508357904886152e-06
3839,0.14040916230945846,0.8883424902879415,4901,1.570738914037101e-06
3840,1.143526730391897,0.2528705506697746,5412,1.2816824472728212e-05
3841,0.35910078354107794,0.719535857364195,4692,4.555476953701427e-06
3842,-1.3944945864137972,0.1632615202425205,3324,-1.7932416169200064e-05
3843,0.04849578291326777,0.9613233000836399,4454,4.607595699309533e-07
3844,0.5579224824757539,0.5769191991046134,5709,5.457433365179935e-06
3845,-0.6768658879350848,0.49852847668151945,4184,-7.645162274797385e-06
3846,-0.421363652317362,0.6735058654668062,5554,-3.1744753934354434e-06
3847,0.14188925962223525,0.8871724317548657,5771,1.3043918593471973e-06
3848,-0.0239626414581171,0.9808834823445263,4451,-3.225504331854684e-07
3849,0.17171128054884202,0.8636724548726475,4378,2.02712700582449e-06
3850,-0.1230131032299282,0.9021012594433264,5449,-1.3328446141356288e-06
3851,-0.2707633923213053,0.7865841956001836,5000,-1.929419296706977e-06
3852,-0.47089149989764856,0.6377416843202872,4378,-5.05390876797422e-06
3853,-2.4138979099408524,0.01581999208527285,4812,-2.7174503598557005e-05
3854,0.7505293478869229,0.4529742597192521,4611,8.43246605162069e-06
3855,-1.8957106053085093,0.05805839592605899,4796,-2.039175907853516e-05
3856,1.2991246947266508,0.193955536424272,5507,1.4194680361767286e-05
3857,-0.6598461188910065,0.5093777726593256,6034,-6.523080646064309e-06
3858,0.07956756516316273,0.9365841937912993,5306,6.396132743713903e-07
3859,-0.7063852196945121,0.47998652887201887,4341,-8.194124223084637e-06
3860,0.6596692883380013,0.5094950539601468,5244,5.967460252502121e-06
3861,-0.6131140246937037,0.5398261571033278,5532,-6.7789354200661005e-06
3862,0.014535566192847182,0.9884032164853254,5665,1.616297040642949e-07
3863,1.337554950718972,0.18109677433828408,5510,1.3983189931588884e-05
3864,-1.3178424767032986,0.18761936771845544,4794,-1.5267204723540286e-05
3865,-0.6656945886510781,0.5056486416655139,3630,-8.3152947186393e-06
3866,0.19321295896806517,0.8467999143562897,5081,1.4695896932589374e-06
3867,-0.769784797448505,0.4414596669693567,5664,-7.201277530597988e-06
3868,-0.6905753706227006,0.48986801477578634,4505,-6.704857815878794e-06
3869,0.3701297268898098,0.7112990855958694,5916,4.06658399880099e-06
3870,1.2035420457566055,0.22882527464660551,4859,1.1190391485892026e-05
3871,-0.8390704896840988,0.40146463625983575,5751,-8.43620693715185e-06
3872,0.6923386471351517,0.48875264752003345,5750,5.071528167595974e-06
3873,-2.9642690089729498,0.0030464842475581566,5749,-2.8304846716499694e-05
3874,0.7266553242449918,0.46746525969190356,6047,4.414869462223702e-06
3875,0.23690394983841484,0.8127397610742348,5740,2.583427753659292e-06
3876,-0.6093495365300294,0.5423210479437552,4898,-7.251102020062135e-06
3877,-0.24836996026900782,0.8038608161755665,4035,-3.0619483987222517e-06
3878,0.48200785073609004,0.6298260913214957,4102,4.244985529647463e-06
3879,-0.3135395331589768,0.7538871675893715,3994,-3.8114689354249127e-06
3880,-0.9451864217978171,0.34461267232267456,4665,-9.074441034558366e-06
3881,0.46647982680971684,0.6408915802364681,5213,5.718345459361737e-06
3882,0.9071101333834826,0.36439058465468754,5202,1.1066751765892535e-05
3883,0.8088345007194947,0.4186474594892209,5186,7.30006656111293e-06
3884,0.6427732579644597,0.5204028273510282,4666,7.913432741937175e-06
3885,0.7808370043153865,0.43493999508373804,4441,9.462699636727806e-06
3886,-1.2552727829714398,0.20944708668277245,4357,-1.5293562820910758e-05
3887,0.35772947919126735,0.7205611335833098,4915,3.1795352555908634e-06
3888,-0.4581765392855118,0.6468471673954359,4620,-5.7819197114636435e-06
3889,0.16506443239396457,0.8689006853258314,4499,2.1341683826855344e-06
3890,-2.4497087428042423,0.014326995037484691,5713,-1.6841110269996442e-05
3891,-0.5138631102777136,0.6073696487499487,5174,-5.2842494689656595e-06
3892,-0.9177042686903406,0.3588186590947202,4925,-7.369655561805509e-06
3893,-0.4024731984724823,0.6873560361504203,4254,-4.9667627790407484e-06
3894,-0.5267010798977061,0.5984258991883973,4728,-6.873191341658004e-06
3895,1.036025496042559,0.3002455115239875,4534,1.2162960036009348e-05
3896,-0.5756833676575644,0.5648557586665821,4882,-6.542101124352985e-06
3897,0.5517917026032476,0.5811205841333769,4179,5.9397204236729145e-06
3898,0.12625008206896032,0.8995405696947685,3846,1.5209707876425216e-06
3899,-1.9364071379301366,0.05288256323793816,4350,-2.216299001089951e-05
3900,-0.26577763756431866,0.7904234959698548,4206,-2.535026227862919e-06
3901,-0.5088248599255666,0.6108935012227881,6066,-4.473265743531275e-06
3902,-0.03098997326195221,0.9752787879173406,4941,-2.2672665066925372e-07
3903,-0.30607946084523413,0.7595563077641114,5240,-3.348067859576526e-06
3904,0.2129166950768052,0.83140276032419,4012,2.46386860942327e-06
3905,-0.27202301210992774,0.7856158778815607,4862,-2.6462346208250363e-06
3906,0.1734425445284179,0.8623100238044028,5454,1.898700437170989e-06
3907,0.9217563501508922,0.35669879106668345,5159,1.0563885063612076e-05
3908,-0.3732517607563803,0.7089763459603802,5182,-4.271408070164883e-06
3909,0.4624334147870771,0.6437899158439455,5194,4.926101126501375e-06
3910,-0.9171268220969985,0.3591246466184903,4565,-9.717757866190604e-06
3911,1.0772564459924496,0.2814097877471107,5897,6.590081466719011e-06
3912,0.9861793907098869,0.32408725248141956,5660,8.274349566023945e-06
3913,-2.1007266550120107,0.03571843298054822,4672,-2.272159005106281e-05
3914,-1.6949903531299637,0.09014192361311157,4815,-1.3923187417386239e-05
3915,-0.41086311327831393,0.681194346436429,4108,-5.201218705555796e-06
3916,-0.7225226597665956,0.47000787135974664,4874,-7.513341967535457e-06
3917,-0.4467344773087392,0.6550862382866103,4974,-5.4825329182259035e-06
3918,-0.2024477990783799,0.8395736428217593,5902,-1.3453953644034852e-06
3919,-1.213697880380478,0.22492289207346405,4796,-1.5191580684407008e-05
3920,-0.20635096457540913,0.8365251627344454,5007,-1.6527566826499725e-06
3921,-0.6725680202410589,0.5012517185065124,5257,-7.244146542689463e-06
3922,-0.42320919421657854,0.6721600805816874,5219,-3.4029045423759274e-06
3923,-0.2583627890380864,0.7961367746168324,5403,-3.0963220374121625e-06
3924,-1.0083406181570358,0.3133352955549791,5505,-1.0823778641785117e-05
3925,-0.6513764517865357,0.5148380675364783,4332,-6.223701968860319e-06
3926,0.26880273862421133,0.7880937131069106,4536,3.266228489406853e-06
3927,-0.9922946822595233,0.32111618841714273,3849,-1.3687223624083636e-05
3928,-1.906404906093794,0.056651763860509075,5297,-1.564251641124709e-05
3929,-0.7984461130270567,0.42465391902883454,4487,-9.467619245170789e-06
3930,1.3033390122011796,0.1925212353911614,4826,1.5678861751694683e-05
3931,-0.8613828393778634,0.3890684065674854,5016,-8.693675642013758e-06
3932,0.6580216474223934,0.5105749975235236,2984,1.0618337282486808e-05
3933,0.6761833551097084,0.49894998019292647,6076,7.0511020373228794e-06
3934,-0.3665741221272623,0.7139541106490284,4459,-5.056571219891881e-06
3935,-0.35316970470769177,0.7239759389514675,5058,-3.801233234768989e-06
3936,-0.6482141547125568,0.5168762555089481,4994,-7.661512492582407e-06
3937,0.42574295686798874,0.6703158856978737,4421,5.1851052079613354e-06
3938,0.08980340413658502,0.9284472444306962,4732,9.909039521840959e-07
3939,-1.0485483419688686,0.29445807035957583,3519,-1.568557770176953e-05
3940,-0.6921064933630517,0.4888980977448276,5814,-4.716011853313306e-06
3941,1.0269966946948943,0.30448917233708106,3700,1.524709657913573e-05
3942,0.3514199877988703,0.7252866534811986,5541,2.535844959259202e-06
3943,0.8727057947196925,0.38286134918681025,5531,6.2909639392571644e-06
3944,0.10133994931395408,0.9192845656262694,5130,1.0205396414593798e-06
3945,-1.5265205715213601,0.1269475589982716,4701,-1.2811967779898895e-05
3946,0.45273364391822485,0.6507590012897624,5324,5.544723373048795e-06
3947,0.027401454528673517,0.978140528669522,5521,2.781654840766258e-07
3948,-0.680716325586451,0.4960844797391135,4709,-8.566803505538008e-06
3949,-1.0652364710250193,0.28681856352060375,5183,-1.0235164712852298e-05
3950,0.030003872343663605,0.9760651110225964,5225,2.2030534070264623e-07
3951,1.571815369068947,0.11604735439543701,5862,1.7088282276585088e-05
3952,-1.320328539088623,0.18679651796922592,4247,-1.502660181106294e-05
3953,-1.702194081951735,0.08877217593206765,5845,-1.434463199590557e-05
3954,1.362479765653349,0.17309707475034486,6071,1.3414919811078357e-05
3955,-0.41877396246657905,0.6753999292454256,4838,-3.1843676748380898e-06
3956,-0.021997358100058075,0.9824510057700366,4656,-2.91558427647562e-07
3957,0.6995885394060625,0.4842133958974557,5594,7.787619061629328e-06
3958,-0.0036340764094007845,0.9971005480380881,6298,-3.580081956112874e-08
3959,-1.0203208345410317,0.3076322434564731,4415,-1.2289087180976878e-05
3960,1.2753750178530883,0.20223040306161022,5501,1.29347374156087e-05
3961,0.3845378023868833,0.7005949034226056,5445,2.4818908865031842e-06
3962,-0.32632653929678945,0.7441919272174928,4673,-3.7304137150193096e-06
3963,-0.5439457111942295,0.5865055716111365,4536,-5.618659575085704e-06
3964,0.3293614600916873,0.7418978298252759,4499,3.8116344596918025e-06
3965,-1.404705312855559,0.1601732171588235,4832,-1.8262782660914328e-05
3966,-0.8834036469261733,0.37707327899054555,3858,-9.334587704556235e-06
3967,-1.2930158163798973,0.1960613580508832,5357,-1.107523545957532e-05
3968,-0.44114347028697576,0.6591277546351608,5123,-5.4501939714624505e-06
3969,-1.415109820602222,0.157106005930294,4468,-1.8585410447039233e-05
3970,-0.7642266810142938,0.44476796707182187,5038,-7.036355705320081e-06
3971,-0.5463023048134041,0.5848839513600674,4725,-4.391513540951791e-06
3972,0.18949851365378878,0.8497118686763812,3946,2.797182094522438e-06
3973,1.0087996824777263,0.3131108581982909,6081,6.154016809231361e-06
3974,-0.5608889409218242,0.5748968136492936,5334,-5.541985887419448e-06
3975,-0.34810470703786756,0.727776200947523,5002,-3.3469268022687976e-06
3976,0.12382429725861593,0.901458889544255,5536,1.1303270265548443e-06
3977,0.044712892693786484,0.9643382122443906,4345,5.818269485130578e-07
3978,-0.8337161404416811,0.4044750116537361,5849,-8.28197605666722e-06
3979,0.36081099363498076,0.7182551645215285,5286,3.6096900488725064e-06
3980,-0.12827361285860664,0.8979403586716814,3261,-2.1171166653191068e-06
3981,-1.509321895778642,0.13129427936120552,4065,-1.8849045142547356e-05
3982,0.3418963622047446,0.7324418113580573,5560,3.585850416338108e-06
3983,-1.9190362169001969,0.055041665808430285,4593,-1.874409523590038e-05
3984,0.4246839666490721,0.6710826382841855,5871,3.73199167374555e-06
3985,-0.6087439592672595,0.5427207296008867,5206,-4.036876993131818e-06
3986,-0.40903217482869786,0.6825332114276668,5105,-4.3382325040617855e-06
3987,0.3151745763200717,0.7526414552391076,5327,2.678626856292531e-06
3988,0.12647004585162666,0.8993666550534383,3742,1.400314612895216e-06
3989,-1.587675008298884,0.11242220429534977,5071,-1.681319672266669e-05
3990,-0.39084768056489827,0.6959245184199543,5669,-3.0736957804740664e-06
3991,-0.3321150380645892,0.739816996860883,4768,-4.312490264118628e-06
3992,-0.35584209024283225,0.7219777995524823,3957,-4.359810883318478e-06
3993,-0.522691876915463,0.6012151408496584,4379,-5.715950681215021e-06
3994,1.1114291316416156,0.2664269641370527,6174,1.0731594120109192e-05
3995,-0.08385225994392358,0.9331769935795273,5421,-5.788952510844764e-07
3996,-0.5847048591740748,0.5587762681376218,4386,-5.672665724393748e-06
3997,-0.6387634027168811,0.5230095133751567,4481,-6.804184901398013e-06
3998,-0.5808582124024186,0.5613672208641853,4196,-6.854176485134345e-06
3999,0.05262628177360132,0.9580317498714488,5070,5.353463094820119e-07
4000,-0.9708263946640671,0.33167912238640707,5291,-7.161092507428205e-06
4001,-0.33384232456203494,0.7385113734204745,5457,-2.9778015961555266e-06
4002,-1.2418886911035563,0.21433023347768354,5538,-1.2606682865029331e-05
4003,0.012540477627502161,0.9899948322678693,5908,1.2452856097371875e-07
4004,-1.5298423667188548,0.12610599819228385,6296,-1.107510491253326e-05
4005,1.1562101223457226,0.24766622328838106,3891,1.3880697536952424e-05
4006,0.48472739622011124,0.6278933441952432,4497,4.6540964369253e-06
4007,-0.37894986790881113,0.704742966165588,4502,-4.747234167301658e-06
4008,-1.0166591552644735,0.3093571072631005,5927,-9.929103035052456e-06
4009,-0.2141066342336956,0.8304720177846885,5380,-1.9226625424138435e-06
4010,-0.2907809344149285,0.771229709365284,5563,-2.010087014410265e-06
4011,-1.2401122723635871,0.21498442077358493,5757,-1.1882630373162519e-05
4012,-0.7648002849503068,0.44442436916628214,5326,-8.997526206956672e-06
4013,-0.9941663171447387,0.32018461376537566,5633,-1.0211160393396679e-05
4014,0.2515905793535654,0.8013706889370678,3933,2.6378476060758443e-06
4015,-0.8094852638437765,0.4182702910058058,5630,-8.982927947953244e-06
4016,0.8571085655782397,0.39143189838475,4370,1.0864960973571378e-05
4017,3.0840891310865546,0.002051072741636295,5984,3.2574061327512476e-05
4018,-0.2983547422633168,0.7654494240761527,3648,-3.508334060715332e-06
4019,-0.7865284061761663,0.43159157752027966,5549,-7.654897450504534e-06
4020,1.5505821862399476,0.12105483253540816,5973,1.5020978915554081e-05
4021,-0.4823984281531712,0.6295461633078769,4547,-4.234141452875517e-06
4022,1.6197438591105022,0.1053485615730283,5149,1.1921852119844922e-05
4023,-0.28142185548789456,0.778398944905877,4818,-2.704646869607671e-06
4024,0.06678388177250406,0.9467569032420462,4242,7.155386639259271e-07
4025,-0.22335565183686523,0.8232670682889174,5464,-1.93726749890092e-06
4026,-0.3949192516000305,0.6929197697109797,4873,-4.436031464566035e-06
4027,-0.18746055439498283,0.8513064470347738,5514,-2.1827280567531707e-06
4028,-2.6686184603711998,0.007644514130200841,4373,-2.239698478059857e-05
4029,0.6430852118602055,0.5201983941904875,4985,5.117071598725813e-06
4030,0.021817832465538055,0.9825942207854137,4576,1.7178343099049907e-07
4031,-0.764728280254941,0.44446987600373333,4943,-6.814329401878266e-06
4032,-1.348513786875187,0.17755653381278091,4822,-1.4529710002691843e-05
4033,0.6497781035184985,0.5158678069016074,4630,8.840850819910817e-06
4034,-0.932462066800978,0.35114077566554625,5237,-1.1495150678188216e-05
4035,0.15423684693917492,0.8774283224167041,5838,1.477476833021213e-06
4036,-0.34591944190209484,0.7294140826448086,6723,-2.337167353769953e-06
4037,0.36369598572359507,0.7160974140540115,6215,3.5970788348252527e-06
4038,2.0460288440044843,0.04081988359249622,3935,2.270334356561157e-05
4039,0.03527767264671922,0.97185964916355,5326,4.1406087840122114e-07
4040,-0.0456291057078521,0.9636078376989994,4632,-5.929980167799723e-07
4041,1.4597762928774627,0.1444064055630705,5729,1.6065468209153834e-05
4042,0.3540195589555467,0.7233417912563427,4250,4.76739158353009e-06
4043,-0.472943027147321,0.6362736844909913,5199,-5.244535889686716e-06
4044,-0.1880313464656088,0.8508588852069154,5606,-2.2174770038673237e-06
4045,-0.8745507156390558,0.38186272250705633,4741,-7.210698234133548e-06
4046,-0.7385106332102156,0.46023273224169214,6077,-5.187361602432276e-06
4047,2.1887850925477372,0.02866594999885419,4310,2.5966750475949273e-05
4048,-0.31933945639827505,0.7494812658738899,5491,-2.847548614295688e-06
4049,0.9734898744041857,0.3303502370925089,5837,1.0553187427270578e-05
4050,0.39217564562727636,0.6949460104361669,4757,4.2777398989975924e-06
4051,-1.068758386321036,0.28523599638428165,4492,-1.1881553770622903e-05
4052,0.5384328350875939,0.5903126597082902,3485,7.695311858062022e-06
4053,1.330686405701777,0.18338105980658947,3416,1.4860138528136123e-05
4054,-1.933075260107749,0.0532867818627587,4712,-2.045759380729024e-05
4055,-0.707129990917158,0.47951530331405356,5567,-5.525594493641413e-06
4056,-0.8458410725519117,0.39768076012280096,5144,-1.0160196813677044e-05
4057,-0.5849181662514434,0.5586313813879697,4609,-6.635769647672217e-06
4058,-0.20731320497735847,0.8357748688437168,4395,-2.0838716811081663e-06
4059,-0.8110724860772703,0.41736061018843307,5280,-7.223564821537525e-06
4060,-0.1053674205501991,0.916087952320257,5735,-1.0593192185541095e-06
4061,0.4239595174578862,0.6716116328494648,5597,4.9609761964439165e-06
4062,-0.0649105842862393,0.948248044891844,4551,-6.858953904749869e-07
4063,0.22626098430309283,0.8210066174742989,5657,2.4676334977574242e-06
4064,0.22306935478342313,0.8234915974817225,4526,2.7714611934895217e-06
4065,2.1937605395879336,0.02829871006020479,4978,2.262008832833118e-05
4066,0.42842301531450155,0.66836747870832,3797,4.53112753493685e-06
4067,0.17794183945020883,0.8587772930795421,4172,2.3027033677504636e-06
4068,-0.5402086622935401,0.5890830346800855,4025,-6.957826106832371e-06
4069,-0.6510030177918457,0.5150732157773468,5217,-4.621144867665772e-06
4070,-1.6135904621439634,0.10668312035300609,4722,-1.786799683487345e-05
4071,0.9195759616879035,0.35784919917433755,4048,8.408863601132634e-06
4072,-0.1789351213452991,0.8579960913948421,4869,-1.3175950704032904e-06
4073,-0.283302137053904,0.7769561740483313,5364,-2.678159668377139e-06
4074,0.5430811093427267,0.5870983375021877,4966,5.045139043320183e-06
4075,0.8890103679772954,0.3740415795566321,4853,7.116985513042026e-06
4076,-0.6516310723387367,0.5146693767317121,4963,-6.400235231921544e-06
4077,0.29827759253568603,0.7655092880181158,3447,3.4116016126440423e-06
4078,1.1670078248528915,0.24327192184739999,4301,1.0988606369346607e-05
4079,0.3487704248568355,0.7272761851429683,5059,3.389802441752755e-06
4080,-0.7655681937685862,0.44397050591372555,4854,-6.539047897411432e-06
4081,-1.6743771555612106,0.09411773024529646,5108,-1.981628197612593e-05
4082,0.40046562311238587,0.6888293880316003,5419,3.5458319209415163e-06
4083,1.2227152817665525,0.22148836157006468,5639,1.3008759962485884e-05
4084,-1.6812631228207457,0.09276478960817203,5896,-1.331970332605995e-05
4085,-1.0296139204964792,0.3032363077388964,5531,-1.0409066452816452e-05
4086,-0.20710116026803135,0.835938617338984,5434,-2.2526039191257892e-06
4087,-1.320101069211299,0.18685858819754708,5273,-9.920719111987703e-06
4088,0.023821425759263014,0.9809962176861171,4070,2.616240048671737e-07
4089,-1.1743332820573038,0.24033495158410134,3811,-1.1774554472322849e-05
4090,-0.7983612811485543,0.4247020526454419,4604,-8.5215867578086e-06
4091,0.7360853888773415,0.46172174600866756,4015,7.62127345466658e-06
4092,0.15028319300955575,0.8805473216920934,4946,1.8097617390074651e-06
4093,0.9735210699858827,0.3303407368505469,5082,1.1447580668489096e-05
4094,0.4592937241143975,0.6460401177960948,5921,4.438863374705079e-06
4095,-0.03140362098084355,0.9749490539049157,4476,-2.624565734444661e-07
4096,1.991315557793688,0.04649394865730039,5690,2.214731863561093e-05
4097,-0.782550580356548,0.4339362766452961,4100,-1.1448841952840808e-05
4098,0.7294930512178488,0.46573464720556634,4949,6.086324363933092e-06
4099,-0.5732327787075184,0.5665123270612473,5109,-5.087129160983877e-06
4100,-0.8110894422867371,0.4173629791951641,3967,-8.3297830261576e-06
4101,-1.2431856522248903,0.21386014725486335,4801,-1.1196632300550027e-05
4102,0.26809153615767484,0.7886387348013342,5601,2.39115628894603e-06
4103,-1.523905188782114,0.1276019555413852,4547,-1.4963396864188062e-05
4104,-0.823577334339415,0.41021775497363944,5170,-7.640706659309735e-06
4105,0.5353024656358991,0.5924583825442191,6741,2.4457295422502266e-06
4106,0.5885510866843059,0.5561850297284807,5889,6.6764371855056844e-06
4107,-1.5514537004861606,0.12085231021156506,5336,-1.734523598236224e-05
4108,-0.2971791504669253,0.7663405564103822,5707,-2.8493305656635357e-06
4109,1.581210885981552,0.1138817403769341,6093,1.691735132699254e-05
4110,-0.7975660876707553,0.42515730875722246,5416,-6.28791149432364e-06
4111,1.5631161183224878,0.11807519504490394,6341,1.4924417515985159e-05
4112,0.27128944988365755,0.786180400515994,4675,3.3668235071317796e-06
4113,0.3204468519363282,0.7486458725658522,4119,2.728925288198713e-06
4114,0.7459872460904405,0.4557106653359235,4934,5.5119874487791595e-06
4115,-0.26791007159915287,0.7887818171183816,4163,-3.361142742662862e-06
4116,-0.9652863358483983,0.3344450603452729,5349,-1.0482668716188976e-05
4117,-0.8327410821169475,0.40503032158085617,5029,-7.902409946415029e-06
4118,-0.8367076770864513,0.4028016302296882,4471,-8.88449071849018e-06
4119,0.30543153646003746,0.760054239446526,3800,3.1868021977292966e-06
4120,-0.9689629764928827,0.3326171266981133,4384,-8.899729294994687e-06
4121,-1.1554787216655638,0.24794641136086137,5313,-9.132219653048781e-06
4122,-0.1335621519306753,0.8937558553156468,3818,-1.7228871782171878e-06
4123,-1.9019620253038727,0.05722713543255753,5628,-1.668080380430098e-05
4124,0.06814110287177055,0.9456757669954705,5548,7.353684396398107e-07
4125,0.4854112410428069,0.6274052487420154,5166,5.262989371816458e-06
4126,-0.2768105987787491,0.7819395679827466,4080,-2.809341999050681e-06
4127,-0.1421649337815644,0.8869568746960514,4009,-1.5130815308262303e-06
4128,0.25827097427249895,0.7962061099463535,6386,2.4107754965605337e-06
4129,-0.7688525872185973,0.4420174116602589,4964,-7.482509201612581e-06
4130,0.5827882914542952,0.560064002231853,4665,6.0616023998684456e-06
4131,0.10865523389385955,0.913480402312145,4897,1.3555292814308653e-06
4132,-2.110879543567317,0.034830368384353605,5191,-2.1062019007430818e-05
4133,-1.495185779080976,0.13492327319212571,5507,-1.3012083071787337e-05
4134,0.7150438795570113,0.4746126879872117,5428,7.677833382077006e-06
4135,-2.0584758034014743,0.03959410772165639,5210,-1.7885550057762375e-05
4136,-1.1528732000315967,0.2490070230216057,6181,-1.1043722852515848e-05
4137,-0.499512098980713,0.6174449492898928,4182,-7.074751270283005e-06
4138,0.8874802276333946,0.3748581829881448,5651,5.279615267560783e-06
4139,0.9380789816993352,0.3482590378569752,4104,9.597201260181004e-06
4140,0.7577679688043801,0.44861825698902313,6298,4.067792773016854e-06
4141,0.18759826675507812,0.8512009572493286,4062,2.1606023561014553e-06
4142,-2.3641898140813367,0.0181094008264151,4770,-2.833193697346381e-05
4143,-0.5622767531212024,0.5739558720885869,4439,-6.93643380834001e-06
4144,1.5184985193519807,0.12895093987095718,5086,1.8685555729265643e-05
4145,-0.558033591810022,0.5768476024008633,4777,-6.0244568553037235e-06
4146,-0.29293172782219595,0.7695870573893488,4779,-3.169440481115814e-06
4147,-0.11077184528490241,0.9118018974984894,4807,-1.4101029431641406e-06
4148,0.19605172587808695,0.8445786621996567,4436,2.6913593902034447e-06
4149,1.7134179325803454,0.08668953483171382,5756,1.9403434867076546e-05
4150,-1.1741732576732617,0.24038868035298266,4436,-1.2305461752205535e-05
4151,-1.789140776981824,0.07365848009364173,4562,-2.0156297499116916e-05
4152,-0.7543487397649639,0.45068117957483267,4298,-6.76519195871809e-06
4153,-0.21710420605631925,0.8281374169808444,4309,-1.9615591893066912e-06
4154,-0.3604504774256022,0.7185271344283637,4519,-4.440351628774978e-06
4155,-0.5127333743600779,0.6081572295248416,5842,-2.9788857311602624e-06
4156,-0.3996241258387524,0.6894500794131346,5113,-4.277576018666588e-06
4157,1.5213224916216534,0.12824461975389023,4814,2.001607508077863e-05
4158,0.04360535627261265,0.9652204581801929,5899,2.946077695855303e-07
4159,-3.0014948496583997,0.002699088498840485,5304,-2.292425220501082e-05
4160,-0.515040408283146,0.6065473972246294,5035,-6.452873806397359e-06
4161,0.10764676236260191,0.9142798465427371,5475,1.1919002979300842e-06
4162,0.3365938630001952,0.7364349376764032,5959,2.054939019408193e-06
4163,-0.4792434521738409,0.6317945304987385,3604,-6.548194187606705e-06
4164,-2.508692533739813,0.012158661719535724,3852,-2.8280055005307143e-05
4165,0.49306639862118756,0.6219839943171119,5910,2.737789845287794e-06
4166,1.1585042853239211,0.24670392548790732,6065,6.450576673210464e-06
4167,-0.6627958116762113,0.507488590324757,5606,-6.212588058375767e-06
4168,0.2566211427371461,0.7974806236572243,5634,2.9245833598481326e-06
4169,0.9120933491370037,0.36176315134099735,5047,1.066437295764358e-05
4170,0.2675229318065996,0.7890784608238044,4637,3.151026184391646e-06
4171,0.16243839733785562,0.8709656318670094,6570,1.3753118155770344e-06
4172,0.46722381911600863,0.6403575384468212,5725,4.62420824473441e-06
4173,-0.8292077210172671,0.40701905860301313,6151,-5.041304017031386e-06
4174,-1.147255216735143,0.25133816789774177,4427,-1.2391015769417527e-05
4175,0.5534742898842641,0.5799724422225099,3666,6.011497850517487e-06
4176,-0.19086263272110188,0.8486405799379941,5263,-2.2586455210506036e-06
4177,-1.0787809891486377,0.2807469984339277,4223,-1.1328927716554704e-05
4178,-0.015092679299577923,0.9879589013475667,4563,-1.9505577834029754e-07
4179,-0.40305421986379747,0.6869234439839176,5705,-4.039468419401729e-06
4180,-0.1942711652851391,0.8459703274617423,5834,-2.1430512911757287e-06
4181,0.7197180152018582,0.4717331123497588,4879,6.778615906007854e-06
4182,-0.9416035420004784,0.3464364466120533,5577,-9.12985507461763e-06
4183,-0.0181691042769029,0.985504680424834,4962,-2.3013677885464942e-07
4184,-0.7262356359463653,0.46772900983271404,4902,-8.997575399813847e-06
4185,-0.6285710345542215,0.5296620370544751,4472,-6.28449197048013e-06
4186,0.03809067588326316,0.9696166655068752,5941,4.0175075630766444e-07
4187,-0.23446018985038874,0.8146400813813237,3889,-3.2643453255120003e-06
4188,0.10248474865239374,0.9183761997939841,4800,1.355040881859208e-06
4189,-1.3376434020947272,0.1810772252839239,4716,-1.3498819990246524e-05
4190,-0.06750066614865399,0.9461854741518656,5762,-7.029371971170601e-07
4191,0.5779326610870922,0.5633415557348331,4071,5.5254289790687256e-06
4192,1.223516941081844,0.22118593348341586,5607,1.3413435611354241e-05
4193,-0.21255542567860247,0.831680818723828,6123,-2.0939908044187446e-06
4194,0.31730478122043776,0.7510243591776284,5517,3.362042554449828e-06
4195,-0.6393374103512507,0.5226443618997201,3581,-1.0098817938200772e-05
4196,0.5593683677878976,0.5759330718454396,5513,6.030119050181689e-06
4197,-1.3399226485044766,0.18033959243759567,4407,-1.5385071604416494e-05
4198,-0.9347939810126221,0.34994382874277097,4575,-1.1993229098439482e-05
4199,0.04894157883542383,0.9609684793742026,3723,7.841019876966169e-07
4200,-0.5869811242196836,0.5572397626502763,5669,-3.6966783884117894e-06
4201,1.062809415383943,0.28791018706160765,6141,1.0825495544027539e-05
4202,-0.24045921005177204,0.8099830177876968,5643,-2.2736238914608576e-06
4203,-0.04068326109705802,0.967549736370739,6107,-2.3766914539534316e-07
4204,-0.10255028940659296,0.9183239778088614,5041,-1.1062850334322838e-06
4205,-0.6900264446083767,0.4902167750791788,4084,-7.982391233247505e-06
4206,-0.0411045559774108,0.9672140887705245,5308,-4.728142395544578e-07
4207,0.8463846802464177,0.39737733265909014,5174,1.0150093871217095e-05
4208,-0.5127827708024499,0.6081241072734727,5440,-5.325768414237175e-06
4209,0.2585284503739344,0.7960084374291727,5696,2.75484419974261e-06
4210,-1.2160107711163195,0.2240439847925384,4545,-1.1939425621552853e-05
4211,-0.4865897238958145,0.6265663429145407,6188,-4.353040552620424e-06
4212,1.3437212177465534,0.17910905906902874,4325,1.4232537141938323e-05
4213,0.021582381942666408,0.9827818700507418,5503,1.446107952429478e-07
4214,0.9753459163190017,0.3294377802874662,4808,9.228946153417286e-06
4215,-0.09239521374402633,0.9263882407305024,4409,-8.552651340152284e-07
4216,-0.22089477128792576,0.8251845763325094,4419,-2.081649825532753e-06
4217,-0.8122353425190784,0.4166972722350719,4755,-8.036066902034621e-06
4218,-1.3897684172237899,0.16466387839751073,4785,-1.5449703489202852e-05
4219,-1.2032572012902527,0.22892303161110172,6163,-8.94451818122934e-06
4220,-0.3787016023420108,0.7049263210617891,4770,-4.4525201255604506e-06
4221,0.4754738761204352,0.634473754171446,4239,4.516958324669974e-06
4222,-0.44945602818664926,0.6531205620005744,5461,-5.092283626552427e-06
4223,-0.18478582641400307,0.8534033496750955,5926,-1.1442796211595572e-06
4224,-0.24719591248774517,0.80476736200882,4720,-1.918122679881432e-06
4225,1.1756550298473065,0.23978216153831133,5666,1.3502273847962976e-05
4226,-0.8348883574992161,0.40383646759533054,3569,-1.0480476064213053e-05
4227,0.4636920671738387,0.6428874019823887,5307,2.929524908216448e-06
4228,0.4675958128219801,0.640096603045957,4442,5.265305853948396e-06
4229,0.1278011957313851,0.8983114025091725,5041,1.3306717665008329e-06
4230,-0.7825009707410753,0.4339557438765189,5216,-6.102115935136895e-06
4231,-0.23033278410895708,0.817842088634309,5294,-1.507723844086786e-06
4232,1.3016196414599506,0.19309856010603244,5754,7.806490835512916e-06
4233,0.42669637709419606,0.6696186030958775,5072,5.19094950679576e-06
4234,0.015360601058569952,0.9877451960811641,4375,1.6460938868280667e-07
4235,0.5431500843229291,0.5870472289844839,5833,5.49038633956322e-06
4236,-0.3698776902509888,0.7114868290807626,5933,-2.510748035757074e-06
4237,0.4747371579420775,0.6349914198256084,6067,2.452017237810517e-06
4238,-0.5468103690648615,0.5845333470412828,5016,-5.237637552093526e-06
4239,0.49518349321065463,0.6204902333403441,5543,5.449873579794309e-06
4240,-0.46615713557911465,0.641121425912017,5520,-5.263582109718485e-06
4241,0.1314646727022797,0.8954126541075875,5373,1.286616568590692e-06
4242,-0.2081858347276509,0.8350927307691025,4785,-2.7352355007524678e-06
4243,-0.4836149781596865,0.6286786365480723,5433,-4.162833224346139e-06
4244,-0.7604523659152816,0.4470203638352861,4963,-6.051084319218534e-06
4245,-0.11377693779553108,0.9094200901784391,4177,-1.3074984498595285e-06
4246,-1.1283817962026377,0.2592051278392633,5833,-1.075132332267501e-05
4247,-1.3926205782107761,0.16379876464799903,4823,-1.2610060037596259e-05
4248,-0.9310255664517778,0.35188211417526283,5381,-1.0241387242529134e-05
4249,-1.8390150983554001,0.06597486656000795,4788,-1.6549100745764172e-05
4250,0.1813484212291198,0.8561030241859262,4120,2.064433628631643e-06
4251,0.3721030070087285,0.7098295920389828,5870,4.0744465582073435e-06
4252,0.031654424744336135,0.9747489556897584,4804,2.8430029016157266e-07
4253,-1.1352897099230799,0.2563090419553704,4940,-1.278311118629858e-05
4254,1.2938919379895997,0.19574914294340973,6442,6.479619095648688e-06
4255,-1.1361113115306845,0.2559585377506306,5608,-1.0395635035417063e-05
4256,-0.15732433533963894,0.8749959107318501,4764,-1.2641965927348816e-06
4257,-0.5351205988744187,0.5925904511861371,4962,-6.17582059185817e-06
4258,-1.3936375051284289,0.1635027054895939,4097,-2.0091449448597925e-05
4259,-1.7204445952545504,0.08540518869464386,5780,-1.3588861625750731e-05
4260,-0.29718114986413124,0.7663395841397658,5429,-2.053387618757297e-06
4261,0.04106006741606713,0.9672498406389372,4477,4.5199935335301523e-07
4262,0.9180532128491445,0.3586373468779527,4779,9.741852834375796e-06
4263,1.1151670552891364,0.26483605188062653,4685,1.4341595745474301e-05
4264,-1.298754646923574,0.19408996411385138,4845,-1.4597980446724745e-05
4265,1.4477429291588046,0.1477694004948189,3898,1.9141508867237405e-05
4266,-1.7792691970115053,0.07527189570601989,3983,-2.3125441407729636e-05
4267,0.16438564725964866,0.8694343614256799,4887,1.8622629213580353e-06
4268,0.934807518611322,0.34993836370477815,4439,1.269244789331948e-05
4269,-1.747695416995794,0.08057799404063859,5015,-1.453524461157233e-05
4270,-0.20910567481926395,0.8343738221162367,5274,-1.4699729969674806e-06
4271,-0.9574703055454264,0.3383773775259904,4879,-1.085761422052704e-05
4272,0.15787088058846607,0.8745649551075501,4973,1.1847043699163898e-06
4273,0.5415479233649336,0.5881535433319804,5120,6.363031468645888e-06
4274,0.8731364499600287,0.382626524136483,5545,9.774204476811776e-06
4275,-1.1303074730382654,0.2584143046886389,4010,-1.3535096865519966e-05
4276,1.336275170235747,0.18150749551739231,6316,1.039543943573514e-05
4277,0.45647692121175376,0.6480743959770572,3628,4.909543654648976e-06
4278,0.34551959996069703,0.7297194375953939,4642,2.73136836541725e-06
4279,0.6437657768682368,0.519756327853389,5092,8.174036856339646e-06
4280,-0.21440938347361715,0.8302390949338814,3880,-2.281874689087664e-06
4281,-0.9470164366300953,0.34369147098505226,3748,-1.1267807787485559e-05
4282,-0.31413688792522937,0.7534353728038254,3582,-3.564019752220686e-06
4283,1.2317339100309899,0.21811246122547234,4529,1.1494762765726158e-05
4284,1.0784543979614052,0.28088450044496227,4865,1.2281217553001987e-05
4285,0.9177345936320779,0.35879556907582444,5866,1.0045949698786371e-05
4286,1.0620949605815908,0.2882487609027464,4566,9.534032125763108e-06
4287,-0.2545424032393538,0.7990850737925386,6141,-2.4723032830402287e-06
4288,-2.313759589651497,0.02071346458619927,6199,-1.8950044168008345e-05
4289,1.191459908248383,0.2335304532118594,4930,9.157716500822246e-06
4290,1.1665237724548783,0.24347552391952632,3823,1.4363663358307483e-05
4291,-0.47910650313840547,0.6318819110421772,5501,-3.191481312655926e-06
4292,-0.7414053090635085,0.4584852075021755,4646,-8.244434260162009e-06
4293,-1.5852877013503284,0.1129567184339062,5674,-1.2051336762658548e-05
4294,0.014589332077048494,0.9883604110645736,4844,1.5428681088359812e-07
4295,0.08902322063836139,0.9290679272529379,3988,9.319691540867043e-07
4296,0.7362118860034204,0.46164599244346993,3905,7.450715051941278e-06
4297,-0.8478151202819556,0.39657940000776315,5277,-9.352256559037095e-06
4298,0.8190077232329936,0.41282145912148627,4948,6.0497274683261254e-06
4299,2.0893076006686733,0.036738844814160565,4289,3.08503476612503e-05
4300,-0.4451489257715544,0.6562299797994497,5400,-4.877948564990931e-06
4301,-0.9252068603155086,0.35489530910676903,6036,-7.0933732297523295e-06
4302,0.1726649158371249,0.8629210982955449,5569,1.6950757603926542e-06
4303,0.2338992055213597,0.8150733162734642,4748,1.7790671171969357e-06
4304,-0.5115132272823398,0.6090244358522834,3454,-5.783469222890492e-06
4305,-0.7868687279296653,0.43139279252949914,5473,-9.18968731907813e-06
4306,-0.5601022267963972,0.5754370811023888,4585,-7.405369003921786e-06
4307,-0.8465464044908738,0.39728219892601047,5924,-5.485711570632719e-06
4308,0.6993525541957712,0.48435980963877867,5794,5.9781816483134176e-06
4309,-0.9351398071440894,0.3497575719826247,5466,-1.0128710291729813e-05
4310,-1.489672654429537,0.13637392269442827,4960,-1.5732489512651515e-05
4311,-0.3843101772657634,0.7007652764794945,4891,-3.556691278076931e-06
4312,-0.37152810547388954,0.710264994561618,3791,-4.119025506049651e-06
4313,-0.9713348512473036,0.33142826449009966,5031,-8.496797150732311e-06
4314,0.26213644367925226,0.7932281435595256,4541,3.903707729693128e-06
4315,0.6733611946480624,0.5007444665952239,5778,7.29440228978255e-06
4316,-0.3954282483869299,0.6925459871704844,4412,-4.866060900228961e-06
4317,0.6399138742250653,0.5222676753639188,3752,9.601558525839258e-06
4318,-1.9394331230697026,0.052500113028863815,5456,-1.2543878824379246e-05
4319,-1.8378726755618389,0.06614798829232615,4438,-1.9789460661847274e-05
4320,-1.0448596882030738,0.29613238162246036,5669,-8.414813908366708e-06
4321,-0.6874907327763619,0.491802086501552,5586,-4.593300383034775e-06
4322,0.6744685571915702,0.5000412414692903,5615,4.745902858462174e-06
4323,-1.3679262534337422,0.17140682448388356,4290,-1.900108050555124e-05
4324,0.6716699983849185,0.5018237519771005,5182,8.423685501951825e-06
4325,1.7668258734482958,0.07731732581779793,5090,1.3567866115990545e-05
4326,1.226615925768822,0.22001865229491924,5590,1.3713740468885677e-05
4327,-0.5171118468013742,0.6051027534072313,4637,-5.2047161402992966e-06
4328,-1.1986144669656735,0.23074127518356358,4482,-1.4370416700498854e-05
4329,0.23737737034465148,0.8123736711749365,5052,2.2213902121269763e-06
4330,-0.21719920676351712,0.8280617893923701,5102,-1.7295629877785501e-06
4331,0.6283243007767121,0.5298235022486524,4487,7.768343846244023e-06
4332,-1.0753668417939088,0.2822589329026084,5360,-1.1205211610902861e-05
4333,-1.418984994429986,0.15595287692698978,6299,-1.3779333926051249e-05
4334,-0.7465829932333602,0.4553468840336994,5561,-6.671331647357978e-06
4335,1.0327767132706243,0.30176075188230334,4772,1.0782906223501708e-05
4336,0.02773641889389305,0.9778733459078852,5712,3.096768253786021e-07
4337,1.6473995706943925,0.09952676597399135,6183,1.7187446805137844e-05
4338,2.063150097086704,0.03914620568189253,5385,1.3772130026954977e-05
4339,-0.049428802560827274,0.9605795182740064,5081,-4.032631225295211e-07
4340,-0.5143867968086675,0.6070034189382876,5208,-5.407230672630229e-06
4341,1.1092222973584118,0.267378225110098,6073,1.2001360129516173e-05
4342,1.2120678445278532,0.22554846071387114,4616,1.5028905742215413e-05
4343,0.01812574784869822,0.98553919474015,5503,2.056474298691697e-07
4344,1.0285158313959224,0.30376954492782704,3994,9.763467805287278e-06
4345,0.9664562415871623,0.33387301906149935,4095,1.0560835127915763e-05
4346,0.013807586779233992,0.9889840168967514,5226,1.602096413725206e-07
4347,-1.1607065132859589,0.2458111049323004,5561,-1.228951736309699e-05
4348,-1.1018308532418288,0.2706175899482559,3220,-1.818666311723823e-05
4349,1.2462735319312204,0.21272477261998635,4804,9.21903296824509e-06
4350,0.7956260578740408,0.4262898711260945,4669,7.174660363732575e-06
4351,0.041967946321079266,0.966525868517683,5180,4.6424345934987303e-07
4352,-1.1035924780700186,0.26981809731443906,5517,-8.74942432608802e-06
4353,-1.849825146996149,0.06440437714340086,4494,-2.4912034115418855e-05
4354,0.37116851075141116,0.7105258927449083,5671,3.977589278142351e-06
4355,-0.3556676849001319,0.7221028878882358,5583,-2.471026817586056e-06
4356,0.5816576471041158,0.5608233182369649,5041,6.456060932157337e-06
4357,-1.384569280652655,0.16624625331280685,4980,-1.2980141746910882e-05
4358,-0.9315355459331685,0.3516209435796265,5073,-8.478434951697732e-06
4359,-0.5201233775736852,0.6030100636425115,3546,-6.390362686860997e-06
4360,0.6517714025487198,0.51458216150906,4471,5.344776035310222e-06
4361,-0.7143345588192924,0.4750480975375275,6005,-6.964241913585981e-06
4362,-0.6415492229690689,0.5211950043223834,5055,-5.284641703107018e-06
4363,-0.48581502891226996,0.6271187244873806,5217,-4.911433563973116e-06
4364,1.381632816670011,0.16717771794821612,3311,1.513291777164899e-05
4365,0.0035370371873563776,0.9971779968868468,5100,2.7992646363292104e-08
4366,1.232837981814642,0.21769713899063436,4758,1.2799551679082587e-05
4367,-1.8725658615292058,0.061183497711692514,5289,-1.424738788888551e-05
4368,0.983488881448116,0.32540627128170674,6042,9.977899953663598e-06
4369,0.47941052651823857,0.6316745848496073,3748,5.3693008301540705e-06
4370,0.5899743406961403,0.5552380445877225,4416,7.333322759003706e-06
4371,-1.2055896565536115,0.22803139651408433,5127,-1.1257152273756344e-05
4372,0.028292008517377384,0.9774303103647382,5347,3.0947348482647124e-07
4373,0.6085473071837433,0.5428590342452857,4008,7.043523726186288e-06
4374,-0.5165491014325905,0.6054926532384775,5265,-5.433561389355787e-06
4375,0.7256808216176361,0.46806614415493497,5361,4.827827037694436e-06
4376,-0.9021363702586006,0.3670287541663133,4903,-1.1354669993065615e-05
4377,-1.661708498372367,0.09664047501536643,4528,-1.5746911807741478e-05
4378,0.8602523334667382,0.38969684258334536,4400,6.847739026374151e-06
4379,-0.073497189997045,0.9414134042239848,5028,-5.829642333597101e-07
4380,-2.1674938431507305,0.030243142627783826,5123,-1.6616510497675614e-05
4381,-2.1107778362121836,0.03483796064806022,5320,-2.1491685777896782e-05
4382,-0.34264023653936404,0.7318874476590698,3932,-4.320977253835054e-06
4383,1.4033810458854155,0.1605528653676942,6258,8.16199488581431e-06
4384,0.5496144719185816,0.5826066564040788,5378,6.271617443890176e-06
4385,0.6462583615814165,0.5181374302812636,5844,6.751995855746781e-06
4386,-0.39739630906621437,0.6910993594743835,3517,-5.504991176143601e-06
4387,1.7062717772168214,0.08800974512319382,5943,1.7754789599308832e-05
4388,-0.6177683595676018,0.5367601895984988,4377,-6.667503379035959e-06
4389,1.527121558624752,0.1267844546746506,5894,1.6615195374817035e-05
4390,0.9343835097364634,0.3501457718806127,5688,5.839088874341537e-06
4391,0.18869654873847239,0.8503396769028457,4246,2.4846189515708275e-06
4392,0.04648507153674364,0.9629265856610798,3144,7.049658640098109e-07
4393,-0.08480978942870646,0.9324156980749405,5500,-1.0085140490716511e-06
4394,0.15913709282668287,0.8735664363148583,5769,1.6573259763594806e-06
4395,-0.9628543969248612,0.3356649177343649,5254,-1.1054902820767003e-05
4396,0.486968927495584,0.6263017658493184,4985,3.93884020934529e-06
4397,-0.06543635323621604,0.9478296777498825,4224,-6.889466052301578e-07
4398,0.4883998633272697,0.6252883389752615,4936,5.911589493401192e-06
4399,0.0130406228114196,0.989595930377335,4756,1.238125261405212e-07
4400,-0.5747138617163687,0.5655108490546041,4970,-3.758037290089092e-06
4401,0.10129298641741964,0.9193214708399053,5662,6.730915018294074e-07
4402,0.5543571914673628,0.5793549958490671,6025,4.252823699620535e-06
4403,-1.5309557084774135,0.12584241017695286,5097,-1.550413806642148e-05
4404,-0.6879875967439422,0.4914861773439063,6238,-6.6501186563560325e-06
4405,-1.041477446458045,0.29770340219530467,5099,-1.03976939454218e-05
4406,-0.08732924284048874,0.9304144606822289,3761,-9.358229298894163e-07
4407,1.3354261825866542,0.18179111827861005,5607,1.5077961432061834e-05
4408,-0.20856814371825283,0.8347937595504633,5071,-1.76933450721647e-06
4409,-1.0611053417624292,0.28868734556593734,5656,-1.0793890904716903e-05
4410,0.23760671284134718,0.8121958458402299,5018,1.6521496895799334e-06
4411,0.13986760467379888,0.8887700710874904,5147,1.6447297774272282e-06
4412,1.2039750836881624,0.2286697969590894,4038,1.1434323081328825e-05
4413,-0.7501899498125852,0.45317768743432807,4723,-9.368797828422806e-06
4414,-1.5725201308273045,0.1159287727682432,3203,-2.1997216104846318e-05
4415,-0.10508885071395865,0.9163096437656819,4860,-1.3406994225860815e-06
4416,-0.6232526512398865,0.5331579893094831,3601,-6.552171693167928e-06
4417,-1.8080340033363975,0.07065396832270143,5693,-1.635226899585487e-05
4418,0.2792328789278538,0.7800765005895758,5560,3.1813355483133515e-06
4419,-1.2084120690839446,0.22694127628400995,5446,-1.1571476724516725e-05
4420,-0.6434015666494508,0.5199941315634233,4828,-6.763287022812021e-06
4421,0.3092971661411553,0.7571084546503755,4970,2.5410590939405274e-06
4422,0.8504187249126293,0.3951388354342822,4379,7.1415583995281995e-06
4423,-0.2314272450822026,0.8169913202203485,5625,-2.681448110111814e-06
4424,-2.791131450539791,0.005275278270081563,4359,-3.368307022153433e-05
4425,0.3187033931907771,0.7499651423918889,4859,2.679394851016541e-06
4426,1.226433210444741,0.22009237038004992,5096,1.3155223567524287e-05
4427,-0.8224189847882655,0.4108875733412183,3995,-9.057492708379042e-06
4428,-0.4518586503296924,0.6513892320525039,5322,-4.994703053499499e-06
4429,-0.2545153996248639,0.7991095591663688,4308,-3.0174994024573093e-06
4430,-0.5444301115642787,0.5861695102166069,5063,-6.388557388965959e-06
4431,0.543128827931366,0.587063415402282,5427,5.74300481617556e-06
4432,-0.46738285161475857,0.6402473883318676,4760,-5.194162000813203e-06
4433,-0.320881922728485,0.7483119662046158,5546,-3.431909451558459e-06
4434,0.5997053061363341,0.5487278878407498,5385,6.5567999653247e-06
4435,0.42179538845193915,0.6731919840991702,5149,3.04692808713603e-06
4436,-1.0997727956186254,0.27148592771715796,4832,-1.540468780575575e-05
4437,-0.3146721136843282,0.7530235121012425,5093,-2.133661377607299e-06
4438,0.8327310737647035,0.4050395809448877,4608,7.476239104308844e-06
4439,1.239536003384348,0.21520488062200926,5032,1.1127422825360842e-05
4440,-0.3379387152092068,0.7354222785762068,5497,-3.488310047355333e-06
4441,-0.6372286808716877,0.5240031958976812,5345,-5.313386831456745e-06
4442,0.10654808449376926,0.9151514059539476,5482,1.198269736439614e-06
4443,-0.36951284263646167,0.7117672780533639,3594,-4.690691416304332e-06
4444,0.5790905399553881,0.5625553528814415,4784,6.49407409780357e-06
4445,0.02921892797371391,0.9766911663531681,4938,3.7230543844810335e-07
4446,-0.5285080393130652,0.5971717282975577,4700,-5.699085584895618e-06
4447,-0.07986520059391997,0.9363488892088014,3615,-9.639365208424606e-07
4448,-1.3441551241484504,0.17894661419706703,6303,-1.0891438286862635e-05
4449,0.6131489444646762,0.5398048002385152,5177,7.634713724359761e-06
4450,0.24581698349922035,0.8058342491661539,4880,3.1885674909280795e-06
4451,-1.5418696980732276,0.12316794142758258,5049,-1.809388603526442e-05
4452,0.9249025318977131,0.3550592654125293,5233,8.735858934652513e-06
4453,-1.6728609732295796,0.09441854354906365,4898,-1.8770578720800755e-05
4454,1.8318086384634356,0.06703520302555543,5380,1.6785620539385257e-05
4455,0.135965028376961,0.8918545127169313,4901,1.3772608820658893e-06
4456,-0.23829500214796906,0.8116614784667489,5319,-2.243839838905033e-06
4457,-1.9129130974357849,0.055813617103190216,5242,-2.106553630434132e-05
4458,0.8561549629179317,0.3919470468504913,5866,9.642409281340363e-06
4459,0.5199863808581895,0.6030964620387937,4921,4.63263892859725e-06
4460,-1.1605990587841466,0.2458677821411157,4413,-1.0643421420568709e-05
4461,-0.31588101460202517,0.7521061055365366,4964,-1.977907837758501e-06
4462,1.6227219869966594,0.10473169114533887,3806,1.776451023423656e-05
4463,0.197113933984923,0.843746090739212,5196,1.6256282899487137e-06
4464,-0.9320935939737356,0.35134169621983125,4204,-1.1025508276550203e-05
4465,1.1383091135092402,0.2550437902605631,5209,1.0430852706242952e-05
4466,0.8714205361194196,0.38355935011309494,6017,9.31139787392338e-06
4467,0.2937197336334024,0.7689828394326383,5663,2.104989521406371e-06
4468,0.8551731460805393,0.39248953762337324,5985,7.598013690367177e-06
4469,-0.9978470585238208,0.3183938408192455,5990,-6.864645388155624e-06
4470,-0.6676314662225451,0.504395739993579,5734,-7.198383679124666e-06
4471,0.39689871333327875,0.691457411220439,5552,4.443033465018409e-06
4472,1.2169903822382322,0.22365811911271138,5717,1.0153473085852493e-05
4473,-0.7974202925526341,0.42524009508101956,5718,-7.894837948207425e-06
4474,1.0373508922977788,0.29962703581636974,4588,1.3442967194238685e-05
4475,0.21109741466123527,0.8328189099695911,5622,1.9018102961470125e-06
4476,-0.046957993633715514,0.962548581039498,5004,-5.338785948593552e-07
4477,1.42567401363598,0.15401028906238978,6527,1.327902271943982e-05
4478,-0.6869502556534088,0.49214395654698984,5332,-6.324180097974449e-06
4479,-1.017021310914276,0.3091901120903493,5256,-1.1066622874061603e-05
4480,0.7515742572954933,0.4523381752520539,5698,8.438042254981043e-06
4481,-0.7244735067940581,0.46880453226275076,5757,-5.072625887073298e-06
4482,-0.36872048674065727,0.7123505182722902,5406,-3.3364478835949167e-06
4483,-1.1146482316062167,0.26504800747160484,5723,-8.333275689805287e-06
4484,-0.30802149386736477,0.7580785265884891,5113,-2.5786642715126058e-06
4485,-0.562137790665765,0.5740528345940428,4106,-6.19520989363118e-06
4486,-0.21306427880432505,0.8312848012001239,5447,-2.2928542489630245e-06
4487,0.65985466523913,0.5093738346338119,5685,6.8109104086406245e-06
4488,-0.298720287466218,0.7651656419924571,5103,-2.0017402526463032e-06
4489,0.46482091425802685,0.6420770504105373,5837,3.7876830749002643e-06
4490,-0.5554166496345958,0.5786330518626635,5323,-5.2196604996338374e-06
4491,-1.886290968460412,0.05933265168793067,3766,-2.3752957010027274e-05
4492,0.36888722630498294,0.7122254905309828,5699,2.753788633896726e-06
4493,-0.07006476417015278,0.9441450232828734,4813,-9.213897850470436e-07
4494,0.908279889894732,0.3637831940822467,4144,9.25200601278542e-06
4495,0.12606494934744017,0.8996860786732279,4554,1.071878160473081e-06
4496,-0.7558587254960338,0.44976471030565124,5780,-7.054886123413582e-06
4497,0.01448381653571468,0.9884445697014994,4989,1.7011510155590937e-07
4498,0.08175190973628305,0.9348472046176246,5104,1.0215154190856588e-06
4499,-2.418209023871574,0.015639356739711063,4204,-2.471881536842833e-05
4500,-1.2295934000414603,0.21893165229650036,3518,-1.606298849949646e-05
4501,-1.6730206458986085,0.09439196113060966,4552,-1.453491084507808e-05
4502,0.8753336575050618,0.3814307842602349,5476,9.705391752267918e-06
4503,-0.22394334928367834,0.8228116164024604,4472,-2.1986388682493593e-06
4504,-1.0781267973263677,0.2810279846396895,5119,-1.0536173247876205e-05
4505,-0.847499932890555,0.3967636926878968,4301,-7.857809497281623e-06
4506,-0.2769206351033415,0.7818505391848296,6031,-2.6954960468124386e-06
4507,-0.3391702051290808,0.734498184233126,4273,-3.4385927554519006e-06
4508,-0.6558196808947997,0.5119654794539237,5958,-5.600906985741714e-06
4509,-1.9259749693827404,0.05415505769476603,5955,-1.3811663967623592e-05
4510,-0.7153909771565733,0.4744102890675568,3903,-7.405925991767314e-06
4511,-1.5912778940651755,0.11160872441622516,5126,-1.8696221144394062e-05
4512,0.3250103275536988,0.7451861150681802,5288,2.2643625527578204e-06
4513,0.5221534072686337,0.6015911394842388,4189,4.982592074965105e-06
4514,-1.1442113883048224,0.25260625584391305,3898,-1.2248000065622341e-05
4515,-0.04755085580233931,0.9620759578300078,5400,-3.0719309493310297e-07
4516,0.1694049887637338,0.8654847518751307,5152,1.9793034413945386e-06
4517,0.17740397065376157,0.8591981475739261,5091,1.8935421537333025e-06
4518,0.2640328678545691,0.7917645807305813,5448,2.6474683694055445e-06
4519,-1.8265205071453148,0.06783100565440092,5042,-1.777717170987743e-05
4520,-0.15978895531845938,0.8730539255298659,4890,-1.2309203516278424e-06
4521,-2.068410606141968,0.03864466350603313,5933,-1.334388646659757e-05
4522,0.8326165373042502,0.4051011247560097,4960,8.634906047743541e-06
4523,-0.31714507764973193,0.751142860167654,7091,-1.995244522288178e-06
4524,-0.18859712741082504,0.8504160531988094,5125,-2.4279053192824135e-06
4525,-0.8732999039589625,0.3825412715829324,5037,-7.405743365066008e-06
4526,0.0927558928576861,0.9261019825280883,4139,1.3793669597908067e-06
4527,0.18454939173602153,0.8535904052355452,4725,2.2829238671650758e-06
4528,0.4554402731896009,0.6488095115646653,5823,5.016794877793921e-06
4529,-0.8214973379366927,0.41141035521526215,4140,-1.2316017886592591e-05
4530,-0.2357944139792438,0.8136028481587583,4537,-3.0629274300883596e-06
4531,-1.2225235036721793,0.2215575577415836,6024,-1.2798612991085219e-05
4532,-1.476886412854544,0.13977270267218533,4728,-1.784579502939349e-05
4533,-0.6626157482012119,0.5076156673288561,3918,-7.876116133947225e-06
4534,-1.8386145772621976,0.06603328234488104,4829,-1.8915697193633156e-05
4535,1.1369448825220632,0.2556143381225524,5140,9.066138749010991e-06
4536,-0.5491716734496156,0.5829153273824328,4430,-5.210596145416756e-06
4537,0.07864465732293494,0.9373193121670425,3890,1.0070890019774293e-06
4538,0.38839296389445604,0.697741041080786,5237,4.281417122753297e-06
4539,0.935362953903613,0.3496616707926934,3741,1.130474688057414e-05
4540,-0.6211233459308707,0.5345428403611932,5810,-4.0221635306820655e-06
4541,-1.369947313804784,0.17078467005391906,3783,-2.0475949632002164e-05
4542,0.448014002311506,0.6541669079639594,4076,5.345699979351491e-06
4543,-0.16606055046210189,0.8681188308495622,3523,-2.3147450478244986e-06
4544,-1.292766853514703,0.19615165659825973,4983,-1.535706077718535e-05
4545,-1.0869518402700498,0.2771042577986853,5676,-1.1956463794013218e-05
4546,-0.8431232435081654,0.39920216221202187,4730,-7.647470572725592e-06
4547,-1.1122798852643054,0.2660672340842267,5413,-1.2698189470398981e-05
4548,-1.6662109942285535,0.09573019003190031,5328,-1.6775009951588013e-05
4549,2.0592485367190547,0.039522135994984886,4998,2.6931039318506032e-05
4550,-0.9531167811968719,0.34058836601699305,4010,-1.1873796168973473e-05
4551,-1.3796526426028195,0.1677529078839297,5204,-1.4385186410939827e-05
4552,-1.6639656239325817,0.09618271117083,4942,-1.6827777147775125e-05
4553,-0.5267152128665914,0.5984127779867663,5458,-6.213917148117681e-06
4554,-2.4906958051135213,0.012779144576250845,5400,-2.5085219882374916e-05
4555,-0.8889014668956251,0.3741119337937868,3826,-9.133556078478829e-06
4556,1.1800042881096,0.2380555938048996,4918,9.169742509154902e-06
4557,-1.217902047294671,0.2233062512589732,6379,-1.135913525924934e-05
4558,-0.6121278220091637,0.5404870773684562,4108,-5.682190336298375e-06
4559,0.4782920401126763,0.6324635178001117,4943,5.943151067341279e-06
4560,-0.5527081713503522,0.5804867567290262,5258,-5.737101768304512e-06
4561,0.8033539170167495,0.42180521788714787,5454,6.677652113215918e-06
4562,0.29458586041900103,0.7683220716594787,5180,3.6671816389613247e-06
4563,0.42964280247696074,0.6674723330230563,5499,4.893482829883057e-06
4564,1.0812449071433958,0.27965157841654675,4114,1.0149919598083387e-05
4565,-0.12517229050883993,0.900392105623854,5082,-1.5880315599999685e-06
4566,1.0271562921908892,0.30439781581046677,4878,1.0470058954246763e-05
4567,0.1075084197045718,0.914391027069426,4009,1.3679781250550694e-06
4568,1.1940407503013701,0.23251450570901744,5398,1.3679172601476301e-05
4569,-1.2626516243534884,0.20677825717617115,4612,-1.3845152820286938e-05
4570,-0.07935609865430311,0.9367519456590268,6206,-6.970258448819884e-07
4571,-0.9020255513590976,0.3670905834217044,4595,-9.750507329977973e-06
4572,0.4693537692802185,0.6388365803249649,5171,5.854100141696743e-06
4573,0.449829490991356,0.652850557082647,5681,5.033850183867382e-06
4574,-0.048740188401884404,0.9611282657684397,5077,-5.357273255783629e-07
4575,0.2905831571482532,0.7713866698813401,3647,3.2870106715927557e-06
4576,-0.8912375183780568,0.3728330360346337,6857,-6.149440448594462e-06
4577,-0.7216738066766426,0.4705242871421156,5772,-5.157671515803934e-06
4578,-1.7136211192862425,0.08665084345604313,5903,-1.537276253116572e-05
4579,-1.3827123179232654,0.1668228980023312,4424,-1.3635891914806127e-05
4580,-0.8810993075517679,0.3783056984921833,5088,-9.275522362450819e-06
4581,0.8725228185426537,0.38295871975948126,5903,9.717765686567525e-06
4582,0.5405568469252481,0.5888350534089031,5477,6.263174562021525e-06
4583,0.014948685882539366,0.988073706370687,5074,1.2283674440392794e-07
4584,0.8718604391678415,0.383348702522881,3262,1.118929147090059e-05
4585,-1.5226237363296484,0.12790898041711163,5636,-1.3836707948792982e-05
4586,0.19809286148532904,0.8429796091599533,5594,1.3827866330846322e-06
4587,-0.9971441213333638,0.31874349788021616,4931,-1.140840440319213e-05
4588,0.9295078948901154,0.3526867364769033,3691,1.294045867373108e-05
4589,-0.3515900722725278,0.7251622133036131,4490,-3.5676250962705422e-06
4590,0.3728027864796084,0.7093086159276076,5903,3.5741621372001706e-06
4591,1.2551450692669261,0.20949064690446373,4545,1.0653994751931534e-05
4592,-0.19819915044267844,0.8428971270316403,5117,-2.28546154479065e-06
4593,-0.22886918257816025,0.8189793561935836,5342,-2.383468624446215e-06
4594,0.1877346309948723,0.8510936964832561,4226,2.4223899025304424e-06
4595,0.7533658232768937,0.4512655290664531,5009,7.397433543189757e-06
4596,-0.4695805183248928,0.6386736014640317,5431,-3.585152154476143e-06
4597,0.07075356627130767,0.9435964631055103,5495,7.285052570016193e-07
4598,-0.423410130430545,0.6720143800432534,4970,-4.846117461654555e-06
4599,-0.16185111143811484,0.871428624047397,5923,-1.6302961709612009e-06
4600,0.38127590441006765,0.7030189444578816,3969,3.943196858024696e-06
4601,-0.18187424988469753,0.8556890246532414,4844,-2.0687826927489274e-06
4602,0.5669179035442494,0.570800873411931,4117,5.812906581890028e-06
4603,1.102878679615658,0.270141804361411,4285,1.10292893159101e-05
4604,-1.7038188968695873,0.08847037636779143,5604,-1.1787164948753428e-05
4605,-2.204104243243893,0.027567879784860194,4464,-2.306561405392606e-05
4606,0.558169608967392,0.5767496117900959,5940,5.625348333912727e-06
4607,-0.10815323667444195,0.9138789025543059,4556,-9.348474743011223e-07
4608,-0.17095447303174272,0.864267820369355,4190,-1.9812888297064674e-06
4609,1.2221053227178182,0.22171982303770021,5538,7.512462188168834e-06
4610,0.7658774042487483,0.4437895196003261,4490,9.459243827953762e-06
4611,0.7722843562362538,0.4399904660163001,4108,9.401318355981022e-06
4612,1.31681232733547,0.1879729421820706,4227,1.6064682520069898e-05
4613,1.4287741180314668,0.15317024147601654,3091,1.899733983997057e-05
4614,-0.9835597822926098,0.32537226329902125,5912,-9.650118514255475e-06
4615,-0.41336776480191273,0.679364595334421,3235,-4.842100605652192e-06
4616,1.7562940393833224,0.07909548805766864,5345,2.0895354720989343e-05
4617,0.04413088010771369,0.9648025997636134,3495,6.598167777428468e-07
4618,-1.36504641418867,0.1722983581955,5128,-1.5518540987527514e-05
4619,-0.21588679608657035,0.8290851170821913,4825,-1.8713091977315165e-06
4620,-0.7399833280858156,0.4593413540100064,5561,-7.741519658696966e-06
4621,0.2561573253081995,0.7978383750622822,5845,2.7150737408348646e-06
4622,-0.10681458347912895,0.9149396976739728,5920,-1.110228229627402e-06
4623,1.0970444166726154,0.27266792433269726,5750,1.1856516793762887e-05
4624,-1.190193568527211,0.2340400808888321,4051,-1.7991921379867528e-05
4625,-0.6950945973709931,0.48703508682282304,4135,-7.807493635817459e-06
4626,0.8709941832618401,0.38380446176027183,4437,9.447138360025756e-06
4627,-0.2420832916063041,0.8087282173591834,3943,-2.066418492501402e-06
4628,-1.325721326682768,0.18498555134000205,5658,-1.3139609954392232e-05
4629,1.3950881626310485,0.16303823110581805,6327,1.3361749558819816e-05
4630,-1.063330842919637,0.28768822396004023,4563,-1.0693832080197142e-05
4631,2.302068203997351,0.02138108178652187,4111,2.3111797363489766e-05
4632,0.1504103468947335,0.8804467529010693,5165,1.8285497293430308e-06
4633,-0.8873767212040367,0.37492165352657447,4687,-7.075132440172162e-06
4634,-0.3628555590239298,0.7167309671970754,4219,-3.2704744903426255e-06
4635,0.6130362440490752,0.5398826359486697,4608,5.0463536650970035e-06
4636,1.9141447462045822,0.05566228733491929,4704,2.0700688706492113e-05
4637,-0.24088298629676677,0.8096547842456794,5503,-1.9008146774086655e-06
4638,-0.31597214616328223,0.7520355423139127,5546,-2.7680174852579243e-06
4639,1.0729951960423458,0.2833200323557139,5538,1.0687989031709681e-05
4640,-0.5213702395301434,0.602129364533809,5637,-4.009017122581632e-06
4641,0.6761949528151295,0.49894665749624867,5252,5.087112132174783e-06
4642,-0.9771883967357698,0.3285325762461868,4171,-9.069156276140567e-06
4643,-0.565489208888751,0.5717655162364608,5189,-6.423891649511318e-06
4644,-0.9400350126178967,0.34724637730587693,4855,-9.567304519261971e-06
4645,-0.16881622230435542,0.8659479897873381,5028,-1.9523057719858263e-06
4646,-0.21322368273763032,0.8311597350224997,6006,-1.5071675321286333e-06
4647,-0.3017395796410693,0.7628608458810946,6121,-3.0233498825437768e-06
4648,-0.1052224790841864,0.9162039814508123,4484,-1.1148209118446319e-06
4649,0.9054854899039088,0.3652512282612208,5076,1.0103184307745038e-05
4650,-1.272730937606608,0.2031700346750569,5238,-1.0138912639646325e-05
4651,1.2580677846521968,0.20842066872163323,5499,1.4361397341162812e-05
4652,0.8912553414459998,0.37282994572321937,5682,8.129793894130458e-06
4653,0.04688481357286659,0.9626068945495967,5027,4.90885701273218e-07
4654,-1.4388261506410653,0.15025792488669798,5384,-1.622467088171413e-05
4655,0.08363350805897876,0.9333512648891433,4867,1.0901667751555782e-06
4656,1.3786739635313712,0.16805728681782406,4976,1.783957919369844e-05
4657,0.2312421686159994,0.8171377382881309,4276,2.384661401237841e-06
4658,0.07997903741396231,0.9362567917423616,5590,4.988875191726806e-07
4659,-1.435598870604629,0.15118304804591443,4702,-1.347642782763187e-05
4660,1.3272483525407042,0.18449087369050798,4711,1.8386950266182362e-05
4661,0.1123985570985166,0.9105115049047361,5496,1.1914662383860834e-06
4662,-1.0796704355473268,0.2803403118533483,5072,-8.663851057720863e-06
4663,-1.0585582111657599,0.2898576180077961,4519,-1.4534168642715488e-05
4664,-1.4807249457220433,0.13873406147897227,5816,-1.2806474626923544e-05
4665,0.27262453729479025,0.7851543652998432,4498,2.507798167533892e-06
4666,-0.20248474941903014,0.8395462763004737,4849,-2.320666234878131e-06
4667,0.9136731916111402,0.36093450430602525,4799,6.839124221476437e-06
4668,0.9346673553716881,0.35000696871366,4781,1.0830643540158122e-05
4669,-0.2777378254716062,0.7812264377405325,4481,-3.775923644419404e-06
4670,0.20530537096140006,0.8373427909778073,4522,2.0937776553418038e-06
4671,0.6414690177262964,0.5212563589058536,3834,6.748710363664079e-06
4672,0.9925627585647038,0.3209915772958365,3507,1.0643030405901358e-05
4673,0.6298588985070533,0.528829644851069,3368,7.426140785718975e-06
4674,-0.18337906945068172,0.8545102015964852,3872,-2.2316494665451356e-06
4675,0.7793604299945326,0.43580811210509673,4534,6.848006737000766e-06
4676,0.005867420712719605,0.9953187757854909,4283,6.802552171134531e-08
4677,-0.4276039707664549,0.6689598581550786,4518,-4.421883968808717e-06
4678,0.537418521979908,0.5909980402621917,6137,5.563965593134658e-06
4679,0.7594164973191049,0.4476341257769463,5836,7.610860561286106e-06
4680,-1.95713750174681,0.050376055079558446,6209,-1.2136937970203136e-05
4681,-0.696646330835623,0.48605359431449013,5501,-7.912848961826833e-06
4682,-1.6173091461989941,0.10587593369192394,4901,-1.5292716246682653e-05
4683,-0.7019605925190974,0.4827332976611318,5528,-5.442895725218568e-06
4684,-0.14151634391997922,0.8874682342694336,4610,-1.6276856759906295e-06
4685,0.3242202941972683,0.7457873348499326,4219,4.373715297005224e-06
4686,-1.223674185238843,0.22112852247033343,5404,-8.909592793392853e-06
4687,0.08657369682780834,0.9310143763043728,4332,7.54694573942297e-07
4688,-1.7699984510472349,0.07678412143380275,5372,-1.3335044632535171e-05
4689,-0.12233542028146822,0.9026376557899483,5752,-1.1792335456478505e-06
4690,-1.4811348192741702,0.13863083402473886,5236,-1.5463616215921047e-05
4691,0.025340526261816595,0.979784250785229,5608,2.8877075862619606e-07
4692,-0.8270219060877605,0.4082667554547572,4687,-1.0162736228365856e-05
4693,-0.12247935599930498,0.9025244377892023,4881,-1.277586225480848e-06
4694,0.18978858204794494,0.8494837077355875,4327,2.3389269694872575e-06
4695,-1.0613769455727744,0.288567101270083,5289,-1.1289107707479865e-05
4696,-0.11598383807381037,0.907672232667029,3385,-1.6494651861790979e-06
4697,-1.0316333789123178,0.30229941259557047,4495,-1.316433230681449e-05
4698,0.779543134751754,0.4356875466771142,6659,7.217319872461628e-06
4699,-1.4170781013121319,0.15651739153567612,5438,-1.2360574116499708e-05
4700,-1.011064240225289,0.31203371503427624,5094,-1.0135030546017329e-05
4701,0.42139073190855075,0.6734857761487707,5665,2.3005888791698484e-06
4702,-0.5397567834480561,0.5893860456340456,5651,-4.601216291203174e-06
4703,-0.5290196864700953,0.5968152392302937,5009,-5.116910386687099e-06
4704,0.7406682248666275,0.45892564490159193,5608,8.141222460025089e-06
4705,0.2669588711081124,0.7895113939532625,5211,3.0761026207412502e-06
4706,0.09699142070021598,0.9227381357931972,3945,1.1737464617599994e-06
4707,0.8174147279052164,0.4137283443441411,5281,9.820080318542225e-06
4708,-1.1636620677855596,0.24461298823259758,5340,-1.0645356276086206e-05
4709,-0.159070106599993,0.873618892091683,6117,-9.12235085631542e-07
4710,-0.4094897851348948,0.6821962778544193,5477,-2.601676542136162e-06
4711,0.7072792068019406,0.47942956878316556,4506,6.623159913234274e-06
4712,1.0415705479128372,0.2976541531843737,5813,1.1213627810879412e-05
4713,0.8905335176743643,0.37322978096169157,4260,1.013938142764297e-05
4714,-1.4394876168866224,0.15006920225388432,5513,-1.4128576818122359e-05
4715,0.6920580793220851,0.4889324484626527,5087,8.694791302224783e-06
4716,1.0873899761062398,0.2769097860416303,5788,1.158873302199537e-05
4717,0.2946262279742825,0.7682911623298558,5211,3.556601781728968e-06
4718,0.5128071085717062,0.6081068961857694,5489,3.0230932826463068e-06
4719,-0.6865637323060959,0.49238701147535835,5430,-7.264214610876133e-06
4720,1.0846799772462217,0.27811735516324787,4849,1.2386155825408149e-05
4721,1.429645466009123,0.15287764048035002,5310,1.7211660160185498e-05
4722,0.2424475934687745,0.8084419249129908,5806,2.743082019165415e-06
4723,0.21765592252183993,0.827706344408599,4862,1.5413287278370776e-06
4724,1.341011120506818,0.17996936367393368,5800,8.99303468773037e-06
4725,-1.5021118387628842,0.13312980077475078,5129,-1.832185632479933e-05
4726,-0.9421982362673954,0.34614088355717465,4578,-1.0545630545004314e-05
4727,-0.8764390603717808,0.3808491631209323,3645,-9.300944137663233e-06
4728,0.8526742036781431,0.3938882985936838,4229,9.0948514846211e-06
4729,-1.7533407719171445,0.07960155425604354,5281,-1.7999870878246347e-05
4730,1.8694686914071603,0.061613122688584765,5264,2.024753016032151e-05
4731,0.9113661589955535,0.3621533876564187,4316,9.424564301157632e-06
4732,-0.5243433208003597,0.600061924445698,5247,-5.563955743331781e-06
4733,0.7707404734506242,0.4409005768195122,4576,9.372881348510572e-06
4734,1.211355778482433,0.22581750751461604,4900,9.426886376046455e-06
4735,0.8878461116757186,0.374664457114374,5219,5.372359996266595e-06
4736,1.0816454089891887,0.27945732644228105,5526,1.2088077603536876e-05
4737,0.39727869191532084,0.6911815355787505,4332,4.802220185736445e-06
4738,-2.1418659545110645,0.032258940990404605,4407,-2.3960179980511395e-05
4739,0.8049091697633316,0.42091049111629397,4985,9.450311658197748e-06
4740,1.462931245846026,0.14354242395192673,5590,1.4065822387427265e-05
4741,1.992424914273685,0.04638084583042246,4814,1.6086425659541348e-05
4742,1.5826801134886725,0.11355399229050467,5307,1.9395527616762543e-05
4743,0.8715946429335494,0.38347666960917026,4442,7.464157711830797e-06
4744,0.9118177358400592,0.3619031855247341,5708,1.0240586751285132e-05
4745,0.31715661069181006,0.7511407832821664,4136,4.3604474497091464e-06
4746,-0.565712871274952,0.5716181221615195,4357,-5.2905971048852065e-06
4747,0.12808452828602537,0.8980890880737078,3676,1.5383556071850671e-06
4748,-1.3966305027507815,0.16258904336408664,4819,-1.528642195073472e-05
4749,-1.6856938148231202,0.09191006499826315,5645,-1.8271761016229236e-05
4750,0.2787425090788715,0.7804534872932141,5217,2.818536012430673e-06
4751,0.12132499200857845,0.9034394045780758,4219,1.840741007082339e-06
4752,-2.2472066591406032,0.02466754423704276,5334,-1.831617770255642e-05
4753,1.6451187075511169,0.09999972805180923,5779,1.761118296652039e-05
4754,0.19655152755923352,0.8441854149732517,5782,1.2472328136085252e-06
4755,-0.6971869373866948,0.485718409258709,4973,-5.541358969542963e-06
4756,0.8977240740417706,0.3693680900240226,6103,5.7250991455042025e-06
4757,0.2577469681811445,0.7966169025944798,3607,2.7496561595904578e-06
4758,1.224551492558776,0.2207999289308351,5182,8.813219354033903e-06
4759,-0.41643435718342814,0.6771084241152558,5507,-4.130078101729814e-06
4760,0.6330936497629626,0.5266970553883428,5894,6.9671164092521535e-06
4761,0.21941954181195084,0.8263318974133251,5179,2.420752511649494e-06
4762,-0.019849396877347773,0.984164277704956,5177,-2.0555880806090361e-07
4763,-0.10337933030921781,0.917665717149504,5455,-7.518071418922797e-07
4764,0.4136749133024297,0.6791283426638564,5497,2.5018539726685974e-06
4765,0.018560228628086792,0.9851925750711896,5744,1.866968978380587e-07
4766,-0.6589946410075124,0.5099259469631767,5676,-6.621120793274492e-06
4767,-0.3457490187076897,0.7295467605075672,4718,-3.3686156232494015e-06
4768,-0.3856582699717629,0.6997669016782364,4790,-4.1396533919944365e-06
4769,-0.5124462024800656,0.6083597443995403,5395,-5.767758572535796e-06
4770,-2.491239473139638,0.012761326765474479,5109,-2.8674292386974143e-05
4771,0.17052053021930966,0.8646067853240988,5755,9.45413706593382e-07
4772,-0.47358410833145326,0.6358196793231823,4463,-4.561721094917799e-06
4773,-0.9449038990827133,0.34474667987636454,5894,-9.123809829178011e-06
4774,-0.8747105539538922,0.3817759309061186,4720,-7.5090695227657364e-06
4775,-0.3557566860564869,0.7220384649491249,4788,-3.935642538409687e-06
4776,-0.24636758715674664,0.8054076273164901,5092,-2.7967584253525566e-06
4777,0.947986592786035,0.34317977119324383,5268,1.182142116096881e-05
4778,0.8219434331313669,0.4111440663541721,5604,8.346742164199777e-06
4779,0.21671478030654054,0.8284407239066589,4380,2.3532349573894385e-06
4780,0.4789280366426618,0.6320072021588974,6027,3.088496700442117e-06
4781,0.41268281158587977,0.6798553037653523,5434,3.6907902425569282e-06
4782,-0.26296982024001775,0.7925839648873672,5352,-2.161233388075035e-06
4783,-0.8629626294768811,0.3881997714135681,4957,-6.336887944354033e-06
4784,-0.2848481515217554,0.775778861020608,3210,-3.7832875559372484e-06
4785,-0.5464708788163256,0.5847625896373749,6010,-5.273028401376e-06
4786,-1.9234872452248961,0.054476002387899625,4966,-1.4480275698594026e-05
4787,0.04990189301644287,0.9602025473564955,5038,6.008993514709783e-07
4788,1.0958013407872873,0.2732093542836085,6049,6.465205138690586e-06
4789,0.4412465027747537,0.6590575931051523,4141,3.8548638403186405e-06
4790,-0.7979083505959765,0.4249560475179319,5854,-4.900220395609799e-06
4791,0.6312645441956638,0.5278936655823236,5529,7.11480131644639e-06
4792,-1.9717665434345621,0.04868347526720873,5830,-1.6982954032207717e-05
4793,0.9814377969071104,0.3264268372491701,4755,1.043526376035024e-05
4794,0.8992192084186943,0.3685737563429954,5722,8.220881009926226e-06
4795,-0.2390515755445912,0.8110777219080949,4039,-3.2598377949729535e-06
4796,1.1345343927958345,0.25661865445190823,5643,7.140701602456663e-06
4797,0.5106312076356586,0.6096387023197312,3837,5.591810777406361e-06
4798,-0.6701112801783717,0.5028153087893079,5439,-6.770613144031082e-06
4799,0.19854642989165924,0.8426261897472402,4679,1.8545661207005328e-06
4800,-1.889658967925767,0.0588633808459349,4834,-1.9186956452029386e-05
4801,-1.585757221119818,0.11285897321724492,4897,-1.6900677867689973e-05
4802,-1.5366844409582683,0.12443078427763732,5258,-1.808790961033343e-05
4803,-1.4146952937783144,0.15721369285158882,5577,-1.554085497993207e-05
4804,-0.3418253353710416,0.7324996915701396,4141,-4.502975081276521e-06
4805,0.6487567473827974,0.5165386863521726,3460,7.536615940377233e-06
4806,-0.02256220543686269,0.9820004433372227,4732,-2.906418225079364e-07
4807,-1.0878348535509708,0.2767158351174517,5484,-7.728811765856027e-06
4808,-1.8262844056461187,0.06786775825197244,4941,-1.720299167986096e-05
4809,-0.1232610621416074,0.9019061598117479,4282,-1.3003891134505242e-06
4810,-2.6848039280535128,0.007280098344474961,5237,-2.5447804251054384e-05
4811,0.6126604635605615,0.5401336800046828,4247,7.890331651833486e-06
4812,-1.1032207681020203,0.2699748031882323,6104,-1.1248746728896729e-05
4813,0.09250355705308547,0.9263017055839198,4955,1.0628441386585633e-06
4814,-1.5743894701084615,0.11545911331467118,5130,-1.7641846001090047e-05
4815,-1.2586733650478932,0.20820850862472762,4884,-1.3507977048458437e-05
4816,-1.1113309447608732,0.26648060645892446,4887,-1.1924050795326813e-05
4817,-1.898200318025376,0.05772358840000802,5339,-2.0312400475865748e-05
4818,-0.2865345270690873,0.7744816455798746,4605,-2.719603606255082e-06
4819,-1.3123439229991174,0.1894735822954876,4337,-1.5886801752574833e-05
4820,0.9195909308845985,0.3578324997406701,4830,1.120248353832968e-05
4821,0.4053809104756097,0.685212490051859,5802,4.44484252232309e-06
4822,-2.819997976794116,0.004819325085452908,5585,-2.362830871243532e-05
4823,-0.10741724384157403,0.9144625755194227,4685,-1.4951880334653497e-06
4824,-0.7552066591002483,0.4501559742679584,5742,-4.8014932572846625e-06
4825,-0.3749086241766889,0.7077438986756652,5139,-4.549710773918821e-06
4826,-1.772378262589347,0.0763922092562015,5039,-1.5678300298330234e-05
4827,-0.12198302188130801,0.902919669068373,3403,-1.5131578188893063e-06
4828,0.9801624257689562,0.32705192744288514,5158,9.838627456911738e-06
4829,-1.1492907035738777,0.25049086169045953,5023,-1.3351803728075985e-05
4830,-0.8811819323908857,0.3782584010636212,5425,-1.0075439855440371e-05
4831,0.40074314064658695,0.6886262117444308,5047,3.010175590109912e-06
4832,0.4665445235869766,0.6408458075354844,5077,5.652136108950037e-06
4833,1.130741015803312,0.2582241457960388,4518,9.917215882073143e-06
4834,1.0088250272784252,0.31310669897362264,5071,1.2918599265331767e-05
4835,-0.5124600462118216,0.6083516396981565,5017,-3.752872156784656e-06
4836,0.8274234017574981,0.4080485094777586,3843,1.0290929876438592e-05
4837,-1.9165285471117484,0.05535466166088576,5013,-1.8055495338615535e-05
4838,-0.7461495089556632,0.45560726176933963,5817,-7.611836868150795e-06
4839,-1.0840985492868793,0.27836989395041156,5358,-1.2652297773415607e-05
4840,-0.5148943099995203,0.6066523644430291,4466,-6.360204687071119e-06
4841,0.04022864377279736,0.9679125761770699,4631,5.158658764712431e-07
4842,-0.4137815931134061,0.6790543896118564,4367,-4.1989406381499926e-06
4843,-0.06941403669678839,0.9446632989411439,4281,-6.395403928382584e-07
4844,-0.8340273026583604,0.40431292850286393,4210,-8.154977384969613e-06
4845,-0.8229385823978314,0.41058763976923984,4389,-1.1706869605230731e-05
4846,-0.640150483933746,0.5221055045412917,4773,-7.2003851544450996e-06
4847,-0.16689020444236718,0.8674630389259697,5115,-1.3926448648620275e-06
4848,-2.3134924958558085,0.020733953862579035,5260,-2.216556326856584e-05
4849,-0.7673007511351247,0.44293912667343704,4977,-8.326355470784635e-06
4850,-0.42542004713605464,0.6705487267364614,5022,-4.524957117579004e-06
4851,0.9142777589655785,0.3606128453244708,5258,8.613274735614614e-06
4852,-0.19522257034711543,0.8452270286296863,4769,-1.945246543880834e-06
4853,-1.6996178599073726,0.08926289036104351,5179,-1.9839546779687053e-05
4854,-0.9994051269451564,0.31765469965216564,4302,-1.1942004949597564e-05
4855,-0.26142679851989137,0.7937733965329636,5383,-2.742262150604868e-06
4856,-0.7475437369540416,0.4547669748892167,5570,-7.245505994171912e-06
4857,0.5901574850488914,0.5551172273092746,4148,7.138818397590571e-06
4858,-0.7796639976569086,0.4356235219033975,5296,-8.455454040221264e-06
4859,-0.39810306000349005,0.6905687885093577,5834,-3.873307196872802e-06
4860,0.6516183907070782,0.5146813593893116,4408,6.220726562504327e-06
4861,1.2974000164406456,0.19454360922478853,5984,1.2512687127299685e-05
4862,0.37527138347657873,0.7074735925926574,5326,4.461997487653256e-06
4863,-1.0357901436528358,0.3003574608674211,4364,-1.0205415791200398e-05
4864,1.1615124986935559,0.2455085682793603,3696,1.2595137265161496e-05
4865,-0.35263138788537157,0.7243798807180459,4930,-4.561733248024629e-06
4866,-0.4581032377473313,0.6469007270054585,4434,-4.803809192991684e-06
4867,1.5359372029579772,0.12460614396811032,6043,1.4182161198257876e-05
4868,-0.8281120299442155,0.40764567798041185,5118,-1.0255587868068446e-05
4869,0.3515992200846595,0.7251539991499736,4891,3.061995001724513e-06
4870,-0.32111624006962913,0.748135268534603,5177,-3.7400609174336275e-06
4871,-0.251237860948317,0.8016422024620482,4307,-2.2986533862034245e-06
4872,0.33633653472264546,0.7366320030547733,4737,2.5357780974188853e-06
4873,0.04768447781282494,0.9619705088635886,3397,6.215284929689935e-07
4874,0.6925213246910601,0.4886402764100377,5312,7.263135252977673e-06
4875,-0.26912952506340165,0.7878398901572803,5621,-2.199686103141169e-06
4876,-0.21769182828125275,0.8276773094782257,5499,-1.5071984428577683e-06
4877,-1.8821704122985357,0.05986940515860395,5134,-1.772096192227464e-05
4878,0.672030277397748,0.5015911108976117,5818,7.470071016599333e-06
4879,0.918569679761088,0.35836183022547763,5387,9.249754499719644e-06
4880,-0.6399511599427569,0.5222381714616913,4336,-6.152055378563433e-06
4881,-1.2979031481443153,0.19438443105601078,4692,-1.3879471734417746e-05
4882,1.104123995615904,0.2695836603281552,5997,1.1563501671926912e-05
4883,0.040472846713125024,0.9677174230661254,6370,3.750965030249423e-07
4884,-1.342800562694222,0.17939350599092774,5353,-1.5740214056896562e-05
4885,-0.2158770293892947,0.8290929014076927,4736,-2.303065898596911e-06
4886,-1.1847915458195808,0.23615365997357385,5236,-8.049470811483321e-06
4887,0.415332294802311,0.6779167082800486,4939,4.293212820005972e-06
4888,0.37554682096001274,0.707267303043877,5914,2.3466210843336932e-06
4889,-0.19615710975488043,0.8444956560941921,4713,-2.2741870268472844e-06
4890,-0.46851403845115497,0.6394434213989948,3871,-4.913082574942597e-06
4891,1.3550075023577959,0.17546716681414454,5887,1.0557118685876225e-05
4892,-0.4769026719093559,0.6334538833790546,4642,-4.908547153754498e-06
4893,1.3847847591405158,0.16617884384182946,5103,1.4657477009553061e-05
4894,0.42797522416425776,0.6686866834375929,5260,4.4394157067136695e-06
4895,0.6321523948519815,0.5273113954044115,5999,6.586965239998238e-06
4896,-0.3114966230081157,0.7554352446348092,5352,-3.646396957798256e-06
4897,-0.060401028900773875,0.9518398735755396,3322,-7.156213952838615e-07
4898,-0.3553689007815036,0.7223311317603862,4191,-4.080145930807166e-06
4899,0.5480480486323629,0.5836925080260402,3642,6.889069836764299e-06
4900,-0.44152391179334466,0.6588536137119103,4808,-5.103580822875728e-06
4901,-3.0013478122097617,0.0026994441255210333,5737,-2.0454465584154737e-05
4902,0.32416018042654515,0.745829742450355,5226,2.4291326727841248e-06
4903,0.3878395423450074,0.6981511564868812,5042,4.095656307689244e-06
4904,0.2616454552576537,0.7936057753393473,4909,3.1993374116708356e-06
4905,0.018553031742329654,0.9851984012343884,5074,2.3613314896711005e-07
4906,-0.16619819993190288,0.868006199800395,6433,-1.5213067836265345e-06
4907,-0.10756143603323176,0.91434802437296,4866,-9.148617661996633e-07
4908,-0.10662199282678417,0.9150938061882219,4334,-1.0883380129058916e-06
4909,0.1592502575782185,0.8734781271474945,5012,1.7580113903178425e-06
4910,-1.166886017818975,0.24330595687472645,5616,-9.218364991715942e-06
4911,0.5535161664190027,0.5799422476534852,3840,5.720638851047688e-06
4912,0.0717809153966351,0.9427791468707665,4975,7.113430045611234e-07
4913,0.9138548611011034,0.3608489200754701,3949,1.1836269053006555e-05
4914,-0.0900479804861314,0.92825412551489,3580,-1.172257224123238e-06
4915,1.0006230747164722,0.31706317244660065,4476,9.33007665574613e-06
4916,-0.841315869547497,0.4002042428852888,6053,-6.539343007157061e-06
4917,-0.8446548268073356,0.39834185036377434,5282,-8.151747834838863e-06
4918,-1.0442944967777112,0.2963969027155453,5288,-8.253477849354196e-06
4919,0.002415523918853796,0.9980727794471538,5551,1.66757048200579e-08
4920,0.0763584925958197,0.9391387496967294,3145,1.0973283706377276e-06
4921,-0.2614255105040508,0.79377880444949,3735,-2.6666852265744757e-06
4922,0.6211690802668123,0.5345166125437575,5016,4.590442150688257e-06
4923,-0.9303240014631178,0.3522442520711815,5492,-8.556277739010829e-06
4924,0.06892917172094287,0.9450485983623746,5301,7.997651637071327e-07
4925,-0.8149442125484666,0.4151441517962242,4864,-1.101453696612872e-05
4926,-0.24643113191471258,0.8053584779023772,5075,-3.0793615166189078e-06
4927,0.1133383102529389,0.9097670707259498,4816,1.2453961785999885e-06
4928,0.3214903264374971,0.7478511388814963,5465,3.368414539437931e-06
4929,0.6161138683255454,0.5378520958894284,4286,7.112289859127948e-06
4930,-0.7609396882727969,0.4467307530246214,4765,-8.539328489450863e-06
4931,0.17606958694967262,0.8602494105942937,3518,2.142752581149027e-06
4932,1.1706057566832428,0.24181611817318127,4742,1.3098894331895443e-05
4933,-1.2004620676679736,0.230011712299107,5493,-1.2916281418236855e-05
4934,-0.2661636314836692,0.790125736151116,4375,-2.9382603988762e-06
4935,0.10698935507507663,0.9148034447922593,3566,1.1008829027742526e-06
4936,-0.03973484408430787,0.9683061575047043,4851,-4.6821468243530974e-07
4937,1.0670867727882174,0.28598522509084434,4901,1.4259147030353552e-05
4938,-0.4319019540173695,0.6658313764501043,4980,-4.085737704155224e-06
4939,-0.6441742346357369,0.519493665328707,4735,-7.864583003418977e-06
4940,-0.7941334963845246,0.42715169074928605,5548,-7.897287180945219e-06
4941,0.5000895617720748,0.6170323858946172,5403,4.408575701892331e-06
4942,-0.7459195994770366,0.45574486485313015,6072,-7.855304470115668e-06
4943,-0.3552896911082578,0.7223896230879086,4397,-3.2178107192834595e-06
4944,-0.18961481988903398,0.8496180748999218,5420,-1.388491277070023e-06
4945,-1.518372675534232,0.1289873226551037,4730,-1.2241181587669692e-05
4946,0.870364439782889,0.38413829560820645,5644,6.058603644123225e-06
4947,1.428292675380413,0.15326142435992285,5807,1.2898933979985566e-05
4948,0.9205942666897506,0.3573127541391852,4402,1.163220378874554e-05
4949,0.1289850335816549,0.8973742807980367,5417,1.4319541541436108e-06
4950,0.20642053748982278,0.8364698412214433,5671,1.3833090088297948e-06
4951,0.01217580172673493,0.9902857869256214,5635,1.3592624095545858e-07
4952,0.6034070503226364,0.5462637987047714,5292,3.4119771584305245e-06
4953,-1.6208700796348354,0.10510914672076166,4955,-1.8524379259226367e-05
4954,0.5398168510214865,0.5893452030087509,5500,5.886051596773914e-06
4955,-0.12534423140568404,0.9002568155648252,4361,-1.121514005519086e-06
4956,-0.1092253679050603,0.9130285597730801,4548,-1.2800984722674625e-06
4957,-0.5655324534010047,0.571736188687396,5173,-6.589236737509807e-06
4958,-0.11075323395265167,0.9118161752981748,5364,-1.2442465747805862e-06
4959,0.30357224207143696,0.7614663075772394,5051,3.340765962192415e-06
4960,-0.5049807974326078,0.613596378299782,4627,-4.931471513956519e-06
4961,1.0535896646524454,0.29212096152682276,5078,1.270941103212793e-05
4962,1.1021307306763384,0.2704761021386264,3723,1.1384416790493575e-05
4963,0.27035756066731703,0.7868945664249793,5949,2.6581582188206623e-06
4964,0.6106445406117996,0.5414591441157759,5732,6.694206754171392e-06
4965,-0.1175148104675797,0.9064588205207307,3517,-1.7026802355130805e-06
4966,-0.18577984383695248,0.8526238230778194,5878,-1.2353893283044028e-06
4967,0.41297891564244127,0.6796398588956338,4976,5.569401410957149e-06
4968,-0.3816182049300245,0.7027618044166295,4708,-5.011612744592055e-06
4969,1.7701957222381102,0.0767593718791022,4700,1.1566581038071185e-05
4970,-0.11427292657389675,0.9090252277582413,6063,-1.1634613455071646e-06
4971,-0.36320252716103657,0.716472620880739,4037,-3.8128016196409276e-06
4972,0.18901119063893146,0.850090987202921,5527,1.669243250447252e-06
4973,-0.15776332780117522,0.8746496878862995,4985,-1.616511152291339e-06
4974,-0.7608652592651113,0.4467798215520986,4245,-8.03464642967769e-06
4975,1.4369022027559668,0.15079876439496975,5906,1.5896563011408007e-05
4976,0.19162915746608603,0.8480405803458093,4939,1.2405962417536247e-06
4977,-1.1587506676542998,0.24661012674245208,5292,-1.204366266053029e-05
4978,0.34065997409300514,0.7333725781026659,5504,4.03037442645242e-06
4979,-1.5733718748221266,0.1156992652880704,4756,-1.4230670131313116e-05
4980,0.5878868528899929,0.5566346487158618,5028,5.4248586627746384e-06
4981,1.29052156303,0.19692667853685597,5231,1.5534765637028756e-05
4982,0.44157427526423015,0.6588172807994712,4780,4.453794510034189e-06
4983,1.2861675388259406,0.1984582108566637,4046,1.6898240125836068e-05
4984,-0.004463821272511507,0.996438546126631,6002,-4.420547053024885e-08
4985,1.5922158273182916,0.11138426000945989,6580,7.516770270770922e-06
4986,-2.480109706164781,0.01316281157908139,5711,-1.675338517310609e-05
4987,0.08727425986462146,0.9304568174652355,5290,9.018870045556301e-07
4988,-0.9954318847663894,0.31958416769577314,4160,-9.388018187803391e-06
4989,-0.2772076507414429,0.7816309707476536,5561,-3.1561973914059057e-06
4990,-2.0714979703135845,0.038360509578325486,5306,-2.233315372093786e-05
4991,-1.4880986490929555,0.13678837376287922,4967,-1.2600728840089785e-05
4992,-0.848722899387807,0.3960818717496166,4382,-1.008110882371445e-05
4993,-0.17364990548804757,0.8621475937369167,5033,-2.218093434115672e-06
4994,0.01470837307803386,0.9882653528332104,5715,1.520385581792484e-07
4995,-1.3314216272737505,0.18312179239834148,4247,-1.2629413295052426e-05
4996,-0.9073622022364745,0.3642574657731652,5185,-7.662024913958309e-06
4997,-0.8078757508236035,0.41920291926052355,4710,-5.834100504827984e-06
4998,1.8340796900248426,0.06671495594218468,4081,2.3928196728402684e-05
4999,-0.33864113149599107,0.7348972207675977,4152,-4.589796369043156e-06
5000,0.2910442685526492,0.7710312497929528,4379,2.5377748222351173e-06
5001,-0.10449253507435373,0.9167837624824153,3977,-1.2420426080822614e-06
5002,-1.6620113996116475,0.09658849431298155,4019,-1.5740041590620205e-05
5003,0.8033055027836641,0.42182794533450485,6415,7.53907171301623e-06
5004,-1.47138124263289,0.14125738154515988,4539,-1.983386179353345e-05
5005,1.0640273623109278,0.2873624868613822,5564,1.1091467949979323e-05
5006,-0.14373300295325764,0.8857172548782724,4872,-1.475476003123033e-06
5007,1.1176679333769322,0.263757055929684,5570,1.1161490811923407e-05
5008,0.3672404050560596,0.7134533986435319,5675,3.7346116879941625e-06
5009,-2.212810655801753,0.02695305721281338,5314,-2.357332098015816e-05
5010,0.5303733941692168,0.5958734506385639,5779,3.4477965788232113e-06
5011,-0.4445906171653065,0.6566368593222038,4533,-4.500348146596123e-06
5012,-0.29784231504969233,0.7658353290582292,5239,-2.371458179495921e-06
5013,-0.10336131584098177,0.9176802715607293,5108,-9.730263204930022e-07
5014,-0.7660269448401861,0.44370141733064616,4395,-8.489576001951886e-06
5015,-0.07549671518098468,0.9398223200998044,5377,-8.842585109556841e-07
5016,-0.9088892321735401,0.36344723539679746,5670,-9.72245626501992e-06
5017,0.21038339592417646,0.8333788366325785,4128,2.1250969117687782e-06
5018,0.6561833456509902,0.5117369491313561,4905,8.013869632763696e-06
5019,0.2992520339116586,0.7647584077073255,5836,2.9373461471464825e-06
5020,-1.0205034394604975,0.30753508907647786,5447,-9.707036224814107e-06
5021,-1.8159597436013304,0.06944161867068632,4601,-2.314168491807923e-05
5022,-0.3873156986856593,0.6985364093797712,5929,-3.2083190995273714e-06
5023,-0.7986379936769239,0.424537582642291,5095,-8.093858225969927e-06
5024,-1.736213481958549,0.082586401013228,5108,-2.1398486997861208e-05
5025,0.5893520252896555,0.5556468458786825,6138,3.434090147738003e-06
5026,0.08512211664316921,0.9321670613352557,6189,8.484490412382446e-07
5027,-0.7647486189807503,0.44445749953772684,4979,-9.633716624772775e-06
5028,-1.1360389424113855,0.25599632883739787,4857,-1.1887062588807619e-05
5029,-1.165861876877026,0.24373686067201872,4178,-1.3060221965645991e-05
5030,-1.2281088612936688,0.21946449609743968,4951,-1.2953828495947877e-05
5031,-0.8142975169911166,0.4155221836955225,4070,-7.588001743864526e-06
5032,0.1379067095543308,0.8903195505394872,5140,1.6467334333346776e-06
5033,0.6038136220566122,0.5459968773015027,4673,5.621503820598024e-06
5034,0.6533615720940511,0.5135559969902772,4582,8.016187696752888e-06
5035,-0.38113400523625024,0.7031196111339835,5127,-3.7859353821582222e-06
5036,-1.6608052617436206,0.09680495285185087,5985,-1.7028963350155476e-05
5037,-1.1198025640283187,0.2628535868778248,4831,-1.2666461983776123e-05
5038,-0.42025062224897697,0.6743182157311578,5702,-3.914860390663312e-06
5039,-0.31994145282957187,0.7490340131024453,3139,-4.767340043370127e-06
5040,0.31008835602739565,0.7565108338693509,3787,4.088940635322198e-06
5041,-2.7622497017411716,0.005757745580476703,6066,-2.5044889451156254e-05
5042,-1.237301974996956,0.21603168182893606,5126,-1.3528783798290445e-05
5043,-0.7640939381891041,0.4448474719725932,4980,-9.074937762988202e-06
5044,-1.8035222315009074,0.07137128758095557,4626,-1.4930182049792898e-05
5045,-0.1331410112503395,0.8940870362571618,5178,-1.6092251961062123e-06
5046,-1.4357360759463647,0.15113543080893876,5396,-1.168282953237033e-05
5047,0.6234629578901143,0.5330084828311743,5053,4.982738856614589e-06
5048,-0.44227481744331204,0.6583083134743504,5326,-3.3314587908258576e-06
5049,-0.49767589979499655,0.618732568828869,5453,-5.671997458609525e-06
5050,-0.026297593308811144,0.9790208170468466,6229,-2.555730414360827e-07
5051,0.8042105782761189,0.4213239642884523,3935,7.949612846905476e-06
5052,0.8922905088256221,0.37228588012804353,4415,7.920057437192037e-06
5053,-0.5849512304209735,0.558613619144819,3987,-5.7448246036801124e-06
5054,-0.2150809528953412,0.8297109256106774,6526,-1.0471818676132253e-06
5055,0.5106158564164973,0.6096394801428993,5808,5.403629707982668e-06
5056,0.7991398294936741,0.4242557982805977,4086,9.69621277970986e-06
5057,-0.5046476928633367,0.6138293368983292,4829,-6.112644782045125e-06
5058,-0.7549028351575349,0.4503468692123369,4492,-6.488945706032714e-06
5059,0.3670730672475355,0.7135790099439312,5360,3.9905253317835926e-06
5060,-0.12453848135928787,0.9008965676247176,3280,-1.6757575241876267e-06
5061,-1.3485414385825871,0.1775435315042404,5157,-1.4977267965726556e-05
5062,-1.0484312619959697,0.2944823342814682,5980,-9.080002309029024e-06
5063,-0.12685841913771428,0.899058658460929,4114,-1.7300416503519837e-06
5064,-0.9550514618123894,0.33959341903020746,5531,-1.083347763997517e-05
5065,0.45369112432961267,0.6500706474260265,5052,5.60912790566283e-06
5066,0.9120671504497159,0.36177430403230737,5372,1.0887962478820037e-05
5067,-0.38675872238699593,0.6989524187139655,4682,-3.4249158858921522e-06
5068,-0.5759982337534,0.5646408783994676,5291,-4.242205053654832e-06
5069,-0.26983341189235344,0.7873004214613182,4639,-3.0554202606678586e-06
5070,1.1627726187571559,0.24497738410296122,4990,9.661502931618365e-06
5071,1.572787408924669,0.11582847150638886,5237,1.0432083144841453e-05
5072,-0.8104068843972583,0.4177479239448967,4641,-9.1415693570689e-06
5073,-0.876076234476464,0.38104189052585147,3949,-9.177309212886992e-06
5074,0.36477449560361097,0.7152932725319023,5703,4.182660196334379e-06
5075,1.1003474108873774,0.2712275528153869,5664,1.1943013041240064e-05
5076,1.6842105853132017,0.09220227804207215,5092,2.0222478419103847e-05
5077,1.0426394792809641,0.297155483224842,6273,1.0437061998115599e-05
5078,-0.6901034823048604,0.4901578654066201,5571,-4.5656759318922275e-06
5079,0.7392382478990878,0.4597945964529271,5380,5.057581890332334e-06
5080,1.0357359640138006,0.30037344601755933,5207,1.1632930008320351e-05
5081,-2.284368302337488,0.022392317172599485,4918,-1.896988192670637e-05
5082,-1.7858117797883022,0.07419920128187707,4362,-2.1877420220359748e-05
5083,1.4577285066078656,0.1449691338565411,5844,1.5033541400035075e-05
5084,-0.646470852411018,0.5180025502918639,5284,-4.457821091848044e-06
5085,-0.23273702744301658,0.8159747833216213,5196,-2.224387523070063e-06
5086,-0.6986252687982701,0.4848196416164954,4866,-7.580634716774177e-06
5087,-0.6960518959554719,0.4864300376953077,4800,-8.129772982143088e-06
5088,0.34340973601943964,0.7313030360925827,5641,3.015519295808944e-06
5089,0.3400827449096763,0.7338128069534311,3843,4.022822415778727e-06
5090,1.474777105038193,0.14033113396580021,5368,1.7930401192870733e-05
5091,0.6280079625031683,0.5300274572009378,4992,6.179450622990846e-06
5092,-1.6036133090763927,0.10887979482014476,3925,-2.388201291372372e-05
5093,-0.18510473921905715,0.8531536372550468,5560,-2.2037716788957542e-06
5094,-1.030580474914959,0.3027860864444729,5141,-1.1861708527786376e-05
5095,0.45021458735735326,0.6525734764895292,5497,5.070380322697108e-06
5096,-0.08455232631119272,0.932620216012763,5808,-7.671288269136459e-07
5097,-1.2897579935444485,0.19719356020931844,5068,-1.3385929972257637e-05
5098,0.9575678913070966,0.3383241765679592,5325,1.1264468871247042e-05
5099,-0.8521119670557632,0.39419042306603025,5305,-6.487615827504789e-06
5100,0.5592522919434129,0.576017858992357,4425,4.76327964507494e-06
5101,0.2862880036876066,0.7746680548352676,5644,3.2075380819600582e-06
5102,-0.9912383082451973,0.32161156441448746,5666,-6.213997412379428e-06
5103,-0.8815466917871555,0.37806571457674654,4847,-6.969067162705921e-06
5104,-1.06370450908444,0.2875262333365378,4036,-1.0488472811264612e-05
5105,0.5809779082574077,0.5612764570808726,6202,5.735615697106791e-06
5106,-0.318085739823374,0.7504322048975423,5399,-2.4454610451518317e-06
5107,1.587065364412524,0.11256088447093315,5016,1.0113822147762095e-05
5108,-0.629433190739997,0.5290982780041724,4387,-5.965986649737868e-06
5109,-1.1144549832746082,0.2651349454325711,5263,-1.0203749332417656e-05
5110,-0.9353277027647912,0.34966743439008474,4707,-1.1995649463878161e-05
5111,0.799167003963265,0.4242256543153664,5919,8.352223776647952e-06
5112,-0.43477814855386365,0.6637418953648822,5092,-5.349411085465803e-06
5113,-0.4429735598241216,0.6578035665022122,5123,-3.5012247118142545e-06
5114,-0.48946072315187,0.6245339791716038,5828,-5.14263701124565e-06
5115,0.6132414464096564,0.5397411074139042,5716,6.61042456556484e-06
5116,0.4561611027254244,0.6482897586975502,6341,4.0662432236562565e-06
5117,0.17758536517214407,0.8590563008606984,4683,1.6467450797349152e-06
5118,-0.31876907137145066,0.7499191020904008,3812,-3.3024778243885405e-06
5119,-2.004946655778146,0.04502503555736892,4781,-1.9000196213606057e-05
5120,-0.18516299019293805,0.8531076933355959,5781,-2.056808044821094e-06
5121,-0.6146906641051988,0.5387878147478689,4859,-5.254124006752582e-06
5122,-0.5394925434181518,0.5895743640892874,4397,-6.529250300043567e-06
5123,-1.6576705491864157,0.09744116698858463,5486,-1.880482975120058e-05
5124,-0.6084292408613406,0.5429348996157559,4309,-7.489247066425925e-06
5125,0.12883944863695662,0.8974914321653449,3844,1.3370348411263207e-06
5126,0.6873947263005974,0.4918644424282168,5241,8.343723208070095e-06
5127,1.5104099554326684,0.13100215449649522,4992,9.882373708855971e-06
5128,0.5493428414568039,0.5827913958240258,5786,2.92563214900208e-06
5129,1.3245089486016521,0.185389025799513,5509,1.2080988931809762e-05
5130,0.64690095604516,0.5177225038701034,5613,6.4904374686401965e-06
5131,-0.4998305444185374,0.6172150926899929,5316,-5.9204331056775275e-06
5132,-0.5175400245094464,0.6048015125154165,5140,-3.6073722534424146e-06
5133,2.2271235203627797,0.025973422706033533,6447,2.1593469562650252e-05
5134,0.30430196671560755,0.7609103406110482,5069,3.735155153567276e-06
5135,-0.9567189526082855,0.3387544949062309,5099,-8.151139503776942e-06
5136,-1.0975437573787783,0.272449906816592,5728,-9.430097252192537e-06
5137,-0.0082675808052935,0.9934038036699429,5433,-9.651680688221724e-08
5138,0.186662011426816,0.8519333250123777,4930,2.113746308589426e-06
5139,0.06383585484174556,0.9491036669890713,4660,7.679029641708903e-07
5140,1.1229252355095514,0.2615170892469205,5636,1.2770171476333534e-05
5141,-1.2581626941631152,0.20838944640319568,5198,-1.2732937688111053e-05
5142,-1.7466216291586218,0.08076116180140391,5279,-1.6392396711248028e-05
5143,-0.7526309531507053,0.4517037014138192,5539,-7.970048841998102e-06
5144,0.4884431082030753,0.6252569978177238,5105,5.40142588098536e-06
5145,-1.0849572729429615,0.2780008287504927,4342,-9.317829214959391e-06
5146,0.18891242698879226,0.8501695006674761,4765,1.4955685292835502e-06
5147,-0.3541104107585563,0.7232700045849594,5386,-3.520495373688735e-06
5148,0.2677924209207841,0.7888692425993873,5449,2.5710182189143435e-06
5149,0.30424009712529027,0.7609570458176516,5247,3.754527500844347e-06
5150,0.7114126850477074,0.47686159562930097,5021,5.497146295016422e-06
5151,-0.10350136657848429,0.9175687711563307,5601,-6.49659431609455e-07
5152,1.271457933309316,0.20363097369579664,4537,1.4032811532148548e-05
5153,-2.2733043356440437,0.02305114210643744,4878,-2.8569887344916932e-05
5154,-1.378368884432202,0.16814043528006217,6046,-1.3962949213695032e-05
5155,1.3841214937306803,0.1663852054184476,4831,9.059535773247927e-06
5156,-0.5071456547190394,0.6120699262451641,6464,-2.7276206917840066e-06
5157,0.025582056976286342,0.9795916505203632,5359,2.892190265936189e-07
5158,0.3064582482682079,0.7592670688488139,5645,3.417334843184075e-06
5159,-0.7806024425497182,0.4350739777231165,4912,-9.395525980618027e-06
5160,2.043676588426399,0.04104087230157205,4724,2.512812758820992e-05
5161,-0.15710628426066245,0.8751666386516213,5712,-8.913622254773794e-07
5162,-0.9722684126841875,0.3309669295722997,4714,-1.2057118966414797e-05
5163,0.3799104001282095,0.704027995251979,5022,4.084193013350636e-06
5164,1.345765794595151,0.1784362946441176,5240,1.546659004479093e-05
5165,-0.16733493686338607,0.8671138491727048,4615,-1.3869748296987572e-06
5166,-0.037318350765582514,0.9702329474338558,4201,-4.461179625709627e-07
5167,-0.18791400930644472,0.8509546453518055,3603,-2.7318281909112667e-06
5168,-0.9179336673260083,0.35869781679433643,5007,-1.0298525177277763e-05
5169,0.21624278079091241,0.8288077780574716,4759,2.634072288950726e-06
5170,-1.7733063989664999,0.07624923179059206,4270,-2.1331053914058547e-05
5171,-1.0022295216792747,0.31629444034031273,3932,-1.4613980557240248e-05
5172,1.3125786801715325,0.18937987607131523,5486,1.5289042055122292e-05
5173,-1.2282101963465826,0.21943690978391683,4200,-1.162806166172652e-05
5174,0.7733654347205188,0.4393456985712598,4622,9.549385766093534e-06
5175,-0.6497661398270497,0.5158754865538988,4637,-7.422937324551968e-06
5176,0.6054375593401171,0.544917484126509,4709,4.887471780815343e-06
5177,0.34820078555603157,0.7277050959047107,4670,3.0048980057868353e-06
5178,0.47278114983660824,0.6363883050733872,5437,5.505377581311027e-06
5179,0.5876164539897876,0.5568179634786323,4706,6.327010100516506e-06
5180,-1.3410402744662149,0.17996119831156587,5660,-1.2795913683753287e-05
5181,-0.009758305075989663,0.9922145177652204,4927,-1.1659737927292203e-07
5182,-0.7436866207751527,0.4571008489923778,5027,-7.634597504471066e-06
5183,0.25382741061305025,0.7996380255816944,5717,2.706197259534155e-06
5184,2.0378465562377013,0.041608714183660744,6048,2.115645355792192e-05
5185,2.1944967433846276,0.028244769576593498,5088,2.086373851508268e-05
5186,-2.095510327583127,0.03619496551106072,3620,-2.6561959604992217e-05
5187,-0.7029832929194717,0.4821033530990302,4401,-9.010872627448374e-06
5188,-0.5059445164133675,0.6129132884136688,6306,-4.9442251786880335e-06
5189,-1.39781768612217,0.1622238574141719,5534,-1.1973663388465902e-05
5190,0.27678422649488554,0.7819592156105548,4263,2.5325739193520147e-06
5191,-0.07844524352926162,0.9374772041531962,4730,-9.056560327459357e-07
5192,0.021179143583139885,0.9831035891168658,5046,1.774096850866184e-07
5193,-0.5314363873558307,0.5951377607968338,5530,-3.439479551046635e-06
5194,-0.5641504320732382,0.5726730974337444,5930,-4.218480532161231e-06
5195,1.134475037124066,0.25664580783170443,5389,1.4180254295867683e-05
5196,-1.569293948158854,0.11663787905355649,5417,-1.2929267160057753e-05
5197,0.07241309718365545,0.9422753962637185,6483,5.252613599103222e-07
5198,-0.05026644493250605,0.9599120353350425,5091,-6.182133208248273e-07
5199,0.37949315750263096,0.7043369027755082,5296,4.415600593350601e-06
5200,0.32866637074887967,0.7424199876459501,5683,3.4830558667863934e-06
5201,-0.1330265968603512,0.8941779119788331,4810,-1.6248980506086802e-06
5202,-1.419356585146097,0.15586015301060252,4791,-1.1993568576625704e-05
5203,1.9248504701767777,0.05430770859971901,4752,1.640546633604464e-05
5204,0.5732690787937829,0.566490287427527,4643,5.028308431120647e-06
5205,-0.048361641773893245,0.9614300222911611,4846,-5.371195518278075e-07
5206,-1.8298074436993454,0.06733321298837902,5463,-1.6070216931502598e-05
5207,1.6652025218387823,0.09593882265777465,4714,1.2304598649491176e-05
5208,-0.6021940886442974,0.5470755420916575,4464,-7.151378334933463e-06
5209,1.73785034089026,0.0822962962252678,5209,1.9948618610175688e-05
5210,0.5077099158283885,0.6116794506586352,4943,6.598208763689903e-06
5211,1.2186720854049813,0.2230498368438294,3543,1.3486981514683781e-05
5212,-0.48589333253372713,0.6270619954968002,5546,-5.480246594446582e-06
5213,-0.29434152224874544,0.7685105868293409,4480,-3.504201447816886e-06
5214,-0.4373751667788736,0.6618694658921234,3131,-5.177648938290478e-06
5215,-0.8677687698277657,0.38556784852600945,4439,-7.565187708756071e-06
5216,-1.0926236195045789,0.27461317844398914,4867,-1.2144049775400054e-05
5217,1.1986841883123631,0.2307044019787503,5297,1.4907541494620625e-05
5218,-0.34828131948779856,0.7276455570627853,4408,-4.320201563359001e-06
5219,-0.8527557717722162,0.3938312642411983,5595,-7.83390014495458e-06
5220,-0.5846794046225169,0.5587854810670443,5949,-5.252440591540923e-06
5221,0.4224627618576731,0.6727050851694805,5101,4.824527883967728e-06
5222,0.5621037938272423,0.5740661172595005,6054,5.911920422785689e-06
5223,-0.8144695558541482,0.41541848147157623,4567,-9.412882902678496e-06
5224,0.06501074097026026,0.9481680884266162,4923,7.934444061465319e-07
5225,-0.2463413030439941,0.8054315874372768,3733,-2.7891630213310704e-06
5226,-0.03321193938567626,0.9735066738032827,6045,-3.338018581800656e-07
5227,-0.07950501573472832,0.9366351958228312,3741,-9.475285196461169e-07
5228,0.7252019385153775,0.4683615110357615,5088,9.223756062384181e-06
5229,-0.7967642303044824,0.4256229817461019,5404,-6.729292348399679e-06
5230,0.6937585783300434,0.48786394112991593,5316,8.54164898708966e-06
5231,-1.3314283441480068,0.18309375289283314,6650,-1.0078056551844214e-05
5232,-0.13968775582803386,0.8889115620432491,5788,-1.2845718044790235e-06
5233,1.1830572433314153,0.2368315980795206,6232,1.1865307720340122e-05
5234,0.027316770523569574,0.9782080937019526,5383,3.1598205501222887e-07
5235,-0.7944170587900503,0.42698902054631915,5188,-6.770025124500109e-06
5236,-0.46897158366437075,0.6391125556409967,4523,-5.662163889737653e-06
5237,0.543441226539757,0.5868461291695044,6033,5.2200614636416316e-06
5238,-0.5545476694891021,0.5792313894214463,4544,-5.406477719822499e-06
5239,-0.28133855908832295,0.778460789970719,5792,-3.058091651222272e-06
5240,-1.5481956708104019,0.12163320292554625,5456,-1.7043738469686408e-05
5241,0.4458724314918686,0.6557052894857311,6075,4.633046729726106e-06
5242,-1.5190934146504254,0.12880679428719954,4663,-2.1336056503772676e-05
5243,-0.2897494037909488,0.7720203746465213,4839,-3.251883607528347e-06
5244,-2.22212912928949,0.026318279947413092,5102,-2.1372796382884736e-05
5245,-0.13403168776496924,0.8933829181062616,4995,-1.4813550613242671e-06
5246,-0.20166292184120582,0.8401892958691262,4536,-2.22826223591938e-06
5247,-0.802486255222071,0.4223273821471454,3428,-9.62491000392405e-06
5248,-0.21541868457257618,0.829448623250304,5692,-1.5809522935090471e-06
5249,0.3042429781526186,0.7609555908650634,4944,2.9784090595951593e-06
5250,0.24803461289659248,0.8041190704728536,4451,2.6551043925002878e-06
5251,-1.7365698394663558,0.0825166656107541,5753,-1.4722947300782356e-05
5252,-1.5204475297138507,0.12846050372911932,5103,-1.1173247442575584e-05
5253,-1.0933312877632582,0.27431563819729177,3916,-1.4494156143055808e-05
5254,0.8168089572602423,0.41407580958948476,5095,6.120909478008564e-06
5255,0.39883882424670997,0.6900288178965355,5055,2.924394748742503e-06
5256,0.46806750912084044,0.6397593815742826,4423,5.462059039915661e-06
5257,0.3022140601326523,0.7625008695616935,5246,3.215253119951626e-06
5258,0.13537438683520087,0.8923212123361011,5105,9.88210414930498e-07
5259,0.5615760409357092,0.5744305491783166,4909,7.074853715781607e-06
5260,0.7438509347849247,0.4569942797745614,6329,6.947202235342726e-06
5261,-0.3161367994224953,0.7519116082256863,5103,-3.907543876926777e-06
5262,-0.19882843141147832,0.8424048758644693,5104,-1.7016285655580504e-06
5263,0.7154106823153988,0.4743841657007457,5790,4.556721889292225e-06
5264,-0.3581096395040991,0.7202781863497236,4468,-3.493215769498862e-06
5265,-0.6171083903249888,0.5371889436120054,5466,-4.702236393922302e-06
5266,-0.9103120006481734,0.36270824368588883,4367,-8.232296771430513e-06
5267,0.29598989780073626,0.7672516950044512,4423,3.5546490120148664e-06
5268,-0.2407862273832441,0.8097310860419156,4802,-2.543691562013772e-06
5269,2.068951493331802,0.038606921114269,4556,1.795816782788498e-05
5270,1.2456243077337745,0.212951867652595,5895,1.3608573951180054e-05
5271,1.094752902258649,0.27367418807340904,5351,6.578030565356315e-06
5272,-0.6282233389260817,0.5298933132084289,4023,-6.374008074175418e-06
5273,-0.49620687690896687,0.6197742781584772,4225,-5.943538463707499e-06
5274,1.5723219891356257,0.11593632776046414,5236,1.4713135462390851e-05
5275,0.5029217159752831,0.6150369126820148,6294,3.3764969981768432e-06
5276,-0.21766302646257588,0.8277020228003549,4292,-2.168537304826676e-06
5277,-0.5485384353078785,0.5833492595509169,4534,-6.3229011860367e-06
5278,0.3468168929599493,0.7287426075574839,5319,3.6753396041142333e-06
5279,1.0172455043354776,0.30909152406296414,4486,9.552453137558097e-06
5280,1.2278218840895603,0.21959782066694533,3442,1.8724702761006017e-05
5281,0.6319319372607128,0.5274743459556097,3361,9.731150864410376e-06
5282,-0.02820074327854101,0.9775030428749663,5637,-2.91318804374523e-07
5283,-0.5055937526661278,0.6131619501533421,5550,-4.103791287655441e-06
5284,-0.052422638552494856,0.9581943303891327,4374,-6.743477282357226e-07
5285,0.3945429392300818,0.6931986185522496,4577,4.788526561238836e-06
5286,-0.6944519359469277,0.4874361599174373,4323,-8.463844303178976e-06
5287,0.600437002679129,0.54824218722348,5012,6.585401127606755e-06
5288,-0.30836178000051817,0.7578184693685039,5631,-2.752782205929218e-06
5289,-0.14882477517684606,0.8816978689213424,5029,-1.5764237664383405e-06
5290,-0.04196721306178655,0.9665262424592767,5955,-3.4778215507730175e-07
5291,-0.28268903301536225,0.7774261171676875,5372,-3.299939635025333e-06
5292,-1.6345554682454144,0.10222430151097317,3838,-1.9631988042221528e-05
5293,-1.1502839609068376,0.25009220590192016,4215,-1.4145089164853963e-05
5294,-0.9045820266731466,0.365742577672308,3912,-9.37499786718627e-06
5295,-0.21728356499305407,0.8279968931750883,4653,-2.86108488965719e-06
5296,-0.3886910615663933,0.6975225294457799,4641,-4.4609269502436605e-06
5297,-0.38492443259064407,0.7003092740402712,5159,-4.092751823508093e-06
5298,1.3673211138195245,0.17158135473730463,5423,8.605542543400754e-06
5299,-0.5528907239975102,0.5803632365261024,4945,-4.619432793672532e-06
5300,1.0123190482685014,0.3114364067181321,4815,9.66440202947198e-06
5301,0.5836929499632489,0.5594580693249795,4226,6.094579685964434e-06
5302,-1.8350117254425518,0.06656718075366164,4696,-1.9265000877435344e-05
5303,-0.12737701611450022,0.8986479848028268,4285,-1.3478730672022656e-06
5304,-1.2964092243240337,0.19491724085753814,3618,-1.6947653614873737e-05
5305,0.5800992274514745,0.5618744541428202,4887,4.035233545352322e-06
5306,0.8776166535065546,0.3802013846209089,4252,8.055034268331001e-06
5307,0.37344227732261587,0.7088348235055653,5100,3.057091154499802e-06
5308,-0.5528044704761572,0.580420713456919,5280,-6.704410432973106e-06
5309,-0.512329327524962,0.6084399543215129,5830,-3.5656604277682052e-06
5310,-0.5407948452785273,0.5886749106156115,4649,-6.227597120131675e-06
5311,-0.8121503597444713,0.4167413858143494,5367,-7.185593128117547e-06
5312,-1.4071779667311377,0.15942587491246996,6065,-1.222036599775194e-05
5313,-1.3790113135236877,0.16795201275823168,5078,-1.2614025758143672e-05
5314,-0.46264961594660997,0.6436347381276315,5244,-4.277703458387186e-06
5315,-0.6428611700978111,0.520340878510303,5523,-7.037301095210334e-06
5316,0.5558379603541128,0.5783474315940762,4821,3.9584755651964495e-06
5317,0.1388363975803054,0.8895851919926034,4854,1.4624639259189965e-06
5318,0.00746159105055257,0.9940468398919138,5454,8.418063365043718e-08
5319,0.7197311594001652,0.4717352350130284,3764,6.403431436128607e-06
5320,0.34042541776490515,0.7335474002214535,6374,3.3577234387031396e-06
5321,0.5320560583663596,0.5947086605761487,5501,5.297507985226251e-06
5322,-0.5164441408355849,0.6055614493401951,6638,-3.572171849549159e-06
5323,0.8846785762347282,0.376367004655072,5751,5.775293031218876e-06
5324,1.0221855012825514,0.3067430339040087,4954,1.2276283044303364e-05
5325,0.31455694396794487,0.7531121265319531,4671,2.469602682934141e-06
5326,-0.7156017773962023,0.4742818882303541,3746,-9.11782621794837e-06
5327,0.20705919611869497,0.8359707956678752,5883,1.7375360920476712e-06
5328,-0.27616343571015783,0.7824348706452255,4629,-2.2122528138015683e-06
5329,0.05933375943326328,0.9526884287303494,5499,6.70650965265023e-07
5330,-1.2549686588058364,0.20956316120107843,4017,-1.3710428777107052e-05
5331,-0.78739452308751,0.43109297174298433,4442,-8.434907016978032e-06
5332,-0.6434507651879715,0.519963072042299,4697,-6.123177269626045e-06
5333,-0.40594285584808104,0.6848048058455889,4297,-4.6475008590321515e-06
5334,-0.5828629946206094,0.5600107545122159,5212,-6.485793061063479e-06
5335,-0.3991292448198815,0.6898116749145125,6222,-3.8093032622585283e-06
5336,1.0300308961205324,0.30304791353329574,4754,1.2130606141436901e-05
5337,1.1593863835927158,0.2463563463480698,4805,1.1872330846694866e-05
5338,-1.091547739968198,0.2750840008346611,5052,-8.907178678825002e-06
5339,-0.8832827211256608,0.3771265274824871,4940,-9.501819352337965e-06
5340,0.7015608135960131,0.482985014338708,5116,7.851720512500049e-06
5341,-0.7636711136475124,0.445100390549622,4853,-9.04095805439523e-06
5342,0.8623033318622216,0.38856429812362125,4735,8.725966827014573e-06
5343,-0.33579625165113697,0.7370388237407735,4925,-3.918208044555214e-06
5344,0.6508427329767104,0.5151814873026481,4468,5.33662238592288e-06
5345,-0.7812286884586711,0.43470133749066076,5549,-8.933647693725886e-06
5346,-2.235174393686455,0.025442002087946447,6093,-1.4744777636065345e-05
5347,0.14316557723040904,0.8861657671955936,4542,1.730879359661153e-06
5348,-0.0009721545801755909,0.9992243812524801,4019,-1.3276632544049871e-08
5349,-0.8782478405163046,0.37985608220638944,4505,-9.575720734374369e-06
5350,-2.12514926350814,0.03362650643332299,4672,-1.8515448949985367e-05
5351,0.8330178606437277,0.4048732183941648,5160,9.449884601141445e-06
5352,0.3782467781049109,0.7052619481254252,5474,4.3714369915049945e-06
5353,-1.7881116526400727,0.07381623424958539,5198,-1.7098834515301204e-05
5354,0.27934276599880925,0.7799961955353532,4011,3.628367019658173e-06
5355,1.1981148569595232,0.23092442448100425,5449,1.4319491060280492e-05
5356,0.043519858335500865,0.965288627297731,5823,3.650476015405082e-07
5357,0.326846377685526,0.7437985144989463,4740,3.851133736524998e-06
5358,-2.7780613907723986,0.0054923894845793075,4258,-3.3355997703101466e-05
5359,0.2492845330042121,0.8031498996072703,5563,2.446953476954474e-06
5360,0.9511419475140621,0.34158341590171615,4500,1.220537109217297e-05
5361,0.05244551872142972,0.9581759935167347,4579,5.600729184044392e-07
5362,0.6731895747342259,0.5008569880442888,5136,4.93245553605595e-06
5363,0.2222430669778385,0.8241346707105408,4539,2.607985093930856e-06
5364,0.47859950827230424,0.6322492513712998,4075,4.395385909521215e-06
5365,-1.4789525113813071,0.13922901359102124,4145,-1.8662365915489456e-05
5366,0.648320469532394,0.5168049506072796,5463,4.510294665129593e-06
5367,1.0246723482547846,0.30557113884996,4649,1.0452825394289848e-05
5368,-1.7815964945849063,0.0748616397735431,6514,-1.379132522189527e-05
5369,-1.2188166039499486,0.2229634970929144,5787,-8.021823161881279e-06
5370,1.1885186508165566,0.23468315215107016,5226,1.0812287450185612e-05
5371,-1.1993763168814047,0.2304289974682172,6003,-1.0159899444848697e-05
5372,1.248076061916129,0.21207870944492546,3871,1.3304597385427526e-05
5373,-0.5877455475223539,0.5567277156111965,5392,-3.65140034739173e-06
5374,1.2137324651175474,0.2248976450979161,6005,1.2163752180056286e-05
5375,-1.529179788715172,0.12628105755660224,5171,-1.3823468836006377e-05
5376,-1.9054693647568655,0.05677752200005348,4904,-2.018761860027784e-05
5377,1.678884521722142,0.09323862530687532,4877,1.3876694650108274e-05
5378,1.0897657106218939,0.27587141177456975,4771,1.3315071785737843e-05
5379,-1.1488784980119466,0.25065594577916883,5512,-1.3259850601284828e-05
5380,1.5085851844595977,0.1314650650542255,5245,1.8600159293601623e-05
5381,-0.14292115194949329,0.8863577289114872,5459,-1.370251320250947e-06
5382,-0.4492193969487567,0.6532901924691803,5797,-4.696062213392872e-06
5383,-0.15807611312855668,0.8744027280799551,5406,-1.7126672533599645e-06
5384,-0.6986487277034165,0.48481065671398804,4159,-5.873966187097102e-06
5385,0.38494212666110006,0.7002986243364013,4467,3.892270667313289e-06
5386,-1.50547066641167,0.13226533395854645,5077,-1.5644684718526532e-05
5387,-1.0704979985941003,0.28444334789215,5368,-1.2628204425823274e-05
5388,-0.10038076433432144,0.9200472766134526,3844,-1.0905612585950752e-06
5389,-0.4942977858258968,0.6211200919291633,4487,-4.887079068874234e-06
5390,-0.9898891193874398,0.32228206575048546,4457,-1.2129360642650116e-05
5391,1.391053136254662,0.16426343801172227,5719,1.4964332613217648e-05
5392,-0.6812353637807446,0.49574843455625395,6101,-6.695478638824522e-06
5393,-1.522736112978164,0.12788037819126385,5684,-1.3203470811403704e-05
5394,-0.08965110365542844,0.9285680601994561,5006,-1.1039281467356114e-06
5395,0.5348986836362339,0.5927421318301649,5355,3.6878118870338226e-06
5396,0.1978464201061401,0.8431720942327046,5856,2.0368018267877984e-06
5397,-0.4424116193847005,0.658210686208764,4955,-5.1726627215117e-06
5398,-1.1933826890135952,0.23277626563737464,4991,-1.359200223738944e-05
5399,1.0118401431655795,0.31165332652760025,6305,1.0134061195866117e-05
5400,-0.4185551802541117,0.6755564420849609,5918,-4.29852238999344e-06
5401,-0.9375521366115177,0.3485127746717618,5935,-9.863267652045127e-06
5402,-0.48367258883630126,0.6286455937032276,3874,-5.758153982759153e-06
5403,1.1049069205357032,0.2692577869899875,4595,1.3996808598020785e-05
5404,-0.19392872789968807,0.8462420956732628,3786,-3.041541782044611e-06
5405,1.8977895837853096,0.05780667854258659,3473,2.1716101897819196e-05
5406,0.5230739637383334,0.6009469625172481,4794,6.019513443136775e-06
5407,1.145896658246849,0.2519002593021633,4399,1.0336732843197419e-05
5408,-1.1063660480150497,0.2686332951356556,4084,-1.3706161708152793e-05
5409,-0.14373561636193596,0.88571534910083,4746,-1.8747790595297094e-06
5410,-1.4856218740720315,0.13744295058381084,4943,-1.4120939772894958e-05
5411,0.8261281112629673,0.40876168368404775,6514,8.060098536381466e-06
5412,0.9571405848638334,0.33855016007337957,4297,8.865416696638746e-06
5413,-1.5718194048986305,0.1160553605700716,5029,-1.7327648486307485e-05
5414,0.20601463814571794,0.8367921812975623,3302,2.673712386895586e-06
5415,0.623753369148087,0.5328156871048639,5448,7.234792166935421e-06
5416,0.053528691072551114,0.9573125464546939,5703,5.990727177076962e-07
5417,1.0698694120626744,0.28473534739624773,4511,1.3998131075997845e-05
5418,-0.006061037761106973,0.9951642714663322,4831,-7.102684613247491e-08
5419,-0.17202505299654944,0.863423097804771,6613,-9.582532187161311e-07
5420,-1.115940868231747,0.26449674606129325,5440,-1.0275947261792271e-05
5421,-0.2556847524530424,0.798204977723588,4912,-2.783433244950436e-06
5422,1.1389143168718743,0.25478472951463993,5953,1.0114487596542129e-05
5423,-0.8222847651406101,0.41095134754122764,5372,-8.797965317706572e-06
5424,0.07121202669293764,0.943232154034817,4530,9.555782451692977e-07
5425,0.876948930410018,0.3805544342318361,5260,5.259699041576124e-06
5426,0.009564784028969757,0.9923688823033658,5309,1.1499825896991684e-07
5427,-0.9344484966765749,0.3501206680251232,4694,-1.125030678913994e-05
5428,0.2998104985095156,0.7643327689970336,5634,3.153297771097554e-06
5429,0.4787753973928471,0.632117494908377,5489,5.531550756694502e-06
5430,-0.8368768679479426,0.4027102867124692,4124,-8.288700736998494e-06
5431,-0.8799907732295917,0.3789066764743889,4992,-7.241984848784851e-06
5432,-0.9546795044045976,0.33978914734123444,4677,-1.032678946732971e-05
5433,0.9065110076797562,0.36470402375203426,5662,9.815323759981849e-06
5434,-0.9632003388379418,0.3354865973732115,5882,-1.0120522669903185e-05
5435,-1.7869824228093043,0.07399365681548842,5679,-1.764127112335762e-05
5436,1.8944788957066936,0.05823296325709837,4033,2.0162716022642884e-05
5437,-0.4894606965592697,0.6245370883051975,4991,-3.7381030546230077e-06
5438,0.0791948503530508,0.936881212676707,4437,9.337890541902564e-07
5439,0.7994847993571215,0.42405118305728795,4541,6.479488107129209e-06
5440,1.2846901259633918,0.19895426416845008,5545,1.444676668896872e-05
5441,-1.2000859556047887,0.2301574052278883,5527,-1.4093139448864516e-05
5442,-0.5323367034510783,0.594514476898437,5461,-4.2858820782236695e-06
5443,0.10412435553381523,0.917075119963664,4686,1.0488056284923416e-06
5444,-1.3389434386398682,0.18067483908417992,3550,-1.9988585662696612e-05
5445,-0.008583558513652874,0.9931518286371532,3952,-8.662890390615581e-08
5446,-1.2502116340909126,0.21128169539066666,4922,-1.2035104171649316e-05
5447,-1.4080980469136921,0.1591762289149301,4191,-1.5729255921643925e-05
5448,-0.33186804600348563,0.7399999063012006,6320,-1.885507630610271e-06
5449,-0.632481006498887,0.5271063702900194,4285,-6.109321209150145e-06
5450,1.104790207823883,0.2693000115052784,5370,1.1768025479906101e-05
5451,-0.10019977705423949,0.9201891349542175,5888,-7.97834824736873e-07
5452,-0.7175325882522811,0.47307894917163074,5017,-6.8570569484896546e-06
5453,-2.172899228292787,0.029838133101610653,4660,-2.3718716293389395e-05
5454,0.5753388575385928,0.5650925831544837,4254,7.068078520329055e-06
5455,-0.6147653455212719,0.5387377572023415,4986,-6.176131963612062e-06
5456,-0.2548017132789111,0.7988865842615642,5072,-2.876961692081025e-06
5457,0.632147098160532,0.5273199450896016,4953,6.601499091205851e-06
5458,0.2860317174751167,0.774863386533202,6200,3.005106247514222e-06
5459,-1.1103005675516606,0.2669182178520937,5484,-1.1969850220423894e-05
5460,0.5264322324216518,0.5986219338398597,3434,6.950267937654333e-06
5461,0.1102603134203568,0.9122068872816962,5593,1.1824362283065925e-06
5462,0.1066297916592351,0.9150864164517669,5730,1.180606362464153e-06
5463,-0.043538494765821945,0.9652740514259543,4906,-4.5477541542254095e-07
5464,-0.9156334305140418,0.35991121290504813,4245,-9.84820720225431e-06
5465,-0.020055746850533684,0.9839996939473388,5053,-1.5772719814960674e-07
5466,-2.6391235131229065,0.008337657407984755,5040,-2.7210055487751667e-05
5467,-1.9025304864232395,0.057150092858253565,5948,-1.4562135795337088e-05
5468,1.402482767235272,0.16083827940942896,4624,1.5822125695834324e-05
5469,-0.18984727288532685,0.8494344701115888,6810,-9.434375260256378e-07
5470,-1.5613937932944946,0.11848401224826688,5955,-1.635421018921169e-05
5471,-0.20163369287903546,0.8402103439128958,5665,-2.1345022807349233e-06
5472,0.04705679801455306,0.962469555798533,5887,2.8532463846526695e-07
5473,-0.9901957182492022,0.3221306142998135,4595,-1.2295113115285144e-05
5474,0.3377234656316022,0.7355849119254896,5322,4.034799382790341e-06
5475,0.4126133610184165,0.6799181433013142,3134,5.68050519985146e-06
5476,-2.0230531855025005,0.043112453099322545,5930,-1.58134642321188e-05
5477,-0.22810649924572263,0.8195719256699245,5502,-2.180736678761334e-06
5478,-1.5462903399353383,0.12208862032991141,5844,-1.0778369036498474e-05
5479,-2.312864902258691,0.02077520338756611,4476,-2.547449740030707e-05
5480,0.06596356489646997,0.9474093564117185,5227,8.11221826350637e-07
5481,-0.12782081667783385,0.898295060208149,6000,-1.3431080466547885e-06
5482,-1.0594444637627565,0.2894486465108219,4995,-1.0735803140539925e-05
5483,-0.4754281624942871,0.6345078439335392,3992,-6.6569734149380164e-06
5484,0.31706481013532106,0.7512082642066074,4784,2.562427628433159e-06
5485,0.8134452011880191,0.41599614607565627,5818,5.251353377478561e-06
5486,-0.2917546885538275,0.7704856840252454,5267,-3.6334985742189145e-06
5487,0.7406757663813688,0.4589231552514361,5255,8.715146241615372e-06
5488,-0.4832072915286225,0.6289700339045692,4927,-5.628860408340107e-06
5489,-0.9590403895795083,0.3375779174989182,5868,-9.002553114308381e-06
5490,2.277299402254937,0.02280293915136733,6079,2.3784293856052113e-05
5491,1.1803537647340543,0.2379092858515497,5645,1.2756589338212113e-05
5492,0.6086617883644619,0.54277690600644,4892,4.819965605095109e-06
5493,-0.5224226574115572,0.6014011759994218,4613,-7.031466689846826e-06
5494,-0.27728187501536716,0.7815754494849563,4869,-2.8218653300730103e-06
5495,-0.08552844184062268,0.9318453909848436,4171,-9.637918316228567e-07
5496,-1.8336900727552365,0.06677588436349713,3916,-2.2340603470047045e-05
5497,-0.6955649512490373,0.48674202415226486,3972,-9.103462300275609e-06
5498,-0.46653085952587525,0.6408556284845348,5066,-3.608748617018582e-06
5499,-0.3958997506224051,0.6921991665942127,4186,-4.692612284802833e-06
5500,1.492684939271383,0.13557331012165585,5883,1.6228206331138865e-05
5501,-0.42625604435489234,0.6699367628769264,5928,-3.762116099021856e-06
5502,-1.4018863670051682,0.16101495262416954,4720,-1.728291076641148e-05
5503,-1.2897087785713335,0.19723915016831572,3415,-1.7061149068496623e-05
5504,-0.6278821143416581,0.5301073079714533,5486,-7.254046573538824e-06
5505,-0.6963144073358861,0.4862805793564873,3329,-8.487884661375207e-06
5506,0.7489924455661475,0.45389419597571146,5432,8.629816847888505e-06
5507,-0.02204409883642144,0.9824137602283802,4480,-2.4753404557420877e-07
5508,0.5128994855130234,0.6080407480659158,5928,5.379092247951551e-06
5509,-1.4871634677399432,0.13703005976238303,5398,-1.3739395141174028e-05
5510,-0.8950373745943693,0.3708045734433205,5751,-9.809995239086976e-06
5511,-0.28094676641848326,0.7787606565434877,6167,-2.465143241235232e-06
5512,0.37903581081688065,0.7046747939732807,5952,3.19614126144374e-06
5513,1.1180846178662918,0.2635776063164994,5746,1.0993130205011183e-05
5514,-1.8482045691421287,0.06462977171778661,5176,-1.9200117045920027e-05
5515,-0.7471827975004837,0.4549885023351168,4981,-5.763739311017712e-06
5516,-0.20465475911763611,0.837852040052347,4096,-2.8583716987394734e-06
5517,-0.4624476675993472,0.6437858396119327,3944,-4.651003686017646e-06
5518,0.8921207331439384,0.37237175445744275,4932,1.1470786039706523e-05
5519,1.2054481863968216,0.22807578319825783,6276,1.1948233032776869e-05
5520,0.9617312139074863,0.33624377604913214,3933,1.0279457174794845e-05
5521,1.047210995368877,0.2950518433669269,5107,1.2876384880398302e-05
5522,-0.5074259347079926,0.6118803130401149,4602,-6.43712397840176e-06
5523,0.504279422154833,0.6140869535507743,5070,5.62883860383966e-06
5524,-0.004464842926140113,0.9964378340344104,3543,-6.542236201346132e-08
5525,1.5124792810679275,0.13047006786110105,5441,9.733899317369671e-06
5526,-0.9406558623481749,0.34692772744500844,4889,-1.1059147306075377e-05
5527,1.1063764956555533,0.26861179925880063,5522,6.7633425063473936e-06
5528,-0.631981405771547,0.5274362620812683,3881,-6.357328544779042e-06
5529,1.160684611285919,0.24582104795829252,5448,1.0920890245243753e-05
5530,-0.0939107465494533,0.9251841470615711,4601,-9.601372131617216e-07
5531,-3.2205507823583304,0.001288856409640493,4353,-3.637892076904908e-05
5532,-0.14625534898215478,0.8837245572488786,6215,-1.2960479578474137e-06
5533,-0.3521729795834797,0.7247254211163974,4397,-2.898812324192759e-06
5534,-1.4008943417787119,0.16130755624601845,5015,-1.4173848409681906e-05
5535,0.9425194262587733,0.3459754407798532,4679,8.526241298026437e-06
5536,-0.7909527663298955,0.4290063560276902,5391,-6.84161551200412e-06
5537,0.5221622921386103,0.6015835226412056,4418,6.9407883627549575e-06
5538,1.1743368335805993,0.24031408825993084,5184,1.001599865262078e-05
5539,1.6519683045161428,0.0986144526163999,4276,1.4225680252270644e-05
5540,-0.5928654054903996,0.5533014394435996,4439,-6.5575876899383815e-06
5541,-0.48433309510242406,0.628170269739575,5106,-5.6950838641971366e-06
5542,-1.1444376845972208,0.2525038441066172,4442,-1.1084482966776277e-05
5543,0.7499644311058026,0.45330828762601283,5487,8.761316257728547e-06
5544,0.1780854528493027,0.8586626050247421,5354,2.093782825619897e-06
5545,1.4005150935008919,0.161409080870774,6212,1.4253364502051488e-05
5546,-1.2099188455925007,0.22635876467078697,5870,-1.1793407803116016e-05
5547,-0.015103848230786403,0.987950077222886,4038,-1.537176282363576e-07
5548,-2.274258371451921,0.022997922268656934,4445,-2.8635191101232603e-05
5549,0.5352520579812157,0.5925020159707834,4502,4.364232828735352e-06
5550,-0.5445306101967509,0.5860980331116319,5611,-6.036294318326297e-06
5551,0.18980749240685865,0.8494672313302853,5317,2.323030056032869e-06
5552,0.028771388231700095,0.9770481330894853,4735,2.745587578877958e-07
5553,-0.11349963120940804,0.9096389742379398,5043,-1.2003934902198335e-06
5554,-0.757993889691415,0.448489808488546,5080,-9.170529200317635e-06
5555,-1.583224249907864,0.11342492038935204,5797,-1.1461364686663549e-05
5556,-0.434465421730938,0.663967868368545,5398,-4.590308565532862e-06
5557,0.18186305726015203,0.8556963373999276,6004,1.6088242732800175e-06
5558,-0.22308673515765692,0.8234760995769441,5628,-1.45561436128637e-06
5559,-0.7879764057463102,0.4307440805902081,5564,-5.43411087712483e-06
5560,0.015148823504897057,0.9879142937936805,3582,1.7852989434351613e-07
5561,-0.9917709250086069,0.32135399417239996,5368,-7.127068910025444e-06
5562,-0.36291400554863246,0.7166865404416325,4405,-3.998110042597992e-06
5563,1.4015492455789176,0.16110050333442238,6133,1.2049007604508893e-05
5564,-0.5839645292743856,0.5592691653507802,5272,-5.3887322030227435e-06
5565,-0.39360321455870695,0.6938901047836405,5214,-3.9030277690926866e-06
5566,-1.8741573600453565,0.06098427494543235,3858,-2.0401052605054366e-05
5567,-0.5749705313704818,0.5653388189077182,4689,-5.2376984761150015e-06
5568,-0.6197529247423298,0.5354468935542434,5344,-6.995827162080523e-06
5569,-1.4650999508403375,0.1429432443681482,6340,-1.1927996815717108e-05
5570,1.0382729127585353,0.29918812511231807,5566,1.0935395557188073e-05
5571,1.2898005510544202,0.19717725343510173,5203,1.653356391775363e-05
5572,0.2680974877956418,0.7886386533579781,3848,2.834998850061861e-06
5573,-1.6913963266105148,0.09082423357365377,4939,-1.9132729544496333e-05
5574,0.7452184540154299,0.45617112322338627,5569,8.463000895002077e-06
5575,0.06267951020476584,0.9500239258652732,5664,5.89670181469504e-07
5576,-0.8344612409907475,0.40406635988968853,4407,-8.75715912831683e-06
5577,0.6247264438176913,0.5321757035287917,5682,4.114858424255604e-06
5578,0.0747030199951192,0.9404550311880189,3712,7.783080986622201e-07
5579,0.010344386780295712,0.991746944054583,4875,1.0989260335254702e-07
5580,0.0763167734615512,0.9391701869893294,4917,9.82620637157344e-07
5581,-0.20509781077611597,0.8375067267063439,3789,-2.58926454518011e-06
5582,0.5675442681165422,0.5703650920228238,6176,5.789258604263309e-06
5583,-0.8638656014152083,0.3877132003062873,4026,-1.1872012112113744e-05
5584,-0.8990172233400133,0.36868402993521876,5340,-7.890498463226232e-06
5585,-0.2622911122842177,0.7931061320692319,5926,-2.547604153293793e-06
5586,1.2504326596230255,0.21119485227954904,5489,1.418174812195898e-05
5587,-2.9405725369625446,0.0032904104150606184,5234,-3.2536088906631455e-05
5588,0.2597307811297451,0.7950823325431458,4913,3.032982277800714e-06
5589,-1.86567223466882,0.062153869505470194,4392,-2.2277127567227927e-05
5590,-0.06936400036018983,0.9447028211319448,4722,-8.818116184801015e-07
5591,-0.41168093546505663,0.6805883593742861,5860,-4.3594207500950306e-06
5592,0.0542178240171674,0.9567636877355503,5239,5.97693854959058e-07
5593,-0.07260060981433099,0.9421275132228253,4066,-8.33196704273253e-07
5594,-0.24351270647690876,0.8076174946326531,5400,-1.7363020261035664e-06
5595,-0.009129938695314498,0.992715796592069,5478,-1.0799427665500783e-07
5596,-1.0779244694831887,0.28110868278547074,6309,-9.25142115714626e-06
5597,-0.6923824262245857,0.48872368461265836,6071,-6.806088743594135e-06
5598,-1.0192775037268544,0.30812210236227755,4849,-1.2239003720261803e-05
5599,-1.586681971944186,0.11264753540909833,5032,-1.3235813460068653e-05
5600,0.5972268252370477,0.5503801451241634,5590,6.384353767513954e-06
5601,2.3634104229482977,0.018147624840626264,4754,2.462385595703324e-05
5602,-1.6708579398823546,0.09480861555192588,5316,-1.111934474130145e-05
5603,-0.16748203431863048,0.8669974331831607,5093,-1.3674060702844206e-06
5604,-1.015924226200352,0.30973443183489,3565,-1.3045076835299954e-05
5605,0.901624321771648,0.36729567586083167,5539,9.709349310103901e-06
5606,1.7330700997751596,0.08315156254250633,4511,2.0414877387815387e-05
5607,-0.889166452604618,0.3739596838428325,4645,-9.781297289768392e-06
5608,0.3107663628482107,0.7559907660260157,5173,2.0956720260044898e-06
5609,1.1845751898448198,0.23623732529642205,5428,1.1078446024671254e-05
5610,-0.15213647920971723,0.8790859287476942,4626,-1.7489706931436816e-06
5611,1.3153146772494206,0.18846287211164103,5138,1.1150729919128113e-05
5612,-1.9429626040459196,0.05208942643037573,4078,-2.264323008252796e-05
5613,-1.337408201458321,0.18115017752439022,5008,-1.3937689393181073e-05
5614,-0.6834435563602901,0.49435185108192936,6273,-4.447126317521399e-06
5615,-1.5728287874282558,0.11582374962761177,4847,-1.5614738697262796e-05
5616,-0.5008409157229045,0.616509458061461,4181,-5.325156644018172e-06
5617,-0.35634141556198223,0.7216079992334756,3255,-4.384328602722173e-06
5618,0.724901062044098,0.46854456835474756,5328,4.729638089244254e-06
5619,-0.18398796823434965,0.8540287927231245,6325,-1.5774850423099227e-06
5620,0.13774550490541254,0.8904470602082859,5038,1.5072769349277678e-06
5621,-0.6986330431866745,0.48480649455524305,6472,-5.42771333349825e-06
5622,-0.6719593192791117,0.5016395626410106,5181,-7.188535737835448e-06
5623,0.1439400095658794,0.8855542090659254,4556,1.234056096144729e-06
5624,-0.2096673668847241,0.8339402119449413,3308,-2.536536351960064e-06
5625,-0.8471892980125412,0.3969424831533461,3836,-9.650258558704392e-06
5626,-0.7874030441421578,0.43107949284079616,5567,-8.402461670359733e-06
5627,-0.5365136941564169,0.5916249126009379,5594,-5.402566601083918e-06
5628,-0.03597299365641391,0.9713053108104102,5065,-4.103181457051036e-07
5629,1.2581248383142023,0.20840273393013375,5235,1.343798559335608e-05
5630,1.2836778201362797,0.1993254057829832,4208,1.464660584330614e-05
5631,-1.5794705675494713,0.11428018197479384,6081,-9.74370341819553e-06
5632,0.28206220381471825,0.7779065772747504,5424,3.3302969211093213e-06
5633,-0.9242919560011424,0.3553766643221943,5269,-1.0806333306952472e-05
5634,-0.7420783139626214,0.4580776689170649,4614,-1.0478280291829498e-05
5635,0.4849863940437248,0.6277137847318617,3824,5.529089276368416e-06
5636,-0.4533518340308289,0.6503180893804814,4339,-5.572089630017698e-06
5637,1.6182961630297632,0.1056606850075057,5096,1.9246232278529735e-05
5638,-0.12762079226190992,0.8984535047105702,5795,-1.098030759097648e-06
5639,-1.1073367924484214,0.26820501041501665,4701,-9.011106301854018e-06
5640,1.1575846459076362,0.2471063895592871,3798,1.138743431725418e-05
5641,-0.39062456214430996,0.6960924825644574,4698,-3.2324698472104703e-06
5642,1.9673865673977768,0.049186427147788425,5779,2.1960995045775864e-05
5643,-1.0934047206935398,0.2742710453781738,4798,-1.1315306087423485e-05
5644,-1.2492636191163193,0.21162502970522756,5189,-1.221421076920224e-05
5645,-0.5319633789265543,0.5947770940649937,4593,-5.431747992458356e-06
5646,0.17313200606792864,0.8625551836860286,4663,2.266835924648782e-06
5647,-0.3174207551462581,0.7509392928656724,4439,-3.209018222274055e-06
5648,-1.176995221061995,0.23926817048525328,3960,-1.0830272455413341e-05
5649,-0.7192096422052934,0.47204830129471187,4600,-6.4866501171617006e-06
5650,-0.4503201156378339,0.6524991062335621,5015,-4.637503123721655e-06
5651,0.17275686951947186,0.8628498530180058,4782,1.750101161707841e-06
5652,0.2781321451788178,0.7809222065219195,5096,3.498330627741253e-06
5653,1.0546809359590785,0.2916319977029862,4197,1.3461594155920687e-05
5654,1.1180334776716925,0.26361834419123653,4092,1.2526481243002318e-05
5655,0.46962091715734594,0.6386430667184606,5958,4.653186519493251e-06
5656,-0.16381189758125522,0.8698844866914903,6293,-1.1235914142033808e-06
5657,-2.722289971705427,0.006503070594048976,5635,-2.6270048948910244e-05
5658,-0.42769060471919873,0.6689020008899593,3597,-6.050292718955749e-06
5659,0.42055516222561234,0.674096252763708,5541,4.788163165071212e-06
5660,1.9936876907141652,0.04623309334121517,5783,2.1181176515980177e-05
5661,0.008503170286187819,0.9932159439586841,4133,7.23352597209621e-08
5662,-0.0004756833398763369,0.99962047530476,6051,-4.760094030469296e-09
5663,1.6834987863924726,0.0923364177848287,5397,1.4499891634472982e-05
5664,-1.6814289909356588,0.09273634128265162,5506,-1.5398093686168155e-05
5665,-0.24962559336391218,0.802886159270999,5541,-1.8855180428115266e-06
5666,0.2919189339981854,0.7703595368219569,5541,3.279011137386031e-06
5667,0.01986757233934759,0.9841499197515455,4375,2.1012153220508598e-07
5668,-0.9450078362074557,0.3447150998571322,3792,-1.0234199700369997e-05
5669,0.02481897188413286,0.9802003154511554,5175,2.576629565648346e-07
5670,-1.6781992283599856,0.09335875705253249,6183,-1.3586202927209489e-05
5671,-0.3431800006092517,0.7314767379196527,5271,-3.7609305451976916e-06
5672,0.14344630004859943,0.8859431876799468,5286,1.0014063917131349e-06
5673,-3.144304403110625,0.0016732707581756934,5772,-2.6764669266871218e-05
5674,-0.3295931745452497,0.7417197407307756,5586,-2.8991014613088524e-06
5675,0.6264813907328128,0.5310230686709114,6002,4.0185105533012585e-06
5676,1.5261728154258583,0.1270206706167003,5875,1.5406349244808537e-05
5677,-1.180397242150751,0.23789353823348813,5476,-1.1978941330785457e-05
5678,1.0173716224747131,0.3090305679974934,4568,1.1603900345699273e-05
5679,-0.8600396433699151,0.3898239387131346,3634,-1.2055428417567756e-05
5680,-2.6068994657827322,0.009158185104753969,6290,-1.8949607188164152e-05
5681,-0.49679824700845215,0.6193523128398035,5206,-3.616653235856855e-06
5682,0.8606451421847946,0.38947618117145977,4837,1.128044490606502e-05
5683,-1.393901040284666,0.16340998369638293,4957,-1.6691960546914598e-05
5684,-0.4559126381946644,0.6484703852199112,5631,-3.966493650876603e-06
5685,0.3117264243643481,0.755262133955874,4748,3.1608374016760525e-06
5686,0.29253973002389416,0.7698881315189405,4292,2.6152817808799937e-06
5687,0.345654611687175,0.7296161873937024,5236,4.126861022329836e-06
5688,0.06380113689754549,0.9491307237827997,5930,6.73369704025535e-07
5689,-0.7568917547173144,0.44915419228240694,4518,-8.131908088140549e-06
5690,-1.4603814034350786,0.1442548439851581,4517,-1.4506861283928458e-05
5691,0.2651919787644288,0.7908711432381832,5713,2.273314929906018e-06
5692,-0.6011849003367937,0.5477507791369685,4016,-6.595550284359196e-06
5693,0.3674383970381057,0.7133072871640933,5099,3.7607181233319e-06
5694,0.7286974558274759,0.466222115143323,4826,6.172036202582464e-06
5695,0.14748192559227796,0.8827583174302582,4457,1.5182248555106262e-06
5696,0.34681906012908653,0.7287416905022388,5057,3.333119177742587e-06
5697,1.5250389344946573,0.12730734724269022,5457,1.7996884356434815e-05
5698,1.149799064135058,0.2502858228806262,4647,1.2859730694293532e-05
5699,-0.4267076539437877,0.6696111520517674,4867,-4.827267004330864e-06
5700,-0.4898719594435877,0.6242434356612985,5678,-5.409591036067132e-06
5701,0.09865037851683449,0.9214195101440235,5431,6.635235675415769e-07
5702,-0.33992879978135293,0.7339221727393954,5938,-3.608279233470077e-06
5703,0.8455086386940827,0.39786280449058964,5637,5.630641995202336e-06
5704,0.4312883443721973,0.666278807951111,4630,3.654219798834745e-06
5705,-1.1452001799330351,0.25217578477631974,5533,-9.516543219738883e-06
5706,0.6120639278176884,0.5405231658984953,5024,3.992096179798496e-06
5707,0.16777507787404602,0.8667671547308293,4900,2.1656900806634e-06
5708,-1.4755057852558893,0.14013708928484303,5207,-1.4216805965005934e-05
5709,0.6240669725128194,0.5326126965263072,4894,7.296958722755891e-06
5710,0.7443322623528595,0.4567127474197923,4695,9.038935648081162e-06
5711,-0.12622502639479172,0.8995589053436339,4973,-1.1026912116989426e-06
5712,-1.1451238104104264,0.2522186502265915,4510,-1.0984910889614447e-05
5713,0.14043782918315925,0.8883197151740436,5012,1.6641127750865267e-06
5714,-0.8426827258964632,0.39945142422356916,4429,-8.320998066669133e-06
5715,1.6362264711426335,0.10184492783501864,5969,1.6776058835737602e-05
5716,1.205714367976687,0.227980198299218,5429,1.4351139732581639e-05
5717,0.01707319287083556,0.9863789200331101,4900,1.5858401033746433e-07
5718,-0.25878495380934735,0.7958160119699702,3589,-3.6195577664033947e-06
5719,1.37138193416454,0.17030848881007743,5855,8.229174792492104e-06
5720,-0.777860925276673,0.43668840880214965,4921,-1.0576945727929766e-05
5721,-1.7131593874281557,0.08674872336279771,4733,-1.6415876313160357e-05
5722,0.581176198133192,0.5611571745985349,3694,7.6220913337035964e-06
5723,-0.0019665505330749952,0.9984310010184543,4885,-1.6255276873558076e-08
5724,1.3676848327353985,0.1714624738539916,5943,7.836712807461128e-06
5725,0.3091065069928267,0.7572513252056825,5955,1.659471921449865e-06
5726,0.2696869680368127,0.7874145084878106,4147,2.6467577507981562e-06
5727,-1.8744046876068565,0.060931518090249215,5125,-1.3269678023260517e-05
5728,0.7022037831138606,0.4825886568752715,4470,6.437586209875207e-06
5729,-0.6520900133781037,0.5143720611791935,5177,-7.387668436465186e-06
5730,0.029143260565409456,0.9767515650818237,4723,3.3737729044951243e-07
5731,0.6625182341779208,0.5076744386533956,4328,5.795916700431098e-06
5732,-0.5219779903891268,0.6017150051394791,3940,-5.6051074061226435e-06
5733,-0.36496480803372344,0.7151528688591813,5081,-3.592229503567044e-06
5734,-0.5835090989661578,0.5595767852055444,5033,-6.632143824317753e-06
5735,-0.4744706329406842,0.6351864014455861,4696,-5.54135964271926e-06
5736,-0.1800378388611565,0.8571321802046694,3916,-2.1087791997014386e-06
5737,0.22871430063787385,0.8191005606752286,4882,2.1949403635191223e-06
5738,-0.3514166418026603,0.7252911530512791,4823,-3.475460073632559e-06
5739,-0.3162276334152529,0.7518401778355281,6321,-3.0277349821172885e-06
5740,0.22672943675010315,0.820642284880305,5688,2.5377388014414193e-06
5741,0.27358976963917686,0.784409954113175,5619,2.336623871771443e-06
5742,-0.017089855249220763,0.986365814171323,3866,-2.560208329344818e-07
5743,-0.48976046382484995,0.6243266392677884,4626,-5.566378652284698e-06
5744,-0.04527442887104101,0.9638907698990642,4109,-4.580252876787214e-07
5745,-0.1303371415255164,0.8963054387786205,4566,-1.0710572369940034e-06
5746,0.6827376079734234,0.49480261950855,5280,5.326373453477504e-06
5747,0.250416533555106,0.8022736288147434,6137,1.4504674889159892e-06
5748,-0.015622656494489937,0.9875359861589614,5611,-1.6979650536366372e-07
5749,-1.0050002037588157,0.31494590583009074,4948,-1.1792433911829376e-05
5750,0.17362877467467622,0.8621636121044602,5496,2.0083292393713098e-06
5751,-0.216002583593873,0.8289953443899594,4585,-2.9945539084544367e-06
5752,-0.48089578418796025,0.6306119269586028,4927,-4.6511808171544995e-06
5753,0.36524753081392125,0.7149442086656776,4398,3.7956447707927946e-06
5754,-0.48203507278757673,0.6298008611023533,5321,-4.35330063269173e-06
5755,0.3435962768817582,0.7311640223567952,5125,4.365508849731963e-06
5756,-0.8580867574268899,0.3908820595150222,5485,-7.653657925799856e-06
5757,-1.2607244772889357,0.20745523106426322,6246,-1.103420428437675e-05
5758,0.3673329387863556,0.7133887810893427,4297,2.9376282726996527e-06
5759,-0.3139597295498043,0.7535662034410593,4493,-4.722661865291496e-06
5760,0.6110896178485525,0.5411697922157703,4703,8.245656317506439e-06
5761,-0.048731119454359755,0.9611363632229035,3492,-5.404411981817141e-07
5762,-1.2592110767789353,0.2080139479835179,4912,-1.2639808357995933e-05
5763,0.22443090129562013,0.822429427188436,6198,2.3472852543878386e-06
5764,0.33238723356369393,0.7396150529175753,3834,3.4490226321654262e-06
5765,-0.15334803306977657,0.8781305646271713,4591,-1.8076629085186444e-06
5766,0.43700906788023774,0.6621257035736323,4509,4.211099425652515e-06
5767,-0.7940733438607052,0.4272057212296929,3557,-9.395401220938281e-06
5768,-1.7820076039312203,0.07480232662620878,5584,-1.2391494733942592e-05
5769,1.2140274860311742,0.22480038997835505,4540,1.3458446708601605e-05
5770,0.03395628293567805,0.9729137392437277,3924,3.725450275250199e-07
5771,-1.8178244022875252,0.06914711135017115,5329,-2.0532300881387916e-05
5772,-0.7905975962254856,0.4292174023889208,4864,-9.308630998312091e-06
5773,-0.5068996861676387,0.6122459340810433,5393,-3.081158329209597e-06
5774,0.8110386859572453,0.4173854331006792,4599,6.100881672925022e-06
5775,-0.75407493797488,0.4508378332228342,5284,-8.939867707401069e-06
5776,-0.1764475381633837,0.8599486598904982,5673,-1.4922015002047497e-06
5777,-0.8670834418105209,0.38593251197684775,5745,-7.263196585688354e-06
5778,-0.39788703409646803,0.6907315866505708,4686,-4.241160801384095e-06
5779,-0.17241170397382857,0.8631195108094358,6188,-1.0261098132728184e-06
5780,-0.1778822696355507,0.8588224261708488,5155,-2.2003248485908778e-06
5781,1.6966203773484256,0.08982279701544793,5728,1.9064503591390457e-05
5782,0.39620390760112784,0.6919774244345107,3706,4.384505848213544e-06
5783,0.6034124543513526,0.5462595010371807,5440,6.824400723220876e-06
5784,-0.6555499663770726,0.5121444656021792,4907,-7.026802571265453e-06
5785,1.1713516186184623,0.2415292499482864,3889,1.0675910465995641e-05
5786,-1.5043931447581225,0.13253451489875845,5812,-1.5029101982801037e-05
5787,0.408926922432037,0.6826079298992718,5983,4.29394252704465e-06
5788,-0.5370137780190577,0.5912878462925126,4017,-7.16290611142055e-06
5789,0.3408087000629802,0.7332618680043685,5019,2.507558228428484e-06
5790,-0.9569049283725722,0.33866687709706467,4481,-9.424028619451598e-06
5791,0.8335266989884905,0.40458323938653296,5610,8.898452750640445e-06
5792,-0.6160646946084092,0.537874486128187,6188,-6.0764236050342175e-06
5793,-1.760541787295262,0.07837041208147788,5617,-1.659180590883523e-05
5794,-0.7552955915877095,0.45011415781058695,4185,-7.549803740716984e-06
5795,0.6675243112779328,0.5044718150174536,4462,9.020886640975746e-06
5796,-0.13549135457936515,0.8922294472948136,4510,-1.4882949975063798e-06
5797,0.18063076759584923,0.8566633684421023,6138,1.1965915549236852e-06
5798,-0.01264791629696929,0.989909203164482,4936,-1.6106027934657782e-07
5799,-1.294746092401118,0.195466899226872,5062,-1.2052152609866763e-05
5800,-0.8205980398106728,0.41191438414676806,5001,-6.821370390174841e-06
5801,0.6749802399882998,0.49971583661510266,5672,7.391090579194119e-06
5802,-0.7019678074014452,0.4827395378629218,4055,-8.210402228618032e-06
5803,0.56513571094183,0.5720045904919335,5482,6.3559779107803565e-06
5804,0.49156139089343137,0.6230526493796447,4650,4.039963448092358e-06
5805,0.11004153322352161,0.9123825007107635,3642,1.3047605936802402e-06
5806,1.0099671440111242,0.3125647718997384,4548,7.656017248205105e-06
5807,0.0653816195882852,0.9478726959186872,5151,6.816082883978627e-07
5808,-0.1896072419884442,0.8496245019934852,5071,-1.8586237863085618e-06
5809,-1.2135173479374095,0.22498422464511658,5498,-1.1213903100866751e-05
5810,0.06040916554932113,0.9518319989699178,5390,6.128395788030286e-07
5811,-1.313009998967013,0.1892411274381438,4896,-1.4777322089286394e-05
5812,-0.8624548168271149,0.3884909620634338,3854,-1.1575059268941943e-05
5813,1.0301013348448842,0.3030165731063037,4603,7.813555474666994e-06
5814,-0.8082081884098766,0.4190089505113648,5033,-5.836494444271607e-06
5815,0.6248378719498081,0.5321053755412426,5110,6.6403413487001645e-06
5816,-0.5829984196647585,0.5599187177137728,5399,-5.8046648540733025e-06
5817,1.6286217436276904,0.1034481206740443,5728,1.649671433698715e-05
5818,-0.37914223149969056,0.7045978384398286,5164,-3.5109160185407742e-06
5819,-1.3347667378474803,0.18200632440006093,5668,-1.1867662003429161e-05
5820,0.9030032757512961,0.3665623816292831,5691,5.644049588216964e-06
5821,-1.1406630441341428,0.254061191216564,5355,-1.3233671103490923e-05
5822,0.524056457502331,0.6002691906243267,3883,5.016530473540217e-06
5823,-0.17499486088511537,0.8610899112059056,5679,-1.715645920981825e-06
5824,0.35765247374391423,0.7206194496890579,4705,3.2193816400936127e-06
5825,-1.1637942917832889,0.24457913083074279,3871,-1.3401609850928596e-05
5826,0.6985368975482787,0.484878953333324,4337,6.6038477710985006e-06
5827,0.5787390181087545,0.5627894079635176,5404,6.965766225398446e-06
5828,-1.6386624376158287,0.10134967004658746,4761,-1.931476386604799e-05
5829,-1.2897893599120156,0.19717629637361367,5683,-1.1081512590537881e-05
5830,-0.2475717769228738,0.8044752840340368,5332,-2.9417182937269803e-06
5831,0.30659954481486235,0.7591597244821493,5540,3.0804099696264667e-06
5832,-1.440938988849286,0.1496689772947284,4670,-1.3222937940614937e-05
5833,-0.5740494397427335,0.5659585011140074,5346,-5.975460406174635e-06
5834,-0.5322081115724852,0.5946047618305137,5165,-6.23317330621017e-06
5835,0.16807051298994047,0.8665343857218184,5167,1.5409038732757398e-06
5836,-0.032412255109059276,0.9741445012529626,5339,-2.1108974308101707e-07
5837,-0.7498512848882453,0.4533840156390676,4440,-9.389730062512852e-06
5838,0.6561025724761982,0.5117932098633449,4304,5.5777976515363695e-06
5839,-0.6898328357536166,0.49033133815399044,5000,-6.474179016031913e-06
5840,-0.2566553309716148,0.797454579011895,5432,-1.6975459605834318e-06
5841,-0.42315803599351265,0.6721949084237262,6089,-4.1004499949827755e-06
5842,0.28908416770458767,0.7725290407162464,4965,2.475420935724418e-06
5843,0.2610111294281624,0.7940933226947853,5720,2.812473754643526e-06
5844,-1.2232176473033975,0.22130626465337033,4906,-1.212923549240119e-05
5845,-0.5607129543781108,0.5750159592207136,5529,-5.152438580751131e-06
5846,0.28801777255301936,0.7733450694664639,5002,2.159176328166096e-06
5847,-2.548791219349177,0.01084201513857197,4585,-3.1001647878390154e-05
5848,0.022171315003277233,0.9823121825650558,5009,1.964616388876484e-07
5849,-0.7001306334565149,0.4838848212503153,4167,-7.852148918065422e-06
5850,1.559823860260452,0.11885181207783946,6292,1.5724235204341945e-05
5851,-0.6670050547590624,0.5047968499498992,5508,-5.5682145408977415e-06
5852,0.4433298133576486,0.6575410018859538,6947,2.1859351903144153e-06
5853,-0.1738863632806181,0.8619619853393838,4879,-2.097606790053603e-06
5854,-0.9022910076404422,0.3669496358757147,4592,-8.185618861472275e-06
5855,-1.4573955789857351,0.1450749763895407,4635,-1.911708231947282e-05
5856,0.9228757017711621,0.3561163819452302,5016,1.0541462532421322e-05
5857,-1.2094618076870287,0.22653322367454298,5989,-9.888710651478716e-06
5858,0.1533334562459664,0.878140822383684,5622,1.6287752064814193e-06
5859,0.6492859957828612,0.51618599476862,4595,5.599239893034064e-06
5860,1.7110202865811759,0.08712863729854892,6050,1.848385868347689e-05
5861,-0.5983350032351195,0.5496477568227465,4326,-8.157357131724646e-06
5862,-1.0474332055999958,0.2949477679760044,5281,-1.2092385379515243e-05
5863,-0.8042787677845455,0.42127244167315947,5247,-8.940994747918996e-06
5864,1.2369650690589402,0.21615744416092397,5062,1.4943639472655645e-05
5865,-1.357884791300906,0.17456407013265562,4801,-1.4215346226081683e-05
5866,-0.6319904068860586,0.5274212699922798,5138,-6.768664379491047e-06
5867,-0.2515239025222541,0.8014190678035589,5178,-1.8926146099460024e-06
5868,0.29745964862876284,0.7661275315106131,5184,2.1770432498564826e-06
5869,0.5139844399652381,0.6072894725328242,4270,5.318607505210213e-06
5870,-0.014059439107184539,0.9887830305830063,5963,-1.5470010773574763e-07
5871,-1.4595586006502705,0.14447020201858307,5345,-1.4999157809526258e-05
5872,-1.692655165859191,0.09057286824810773,6021,-1.478216677492833e-05
5873,-0.8951537175615665,0.37074453370626426,5440,-9.829539467071195e-06
5874,0.6420186484644086,0.5208901239874053,5067,3.918677756845477e-06
5875,-0.6389393967570024,0.5228913637952326,5046,-4.908114177972491e-06
5876,0.4871894114195787,0.6261452752372216,5046,4.088935753575423e-06
5877,-0.9759515466512213,0.32913306870382053,5295,-1.0995543418490537e-05
5878,-1.3460900832277485,0.17834113647711547,4510,-1.6141713840683213e-05
5879,0.6669884994379951,0.5048092281367613,5174,6.871281260852059e-06
5880,0.2893168482930835,0.7723488897438209,6017,1.7116221182635736e-06
5881,2.107132011914074,0.03515173552548334,5448,2.4356639410912742e-05
5882,-1.2454344879798536,0.2130333724979132,4762,-1.4964311111895797e-05
5883,0.4499238545861931,0.6527825403670886,5673,4.862640869192582e-06
5884,0.9895438218468446,0.32244194143435,5345,9.396234476851004e-06
5885,-0.16783967614816522,0.8667164569690169,4816,-2.0863500678550813e-06
5886,1.5893639580664163,0.11203017214380129,6089,1.3698739243893623e-05
5887,0.5979085471423018,0.549927221710111,5156,7.332604648684526e-06
5888,-0.5347886482064501,0.592818196647108,5361,-4.617354079356541e-06
5889,-1.924964716214725,0.05430088213707607,4223,-1.8935028700002753e-05
5890,1.4053014812272353,0.15998028507838224,6388,1.2230041431445971e-05
5891,-0.4437879909848049,0.6572127583538137,5687,-4.465669064499213e-06
5892,0.6979433980701636,0.4852426827090741,5394,8.164277882158458e-06
5893,0.5861667502473326,0.5577934280951848,4416,6.387237969601908e-06
5894,-0.052552480362606555,0.9580905575586278,5053,-6.633421960090888e-07
5895,-0.45771825315179043,0.6471736426598782,5299,-4.2823785469594475e-06
5896,0.30821489539559843,0.757935883060453,3763,3.050419169531955e-06
5897,-0.055494274723558716,0.9557471356198983,4536,-5.129252970396902e-07
5898,-0.4008259686310804,0.6885654088068816,4994,-3.3127697856453847e-06
5899,-0.14063248865197947,0.8881676533912175,3843,-2.0629074698072504e-06
5900,-0.28171954173373387,0.7781703193715801,4962,-3.4894860481188108e-06
5901,-2.0375164690862793,0.04165610376739237,4547,-1.774006679513237e-05
5902,-0.33059387560862613,0.7409660560207958,4686,-2.984938785278205e-06
5903,0.5274479484889388,0.5979060504282874,4981,6.838505146808002e-06
5904,0.6283269119926604,0.5298132789935437,6114,3.7107116386735585e-06
5905,-0.7126115577190595,0.47611905503293905,5055,-8.101659994179201e-06
5906,-1.3301739338594818,0.18351500388083108,5615,-1.2160644257882554e-05
5907,0.7685035166450822,0.44223177866807606,4156,7.101939160656623e-06
5908,-0.9040156807473474,0.3660240337209859,5895,-6.350333705763144e-06
5909,-1.7009936832078534,0.08904230971112281,3169,-2.2862950967731454e-05
5910,-0.28948480544122807,0.7722237539710235,4497,-2.5437618699456968e-06
5911,0.3392874794231686,0.7344061915421851,5474,3.641355874585566e-06
5912,-1.7384305874216297,0.08221242038396936,3975,-1.8811784565556985e-05
5913,-0.04235499426218504,0.9662174287471439,4908,-3.0167769577601436e-07
5914,1.7506792914517362,0.08006549075780112,4768,1.1010402602187236e-05
5915,-1.2330445272297996,0.21761441185152575,5246,-1.177074725684541e-05
5916,-0.7728307423740177,0.43966253358955143,4570,-7.330278680265562e-06
5917,-1.3119199333046407,0.1896033979507905,5355,-9.689786579902517e-06
5918,-0.3128693782296822,0.7543909894232068,5886,-2.860879820067921e-06
5919,-0.534753407795811,0.5928409297663286,5788,-5.397346434950985e-06
5920,0.057532946219168636,0.9541227980692901,5383,4.05199228484162e-07
5921,0.35100848914995253,0.7256008471334106,3920,3.743286990211629e-06
5922,1.1453609312517572,0.252116130466741,4856,1.0248249660564894e-05
5923,-0.9957160660614365,0.31944326435307113,4370,-8.70524002760516e-06
5924,0.2876233398215278,0.7736461385904694,5389,3.3833796153927695e-06
5925,-0.21425401479390946,0.8303592523051317,4252,-2.187695414178397e-06
5926,0.9122207362987638,0.36170149404479446,4492,1.159375945027192e-05
5927,-0.25405773544714644,0.7994629483731563,4356,-2.2176905640252624e-06
5928,-0.10578255350794226,0.915758453120231,5938,-1.069565908341073e-06
5929,-1.1014798008710993,0.2707412632066306,4968,-1.346737534372014e-05
5930,0.9619908364314992,0.3361046178266318,4615,1.2851012119632805e-05
5931,0.26803811963981794,0.7886817491586315,4697,3.151138052602661e-06
5932,1.5644230719875682,0.11777307550194482,5772,1.0428637164216151e-05
5933,-0.8019928085317898,0.4225965327102639,4836,-6.306206694810571e-06
5934,-0.1436115526293329,0.8858124940917924,5485,-1.487977423679934e-06
5935,0.39008099795143186,0.6964923704536097,5287,3.316464164169255e-06
5936,1.1986541760324971,0.23072140841980038,4818,1.3574854103563754e-05
5937,-0.20016916927071152,0.8413560611672135,5231,-2.052786649198036e-06
5938,-0.17347120956658757,0.8622888898863343,4483,-1.5559916210269731e-06
5939,-0.6853286439017485,0.49317193182894425,4492,-7.020525779151453e-06
5940,1.4315959330779313,0.15231152813059667,6007,1.2269170203715995e-05
5941,0.6754768289831993,0.49940117767769987,5518,7.95794281304679e-06
5942,-0.5125071612320652,0.6083243088740464,4015,-6.511677236247211e-06
5943,0.3362463266152401,0.7366980279437136,5467,2.9399640626446506e-06
5944,-0.6603784424614183,0.5090408038876721,5105,-7.0210111627340335e-06
5945,-1.1595830760702333,0.24626541628042475,5914,-9.95376645004061e-06
5946,-1.5095043145143967,0.13123705881125058,4709,-1.3622025088092181e-05
5947,-2.4621595752702246,0.013841144010068307,5434,-1.852527791678282e-05
5948,0.06447263959468388,0.9485963273564963,5293,7.94265085685363e-07
5949,-0.5029603202680204,0.6150131686054192,5276,-3.8450835020420166e-06
5950,0.42097361711473075,0.6737934293402859,4742,4.699610554935116e-06
5951,-1.0151524171010031,0.31007964909881425,5286,-9.776424372478563e-06
5952,0.007094954973824299,0.9943393437463619,5633,6.521791364719699e-08
5953,1.4333616204106654,0.15181522467640485,5151,1.599963260993779e-05
5954,-0.46216422698044246,0.6439832266862304,5112,-5.5722708564626995e-06
5955,-0.28598642363332516,0.7748988238492212,5750,-2.5276403085495764e-06
5956,0.6451205390400949,0.5188840866692361,4228,6.00249738821819e-06
5957,-1.0630956506701554,0.28778905907881036,5086,-9.753456597443353e-06
5958,-1.1011620959574533,0.2708785036113224,5060,-1.0738024363001013e-05
5959,-0.4936326109058297,0.6215872179290813,5031,-4.909695994905386e-06
5960,-1.540428480474018,0.12351630273374181,5243,-1.0836135899143244e-05
5961,-1.302813486373185,0.19270111236808574,4788,-1.234665185242114e-05
5962,0.6276936407021572,0.5302340759950064,4872,8.64644769003076e-06
5963,-0.5773987993142774,0.5637028604748293,3967,-7.662629965591078e-06
5964,1.224397469109279,0.22087044446807402,4235,1.1583737420543334e-05
5965,0.2084979408111654,0.8348490294053335,4805,2.280077116034824e-06
5966,-1.2631520344276383,0.20662308668978824,3327,-1.765068309504914e-05
5967,-0.20909497810291852,0.8343813653027901,5859,-1.2752031498214288e-06
5968,-1.1196866773529108,0.2628980427896177,5301,-1.209054477324922e-05
5969,-0.5614257292320011,0.5745324945641324,5004,-5.75514645425289e-06
5970,0.27612865016845395,0.7824603487718556,5145,3.3054861517417605e-06
5971,-1.045038097148256,0.29605143966381386,5483,-8.134116845466322e-06
5972,-1.6002137373279286,0.10961485010888272,4962,-1.0356892323798304e-05
5973,-0.09477259285329338,0.9245001953375687,4008,-9.748839654894556e-07
5974,0.10960263834308989,0.9127289999594304,4908,9.119152741519655e-07
5975,-1.5990796918147105,0.10987258875019434,4534,-2.2999411615131768e-05
5976,-0.6158124434486691,0.5380468174339144,4918,-6.5744825125091875e-06
5977,0.5687964125208663,0.5695169252111234,5649,6.414434878913208e-06
5978,0.5073907964173523,0.6118996100006115,5900,3.762224813834154e-06
5979,-1.4055062326931058,0.15994092259811943,4431,-1.7944947837292716e-05
5980,-2.803852281990772,0.005069104784793277,4994,-2.9928136485712406e-05
5981,0.6418717919909954,0.5209853012711569,5097,6.195925697936758e-06
5982,1.0225151874211615,0.30658466686118113,5204,1.3007960478094654e-05
5983,1.001869889427265,0.31644683901834014,6001,1.0150996448474437e-05
5984,-0.18681951144420408,0.8518118110741411,3923,-2.2329132909925523e-06
5985,0.18451478379482444,0.8536166912730114,5300,1.4968120605651185e-06
5986,-0.4086064496464594,0.6828437474626101,5738,-4.141696674263731e-06
5987,0.4758076023558771,0.6342300765477591,5582,5.61996855784838e-06
5988,1.1442394967104592,0.2525899240921168,4176,9.574902885615624e-06
5989,0.411024313741089,0.6810722403816301,5024,5.001274499818691e-06
5990,1.2609949964735332,0.20736405816358072,5509,1.517688632645789e-05
5991,-1.609898337563875,0.10748729334534146,4695,-1.532318255750634e-05
5992,-0.5164920767320691,0.6055287090798007,6368,-3.165205919122997e-06
5993,0.15091182745073822,0.8800511409334897,5186,1.1697055391176307e-06
5994,-1.0263365512669198,0.3047950808165236,3998,-1.3754910466197918e-05
5995,-0.3313158348914545,0.7404203978625978,4800,-4.289297294231762e-06
5996,0.7779200542410252,0.4366504164678915,5371,5.635778525084782e-06
5997,-1.005096776053907,0.31491737462291924,3624,-1.2545450206700498e-05
5998,1.311454621841751,0.1897584457323087,5553,1.4956694183941477e-05
5999,-0.5247608682130873,0.599777548718462,4139,-5.436905869911191e-06
6000,-1.9298039914454874,0.053696741330089726,4307,-1.8148995886166752e-05
6001,-0.2511658427375979,0.8016972311918504,4552,-2.0665933991324176e-06
6002,-0.18630027359976967,0.852216184932848,5484,-1.8849095263956506e-06
6003,-1.07908528630106,0.28060636124257443,4595,-8.631531810133582e-06
6004,1.5503215476950503,0.12113421341612107,4531,2.0442704906121502e-05
6005,-2.722718466960342,0.0064961457152497015,5243,-2.685563286625333e-05
6006,0.020585594594406443,0.9835769167258301,5998,2.1638075338413197e-07
6007,-1.5139842382869952,0.13010167845681742,4400,-1.4521584697645332e-05
6008,-0.49414106425627785,0.6212258610228396,5624,-4.206603855081886e-06
6009,-2.3442829295155767,0.019115085640984297,3790,-2.7675493523884078e-05
6010,0.6083356967349689,0.5429925382005409,4991,5.413914144961437e-06
6011,-2.2298847780055877,0.025812432524252804,3858,-2.5787942245915947e-05
6012,-0.07825345364375468,0.9376293152344564,5451,-9.316617261297745e-07
6013,-0.4975614521548528,0.6188159046790567,4815,-6.317699361664742e-06
6014,0.44230360421423165,0.6582855699363623,5962,4.816796971094945e-06
6015,0.08627919225797002,0.9312474597247085,5796,8.291666223529781e-07
6016,0.614297430109534,0.5390513909733041,4289,7.561550848404966e-06
6017,0.5362830408580638,0.5917873734314529,4885,5.881066959250583e-06
6018,-0.3899533442606229,0.6965867821226328,5279,-4.541918946426663e-06
6019,1.1871444269605897,0.2352235721607987,5330,1.3628296849529723e-05
6020,1.6096963886005056,0.10753982763260317,4172,1.808513694491549e-05
6021,0.6448205981949477,0.5190711878983607,5334,7.842139908827717e-06
6022,-0.4285507491469304,0.6682681376545831,5145,-3.6284597445959077e-06
6023,0.6113252553759448,0.5410075818928717,5963,5.663362352934802e-06
6024,-0.04215319865487484,0.9663783831843038,4646,-3.3462366213815654e-07
6025,-2.631895190863098,0.00852572979690236,3758,-3.400270955911485e-05
6026,-0.04902693656894757,0.9608998292524225,4897,-4.53471459857638e-07
6027,-0.7556615209558131,0.4498905679055678,4635,-7.4183558634617055e-06
6028,-0.005709356369264451,0.9954448380697576,5163,-5.915724851720945e-08
6029,0.8747435829980837,0.3817610005767438,4418,9.536677461718454e-06
6030,1.5472941298790746,0.12185161700621405,5339,1.7978146273300136e-05
6031,0.408911762432432,0.6826282764419893,3671,5.4952662392981825e-06
6032,-0.6754623620555589,0.49941058254888304,5476,-3.935763386724281e-06
6033,-0.16862065288190844,0.8661024191246782,4619,-1.5415880065496125e-06
6034,-0.5690091974124012,0.5693751280077448,5066,-6.352831750454821e-06
6035,1.2614394504546895,0.20720489002039666,5417,1.4259828820179211e-05
6036,0.9145768138078785,0.3604528500169808,5653,1.006588313390698e-05
6037,-0.8257391707435667,0.4089864446883624,5731,-5.371555571158662e-06
6038,-0.6204910619113756,0.5349613171056182,5281,-6.731243237128933e-06
6039,0.3105404503856843,0.7561642245403566,4552,2.3118014392041556e-06
6040,0.9511426857846977,0.3415842382799552,4397,8.428866168503141e-06
6041,0.6061911642468696,0.5444133517240681,5390,7.080567844571066e-06
6042,0.2625661389605271,0.7928958975100988,4965,3.119880394766355e-06
6043,-0.648412149017956,0.5167517138664448,4472,-7.596030750497607e-06
6044,0.3632230489507258,0.7164517734281741,5687,3.7269848608529607e-06
6045,0.7721852276811837,0.44004197000618506,4901,1.023901654631896e-05
6046,0.8577999186049766,0.3910634878814214,3397,9.711947747863964e-06
6047,1.655499643433801,0.09788517551353393,5063,1.3355136490935175e-05
6048,-0.7744189801103907,0.4387502483120693,2726,-1.2643863223237342e-05
6049,0.7427895436810857,0.45764929036892843,4343,9.130921480066558e-06
6050,1.2457758963470538,0.21291468013930603,4293,1.3760019784652341e-05
6051,0.43512781987142085,0.6634867336781252,5498,5.021268167876733e-06
6052,-1.264169127320263,0.20622688772823894,5120,-1.4517529352541967e-05
6053,0.10564351532667637,0.9158704398274817,4043,1.221752323190041e-06
6054,-0.3885802145803335,0.697601688876019,5522,-2.624398556493976e-06
6055,0.6392937030121242,0.5226664686428757,4235,6.449654227161722e-06
6056,0.9491354527679667,0.34258910489649574,6137,9.538375334164892e-06
6057,1.2908716889388634,0.1968208143964605,4109,1.0212137929526656e-05
6058,-0.5861420275327838,0.5578017056488869,6117,-4.405478481446037e-06
6059,-1.593311750224253,0.11116673976226976,4134,-1.714428415059938e-05
6060,0.4408634402031957,0.6593347935879956,4157,3.9309222794616905e-06
6061,-1.3689358290952762,0.1710849060675128,4690,-1.2598305123593023e-05
6062,-1.2325205966069797,0.21781028179584294,5212,-8.841528804482244e-06
6063,-0.21932764699341228,0.8264057420969835,4102,-2.288941451278454e-06
6064,-0.6538354895891172,0.5132429316179157,5983,-6.292066682576609e-06
6065,0.7577603872125475,0.4486271788440752,5455,8.608823763798885e-06
6066,-0.03211585704539689,0.974380933835818,5024,-3.5152520346910145e-07
6067,0.9955210209487627,0.319524926403002,5736,1.0532798299832897e-05
6068,0.39946522445299854,0.6895673622625456,5043,2.747533548181127e-06
6069,0.2901575413987592,0.7717063686405383,5649,3.2487024379256344e-06
6070,-1.3136778328632708,0.18901738845803173,4804,-1.4938149916176995e-05
6071,-0.9824833093993137,0.3259089612209447,5041,-1.0795627292727894e-05
6072,-0.8410107072842988,0.4003909333973086,4105,-8.749546526769935e-06
6073,0.25851238797227777,0.7960229778944781,4632,2.1826517961038347e-06
6074,-1.716729944849938,0.08608442305555863,5541,-1.3848458263191219e-05
6075,-1.5449364010426827,0.12241867221199665,5550,-1.4125961618407594e-05
6076,1.2990454682176344,0.19399553744953302,4457,1.6441350637260638e-05
6077,0.09550387296129932,0.9239189085824702,4457,8.515494339146656e-07
6078,0.6231257230312794,0.5332312250073152,4848,7.62251063230906e-06
6079,1.1368964383668552,0.25563315467422254,5283,7.22819923756494e-06
6080,-0.3436406985582319,0.731129474638839,5575,-3.2335996858748824e-06
6081,0.004799510078270145,0.9961707148489873,6172,4.894873475880754e-08
6082,0.13917021486692105,0.8893214963983784,4790,1.0343231510873376e-06
6083,-1.0845219555311048,0.27817413048475226,6426,-8.843583712193377e-06
6084,-0.0949996357120398,0.9243188418843171,5110,-1.1015142989782103e-06
6085,0.34967810441601516,0.7265967607684836,4471,3.3585820831801705e-06
6086,0.33983849035555597,0.7339908124466055,5642,3.5507122709820936e-06
6087,-0.05273473520795319,0.9579459160552524,3971,-5.590110478956927e-07
6088,0.8328194368296911,0.40498185383176777,5638,9.579757101640191e-06
6089,-0.10847086941172122,0.9136273734350997,4197,-1.3284547169168483e-06
6090,-0.19150991728200842,0.8481331500728277,5525,-2.208696436346703e-06
6091,-0.19572083117146333,0.8448368176096062,4887,-2.171412105439067e-06
6092,0.044414369285467645,0.964575656628724,5727,4.522464299109529e-07
6093,0.20166150924881796,0.8401881007741769,6082,1.0044203969762844e-06
6094,-0.6700766753662363,0.5028355482568818,5810,-6.139566358353614e-06
6095,0.5099564550506466,0.6100978002408568,7110,2.5828515950006473e-06
6096,-0.7131747393886216,0.4757711126793689,4972,-8.378308140812427e-06
6097,-1.9502809135977772,0.051212176475808224,4014,-2.1682798535742887e-05
6098,-0.053988201583735594,0.9569468770776981,4664,-5.589534200561732e-07
6099,1.8862210822934913,0.05932703209382084,4681,1.599114379443035e-05
6100,-0.6387353513466979,0.5230274027833044,4531,-7.920039628815417e-06
6101,-0.903756328801657,0.36616464851598507,5440,-9.486518386224565e-06
6102,-1.5135718403302014,0.1301908804266103,5603,-1.2904708381076e-05
6103,0.14993295390526057,0.880823780162707,4825,1.5370384184721661e-06
6104,1.3187428674382191,0.18731119031352983,5384,1.5575130756377872e-05
6105,-0.6588568913736672,0.510017062881579,5162,-4.467664793142299e-06
6106,-1.3956363272049799,0.16288786066887884,4856,-1.5307711827336923e-05
6107,0.1125510937438311,0.9103916225678566,4377,1.2151024551062435e-06
6108,-0.6657911312332039,0.5055730473946638,5402,-7.335901753899093e-06
6109,-0.4061764997097248,0.684636517573125,3684,-4.99628485431528e-06
6110,0.7650374531723305,0.44428603380651,4908,7.15268048198508e-06
6111,-0.9923459320056994,0.32107878329763384,4805,-1.2087823090460148e-05
6112,0.7847058623871823,0.4326555219332322,6307,7.857019808007696e-06
6113,-0.43274475884065655,0.6652206476027609,4567,-3.390914856940655e-06
6114,-0.6893207214467835,0.4906566190525101,4550,-5.4885479699143914e-06
6115,-0.7224330726419887,0.47006525768914287,4567,-8.141456457239033e-06
6116,1.102538189861009,0.2702795157123703,5128,1.2124596600674676e-05
6117,0.7217301840708602,0.47049157172410405,5411,8.154183507060891e-06
6118,0.8809764072966849,0.378388309932562,3669,1.0246125506495484e-05
6119,-0.18884674970209345,0.8502253199005523,3094,-2.421673446400121e-06
6120,0.8328102186332883,0.4049830620188055,6357,7.8903656692882e-06
6121,-0.8271441407256093,0.40819434144944733,5065,-8.515978910898069e-06
6122,-0.344524937592848,0.7304664705707182,4855,-4.36347494043055e-06
6123,-0.808422539555282,0.4188886932903979,4656,-8.915749173669465e-06
6124,-0.4750211531416302,0.6347922652971238,5094,-3.426784956930287e-06
6125,-1.084869283158203,0.2780262719884685,5599,-9.759501987516477e-06
6126,-1.093023995706854,0.27443388757637854,5202,-1.0465112288787718e-05
6127,0.5360180413567734,0.591968340504907,5357,4.304787297430108e-06
6128,-0.4760181910508451,0.6340792428902398,5835,-4.480181710703923e-06
6129,-0.8529281401336659,0.3937502492608478,3999,-9.04778863622949e-06
6130,-0.22760647010117319,0.8199599810593583,5973,-2.254909465556928e-06
6131,-0.8173018079004474,0.41381778452819606,3151,-9.895934199658403e-06
6132,1.19990401678415,0.23022510325012302,5864,1.2740723060012714e-05
6133,-0.5911074576871037,0.554476466635311,4765,-7.748656280315097e-06
6134,0.640805598717748,0.5216731380661237,6083,6.464906476126432e-06
6135,-0.5633783600425716,0.5732009465690955,5336,-5.949146711360927e-06
6136,0.225421656254422,0.8216591481066549,5845,2.0852288491338383e-06
6137,-0.4446322619224024,0.6566068314987952,4518,-5.253846053397321e-06
6138,-0.17847032969659557,0.8583605449834142,5222,-2.2183385285069035e-06
6139,-0.0656652367965424,0.9476467854036359,5390,-7.281262693825994e-07
6140,1.4040425858299161,0.1603595452600346,5819,1.131906794139831e-05
6141,-0.024731081495137818,0.9802703267968851,5715,-2.747943356000339e-07
6142,1.586523364361787,0.11268794955432981,4698,1.34358165920457e-05
6143,-0.866966514923542,0.3860024904235111,4938,-6.9491807167981314e-06
6144,-1.2007161931868715,0.22993309105780058,3963,-1.552275459460064e-05
6145,-0.5317834240632813,0.5948979043264768,5395,-6.257115240985873e-06
6146,-0.21652284740356295,0.8285894460729628,4787,-2.0604757810034065e-06
6147,-0.7746115246481877,0.4386139018644153,4102,-8.37161547026286e-06
6148,-2.3268967362642585,0.020005609804018443,5703,-2.273113132693445e-05
6149,0.2754079650581878,0.783015748759188,4404,2.3610758879056697e-06
6150,0.9839717747363889,0.32517424701245723,5308,7.509941794792464e-06
6151,-1.0937980999357493,0.2740909394357891,5559,-9.923167851681903e-06
6152,-0.34176383526490767,0.732540318170863,6144,-1.967312254237092e-06
6153,0.27769786397395396,0.7812544716375716,5645,2.4185863171061187e-06
6154,0.9637683196477979,0.33519872944590134,6362,8.518002410679526e-06
6155,0.3807030333301315,0.7034404999113382,4791,4.685273212724495e-06
6156,-0.10713441083729601,0.9146874122531212,4245,-1.507340068925319e-06
6157,-0.04427128832988461,0.9646901299849457,4483,-4.963284502037414e-07
6158,-0.23692196586742847,0.8127263574792587,5376,-2.3869283710164855e-06
6159,0.8451893886984636,0.3980446303625196,5117,6.8881735659166736e-06
6160,0.008180478844236512,0.9934732863670273,5602,8.754481541087417e-08
6161,-1.182554395832194,0.23704416163400954,4818,-1.3648505797219641e-05
6162,-0.05172744820192274,0.9587486553076887,3705,-6.58978463563191e-07
6163,0.7233860410571491,0.4694744469097998,5338,5.107029237793185e-06
6164,0.7911505106006564,0.42888717012356725,6053,7.263202308584143e-06
6165,0.4796104644506105,0.6315288416333957,4293,6.081294851645899e-06
6166,1.1109620801258455,0.2666288794763674,6043,1.1282051004776952e-05
6167,-1.1264973449953417,0.26000851639906064,5058,-8.353758720637039e-06
6168,-2.2089836438160817,0.027222822582825046,4803,-1.7897445619330625e-05
6169,-0.029585825687958974,0.9763985921776872,4831,-3.886164863836336e-07
6170,-0.40056740213207503,0.6887553824995334,5115,-5.155604501418609e-06
6171,-0.5680672584373548,0.5700209311320834,4033,-7.057334756592076e-06
6172,0.8232292568263474,0.4104219172467154,4434,9.096347257716384e-06
6173,0.7448994093826499,0.45636010833223173,6349,7.144964764648068e-06
6174,-0.375653033229608,0.7071977611258098,3480,-4.521146854784435e-06
6175,1.008954332813308,0.31304833204267957,4714,1.1555866784076838e-05
6176,-0.5591760241555528,0.5760654413227009,5252,-5.68674343771512e-06
6177,-0.21132619495134275,0.8326406163453322,5471,-1.7924390129072877e-06
6178,0.03957005559863152,0.9684378084185499,4142,4.0045930529369443e-07
6179,0.6796390359522568,0.4967631883862864,5220,7.371617131767297e-06
6180,-1.2699220014745072,0.2041764967517643,4612,-1.288131328012912e-05
6181,0.6543107660074828,0.512940569888324,5197,4.711421275169086e-06
6182,-0.7812270044202487,0.434702124670447,5583,-6.905299943648153e-06
6183,-0.2440258070072418,0.8072207419224535,5053,-1.6797002934654907e-06
6184,0.058602940684646915,0.9532708892228325,4646,6.977704310438316e-07
6185,0.3388660611981453,0.7347255579144272,4768,4.017543442880043e-06
6186,0.6810197532740819,0.4958944581726179,4447,8.184843356450098e-06
6187,-1.21628345806328,0.22392530627084084,5939,-1.1424584673068228e-05
6188,-1.1632657036097995,0.24478059505257965,4715,-9.23685952801175e-06
6189,-0.761167272724152,0.4465898378100741,5494,-7.927061201646363e-06
6190,0.7903830123855353,0.42933565158370124,5945,8.243613434375388e-06
6191,0.187053036995386,0.8516256658919965,5736,1.1887379316438448e-06
6192,1.554041567631376,0.12024509020296326,4484,1.4359902307421323e-05
6193,0.1806225259766242,0.8566710742924859,5084,1.2649669605703477e-06
6194,0.30538958261370364,0.7600822569007639,4966,2.083459980305064e-06
6195,-0.4617129840904465,0.6443089443441983,4611,-4.115911745150499e-06
6196,-0.7635545211871351,0.44516257330901765,6043,-7.511928128041393e-06
6197,-0.5034139008053979,0.6147049623125027,3503,-5.724616665851473e-06
6198,0.2958503622064129,0.7673587026107138,4284,2.6650738016447596e-06
6199,-0.20430077126358237,0.8381277890647976,4461,-2.0144682425090305e-06
6200,-0.8257065521808059,0.4090170194936418,4242,-1.096961383004351e-05
6201,-0.47525285367995157,0.634627207675575,5077,-4.540061079541508e-06
6202,-0.8685395621972277,0.38514635146582,4405,-1.2088114255273039e-05
6203,-2.3749020141368873,0.017591021789615136,5014,-1.8929664567548874e-05
6204,-1.1447345013846213,0.25237481660404404,4923,-9.590340216155281e-06
6205,-1.0744387769658605,0.28267438119940125,5367,-9.940455594409646e-06
6206,-0.6636529781690773,0.5069391456550694,5730,-5.539200079426724e-06
6207,-2.883097658097309,0.0039557153665978895,4704,-2.4454096695461073e-05
6208,-0.9881962782949084,0.32311127849745547,4368,-1.157004031270767e-05
6209,-0.20984045218014516,0.8338006393866464,5066,-2.256399564191222e-06
6210,0.5091006301412612,0.6107006865979181,5914,5.143568955144932e-06
6211,-0.9698293436446263,0.33219545612915,3672,-1.0552952083558436e-05
6212,0.14732397901815586,0.8828825185207609,4782,1.586167947508831e-06
6213,0.1605256196066952,0.8724731583783916,5302,9.997209010796787e-07
6214,-0.020667570521573017,0.9835116349441602,5178,-1.775357707620277e-07
6215,-0.8631097709878547,0.38811297100395925,5774,-8.715978127958009e-06
6216,-0.38102013050318606,0.7032106948746506,3617,-4.988313091223394e-06
6217,0.15489955425550753,0.8769073202275082,4588,1.6078303760502741e-06
6218,0.5127034191985576,0.6081795493994804,5458,3.5266046391225617e-06
6219,-0.06588631725950876,0.9474720295520738,3565,-9.138904135952809e-07
6220,-1.37006030962388,0.17073021214446316,4951,-9.901766768696704e-06
6221,0.20624683489952145,0.8366059959802286,5322,2.402531146092825e-06
6222,-0.6770909313937405,0.4983766719539511,5514,-7.127616885066999e-06
6223,1.004232712902778,0.3153189484750176,4630,8.763319618503519e-06
6224,-1.3263164163554837,0.18478996290673488,5503,-1.280724868087135e-05
6225,1.123877514353389,0.26111813873738177,5077,1.2623542762823917e-05
6226,0.9143013270930325,0.3606054249552588,4702,7.80255095927061e-06
6227,0.6508193522593434,0.5151976474266999,4330,8.949168776677416e-06
6228,-0.6364077225357334,0.5245354932237194,5878,-5.6496662336905784e-06
6229,-0.5275678403035988,0.5978197884280818,5719,-5.212453464562098e-06
6230,-1.2935456947091075,0.19588263861123067,4960,-1.4713636017078659e-05
6231,-1.8445734585396356,0.06517809394879226,3767,-2.281314414393268e-05
6232,1.4474080448716344,0.1478577907526697,4174,1.7333690880510612e-05
6233,0.5099687018871132,0.6100919947792991,6050,4.79032078575659e-06
6234,-0.8421221198499012,0.39975984574754975,5005,-1.0130102846839531e-05
6235,0.5246531316870873,0.5998481022739512,4896,4.712194116482974e-06
6236,-0.5925506947114669,0.5535073365350254,5265,-5.7519288729095275e-06
6237,-0.9124122169265132,0.36159432859707485,5168,-1.0410463529406661e-05
6238,-1.1565893698179772,0.24750335957291125,4373,-1.5123165247060246e-05
6239,-1.4046114304906696,0.16019562360140993,5286,-1.4620263023589505e-05
6240,-0.8103610267542004,0.4177734957163932,4729,-8.101127222613106e-06
6241,-1.1515462429741068,0.24955834817944966,5424,-1.091608564527264e-05
6242,-0.16714839027891645,0.8672595922306476,5365,-1.048412511435199e-06
6243,0.6715632104763815,0.5018944569731034,4752,8.34083718261165e-06
6244,-0.7983145496877415,0.42472536056077304,5072,-7.564079186763853e-06
6245,1.3108892843289306,0.1899534178425235,5169,1.526159415561226e-05
6246,-0.45889566747849164,0.6463296540871042,4851,-3.837004953503043e-06
6247,-0.9773807612537395,0.32843965696410526,4010,-1.1853401866119971e-05
6248,-0.47863829888727255,0.6322173144126846,4903,-3.7084639872964853e-06
6249,0.07385940335421452,0.9411254606638899,4615,6.871147666184682e-07
6250,-0.21490072715961384,0.8298535618074614,4956,-2.276718132092974e-06
6251,0.08556183662240847,0.9318186630375802,4364,9.952106759061233e-07
6252,-1.2655711456896408,0.2057195876159783,5572,-1.02298284691543e-05
6253,-1.0591442594807088,0.28958532006280446,4994,-1.2190425032303278e-05
6254,0.1177958210664337,0.9062342414482862,4929,1.150895064596668e-06
6255,0.5442755765183627,0.5862746786336577,5317,6.50937169999704e-06
6256,-0.4741007123668937,0.6354524860885871,4244,-4.800465580223846e-06
6257,1.059058864969848,0.2896146191253708,6143,6.316152476981279e-06
6258,-1.782959873190793,0.07467314463396324,3777,-2.0953875517956308e-05
6259,-0.7161702230267701,0.47392555817636106,4255,-7.553027395709617e-06
6260,1.7073601156399922,0.08781287961107931,5377,1.6602738142677757e-05
6261,0.07434224581226308,0.9407417551621688,4028,8.632497312849445e-07
6262,-1.1055602530549984,0.26896990363607465,5019,-1.158724257723241e-05
6263,0.7150088039009839,0.4746339403680371,5503,7.1958230024490935e-06
6264,-0.35078010467879195,0.7257673795579873,5258,-2.6831458976403354e-06
6265,-0.3989919989463095,0.6899154052156438,5226,-4.845990555179187e-06
6266,0.14519509637567318,0.8845623223494372,5336,1.3642555966431873e-06
6267,-0.4219494602667489,0.6730773938460954,5858,-3.2439138850875098e-06
6268,0.22909021179794103,0.8188122785256895,3477,2.985125979503611e-06
6269,1.4606871911290795,0.14416584223158346,4869,1.812475106924237e-05
6270,-1.64086155746012,0.10088212513188544,5620,-1.2396857324125137e-05
6271,-1.350058471334365,0.17705177145651074,5603,-1.4326198741477656e-05
6272,-0.20299120503387882,0.8391493908282823,5519,-1.615961826643731e-06
6273,0.9518140719652618,0.3412413028727985,4600,9.189451032969368e-06
6274,-1.9213244380602916,0.05475165753337197,4668,-2.1615595205241734e-05
6275,-1.3417112750053553,0.1797604610830259,4302,-1.4999950903933092e-05
6276,-0.656429027402766,0.5115753627497748,5545,-7.197555939012782e-06
6277,-0.5708930199402719,0.5680970960677585,5146,-6.633922872899265e-06
6278,-1.5324134031950905,0.12549188999289274,4429,-1.3106615217888225e-05
6279,-0.5901287754726742,0.5551290018714838,5403,-5.481669523441202e-06
6280,0.4449583104169076,0.6563716163490407,4432,6.004978655972668e-06
6281,2.3130807646996323,0.020759016530569108,4948,2.4065986734464384e-05
6282,-2.115313034749687,0.03444495580894369,5918,-1.638487272904122e-05
6283,-0.3840502687116599,0.7009555657642002,5681,-3.6297529349483306e-06
6284,-1.2509952017507728,0.21101460398303118,3735,-1.4177463686715612e-05
6285,-1.244681111547213,0.21329957902357877,5767,-1.2645231946709813e-05
6286,0.7211222221068212,0.4708692147526845,4832,9.333575096774666e-06
6287,-0.10385925797081642,0.9172843581925396,6277,-9.227405277865583e-07
6288,-0.3560213945273645,0.7218400598542982,4841,-2.5692675996485227e-06
6289,-0.3535972013623707,0.7236556414271664,5014,-2.7145171674494854e-06
6290,0.031069457798939833,0.9752151012412913,6499,2.601430568561288e-07
6291,1.057288246619138,0.29043573287650215,4588,1.2205518432154051e-05
6292,-0.2528428124207349,0.8004002650765023,4912,-2.8594003518011096e-06
6293,0.4758536506252496,0.6341976305732242,5476,4.957278262559522e-06
6294,-1.6979800130641416,0.0895828917197794,4361,-1.998860457975779e-05
6295,-0.5651633742483986,0.5719840513686787,5924,-4.947248960797186e-06
6296,0.8612956422894937,0.38912023514906036,4590,7.1904506915411016e-06
6297,1.482720389462639,0.1382171443051241,4606,1.9038071805848326e-05
6298,-1.5269103256001268,0.12684161908324976,5425,-1.5959660089838218e-05
6299,0.3984879086094519,0.6902856780071396,5632,4.2440102837164e-06
6300,0.7192022405011628,0.4720478788838953,5326,5.263427959628143e-06
6301,0.11867410978272343,0.9055375497223317,5959,1.2652352836514928e-06
6302,1.1563132371847253,0.2475968668076114,6306,1.0141715245316785e-05
6303,2.4710176753750934,0.013502743055884059,5548,1.6891506699647455e-05
6304,-0.9004314272932201,0.3679366503693915,4720,-8.194506525014235e-06
6305,0.8310509781604865,0.4059789759591417,5812,8.057972863327743e-06
6306,1.0315164905609007,0.3023463131554087,5238,1.1791096951560779e-05
6307,-0.2322302277623333,0.816368137034758,5319,-2.736039569957102e-06
6308,0.5802430146908195,0.5617733882955478,5776,4.732409823946516e-06
6309,0.9740231510507691,0.3300926873589307,4946,8.438791353583385e-06
6310,0.6258059939479101,0.5314823171085927,3561,7.2394053326705925e-06
6311,0.03920730719914407,0.9687265853582065,5298,4.521994240012698e-07
6312,0.24487754874865167,0.8065606095265163,5367,2.7951379195693727e-06
6313,-0.11219753007655466,0.9106719477064251,4365,-1.552094149718676e-06
6314,0.6747744467953127,0.4998552374396692,4315,6.109689799388375e-06
6315,0.9786883949836818,0.3277799832735544,5146,7.012289312038602e-06
6316,-0.5375792575949673,0.5908925629728894,4784,-6.108481812290305e-06
6317,-0.45711756530335973,0.6476066785116958,4933,-5.633135653168376e-06
6318,-1.4107127216598292,0.15838771982609812,5329,-1.0915784667422214e-05
6319,-1.1437463857583938,0.25279082541941134,4417,-1.4412150119133042e-05
6320,0.7656155883591561,0.44394921245011343,4094,9.38639940946696e-06
6321,-0.766710682746336,0.4433026918215406,3684,-7.799329803135813e-06
6322,0.4948073381543816,0.6207569367437169,5224,6.13612405580405e-06
6323,-1.2235503497035214,0.22118280905020749,4734,-1.494521060849622e-05
6324,0.63848759926304,0.5231827834736631,5527,6.178017796290455e-06
6325,-0.22692836639878666,0.8204900977117568,4355,-2.584789263630897e-06
6326,0.9035677626741713,0.36626470213586493,5434,6.303268319280589e-06
6327,0.6438676799780028,0.5196899859200148,5138,6.949280088790722e-06
6328,0.859932094061197,0.3898611510762173,5946,9.462788109183564e-06
6329,1.1808144280481379,0.23771935966438917,6546,1.1059945449343977e-05
6330,-1.536484510459546,0.12448084664911585,5166,-1.3738237692409554e-05
6331,-0.16761916533951607,0.8668899747046552,4787,-2.08239808625936e-06
6332,0.29467552460687085,0.768252405318238,5748,2.2273124237247795e-06
6333,0.2697271549417907,0.7873794824297933,5976,2.7168870446990036e-06
6334,0.2712428284063265,0.7862151650665581,5142,3.2042879131556318e-06
6335,-0.02997139472333802,0.9760908767527428,5922,-3.3499632919199907e-07
6336,1.8442420115866351,0.06521233759773803,4587,1.9757489378837564e-05
6337,-0.28506459462309974,0.7756056805567086,5355,-2.5690364302229714e-06
6338,0.8365503033134568,0.40287842455870626,6052,7.1228344733029615e-06
6339,-0.18321922970339538,0.8546335196037718,4945,-1.5983153623287642e-06
6340,-0.24173662323657602,0.808995029709386,4599,-2.3243252817827305e-06
6341,-0.5039921765377205,0.614289482747727,4912,-4.679066792309238e-06
6342,0.7082362069309518,0.47884025914621353,3962,9.90379151365758e-06
6343,-0.7552102221490243,0.4501666958868089,4058,-9.803273373304543e-06
6344,-0.36814668307565357,0.7127783174314772,5392,-3.7429197949970626e-06
6345,0.758601464666841,0.44813018561708695,4563,5.864336022533197e-06
6346,0.09384057978981591,0.9252395633975588,4991,1.0887126658816782e-06
6347,0.3295364900545334,0.7417639389431889,5031,4.2406279462217355e-06
6348,0.987220825795113,0.32357304324366565,6181,7.784391357003796e-06
6349,-0.8523974173651988,0.3940359836571261,4812,-8.631359379889155e-06
6350,-0.12958800411242313,0.8968984626746217,4296,-1.2554366729242395e-06
6351,-0.4418781312086157,0.6585994938993887,4325,-5.526371417821153e-06
6352,-1.1033599689284421,0.26992851535941975,4607,-1.3505113008088327e-05
6353,-0.25885694345085175,0.7957584736527137,4146,-2.8824192852523816e-06
6354,-1.1453259580767554,0.2521205728193239,5906,-1.1996935343500086e-05
6355,-1.251140902786761,0.21094213111114302,4957,-1.2171274589634536e-05
6356,0.6725225426981893,0.5012796051228103,5451,8.200956936990212e-06
6357,-1.1772252961443352,0.23917170360485795,4239,-1.5697069573195074e-05
6358,-2.0439614189720814,0.04100444554716898,5553,-2.2014690473710725e-05
6359,1.2602241316420062,0.2076393160167147,5790,1.1172344471167078e-05
6360,1.114529089731598,0.2650963040996883,6084,1.1030860959056865e-05
6361,-2.112497642833195,0.03469306571589259,5018,-1.6696051977874757e-05
6362,-1.558773206097219,0.11912006180990686,4522,-1.2416864844164207e-05
6363,0.4399226652795713,0.6600113499906386,5216,5.2326992457975124e-06
6364,-1.030189307407036,0.3029696206259098,5141,-8.384444956937028e-06
6365,1.7765571699575575,0.07570113814966661,5066,2.0008521724619225e-05
6366,0.8681838545306089,0.38533126353600755,5546,7.762139098127849e-06
6367,0.5142465792194382,0.607099433958949,5732,5.5106373934002305e-06
6368,-0.17304995197410486,0.8626186556145741,5396,-1.8766584150702364e-06
6369,-0.8018175336513083,0.42269962845641706,4635,-6.682039251648753e-06
6370,0.7342378566742855,0.4628363086302758,5294,8.457741151166854e-06
6371,0.11640429564716342,0.9073365842304861,5250,1.224995261140134e-06
6372,1.097764972332766,0.27236824168464757,4326,1.2579680673491254e-05
6373,-2.271704268160234,0.023143274332964037,5439,-2.2098520940341406e-05
6374,-0.26270187951637786,0.7927937630697843,4041,-2.472595542416622e-06
6375,0.17827192566936248,0.8585171764674844,4660,1.7136872361599995e-06
6376,-0.58749097570298,0.5568988121675358,5349,-6.055839439063065e-06
6377,-0.6098816725609375,0.5419650950319665,5566,-7.016786294881332e-06
6378,1.232621817678673,0.21779286694007127,3815,1.2907713287839084e-05
6379,-1.1627069512456454,0.24500159220489004,5219,-1.1309945232916223e-05
6380,-0.12889070452843038,0.8974492708528039,5045,-1.4993033959400748e-06
6381,1.5794628186046578,0.11428750643382624,5495,1.8080039520151603e-05
6382,-1.4922607344326446,0.13570314025265362,4362,-1.4532750230469087e-05
6383,0.6499536998646414,0.5157518993494281,5016,7.1229153851692035e-06
6384,0.06068085761042708,0.9516157753362446,5057,6.196028542131078e-07
6385,0.434927301115092,0.6636369022597277,4325,5.342310774268022e-06
6386,-1.0043148400425346,0.31527930993015185,4636,-9.797998035391814e-06
6387,1.0824063277363334,0.2791240485928508,5017,1.0223368418224842e-05
6388,0.04254721517921437,0.9660639243340003,5856,2.657111822003963e-07
6389,-0.326595995773903,0.7439858524040921,5522,-3.850508246198556e-06
6390,0.8442131531703174,0.398589059508623,5212,9.128422511366447e-06
6391,0.29000783446444084,0.7718202074948399,6036,1.661553721245357e-06
6392,-0.334109618364481,0.7383105878908229,5098,-3.903538986730535e-06
6393,1.1383091554654272,0.2550367481453497,6016,1.1500660206293889e-05
6394,0.20175622029455467,0.8401159537838541,4748,2.2270028774389814e-06
6395,-0.7243934390873886,0.46885595636438926,5342,-6.279722551744783e-06
6396,-1.1433653715329208,0.2529552103827446,4009,-1.2331722938286722e-05
6397,0.7462160606253188,0.455572144835799,4979,9.077982268238398e-06
6398,-0.3191990136552987,0.7495904306726247,4498,-3.1267844200373297e-06
6399,0.02531842736188952,0.9798020062887254,4903,3.333753510192429e-07
6400,-0.7416858987617375,0.4583165179293618,4484,-5.778090564303632e-06
6401,0.8725576648868875,0.3829427843237121,5434,8.692551076168363e-06
6402,1.4551824567733274,0.1456862292843235,4653,1.8685034552108338e-05
6403,-0.004917179269864653,0.9960768500686841,5584,-5.441908214651226e-08
6404,0.44453817305180626,0.6566714611400672,5368,5.270508482553891e-06
6405,-0.052295401188778574,0.9582952566287379,5388,-4.5657556536058477e-07
6406,-0.4021593507201705,0.6875812944003681,5913,-3.715515943122553e-06
6407,-2.0001004133323974,0.04555408480756018,4176,-2.0114526898361765e-05
6408,-0.07628458832843893,0.9391964106595037,4099,-8.41816350835791e-07
6409,-0.3184623492230401,0.7501522388892341,3698,-3.6614765650467135e-06
6410,-0.03581539735014965,0.9714312384270578,4249,-3.408128784909085e-07
6411,0.5164761251351817,0.6055444174749742,5075,6.148798089662827e-06
6412,0.6263468765379429,0.5311129887756838,5598,4.960809135907718e-06
6413,-1.2684344346530598,0.20469939384178204,5223,-1.4641911057980235e-05
6414,0.23746267281530128,0.812311135902281,3669,3.293138077380441e-06
6415,0.7160843693875939,0.4739717094390459,5153,4.589014494829662e-06
6416,-0.3746398778495493,0.7079437877670185,5134,-4.942855702563061e-06
6417,-0.5104229465891575,0.6097795962771912,4616,-6.350966985537931e-06
6418,-0.09011542769789291,0.9281996365031127,4353,-8.176968213041278e-07
6419,0.3458727815912279,0.7294554201318539,4257,4.709133004438535e-06
6420,-1.4795979721043115,0.13903319083463028,5987,-1.1421969957462449e-05
6421,-0.9702863083116023,0.3319446972753761,5739,-1.026324895600081e-05
6422,-0.35115579396613267,0.7254856493116004,5219,-4.280053824450684e-06
6423,1.1530272926897371,0.24894766778617194,5685,1.1722037090159283e-05
6424,0.05165961897161957,0.9588017476454191,5627,5.56988014218974e-07
6425,-1.0356445359039332,0.30041197144367526,5697,-9.618895924850462e-06
6426,-0.6433924828005739,0.5200042878807114,4237,-6.657848469597407e-06
6427,0.9961885614504035,0.31920546656688686,5137,7.384549585904918e-06
6428,0.9149164503789888,0.3602783193980146,5152,7.518094588216149e-06
6429,-0.5936503558523442,0.5527734853919539,4885,-6.619986249684383e-06
6430,-0.8444835019391518,0.39843920312432735,5061,-6.347802567269792e-06
6431,-0.34685931663329694,0.728710694986094,5335,-3.178261199370303e-06
6432,-0.9029928526787104,0.3665737428664406,4938,-7.510051177721403e-06
6433,0.3800188654095756,0.7039476169600754,4981,3.6123978811844094e-06
6434,-0.527663626391092,0.5977581737004409,4619,-6.900600514723673e-06
6435,0.35189885154819356,0.7249317410753631,4209,4.100724099596606e-06
6436,-1.5909097376352013,0.11169519877961065,4841,-1.6769114601697816e-05
6437,0.1316510378100439,0.8952660420983258,4625,1.3375038832041884e-06
6438,0.38699825744830696,0.6987728848538328,5353,4.5236813229438795e-06
6439,-0.2809773902309234,0.7787369816881833,6292,-1.6856455831548765e-06
6440,0.08797380444388472,0.9299009282031254,5134,1.0594831504266791e-06
6441,-0.3085500212092906,0.7576764487703693,5100,-3.14699033656096e-06
6442,0.4714214504026547,0.6373552823931132,6644,4.343908384356771e-06
6443,0.13034307155455072,0.8963001370929691,5109,8.8555517908072e-07
6444,-0.9406303112925402,0.3469460969683278,4391,-1.0395050456579029e-05
6445,-1.1436848237414503,0.2528157227180807,4463,-1.0917978467116269e-05
6446,-0.08578034549586742,0.9316448093033975,4546,-1.0538306510504758e-06
6447,0.9453703743012233,0.34450934530685595,5780,1.0490471169263195e-05
6448,-0.4871058008236524,0.6262124074089559,3676,-5.340516642749853e-06
6449,0.5486169731342831,0.5832897284540965,5726,5.936995407182588e-06
6450,0.0071233945873696615,0.9943166849506664,5014,8.131239063436675e-08
6451,-2.31602084464502,0.020600765647262653,4613,-2.6847749934833704e-05
6452,-0.9519005027588575,0.34120599788818273,3930,-1.204749123334742e-05
6453,0.001693738267648706,0.9986486540151527,5541,1.629612771220562e-08
6454,0.2270126239488497,0.8204227395391275,5266,1.9756385397717282e-06
6455,-0.1288379127497475,0.8974902374596954,5982,-7.557641334725249e-07
6456,-0.3773555528972501,0.7059281730783549,4265,-3.5140193351189333e-06
6457,1.2358770801331953,0.216573638594447,4185,1.6798118870423105e-05
6458,0.715454650600849,0.4743752978795981,3544,8.821736498018199e-06
6459,-0.3573802948313146,0.7208228841948299,4787,-2.9597039551711505e-06
6460,-0.26697577206269,0.7894988277197013,5000,-3.183995825273901e-06
6461,-0.4777010711906015,0.632892285183718,3564,-5.454012365438422e-06
6462,0.7114060241740015,0.47686477510121206,5169,7.91501122843038e-06
6463,0.7856245564917199,0.4321244116639018,5040,9.994095893668492e-06
6464,-0.5440399845654684,0.5864388430885372,4875,-4.784633517663739e-06
6465,1.5830989841705936,0.11345217793857709,5937,1.5018425102922675e-05
6466,-0.4297343594295504,0.6674064891072555,5261,-4.616928762421371e-06
6467,0.24529103096312244,0.8062395059442364,5986,2.303434471868372e-06
6468,1.4835309653215547,0.13799571480898587,5058,1.7889276981342834e-05
6469,0.7080627653201598,0.4789482824765796,3930,7.151602752734579e-06
6470,-0.03626090232247772,0.9710755652271092,5836,-3.3766702801732833e-07
6471,-0.6268471531894255,0.5307873309176778,5130,-5.661245244680158e-06
6472,-0.673609829434899,0.5005979747223148,4037,-6.727427541397964e-06
6473,-0.2030823230492829,0.839079689682265,4591,-2.2972275125272285e-06
6474,-0.9968775196677552,0.3188765712179773,4586,-9.371490821677493e-06
6475,0.6206323104649235,0.5348676471650933,5426,7.239424256419504e-06
6476,0.4686270252548643,0.6393533839506205,5965,4.588450686168568e-06
6477,1.5314081707816052,0.12572156625073383,5967,1.6101615941026045e-05
6478,-0.5015161832377524,0.6160296623548627,5072,-5.907226398728338e-06
6479,-0.4685680164909113,0.6394021287351981,4313,-4.721476134468111e-06
6480,-0.22082796303980085,0.8252343380120444,5673,-2.293102211062566e-06
6481,-0.031134596491784353,0.9751633133224835,5577,-2.745663049344071e-07
6482,-1.676478364882508,0.09370315299634102,5333,-1.659659554316765e-05
6483,-0.24890106597435832,0.8034479198590652,4819,-1.7570879534655809e-06
6484,-0.37977490004989767,0.7041278917309601,5246,-4.291848410812951e-06
6485,-0.8815619588982531,0.3780556650888318,5054,-9.09157021857071e-06
6486,0.022770397494845822,0.9818344261627729,4522,2.6406644736065634e-07
6487,0.6915610682967254,0.48924635995212684,4816,6.150688555102058e-06
6488,-0.8014258577203213,0.4229324231406706,4029,-9.18128636139635e-06
6489,0.9235813959669384,0.3557599839585557,4003,7.979133421422869e-06
6490,-0.14712724275531353,0.8830370981127926,5383,-1.3760944301477342e-06
6491,0.3645802361451842,0.7154409926907448,4753,3.995020631449069e-06
6492,-0.5523585105596144,0.5807267113546648,5153,-6.911570594334958e-06
6493,-0.6702331077838177,0.5027471900805569,4075,-8.748410463751741e-06
6494,-1.878999703606483,0.06030985529654287,4450,-2.103429275712279e-05
6495,-0.5561619741536269,0.578123218115576,5391,-6.155529060134648e-06
6496,1.4958491540749845,0.13475284834713097,5271,1.7804617011764558e-05
6497,1.349575054941824,0.17721169669534342,5147,1.1688390215079706e-05
6498,-0.4523911518270721,0.6510090510488151,4496,-5.832150030483005e-06
6499,-0.5167697019557238,0.6053436894846527,4272,-5.692905508260346e-06
6500,1.1595101045212355,0.24630798364848783,4641,1.1592775595714186e-05
6501,-1.3034137321050392,0.1924956503166535,4833,-1.1715674738981505e-05
6502,1.282120960885364,0.19985591661677637,5337,8.59659056150555e-06
6503,-1.1859074995507242,0.23571223553893272,5277,-1.203132709305272e-05
6504,-0.18893565361007325,0.8501519670591857,4399,-1.755952006697899e-06
6505,-1.0611894228583065,0.28865238051260955,5279,-8.018558503052193e-06
6506,-1.20540948070486,0.22809700807438427,5513,-1.220519581962024e-05
6507,-0.8089630997848349,0.4185857820685195,3896,-1.0851402177534655e-05
6508,-1.3911914202997655,0.1642197734005577,5909,-1.005725186752167e-05
6509,-0.9812783286230139,0.32651123094334267,4261,-1.340787713672049e-05
6510,-0.6163808060972944,0.5376662341209595,6097,-6.257863799650328e-06
6511,-1.445411886956589,0.14839937652318858,5484,-1.4426074201553732e-05
6512,0.201367194809159,0.8404198007460235,4914,1.8023615871444161e-06
6513,1.230403810385983,0.21859690690113576,5678,1.3593858259048116e-05
6514,0.516487609168398,0.6055343398990818,5586,4.823706937495048e-06
6515,0.45792680447623924,0.6470239514971543,5259,5.684262200194029e-06
6516,0.5858940614280141,0.5579779149405937,4238,7.111261951567703e-06
6517,-0.29991865693492675,0.7642509623953739,5302,-3.125267024614889e-06
6518,0.7109990767945681,0.47712228199923823,4426,8.511796780697885e-06
6519,0.05044179689018427,0.9597721643390473,5492,5.384154399862821e-07
6520,-0.6487640384210175,0.5165292413032825,3887,-8.99077254216541e-06
6521,-0.7784810429734371,0.4363195685093255,5404,-6.32443577829637e-06
6522,0.9233013201815463,0.3559001802786832,4458,9.875058718025958e-06
6523,-0.4787117868784312,0.6321599212471418,6445,-4.557432460186685e-06
6524,1.4038320138154206,0.16042120880017952,5935,7.736242860641572e-06
6525,1.676834460289655,0.09363276941685506,5398,1.1151561969580998e-05
6526,0.20478243548175312,0.8377493525500959,5756,1.9022213568374618e-06
6527,-1.0499052129554631,0.29380413593082366,5979,-6.485294273756523e-06
6528,-1.3583824897865349,0.17441134435732608,4442,-1.2371673656045849e-05
6529,0.8469635709463137,0.3970583041026654,4728,6.718887615309671e-06
6530,-2.337747778630027,0.019437675685177735,5255,-2.6447734323830624e-05
6531,1.2700004492218928,0.20416072513916572,3876,1.1788624108056682e-05
6532,-0.8021592426062553,0.4224991099677933,4983,-9.164606393226794e-06
6533,-1.1966849922549434,0.2314866813299148,4950,-1.3643781444623057e-05
6534,0.6692968617829689,0.5033317738114271,6026,7.109611699279224e-06
6535,-0.7479359778121408,0.45453642037283015,4673,-9.213344136392829e-06
6536,1.0222730060928744,0.30670665771274397,4501,7.3426609245058796e-06
6537,-0.5343160487060447,0.5931421918057167,6155,-5.27396508756972e-06
6538,-1.7338673442029848,0.08302883272402872,3535,-2.018413881969741e-05
6539,0.33324355709169706,0.7389672678198633,4153,2.9540106451389955e-06
6540,-0.9815208468879156,0.3263797365471368,5425,-1.1254032361043933e-05
6541,-1.6243610209562322,0.10436409851047257,4826,-1.426152796138018e-05
6542,-0.4884140847516111,0.6252789720945879,4781,-4.830980116801745e-06
6543,0.1955712797713698,0.8449543272654059,4629,2.136615378017015e-06
6544,0.016798118505197013,0.9865984001988313,4596,2.250685594007693e-07
6545,-1.1536612948462022,0.2486854200697759,5948,-9.306487433122279e-06
6546,0.7452795475829737,0.4561366021117328,5174,8.105329954481067e-06
6547,1.1419446977646883,0.2535397603538916,4358,1.0149363705295338e-05
6548,0.7949553524114094,0.42667028635633586,6124,7.903931103314683e-06
6549,-0.48389866478985943,0.6284792115492412,4947,-5.702273180582761e-06
6550,-0.351671394091988,0.7250991118578338,5148,-2.8764136159339466e-06
6551,-0.6788022938840155,0.4972961203355437,4764,-7.1716782530382385e-06
6552,-0.20043005309701317,0.8411529962041184,4665,-2.385410481289842e-06
6553,-0.4669931180222432,0.6405253681276355,4948,-5.7642879375160165e-06
6554,-2.59286005796754,0.009543569465744639,5454,-1.7605748059586513e-05
6555,-0.04680292616662025,0.9626718673137227,5952,-2.6939266646429067e-07
6556,1.5246838898974955,0.12738572337013898,6622,1.3695017053178888e-05
6557,-0.3403032207801057,0.7336421498641661,5122,-3.526337986630922e-06
6558,-0.2536763507241818,0.7997561884412459,4929,-3.3540455811272286e-06
6559,-0.18663269070315802,0.8519557285165202,5337,-1.922478193372515e-06
6560,0.6468609516058578,0.5177468837696804,5953,6.936720486841812e-06
6561,0.36697053055530365,0.7136548903883408,5591,3.960886806730407e-06
6562,-0.1333330668997234,0.8939357782411279,4626,-1.7866281721534801e-06
6563,-0.82701521956751,0.40826502471115944,5394,-5.412574327568647e-06
6564,0.9829134595337166,0.32569730725734214,5031,7.371126195490531e-06
6565,-0.7323069775021377,0.4640183289473816,4626,-5.9033460125480425e-06
6566,0.18419538514911804,0.8538684866384352,4497,2.1570954718904208e-06
6567,0.9779157593340574,0.32816854658504635,4502,1.137307822517434e-05
6568,-0.1405952557993728,0.8881947367654439,5619,-1.4117595725800036e-06
6569,-1.1043270110358259,0.2695127437781273,4326,-9.190327234473575e-06
6570,0.49442950968791666,0.6210252113924826,4864,4.225559138761172e-06
6571,-0.14275939997523832,0.8864860025386285,4960,-1.4091220435205526e-06
6572,0.29746391011546613,0.7661253162696178,4769,3.947012548165486e-06
6573,-0.7218359114476651,0.4704252548085288,5648,-6.48240294564669e-06
6574,0.9207667252398701,0.3572133624609686,5401,1.0477897351795238e-05
6575,-0.15716172562607936,0.875124321021481,4580,-1.904945950725337e-06
6576,0.8448097311904751,0.3982599628131813,4714,1.0860691496288868e-05
6577,0.6321870487233017,0.5272935183355143,5009,8.029347685386785e-06
6578,1.5051721755272514,0.13234275542423557,5019,1.3686206360482383e-05
6579,-0.6336092735181827,0.5263615083756763,5648,-4.373820250653296e-06
6580,0.008476145915355462,0.9932374058794793,5440,8.487678611591768e-08
6581,-2.053659481186992,0.04005761887947812,5301,-1.998717397526927e-05
6582,-0.07115839035062889,0.9432745328082599,5019,-8.999664910702395e-07
6583,0.1714892079367812,0.863845958054041,5072,1.211104810187174e-06
6584,0.7466217844820552,0.4553258054044438,5177,8.97122373519248e-06
6585,0.8845075171154682,0.37646181821468594,5383,1.082927884489175e-05
6586,1.1403839831824765,0.2542004540806122,3687,1.56166461694454e-05
6587,-0.5929442603681662,0.5532469419443924,4708,-6.979794906365309e-06
6588,-0.2449703587426846,0.8064884310220826,5556,-2.79874840939923e-06
6589,0.7443855071829781,0.45668996415521823,3748,8.122445438550714e-06
6590,-0.6161307220114249,0.5378359018593133,5072,-4.556502765772179e-06
6591,0.3390782854829837,0.7345681936542754,4084,3.2680533591661e-06
6592,-2.0649857659374757,0.038977537837485476,4836,-2.4594214865263557e-05
6593,-1.689707338594954,0.09115092002780645,4656,-1.8759100619743915e-05
6594,-1.8110356019949834,0.07018761328029455,5739,-1.2876893873700437e-05
6595,-0.7023223385277823,0.4825122773130808,4793,-7.91454774895457e-06
6596,-0.8109104606489154,0.41745779742405853,4742,-7.231801581247494e-06
6597,-0.32688974802591775,0.7437657091195353,4741,-4.401395098692484e-06
6598,0.8708559451046377,0.3838799383066531,4437,9.870322219602697e-06
6599,0.5325085547490224,0.5943976383560754,4968,4.290062681536477e-06
6600,1.7522358656733774,0.07980136377649738,4501,1.5132911349339644e-05
6601,0.27990834809205406,0.7795592931802391,5048,3.31555225493408e-06
6602,-0.7429541443047551,0.45755026690727796,4276,-6.712672508777466e-06
6603,-0.31437668882913367,0.7532518877145882,3875,-3.6385018926812407e-06
6604,-0.008704803523909666,0.9930550268629872,4726,-9.747834941719572e-08
6605,1.99847592774815,0.04571301501636538,5640,2.0642118298736648e-05
6606,-0.2952152963026011,0.7678401342239196,5720,-3.06603303836584e-06
6607,-0.39110564830157996,0.6957351232388187,5216,-4.6960397087468e-06
6608,-0.4072765392089165,0.6838236430504359,4650,-4.767415357641821e-06
6609,0.03133051560380081,0.9750073174911824,4588,2.3574139039381572e-07
6610,0.678782489147254,0.49730383604387773,5582,7.5469142583201365e-06
6611,1.7951263551469177,0.07272196202692172,3416,1.9322102794527572e-05
6612,-1.4252930904420185,0.1541276670177656,5658,-1.1737807673621646e-05
6613,0.8993351257147699,0.3685227240452933,4462,1.0053127802109853e-05
6614,-2.3547802610080453,0.018584399292525866,3790,-2.6442496121587475e-05
6615,-0.22755173627573058,0.8200053192856758,4400,-1.8804087930511172e-06
6616,0.9051195296035953,0.365454070240943,4194,7.334068266096323e-06
6617,0.7936913251515945,0.4274196607862857,4232,7.491760843748785e-06
6618,0.7703690611270166,0.44111497840172564,5357,8.756323469407368e-06
6619,-0.6343968385554102,0.5258453468116193,6183,-5.649488660789948e-06
6620,0.00463244444006137,0.9963040693997518,4358,4.6708398988732545e-08
6621,1.0621050650758777,0.28824658775139467,4378,1.2839880888132855e-05
6622,-0.4701693503034801,0.6382536870071718,5217,-5.060712207307951e-06
6623,-0.3908050769587441,0.695955422834917,5905,-4.209286372228598e-06
6624,-2.0537450965499384,0.04005686075620285,4594,-1.828580174273197e-05
6625,-0.6563735054298464,0.5116168657586484,4573,-8.295405727993673e-06
6626,-0.3732867944586827,0.7089510337524056,4937,-3.1438338576079945e-06
6627,0.5703208274690275,0.5684825336563832,5717,6.18332191350343e-06
6628,0.8031584927333417,0.4219249384969932,4567,9.108477424177935e-06
6629,0.9445838605746913,0.3449102270968498,5874,1.0163780157898562e-05
6630,0.2131282887019927,0.8312350299826967,5345,2.2504736163769927e-06
6631,-2.0374673925637126,0.041663429544518626,4365,-1.836055883821117e-05
6632,-1.7509891560150241,0.0800011821873452,5742,-1.5920268178825118e-05
6633,-0.7011894815330996,0.4832181182500792,4894,-8.46123992512107e-06
6634,-0.35518607450700335,0.7224629925122161,5855,-2.8383642921309736e-06
6635,0.5884458803199358,0.5562554418357726,5936,6.301896262214515e-06
6636,-0.21956543240734017,0.826219516777376,4527,-1.993732046293922e-06
6637,0.2417434134778935,0.8089897940642288,4588,3.492493565100112e-06
6638,-1.2055944943043821,0.22802717075669454,5354,-1.2267722741655272e-05
6639,0.7226445011894692,0.4699308378113307,5198,8.489496713229536e-06
6640,0.1097523631412876,0.9126104194904929,4739,8.527431443435478e-07
6641,-0.556643348049474,0.5777994333503647,4402,-4.633426595361458e-06
6642,0.05693067507591441,0.9546030510287637,4322,5.187904317810195e-07
6643,0.18925036911047385,0.8499052150458661,4455,2.083738032295518e-06
6644,0.7070019539706167,0.47959910426224517,4869,4.925064295889618e-06
6645,-1.7042094495443414,0.08839997676764111,5356,-1.798025689522202e-05
6646,-0.40817191433874794,0.6831713360716156,3662,-4.047175115270603e-06
6647,-0.19861182491197268,0.8425769860387444,3816,-2.590600389017817e-06
6648,-0.4314993106333733,0.6661264751383253,4405,-4.137159832390835e-06
6649,0.0393087659222862,0.9686458390662374,4841,4.185855919401235e-07
6650,-0.6658293754024726,0.5055482683276544,5466,-7.302704748125142e-06
6651,-0.9024903096413576,0.36683702793464157,5360,-7.880854521961225e-06
6652,2.1844892443943764,0.028965061389624402,5974,2.2510558127728377e-05
6653,0.5893598585481256,0.5556436728665988,5601,4.039141896635267e-06
6654,-1.1136238909846023,0.2655043908696626,4195,-1.3562501419354817e-05
6655,0.7096478227406461,0.4779546397075558,5158,8.707639143953137e-06
6656,-0.7118125740415446,0.47661129560153226,5454,-4.08371297009134e-06
6657,0.5192118119222268,0.6036352250515766,5181,3.874670480211381e-06
6658,-0.49424103255783375,0.6211566862892952,5240,-5.91762867492041e-06
6659,-0.2702016164739071,0.78701552467468,5375,-3.0673412968417425e-06
6660,-0.4830260581736543,0.6290991086454274,4835,-3.784504390374669e-06
6661,0.7005063835687068,0.48364376003483045,4994,5.605897589293129e-06
6662,-0.7752039551146188,0.438254300018474,5216,-7.667901099384737e-06
6663,-0.11598084403896444,0.9076718121161007,5697,-1.2193535694937897e-06
6664,-0.3848050033771746,0.7003994449013609,4663,-4.912992407936835e-06
6665,0.29653588529945235,0.766832654383609,5225,3.674553153458999e-06
6666,1.0058904635802064,0.3145145341279245,5261,1.0595564334248529e-05
6667,1.2187097553060042,0.22300626615807073,5541,1.3941207748983233e-05
6668,0.19018502222169656,0.8491714324446717,5300,1.7172302510937665e-06
6669,0.5279349774217635,0.597563072190392,6297,3.832749828311929e-06
6670,-0.7233915289054932,0.4694733150400934,4986,-8.134527170392875e-06
6671,-0.7022378106964551,0.4825658001655766,4680,-7.262241200444635e-06
6672,-0.33933749565855326,0.7343687933748084,5361,-2.757649958516593e-06
6673,-1.2150056119967714,0.22444922150299607,3365,-1.634376684016613e-05
6674,-1.7269600219786099,0.08424168497183371,4621,-1.5179974072352327e-05
6675,-0.12728951985845674,0.8987156911139231,5770,-1.371929926522035e-06
6676,1.5026473961233142,0.1329859407583227,5645,8.587254991841494e-06
6677,0.19747060421963222,0.8434663513732663,5679,2.196123297113937e-06
6678,0.40306558471395143,0.6869180230390968,4776,4.707715772191927e-06
6679,0.19939648121311462,0.8419607714201756,4970,2.4021254855540433e-06
6680,-0.46999972484730784,0.6383751420079706,5144,-3.7414307604875726e-06
6681,-1.0458144896443171,0.29569865831851594,4865,-9.415862130986207e-06
6682,-1.4498230335427356,0.14715793081615902,6266,-1.2162416024442309e-05
6683,-1.186301320604329,0.23555358990628772,5608,-1.0847474657505835e-05
6684,-0.7224143490206327,0.47008921902945433,3417,-1.0085642806667948e-05
6685,1.5962787854641076,0.11048762333437767,5176,1.2077206175959599e-05
6686,0.051384793730634676,0.9590212410212615,4388,5.880005637350005e-07
6687,0.7950773425115619,0.42660536818111594,5121,9.876242267864863e-06
6688,0.0095778340047183,0.9923584112666246,6363,9.393978151265129e-08
6689,-0.02682867433458522,0.9785978897515972,3553,-3.417364205792534e-07
6690,-0.9400960454544279,0.347218477084962,4526,-1.1291468585612118e-05
6691,-0.7924045832268264,0.4281712199284726,4051,-7.312342296313561e-06
6692,-0.5061121674945457,0.612800155829258,5016,-5.203154179333547e-06
6693,-0.2764757733165854,0.7821951292209701,4585,-3.2674722397702747e-06
6694,0.699680696528065,0.4841629323981358,4497,8.560079476888515e-06
6695,-0.9253165676052441,0.35484909556224475,4669,-1.0583500753970236e-05
6696,0.24399076350964155,0.8072477992829417,5095,1.841407979011583e-06
6697,-0.719434893134118,0.47190264428121464,5673,-6.476762651171178e-06
6698,1.1939320922194256,0.23254712634623442,6650,1.0807853763561457e-05
6699,0.6634638333219222,0.5070607629914834,5618,7.665362269888242e-06
6700,0.7718841306133872,0.4402243324937085,4420,6.8189713521799984e-06
6701,0.8764160407365826,0.3808496655267055,4601,9.580555673752611e-06
6702,-0.6996175649105217,0.4841997643069944,4845,-6.121230131955723e-06
6703,-0.30145224222800754,0.7630808272618066,5615,-2.7847705526525914e-06
6704,-1.6951606387501017,0.09010044583205712,5611,-1.6671788855577903e-05
6705,-1.4840019785528586,0.13787532379698275,4710,-1.7027814508811544e-05
6706,0.5893258108164448,0.555667214791836,5439,6.127240937395157e-06
6707,0.0273680628103578,0.9781674239912921,4359,3.821269411197629e-07
6708,0.7359997043789637,0.4617630725064785,5363,8.262728006644482e-06
6709,1.3812138009010952,0.16727442890428512,5044,1.1033293831733366e-05
6710,0.4779028605877586,0.6327440226110717,4234,5.669908685214121e-06
6711,0.2480329869280796,0.8041188914744275,5090,2.8776177043323766e-06
6712,-1.8789413253985978,0.06030476599019363,5562,-1.1361276025718856e-05
6713,-0.5582980445132598,0.5766683084619211,4558,-6.976845937596113e-06
6714,-0.7654860933539888,0.44401972615811625,4808,-8.656495867015754e-06
6715,-0.651069271060909,0.515030876135945,5141,-3.914094730968037e-06
6716,0.9833629740473004,0.3254731448741024,5369,1.1564966104820114e-05
6717,-1.3755688659488055,0.16902010881355656,4744,-1.8488503257993414e-05
6718,-0.3844910244164673,0.7006331368895875,4399,-3.5248030219205918e-06
6719,-0.8190080330941774,0.4128135964240205,6145,-8.16264363686654e-06
6720,-0.9998299816621491,0.31744478530706344,4654,-1.1069481553254377e-05
6721,-0.8113363394927474,0.41721269992775234,4810,-8.917895137188244e-06
6722,0.2851797432421496,0.7755177484436495,5223,3.0281716272444314e-06
6723,0.08272184242057865,0.9340754348363036,6092,8.166342180224935e-07
6724,-1.1774509227824457,0.23906751481583388,5396,-9.041941877934369e-06
6725,-0.7010349145179687,0.4833144203458195,4915,-5.426084796151632e-06
6726,0.9866932738405049,0.32383532457082875,5645,5.4929776793398514e-06
6727,0.4498380187669512,0.6528495078392691,4380,5.2735662267388625e-06
6728,-0.8218618470437251,0.4111947720330571,4994,-8.727923092023117e-06
6729,0.7625241984219362,0.44579441047905766,3811,7.998087173449784e-06
6730,1.0930362230303041,0.2744227275006461,5874,1.1714160115184401e-05
6731,-0.12178284866612271,0.9030780901998623,3451,-1.7603093356362124e-06
6732,-1.4681073829589606,0.1421388652001876,4930,-1.222022442363224e-05
6733,0.10885785221674468,0.9133192364238196,5462,1.2769013742932143e-06
6734,0.45789584301534586,0.6470471990974724,4994,5.539577178031863e-06
6735,-1.5522928743623268,0.12065556601090832,4992,-1.557649737110772e-05
6736,0.3088666333304162,0.7574353743185225,5192,3.3686154688602984e-06
6737,-1.3817497096797062,0.16710814106758343,5182,-1.0210136600075334e-05
6738,0.15361645288915224,0.8779178290015892,5472,1.7776148167108314e-06
6739,-0.01870617714747359,0.9850761936148529,5385,-1.688131836923048e-07
6740,-1.3244973094106671,0.1854039214979737,4588,-1.5626221706128092e-05
6741,0.43238056074153514,0.6654813107381425,5663,4.790915246563974e-06
6742,0.12308918387436081,0.9020408643291706,5638,8.157427437382203e-07
6743,-0.9850249693755018,0.3246607904311456,4866,-9.176928283055572e-06
6744,1.1992853866828077,0.23047329566955876,5048,1.18099389301715e-05
6745,0.1311329865941783,0.8956753731747074,5010,1.2053068789169952e-06
6746,0.3738112644989385,0.7085581858807464,5894,3.847222835796602e-06
6747,-2.0032812696378612,0.04519965430227213,5127,-2.0799461751311027e-05
6748,-0.16302673089660244,0.8705036034655338,5301,-1.9011787141454726e-06
6749,0.5773301786997436,0.5637450017952399,4550,4.997590459791024e-06
6750,1.4125567477632512,0.1578365719850654,6166,1.4299752882323523e-05
6751,0.9380358844678874,0.34826719598017397,5496,6.909729491893365e-06
6752,-0.47283288031491794,0.6363565527959647,4276,-5.4698670506065845e-06
6753,-0.640661572255624,0.521766463763226,6149,-6.329737334956759e-06
6754,1.2397505742457062,0.21512356580629022,5205,1.4222124836664037e-05
6755,-0.6540544060845187,0.5131099113774393,4537,-6.3193062573971305e-06
6756,0.9674121530342675,0.3333791896741056,5686,6.439250065787899e-06
6757,1.0685142131560148,0.2853374704939764,5281,8.226568612594481e-06
6758,-0.7133089439292999,0.47568553181564854,5383,-5.083002577509172e-06
6759,0.039451615286173546,0.9685319553367739,4843,3.634981110402976e-07
6760,-1.6183653011891803,0.10564796817722533,4923,-1.9742259131148273e-05
6761,-1.2287202945797406,0.219228316917621,5602,-1.118809317950718e-05
6762,-0.46929337940891325,0.6388852843159274,4039,-4.8723904959712004e-06
6763,0.8480544336656287,0.39644918977016097,4888,6.635830671120135e-06
6764,0.24128164197334384,0.8093464511700046,5147,3.0687500871367264e-06
6765,0.21241308263126502,0.8317926731978211,5486,2.0686897239829443e-06
6766,-0.7754114154285651,0.43813615066696765,4636,-6.111771453633402e-06
6767,0.9226797444092262,0.35621057541696466,6108,9.640986383863561e-06
6768,-0.24916593083510033,0.8032427695511886,4951,-2.8567285929537054e-06
6769,0.29494971523379754,0.7680427990357042,5829,3.0470812840436695e-06
6770,0.43804339653585617,0.6613749386037906,4705,5.151584705408568e-06
6771,-1.4447631773133875,0.14857733366644754,5922,-1.5024833162643681e-05
6772,0.6441400558739334,0.5195131598267952,5177,4.592069246238519e-06
6773,-0.7016749622136708,0.48291380199618406,5118,-5.832931405674138e-06
6774,-0.363449138018176,0.7162827064377701,5775,-3.433249101610833e-06
6775,-1.5537195295333432,0.12031993184583811,4614,-1.7949523883645504e-05
6776,0.744276083814021,0.45675176996255784,4135,7.175608581299673e-06
6777,-1.778952585585409,0.0753127753682361,4656,-1.686052773349277e-05
6778,1.025902677182878,0.30497760041306154,6183,9.63636374778758e-06
6779,0.7277360273257545,0.4668092878829453,4998,7.719957795209614e-06
6780,1.8232389287024013,0.06832980864382687,4768,1.6763891340911882e-05
6781,-0.6712403695817949,0.50211726573544,3111,-8.800874862125475e-06
6782,-0.28399090031564295,0.7764279099750901,5571,-3.0399106170240373e-06
6783,0.33346626273010793,0.7387965939796863,4910,2.3977217689331352e-06
6784,1.4094480389120871,0.15878715755711648,3684,1.684799544947224e-05
6785,-1.128868529011991,0.2589999469202706,5806,-7.715822200716703e-06
6786,-0.40954334542859866,0.6821568462361363,5524,-2.7753964560085872e-06
6787,0.4248263115276149,0.6709792050380461,5746,4.596685784784303e-06
6788,-1.3462196644922382,0.178305247445538,4149,-1.844065993885383e-05
6789,0.2723809046893036,0.7853452255982567,3500,3.09999686095196e-06
6790,0.028916863422918892,0.976932014247385,5162,3.62537235581741e-07
6791,0.34641634354866424,0.7290464803858496,4382,2.9053938727917128e-06
6792,0.24646250757646623,0.8053341255955515,5110,2.566804307282936e-06
6793,-0.5926558747491721,0.5534410726062651,4529,-7.401997789114027e-06
6794,-0.30271899563468585,0.7621155986381782,5439,-3.2148838307698665e-06
6795,-0.6719658386417066,0.5016368112698597,4950,-5.232037667005205e-06
6796,-1.088650671690507,0.27635446146371345,5643,-7.939799954274153e-06
6797,0.5508258275632661,0.5817770446898027,5135,5.8269929748739385e-06
6798,0.4625944820136562,0.6436730027303934,5612,5.3377362255923e-06
6799,-1.041228362033922,0.297823883187017,4636,-8.501317586527543e-06
6800,-0.2826676229825628,0.7774489305682866,3384,-3.1837018368996112e-06
6801,1.0270978287660588,0.3044229685533497,5116,8.95943101319188e-06
6802,0.4346462524056516,0.6638397972522263,4558,3.759492830828795e-06
6803,0.938176038954502,0.34820779363755117,4209,1.0769966870452221e-05
6804,-0.41819066080477457,0.6758244485596743,5370,-2.9786814943072955e-06
6805,-1.4635483825448437,0.14337038721590334,5931,-1.4413666652842336e-05
6806,-0.07238695885261473,0.9422967969669485,5109,-5.765683367379353e-07
6807,-0.5415530468564914,0.5881492643202009,5288,-6.367904359456703e-06
6808,-0.3070866875597176,0.7587901532325296,5011,-2.578999250139175e-06
6809,-0.7156009814171826,0.47428551614336034,3500,-9.175520761945047e-06
6810,-0.5546363377314144,0.579177254174422,3668,-5.994099895927343e-06
6811,-0.36135322919985646,0.7178516284004561,4707,-4.460589821038396e-06
6812,-0.7951817120168702,0.4265468329906912,4837,-6.59740069204091e-06
6813,-0.27556493280796085,0.7828975808769534,3714,-2.9996967123653467e-06
6814,-0.09689318095428506,0.922815363332121,4692,-1.0183409514322137e-06
6815,-1.043516831015057,0.29675406599280163,5597,-8.475475452869193e-06
6816,-1.1984353872480418,0.23082092738461335,3872,-1.5015265071031655e-05
6817,1.0008342644039334,0.3169555287000845,4985,7.989441587921673e-06
6818,0.025672510007118104,0.9795194166298951,5915,2.82478644919961e-07
6819,-0.5479062693750599,0.5837856181786636,4167,-5.1308167737793675e-06
6820,-1.0441780065405266,0.29646514546432323,4065,-1.148454695139024e-05
6821,-1.2178397692492797,0.22335539634910173,4075,-1.6109711989081568e-05
6822,0.18349309609792988,0.8544186250374519,4968,1.4243646401690065e-06
6823,-0.399636220485154,0.6894448248153198,4195,-4.690326190991588e-06
6824,0.28745420987611103,0.7737762878071255,5079,3.369713862299449e-06
6825,-1.4743857234911113,0.14045426285094398,4116,-1.4987066010921454e-05
6826,-1.269674151596271,0.20425301542808305,5651,-1.2484274557628282e-05
6827,0.031659797081716845,0.9747444837357122,5604,3.6940978607054026e-07
6828,0.48753884197179626,0.6258973045742176,5144,5.72972746183934e-06
6829,-0.1558213644182631,0.8761807851696299,4523,-1.6401591127860208e-06
6830,0.17536713913366384,0.8607994378094699,4290,1.709777780847162e-06
6831,-0.6795435678124051,0.4968318087880734,4108,-6.731231750420135e-06
6832,-0.6616075865373138,0.5082543307417646,4827,-6.900978140258181e-06
6833,-0.38857968464188664,0.6976036587447538,4996,-5.0796999548178335e-06
6834,-1.376015910645126,0.1688879357327575,4327,-1.7977428442467516e-05
6835,-1.224064599915601,0.2210136050311089,3364,-1.6591594360637737e-05
6836,-0.1524533797215342,0.8788354776230003,5027,-1.2796144372626562e-06
6837,-0.016185131570920983,0.9870873366938395,5050,-1.4611581506677838e-07
6838,-0.39787048110816664,0.6907398506275415,5986,-3.835707311840289e-06
6839,-1.3936059226310467,0.16350187872354605,4748,-1.2835546567338143e-05
6840,0.3240669866759041,0.7459010731534299,4929,2.680405813683734e-06
6841,0.04350579591312226,0.9653000396190956,5125,5.357213039940411e-07
6842,0.21726615592564083,0.8280108422670918,4473,1.9161126286943254e-06
6843,0.22169426943922782,0.8245613974442554,4763,3.025367273775401e-06
6844,1.2001843583039746,0.2301208702675568,5353,8.464650471225588e-06
6845,0.9539751322087933,0.3401399261306355,5278,1.179995437596763e-05
6846,-0.02060223835584043,0.9835636208619238,6173,-1.5427899640411679e-07
6847,-1.5865450883412096,0.11267983143603355,4932,-1.4247182808485463e-05
6848,-0.2639810600990375,0.7918087452726761,3823,-3.262530689364401e-06
6849,-0.3112074261951537,0.7556561413402145,4914,-2.6437774461663206e-06
6850,-0.9913718224927438,0.32155487208140054,4721,-7.964909569717706e-06
6851,1.1834160883299374,0.23669378452908418,5684,1.2951097411245713e-05
6852,0.39945949295047234,0.6895754361129538,4108,4.276571460167378e-06
6853,0.6856834773208655,0.49293779520751,6342,6.832020241306609e-06
6854,-0.46314407019559406,0.6432770199630276,6333,-2.593622284943482e-06
6855,0.19320830139410833,0.846803422791476,5174,1.3678488987232878e-06
6856,-0.8354599837725587,0.4034934272520885,5760,-7.735968936248016e-06
6857,2.102726379337643,0.035535288186884006,5469,2.4597592255984698e-05
6858,-0.6246818724515725,0.5322062654201782,5401,-6.113974669273313e-06
6859,0.5650915392465715,0.57204113445917,4279,6.878318170867424e-06
6860,0.15826804962417546,0.8742517779450751,5160,1.3102653395365229e-06
6861,-1.5031431756353544,0.1328544858116627,6032,-1.3012140203680885e-05
6862,1.6546766005606512,0.0980735117856888,3764,2.1323037947676345e-05
6863,0.9824843225477237,0.3259172675145281,4248,1.006511932166282e-05
6864,0.0003367787346770965,0.9997313015039666,5575,3.5452060891135525e-09
6865,0.6422588281580354,0.5207351884639704,4901,8.223112946328943e-06
6866,1.6647918083802515,0.09603680339171117,3798,1.811136897514034e-05
6867,-0.2499330707580248,0.8026484370829436,5504,-2.952080470231873e-06
6868,0.1271420666606324,0.8988334205718103,4680,1.2136212601843135e-06
6869,-0.2535992107973557,0.7998151689412811,5234,-2.9909055870809353e-06
6870,-0.050245329863676545,0.9599288464026909,5128,-5.763872343625381e-07
6871,-1.248157200652183,0.2120256679754451,5602,-1.3618680905937146e-05
6872,-0.8416598729973003,0.4000126284765335,5875,-7.9172341158622e-06
6873,-0.8197552758037663,0.41241469045717727,3309,-9.946462507517886e-06
6874,-0.10801732914346607,0.9139861415967334,5166,-7.002909912752602e-07
6875,1.0474041778511989,0.2949592228108562,5502,1.2184839407359267e-05
6876,-1.196934074300756,0.2313950381051142,4520,-1.2991868598265958e-05
6877,0.14843682579242917,0.8820052405304741,4157,2.122359128278384e-06
6878,-2.7497405433207676,0.005982826965855725,5770,-2.3900600587896983e-05
6879,-0.6620932148116826,0.5079406000889506,5241,-6.735608117262043e-06
6880,-0.5711783343116147,0.5679038620459931,5115,-4.159499186592963e-06
6881,-1.0832407024384512,0.2787455658556479,5941,-9.425626410554858e-06
6882,-0.2103741962875381,0.8333841990905,5003,-2.300995738650539e-06
6883,-0.08368475909999969,0.933310347957871,5119,-7.933268939819343e-07
6884,0.3503828982714734,0.726065903423013,5075,2.9250144349703914e-06
6885,-0.9861760752197369,0.3240963204667242,4811,-8.772487417390095e-06
6886,0.47421974657228616,0.6353644480641654,4877,4.659768126946507e-06
6887,0.015138123994766611,0.987922600940516,4911,1.720887000524359e-07
6888,0.5137915446336623,0.6074177436821289,5676,5.222084298942552e-06
6889,-1.1606610475017887,0.24583776714444383,4778,-1.0635179633769775e-05
6890,-1.5424020400630754,0.1230468232227051,4464,-1.4562006619667675e-05
6891,0.4063421827686628,0.6845077509508153,5253,4.455159764632068e-06
6892,0.9926142824072254,0.32093802975235874,5995,6.23878558314768e-06
6893,0.0859471017346692,0.9315126608349162,4105,7.812433610709883e-07
6894,0.33044857839999653,0.7410737591409764,5444,2.7445576273649574e-06
6895,0.4100784618530308,0.6817647962491522,5356,4.5024605247267e-06
6896,0.43852740131945595,0.6610230297564113,4982,4.428513901041689e-06
6897,-0.4378222319638376,0.6615341986805352,4966,-5.579070225666221e-06
6898,-0.32514501578724264,0.7450845745895114,5133,-3.025153642627115e-06
6899,-3.2962471522676946,0.0009853262487751202,6248,-2.3786834097493513e-05
6900,-1.4093838433935528,0.15879559440755742,4209,-2.1200486946686502e-05
6901,1.6499726836559703,0.09900569746380228,5494,1.1336167817757618e-05
6902,0.5676153070305178,0.5703314008370097,3622,7.43012780017991e-06
6903,0.03213261599294527,0.9743675112470083,5265,3.2723816003545056e-07
6904,-0.6228815647135532,0.5333916396374629,4851,-6.882210308331012e-06
6905,-1.3392331076143127,0.18057962667153626,3589,-1.5647992677290833e-05
6906,-0.10550485935535481,0.9159793814570829,5079,-1.005041384292126e-06
6907,-1.0435140076270295,0.2967665005925728,4489,-1.0898354030567708e-05
6908,-0.7525134740657436,0.4517729006311144,5795,-7.375206892571199e-06
6909,0.15806067450126624,0.8744157368248304,4730,1.3739544577153146e-06
6910,0.0968903289667522,0.9228166410686787,6161,8.942162632103661e-07
6911,-0.14753758635305023,0.882713561735242,5088,-1.782832921501218e-06
6912,-1.042114233639347,0.29742198449250523,3983,-1.2751078920014264e-05
6913,-0.8881054650918698,0.3745236888663461,5386,-9.479871707351342e-06
6914,0.29510305725825065,0.7679263336560589,5481,3.386048691163354e-06
6915,0.620925850623646,0.5346742924342727,5469,7.125842486783077e-06
6916,0.676646329685653,0.4986671914615197,4252,5.733705321557891e-06
6917,-0.031079725980056663,0.9752071074052935,5398,-2.7380394809093937e-07
6918,0.3001799041827356,0.7640518426138976,5240,2.037741239877113e-06
6919,-0.140650782035185,0.8881506034436266,5934,-1.5580020415501247e-06
6920,-1.0190287316900462,0.30823084902736886,5938,-9.777427529344102e-06
6921,-0.6632403323126189,0.5072098566831573,4604,-6.014488068267711e-06
6922,-0.7849333773707367,0.4325273545753612,5356,-8.81810383710193e-06
6923,0.948872900698282,0.34273891943212,4274,9.08875198668491e-06
6924,-2.0148007756041895,0.043970254306347156,5974,-1.511039414297519e-05
6925,0.5788956874130541,0.5626856001371872,5008,4.739223629216721e-06
6926,0.4887253831224576,0.6250595615807097,4575,5.179738752187932e-06
6927,-1.791215350382196,0.07331727402143207,5166,-1.5118791646555689e-05
6928,0.13536523207671622,0.8923290371992261,4599,1.927765476552001e-06
6929,-0.9907532484390021,0.3218557331074907,4829,-1.2346193912446618e-05
6930,-0.19297139629286084,0.8469887592919585,5304,-1.2320804793682277e-06
6931,0.32505014313448855,0.7451578974010118,4603,3.293480452766081e-06
6932,0.9043521721330663,0.3658537850146413,4832,1.1334559742365546e-05
6933,0.10251103525245943,0.9183563014939755,3918,1.2096151110398096e-06
6934,-2.5397292077911056,0.011128576090806197,4322,-3.356125559307434e-05
6935,0.19985180000132624,0.8416037044197817,5632,1.430362647943005e-06
6936,0.18356908066516925,0.8543578568922952,5875,1.965038752613041e-06
6937,-0.9129748956951464,0.3613082102125551,4196,-1.0845309387512382e-05
6938,-0.670821931791942,0.5023633662506997,5272,-7.406834590095459e-06
6939,0.4834621941046583,0.628792094016349,4322,6.190947633982256e-06
6940,-1.3608139122882836,0.17363464466657996,4936,-1.2329210413416486e-05
6941,-0.011545987847294308,0.9907882763574203,5270,-1.2854241761146916e-07
6942,-0.09498485384056723,0.9243305327965656,5179,-1.137539805397745e-06
6943,0.03893077364083915,0.9689469277174767,5773,4.184902728840251e-07
6944,-0.5047414557758368,0.6137636296961659,4797,-5.792136449020878e-06
6945,0.47951866312524993,0.6315884167736017,5602,3.2372002105613675e-06
6946,1.5339127849453131,0.12511116070706918,5269,1.85804353163957e-05
6947,-1.2490989717789653,0.21169194145588444,4637,-1.2507711532985239e-05
6948,0.43356751803365623,0.6646192060761655,5608,3.204666484617227e-06
6949,-0.20797732701158675,0.8352538297546268,5917,-2.1437279589529666e-06
6950,-0.38134987245935403,0.7029571119961839,6020,-2.3417501401293175e-06
6951,-1.4978314715614374,0.13423433446556698,5510,-1.041940432916266e-05
6952,0.2896719215757443,0.7720826613532128,3895,2.746318165074439e-06
6953,-0.5111580763066332,0.6092683393723166,4036,-6.025568785878862e-06
6954,0.224831058271992,0.822118066508164,6240,1.1898523495036929e-06
6955,-0.38855290125640746,0.6976214484220025,5692,-4.228404125623412e-06
6956,1.2334361981639017,0.2174896169744831,3788,1.8190720501685292e-05
6957,-0.8799041357178136,0.37894947213934294,5532,-7.356083030550898e-06
6958,-0.5112120795995311,0.6092320289008546,3831,-6.490667621650322e-06
6959,-1.8708036453971906,0.06143849287229264,4410,-1.8356155280203167e-05
6960,-0.012217764550725093,0.9902523152487406,5560,-8.602037175495118e-08
6961,-0.2502137679697661,0.802431476556511,5447,-2.855526107539997e-06
6962,0.5640846780961293,0.5727169216965771,6197,5.217414778388285e-06
6963,-0.5541579209267863,0.5794950941124455,5096,-3.938491762966742e-06
6964,0.7633162829133061,0.44531433353234506,4555,9.408534865760115e-06
6965,-0.06969101447380958,0.9444425840635458,4661,-8.298334258352781e-07
6966,-0.9037186271710872,0.36619602084414193,4236,-9.263263499441716e-06
6967,1.8718434619940876,0.06128675146259366,4988,1.8761998106363817e-05
6968,0.6480138531334699,0.5170086376808727,4558,5.736094502106047e-06
6969,-0.18253141927464844,0.8551736736874296,4641,-1.994313997709135e-06
6970,0.5038608367888802,0.6143792335297569,5534,3.7421520256677896e-06
6971,0.057229027227598886,0.9543648353140317,5499,4.5511450278146516e-07
6972,0.8713434542939786,0.383616394242817,4206,8.249791543979775e-06
6973,0.32526826428442757,0.7449907524318313,5357,3.3287748078950466e-06
6974,0.13654230772684064,0.8913977387939958,5330,9.038780028260379e-07
6975,-1.3208159295104958,0.18661776926709805,5494,-1.3042675719596549e-05
6976,-0.4176523292564456,0.6762211511611462,4525,-3.226952453945069e-06
6977,0.37730937955633753,0.7059606731552877,4719,3.3519242407044895e-06
6978,-0.8395290384569315,0.40123150888498227,3402,-1.1093731799068661e-05
6979,0.7191239016634361,0.47209785567376295,5051,9.145067767514778e-06
6980,-0.04356744663987529,0.9652507279882225,5697,-4.3639656889241725e-07
6981,-0.42183132903850334,0.6731682374763461,4512,-4.3498376542319505e-06
6982,-0.02756059238583564,0.9780142246995047,3412,-3.462189919687187e-07
6983,0.7001871307422518,0.48383929213930754,5648,4.059714999480558e-06
6984,-0.6005622386877218,0.5481584182182662,5075,-7.721750767379808e-06
6985,-1.322134170523126,0.18618251548334186,5123,-1.1289134306123108e-05
6986,-0.14405713503296783,0.8854600190300721,6222,-9.80420396588136e-07
6987,0.8118267930821572,0.416924572736485,5761,9.271257084323818e-06
6988,1.1306884374793214,0.25823176977296036,5958,1.1929362426250222e-05
6989,-0.1378005937377871,0.8904029429704137,5631,-1.5805577917775126e-06
6990,0.8897969161432745,0.3736314326909258,3790,1.2706871429969261e-05
6991,-0.792764333569874,0.427951822141001,5128,-6.8676537248536014e-06
6992,-0.32129307853564654,0.7480031399561653,4526,-3.4125392264343925e-06
6993,-0.422466550714799,0.6727031118003897,4884,-4.137764027655303e-06
6994,0.07758995761373293,0.9381575735362131,4645,7.220339267019392e-07
6995,0.5074108442890108,0.6118906212560735,4655,4.8885513233312625e-06
6996,0.7995205348330442,0.42403670764343326,3952,8.357597457066818e-06
6997,0.0982392538512118,0.9217462112294093,5052,1.2193265221813324e-06
6998,0.23896955327898353,0.8111378300132555,5670,2.725826136827937e-06
6999,-0.794211420037023,0.42711423197975584,4502,-1.0144359178614763e-05
7000,0.022401299644803956,0.9821288144134721,4605,1.7891417187216944e-07
7001,0.44647949267977993,0.6552679555170768,5677,2.7119995641428014e-06
7002,-1.40004322339155,0.16156423366060735,4859,-1.3768043494434504e-05
7003,0.7075169303369794,0.4792850339343935,4150,8.515516506944193e-06
7004,-0.4757860407401144,0.6342464810844366,5286,-4.695411928926375e-06
7005,1.7052366773514125,0.08820449418168641,5731,1.1162549807358703e-05
7006,0.3117701318408677,0.7552310078998621,4119,3.914419310856517e-06
7007,1.7415693883984547,0.08164247004068947,5244,2.2294422534458414e-05
7008,0.17541611119316325,0.8607589062287053,5707,1.4146585200181499e-06
7009,0.767934983628897,0.4425645149130768,4686,1.0509631801416953e-05
7010,0.7207460467772568,0.4710991507615787,5049,9.386571485159115e-06
7011,0.09738702951762204,0.9224223237697196,5953,6.163924781588363e-07
7012,-1.1816864172743298,0.23737673379479118,6033,-7.762641390913005e-06
7013,0.7593357260994491,0.44769250304785313,4393,6.856561581707351e-06
7014,0.0941816049990243,0.9249686797394514,4989,9.904537506014317e-07
7015,-0.5552042416209743,0.5787914285095552,3407,-6.855645912664523e-06
7016,0.2525302347923544,0.8006414300399693,5098,3.169443808952814e-06
7017,-1.2198804795098217,0.2225599668069691,5780,-1.2726949847056895e-05
7018,-0.4952313386302511,0.6204560055188724,5676,-5.399506688546494e-06
7019,1.0270290218974625,0.3044634731550566,4384,8.307997034388863e-06
7020,-0.07568720030612917,0.9396705532811473,5838,-7.515041868547389e-07
7021,-0.16330525134186477,0.8702843269555145,5300,-1.2227594244252029e-06
7022,0.3903760384338029,0.6962739303486458,5391,2.9687805236670334e-06
7023,0.6715224377335046,0.5019205642900384,4731,7.195108153622926e-06
7024,0.39335228306914677,0.6940763790620288,4913,2.8196985528933666e-06
7025,0.7333244431677604,0.463399960363994,4365,6.493428132981342e-06
7026,-0.5282064174123374,0.5973831631663695,4328,-5.59563112180884e-06
7027,-1.1809894869380169,0.23765275564775057,6126,-7.64464833299006e-06
7028,-0.31009809777669306,0.7564995114341357,4914,-3.524395844151197e-06
7029,1.2412120288033166,0.2145809509344072,5441,1.4555945469379124e-05
7030,1.799843926522736,0.07194417897226524,5117,2.181990051906682e-05
7031,-1.2433316681416362,0.2137984042306913,5525,-8.955227784293084e-06
7032,-0.7891722725502881,0.4300445866974343,5626,-8.858587985718397e-06
7033,-0.5526676842820977,0.5805124910162083,5745,-5.886024869327876e-06
7034,0.8088732107521502,0.41862723142039937,4916,6.1393233983704916e-06
7035,-0.30887343016304747,0.7574295762270333,5469,-2.877490880446546e-06
7036,0.5513619088942634,0.5814078914507301,5529,4.692319336103154e-06
7037,0.6549759038428948,0.5125128885456678,5087,7.657804340038735e-06
7038,-0.27673527557382593,0.7819938449763522,5468,-2.9732701359943965e-06
7039,-0.30128830212586516,0.7632082961527584,4595,-2.9853098767409267e-06
7040,-1.1872228570912247,0.2351942620223033,5172,-1.2558014388897426e-05
7041,-1.2035330234469364,0.22882699571837795,5010,-1.1261388897020138e-05
7042,-1.580381452705878,0.11409368977993672,4266,-1.456549449529926e-05
7043,-1.4313709080143373,0.15238378438547784,5223,-1.2336081422198495e-05
7044,0.024863010026637745,0.9801652687975322,4785,2.3222174209897666e-07
7045,0.10969973698072545,0.9126524245580048,4479,1.235721082173517e-06
7046,-0.5727630119053685,0.5668299827053169,5190,-4.873935024119773e-06
7047,1.3053231419106068,0.19183355714983974,5922,1.2648689108804814e-05
7048,0.4762336445057007,0.6339247519143019,6187,4.7782661817031005e-06
7049,0.2598373610287222,0.7949980444489011,6070,1.4823447327347749e-06
7050,-0.29560633863458774,0.7675441946363359,4560,-3.058693514208625e-06
7051,-0.5781612460481069,0.5631801056130943,5241,-6.771071417284374e-06
7052,0.3159928041012605,0.7520195907221665,5676,3.5092143255839475e-06
7053,-1.369333338555302,0.1709590976728177,4806,-1.1956096160519763e-05
7054,-1.620147381320259,0.10528859672629487,3585,-1.5208451422791438e-05
7055,0.0604625235010421,0.9517894436471399,5542,7.131180018173191e-07
7056,1.721835139232939,0.08514960559908547,6159,1.753885306926885e-05
7057,-1.1002411577018032,0.27127290598991705,5778,-1.1044403586571941e-05
7058,-0.524021643192069,0.6002845329509285,5519,-5.586331548755696e-06
7059,-1.1294343757925125,0.25878013738345906,4137,-1.2030234157238966e-05
7060,0.5991564312730948,0.5491032682847203,3913,5.388497917500353e-06
7061,0.19981406121615813,0.8416348707220895,4583,2.4632323249275412e-06
7062,0.06910810396370695,0.9449062813377926,5098,8.397475633000278e-07
7063,0.5342061256180982,0.5932224232845615,5056,4.169703689875615e-06
7064,-0.4166201761078214,0.6769748548313239,4807,-5.2922731284193195e-06
7065,-0.4373928684434348,0.6618507113725227,3895,-4.971670499749484e-06
7066,-2.237630493321045,0.025290151158028795,4877,-1.9693330961035954e-05
7067,0.14660267699899124,0.8834526003822907,4247,1.96579331549182e-06
7068,-1.7957768486291557,0.07259027337776702,5009,-2.0408534565848965e-05
7069,-0.0659712041266077,0.947402917440552,6089,-6.507559946914148e-07
7070,-0.8765631545692187,0.38077025554941124,4549,-7.667306832499473e-06
7071,-0.38499424559518114,0.7002594782079874,4601,-5.127765607185889e-06
7072,-0.7224577486923159,0.47004720887509377,4953,-7.338043430698689e-06
7073,-0.26038131600293263,0.7945789739640834,5753,-2.8854837843677027e-06
7074,-0.013773607298084065,0.9890110898621385,5597,-1.3829109111852915e-07
7075,-1.1821113361677003,0.23720856833697512,5976,-9.484784292655324e-06
7076,-1.1702881986179454,0.241937332731893,5331,-1.0716875578583651e-05
7077,-0.5402337081634981,0.5890588237713896,5242,-6.69075248903288e-06
7078,-0.7081490371236789,0.47888697399342606,4818,-6.989179225912166e-06
7079,0.30620289466315087,0.7594693221922384,3329,3.736876513220252e-06
7080,0.6590345379684495,0.5099032102320571,5124,7.936271950032077e-06
7081,-0.2798968103619938,0.7795668076653457,5714,-2.729896922365673e-06
7082,-0.26155497100190533,0.7936757530374874,4815,-2.5982158834331113e-06
7083,0.11156597879066818,0.9111724902440941,4532,1.1912784059555303e-06
7084,-1.2407037607925402,0.2147819760939922,4360,-1.3029977207347664e-05
7085,-1.631635629597306,0.1028410715445418,3714,-2.333661545914325e-05
7086,0.6934740880058101,0.4880392104124771,5938,7.143344016733793e-06
7087,-1.599589563712659,0.10975094629686288,5156,-1.3898850647562433e-05
7088,-0.6852377531566265,0.49323351182072495,4011,-6.227795588499995e-06
7089,-0.3082536590031674,0.7579008559682343,5569,-3.3169121286155616e-06
7090,-0.7294174965485053,0.46578571751255193,4337,-8.526747543364254e-06
7091,-0.32658450870440753,0.7439952601297106,5219,-3.619724855610396e-06
7092,-0.7115673475723169,0.47676573038170145,5031,-5.6430027480755395e-06
7093,0.6411509859225718,0.521454201991352,4963,8.170454333555e-06
7094,0.19041957238939924,0.8489879139427898,5119,2.0898809507126137e-06
7095,-0.7967247877494642,0.42565612272821585,4182,-8.311293971204058e-06
7096,-1.035360927089856,0.30056363826379884,3959,-1.3271330720147591e-05
7097,0.030192481495077642,0.9759148639674875,4568,3.6796699320262736e-07
7098,1.126581964502508,0.25996090860315846,6493,1.1331656296197726e-05
7099,0.17486175320291747,0.8611941745820375,5990,1.6394173568375146e-06
7100,-0.9988798254854525,0.3179078514401512,4400,-9.795158532639458e-06
7101,0.1574113213319128,0.8749264352944754,5534,1.4774005140765449e-06
7102,-1.7252301513382162,0.08455549486625191,4447,-1.6905301430160212e-05
7103,-0.7619508460429981,0.4461329350965815,4123,-9.391161836980664e-06
7104,-0.2612999088523033,0.793871443684627,5273,-1.8460875211028473e-06
7105,-0.6650668679770917,0.5060408073361056,4637,-7.532028887729335e-06
7106,-1.0492225106017894,0.2941510919485457,3365,-1.3551616935557e-05
7107,-0.1289911465590332,0.8973690727967463,5872,-1.052908556517936e-06
7108,-0.31412317589239963,0.7534384803732628,5962,-1.7706315385035286e-06
7109,-1.6856680307542682,0.09194995104958292,3460,-2.337135819286851e-05
7110,-0.3891285420700529,0.6971979661642136,4902,-2.862407244042246e-06
7111,-1.8685917752275947,0.06172974348569138,5831,-1.556235465289329e-05
7112,-0.09668012209080387,0.922985764726943,3630,-1.1375404937053224e-06
7113,1.0413800453406912,0.29774494000776386,5505,6.3255385212249196e-06
7114,-0.43370302641711606,0.6645237341681463,4768,-4.306731585407594e-06
7115,0.478549655704658,0.6322761920146043,6101,2.7792070340981066e-06
7116,-1.9310248251604227,0.05354793031637661,4156,-1.951166656111415e-05
7117,-1.3053359311907409,0.19184483644097705,4527,-1.7575936236983943e-05
7118,-0.3763527659226761,0.706670861447463,4928,-2.7836605705729496e-06
7119,-1.4750587841433795,0.14025498534192926,5406,-1.5467162092146704e-05
7120,0.6364237141937384,0.5245276684808178,5321,5.556329221675959e-06
7121,0.02217208089803247,0.9823114450325987,5847,2.2163554570844952e-07
7122,0.8318952892971013,0.4055001313873945,6193,7.878992705185532e-06
7123,0.818822003144729,0.4129250631682657,5262,5.7168827638765754e-06
7124,-0.5362532065288639,0.591806848725376,5124,-5.630323617000271e-06
7125,0.758896987872432,0.4479517729121745,4759,5.7001651618124395e-06
7126,-0.6486369777366526,0.5166000602143717,5515,-4.166992666679391e-06
7127,-0.41360997661146437,0.6791754277060065,5664,-2.642980556279282e-06
7128,0.8269500927839368,0.4082996641414165,5751,9.033722507101468e-06
7129,-0.9412848859832164,0.34660434143552354,5003,-1.1569476529211304e-05
7130,-1.0119792355616333,0.3115977356687767,4922,-9.271272281464e-06
7131,-0.9861193247704287,0.3241192476142205,5340,-8.919057229416849e-06
7132,1.1885173820005057,0.2346994770951074,4042,1.1749200932846198e-05
7133,0.20614677397472447,0.8366827642581751,6456,1.0161432520144301e-06
7134,-0.07176457824797691,0.9427919837200411,5275,-6.851805637286747e-07
7135,-0.5498589870833076,0.5824400802827687,5121,-6.013085301026546e-06
7136,0.6728568535037266,0.5010754700333595,4191,6.795869531810988e-06
7137,0.9040740205652757,0.3660043021410715,4524,1.0071067205356215e-05
7138,0.8703972072311655,0.3841171735799658,6182,5.553638661594951e-06
7139,0.16701384929892643,0.8673664295088794,4641,1.4644597400010463e-06
7140,1.1917099228821735,0.2334231269017124,5878,7.962911079794862e-06
7141,1.5313066909473174,0.12575330632507598,5300,1.2297345872973854e-05
7142,-0.238654747297932,0.8113865223626493,3702,-2.399138468639978e-06
7143,0.6994795701476051,0.48428116131562193,5653,4.387435140029136e-06
7144,0.08283822026335189,0.9339832439769837,5409,9.996812409283975e-07
7145,-1.553157582754339,0.12045896501092246,4308,-1.3511385599268232e-05
7146,-0.49928782591732723,0.6175978425404383,5179,-4.131764631976063e-06
7147,0.6649959418249154,0.506080905134306,5514,7.638509820749372e-06
7148,-0.3211537689732794,0.7481079852616808,4754,-4.174918719371592e-06
7149,-1.0428279278717645,0.29707948237191584,4897,-9.578029356979067e-06
7150,-0.524341603669468,0.6000597978805771,6172,-4.502375136801385e-06
7151,1.1778064304635796,0.23893531647972477,4556,9.543357686790268e-06
7152,1.0828947166407632,0.2789021843587798,5553,1.0083291015806639e-05
7153,0.015744367459430305,0.9874391075442628,4047,1.8284469000844982e-07
7154,1.514028455621277,0.13008925978604857,4475,1.4487979993768614e-05
7155,-0.22812410985457457,0.8195579028364679,5727,-2.5922481037792627e-06
7156,-1.0536015326435555,0.29211179678137555,5486,-7.986854218495483e-06
7157,-0.27431898824283923,0.7838500727246935,5357,-3.123302157336994e-06
7158,0.2186864502483655,0.8269021449218994,5693,2.386118520936428e-06
7159,-0.2509626818461975,0.8018518134065964,5826,-2.4131888525230605e-06
7160,-1.256799795668658,0.20889421539965825,4313,-1.674320589498726e-05
7161,-0.3789238520693375,0.704758948184599,5535,-4.276240613574526e-06
7162,0.9189141449405801,0.3581967744348862,3938,1.0121633202527717e-05
7163,-0.3763899811980095,0.7066455588973537,4302,-5.506706593826453e-06
7164,-0.6179783440739178,0.5366216999203774,4387,-6.884781786541745e-06
7165,0.29181535886759286,0.7704418587236428,4307,3.0589971482126913e-06
7166,0.6579295865673109,0.5106147850324203,4823,8.798686761588991e-06
7167,-1.214099863427881,0.22478169988902597,3977,-1.2520084988499676e-05
7168,-0.78636951296112,0.4316868722526508,5201,-6.547952786518217e-06
7169,-1.1099355816666772,0.2670938252396131,3982,-1.5109824787339687e-05
7170,0.5720725752786162,0.5672966077242576,5404,3.884172875049072e-06
7171,0.31714047384364497,0.7511484794499115,5776,1.9490389690608624e-06
7172,1.174157224374554,0.24037886776996809,5974,1.1952975524704724e-05
7173,0.6684833377374584,0.5038560970235415,4981,7.701361602033608e-06
7174,1.0099576926893012,0.31258179783500806,3690,1.1608555542204807e-05
7175,-0.2588594807720423,0.7957539617560858,5174,-3.1825822715160336e-06
7176,0.08595705918941011,0.931504828014629,4026,8.272362388525282e-07
7177,0.5241289639055398,0.6002101586251016,5451,5.433257872221892e-06
7178,0.03432440332886294,0.9726201572006754,4050,3.606224636464005e-07
7179,-0.7516609550393681,0.4522959806874298,4315,-9.415414662769476e-06
7180,0.8571133497117893,0.3914167987808679,5945,5.1114005774422306e-06
7181,-0.6262976843497486,0.5311459152771851,5455,-5.793738446572252e-06
7182,-0.6037367323093453,0.5460442184904304,5365,-6.774112064636489e-06
7183,-1.1162106811572245,0.2643905720738402,4577,-1.4088801004936336e-05
7184,0.6536236293274965,0.5133843197522476,5010,7.163529219562805e-06
7185,1.3418484784515192,0.1797096359567394,4724,1.4967254467538725e-05
7186,0.23480587367191894,0.8143704830893019,4342,2.9390687589445797e-06
7187,-2.220563830866683,0.02643604696553803,4022,-2.3579521446558613e-05
7188,0.7822612673888776,0.4340921007664509,5965,8.027866171833844e-06
7189,1.0052302840194354,0.31483029477537694,5489,9.87456823029744e-06
7190,-0.30957013938733924,0.7569005637188719,5081,-3.836646050677486e-06
7191,0.04984708164082373,0.9602461455937836,5246,4.1853230003655086e-07
7192,1.9375698687998164,0.0527293876324737,5241,2.3910922400425815e-05
7193,0.05159118644393555,0.9588563507601999,5400,5.955369353166445e-07
7194,0.3675562304397284,0.7132212630791686,4548,4.331488910568382e-06
7195,-1.2263322700312522,0.2201239054733326,5748,-9.781532964894926e-06
7196,0.6906341199566354,0.4898259793937112,5260,7.473239215274304e-06
7197,0.17958464266121896,0.8574866604435551,4550,1.927785302157093e-06
7198,-0.21177716803474395,0.8322906152036351,4435,-1.8371766247565688e-06
7199,-0.513461928286319,0.6076521219352942,4750,-4.181789182942897e-06
7200,0.700631089096274,0.48356372844978823,5353,8.087143372820656e-06
7201,-0.20238554053649116,0.8396236420848555,4955,-2.1893032598285566e-06
7202,0.8645687765727988,0.3873142854029692,5350,1.0698838389336174e-05
7203,-0.4180819459157066,0.6759053399772501,4951,-4.2886568350185385e-06
7204,-1.1688672801157989,0.2425090209775207,5368,-1.0981746773866666e-05
7205,-0.5284787017720534,0.5971953308506022,4159,-7.172384976017467e-06
7206,0.32324313775306207,0.7465253998749612,4732,2.5419649769871495e-06
7207,-0.6930486214705799,0.48831034569238874,5142,-7.608717901571471e-06
7208,1.0113380813127333,0.31189581109386033,5945,1.110239481570978e-05
7209,-0.6723803888001283,0.5013681832935786,5837,-6.356695144553595e-06
7210,0.5871720621742461,0.5571157416184693,4806,5.369719408973506e-06
7211,-0.4096282467551846,0.6820956928717528,5156,-2.651557868631981e-06
7212,0.5959051640269121,0.5512642184815562,5262,6.1182165503584764e-06
7213,-1.2605588299212036,0.20753566804660029,4337,-1.635970588465761e-05
7214,-0.34507276612716387,0.7300545936518326,4863,-3.539096263195992e-06
7215,-2.3363329290304664,0.019508492913519415,5681,-1.9825622184618822e-05
7216,-0.0685608159391378,0.9453425175885315,4145,-7.090189295476046e-07
7217,-0.07316501352443894,0.9416782209951147,4287,-9.068369988894698e-07
7218,-0.19892729581481441,0.8423279419011944,4859,-2.377623554387314e-06
7219,-0.013782080825309628,0.9890044993391958,4162,-1.2219512175811898e-07
7220,-1.399689425632372,0.16167231243271174,4703,-1.3812345567098905e-05
7221,-0.8801104830521389,0.37884196327021025,4977,-9.041659206285558e-06
7222,-1.053332139169792,0.29223653258715343,5332,-8.656243237934409e-06
7223,0.6292708492676952,0.52921855880194,3072,8.327863449164119e-06
7224,0.5676202351073515,0.5703204511437208,4620,6.740841096870635e-06
7225,0.6791353764983454,0.49707845653735605,5962,4.095180288551948e-06
7226,-0.3960325565418139,0.6920973001398183,5188,-3.0650603904263415e-06
7227,-0.38724880617659213,0.6985924346261991,4038,-3.2779880069349225e-06
7228,1.1683616271401387,0.24271566717502724,5089,1.2647743632269553e-05
7229,-0.7130018162606678,0.4758681418274646,7078,-5.650272288456476e-06
7230,-1.3001058335396491,0.19361715621310394,5713,-1.4041137504949674e-05
7231,0.3986003830430391,0.6902047819803983,4977,4.961564604647797e-06
7232,-0.8826447843186073,0.37748598510975717,3674,-1.0392315970570873e-05
7233,-0.7291758961496677,0.4659446112416621,3380,-1.0212828827401503e-05
7234,-0.8289717470486829,0.40715786691711653,5281,-5.580594372124353e-06
7235,-1.3929332530937453,0.1637026551523333,4941,-1.5379246097718477e-05
7236,-0.5300527231105284,0.5961057536519947,3875,-6.478085854338597e-06
7237,0.14796499689632475,0.8823762316195878,5110,1.5836955387891921e-06
7238,-0.9986138441222301,0.3180320871877458,4805,-1.1019304908715747e-05
7239,-1.138343081207052,0.2550264220568135,5547,-8.639173834582845e-06
7240,1.969919658765437,0.04889764868174207,5504,1.705157549039601e-05
7241,-0.13652774459697234,0.8914100570445618,4609,-1.671947026692068e-06
7242,1.100243207780597,0.27128798889838457,4285,1.4516299049001924e-05
7243,0.840806983825665,0.400492987960936,5447,9.877406845975057e-06
7244,-1.273189450547033,0.2030070878715322,5261,-1.2539064067416162e-05
7245,0.4913612834355923,0.6231920951623238,5099,6.441357691124794e-06
7246,-0.03148816248564631,0.9748815042267167,4942,-4.0596376984444667e-07
7247,-0.6294619450308063,0.5290848980810945,3763,-7.461918667291731e-06
7248,-1.2318146629781954,0.218094026168002,3827,-1.7186120153269395e-05
7249,-1.7346323844119012,0.08285637822206793,6110,-1.300503099006725e-05
7250,-0.5902992732876344,0.5550159467198819,5147,-4.964087663160334e-06
7251,-0.28876151630460906,0.7727745109264292,5633,-3.237285327619753e-06
7252,-1.4049009785752435,0.16010680272023103,5540,-1.1665707204017215e-05
7253,-0.1837733355084428,0.8541983870817267,5240,-1.3294299410255453e-06
7254,-0.2624275564965415,0.793001808975258,5418,-2.015979851658557e-06
7255,0.3107216628493895,0.7560241338211102,5440,3.044793017714361e-06
7256,0.0601946937860672,0.9520033036760245,4404,6.690868699118691e-07
7257,-1.9325703475329645,0.053344825074967295,5067,-1.5462395188693427e-05
7258,0.680393660949114,0.4962848587547335,5318,6.941889722784883e-06
7259,0.6680206982898141,0.504159370424933,3955,8.596276195045478e-06
7260,0.6371059467475308,0.5240830706118333,5356,7.561593867474247e-06
7261,0.7108072516016581,0.47725324341722275,3346,8.470811250730086e-06
7262,-0.4043923360067123,0.6859424691851252,4744,-4.998444428301724e-06
7263,-0.277121984963809,0.7816979498845553,4978,-2.8644201077068255e-06
7264,-0.22667625433512456,0.820684777717225,4991,-2.7572058898624207e-06
7265,2.2252766740414702,0.026102755189955973,5544,2.521105190260615e-05
7266,1.2417300917104745,0.2143894424393018,5467,1.4526362506180931e-05
7267,0.8611371242658722,0.3892133897594372,4060,8.349978085074349e-06
7268,1.6537057107233029,0.09824796128483726,5177,1.857975443404692e-05
7269,0.9260050369191365,0.35450161490766163,3837,1.0144144838222941e-05
7270,-0.16544163990777513,0.8686026380850884,5346,-1.2809290540866015e-06
7271,0.7023799022902912,0.48247061341594843,5770,7.835637811938132e-06
7272,0.7889156434112778,0.43020199575490503,4598,9.703714937366551e-06
7273,-0.21816009790533816,0.827312635340971,5389,-2.1251192469005387e-06
7274,-0.9764380836040294,0.32889647019060186,4816,-9.242216892865502e-06
7275,-0.37595030974808546,0.7069699614336349,4947,-4.02870305491199e-06
7276,-1.0071022023841059,0.3139354322794259,4897,-1.0452262018345046e-05
7277,0.473247803117286,0.6360553608990838,5448,5.35615646362908e-06
7278,0.7887853628065417,0.43027076768891437,5616,5.837259446703495e-06
7279,0.37659903206192286,0.7064884460823126,4746,4.7580238833346936e-06
7280,-0.4564157238714665,0.6481110171060225,4968,-5.384405975890627e-06
7281,0.07933819398698128,0.9367671806257454,4469,8.120484386304051e-07
7282,-1.4831267547276137,0.13809938819010426,5374,-1.3610551157083198e-05
7283,0.6259428470440483,0.5313817993188157,4865,8.307834195464704e-06
7284,-1.045378154268759,0.2959029321502733,4620,-1.4226463284091138e-05
7285,-1.1516939839856464,0.24950875861448218,4448,-1.1859205909930324e-05
7286,-0.6092785504599846,0.5423719066298007,4315,-5.235413880563971e-06
7287,-0.0932050491728224,0.9257441551530714,5348,-9.191256073728916e-07
7288,0.6737796009926501,0.5004906708257364,3971,6.812762654336459e-06
7289,0.39540849226925967,0.6925554579900512,6019,3.833241232081364e-06
7290,-0.5192616174463373,0.6035965910152636,6289,-3.066719326082092e-06
7291,1.0767099888435392,0.2816567745847047,5536,1.2661381588237043e-05
7292,-1.78885426813021,0.07370421005021455,4591,-2.2851643181483908e-05
7293,0.505265594008941,0.6133970550329031,4500,6.226512376346598e-06
7294,0.5983117718423924,0.5496546284976505,5969,5.759878172376112e-06
7295,0.04758349898159885,0.9620497218338204,6176,2.950766286901921e-07
7296,1.4411663910840804,0.1495909756885092,5876,9.579762273064818e-06
7297,-0.8621312170718533,0.3886634130640747,4299,-1.1072413053432475e-05
7298,1.1366004677654387,0.2557571715949407,5256,1.3421455622617857e-05
7299,1.7414665059224403,0.08166008958915505,5280,1.6316623786167967e-05
7300,-1.4264492138635,0.15380106430872642,5008,-1.1033730946005936e-05
7301,-0.29306169733181175,0.7694863527775104,5354,-3.0458303920611467e-06
7302,-0.47838150611028774,0.632396866111455,5756,-5.115327452515272e-06
7303,-0.9573174412193692,0.3384544193198815,4887,-8.246440201289918e-06
7304,-1.6351503123172457,0.10207955795105939,5076,-1.6770590896893783e-05
7305,-0.012494973718533238,0.990031259155197,4563,-1.4676616664570854e-07
7306,0.16016530121034595,0.8727585060894265,4233,1.661966078677499e-06
7307,1.183006232273035,0.23685682634698924,5609,1.3863013875635749e-05
7308,0.15128611779116122,0.8797564023720887,4782,1.451744934531774e-06
7309,-0.7694606685692342,0.4416622772684362,4288,-7.980245995753549e-06
7310,-0.2984077334957373,0.7654048183537494,4833,-3.497210229711556e-06
7311,0.2816789539625913,0.7782022359875809,4648,3.345811716611105e-06
7312,-0.3402140931345054,0.7337088651965051,5271,-4.1912140187734525e-06
7313,0.8743884300822133,0.38196329272397134,3715,9.781356004544392e-06
7314,-1.0296227722027853,0.30322718835107376,6216,-6.838534110889597e-06
7315,-0.9791047546580904,0.3275719142746001,5422,-8.31601389366892e-06
7316,1.4893138471920655,0.13648182699488132,4092,1.4851695103217397e-05
7317,-1.8199900292351192,0.06881212328550101,5792,-1.8148484913980944e-05
7318,-0.2548940437638881,0.7988147707756363,5331,-2.064694089387346e-06
7319,-0.00831398169730513,0.9933668916323843,4018,-9.961671091288137e-08
7320,-0.2272484442940779,0.8202397915435837,5033,-1.82329891080043e-06
7321,1.1009631162617868,0.2709656447736264,5007,9.8697464140135e-06
7322,2.0558806013861664,0.03984055534833231,5568,2.3498266642457155e-05
7323,-1.0254940915635404,0.30518966603044495,4166,-1.0284235970738519e-05
7324,0.3709515776292826,0.7106886742258496,5213,2.8877629098641266e-06
7325,0.3493461773056058,0.726842196810052,5765,3.489896751274338e-06
7326,1.3183232256775517,0.1874450402313439,6092,1.3631653203258885e-05
7327,-2.120883772011478,0.03398689951612255,4438,-1.9604926682723406e-05
7328,0.5777358619392352,0.5634723315589962,4356,6.053134122137775e-06
7329,-0.004153055509334118,0.9966865371887483,4442,-4.969552127688681e-08
7330,0.5619770986532119,0.5741550161188891,5385,3.671231936461087e-06
7331,1.5681052662490402,0.11690320672042231,6785,1.4103857177514134e-05
7332,-0.5172619017783298,0.6049927592467139,5894,-5.483447339373844e-06
7333,-0.29972253119722303,0.7644001204902371,5509,-3.410232175556466e-06
7334,-1.8253666808595537,0.0680000468236237,5488,-1.818719440849245e-05
7335,0.8323787116397067,0.40523454359312283,5055,1.0087498430516251e-05
7336,1.483798500696514,0.13792163645590616,5320,1.426700312088245e-05
7337,-2.128679379939166,0.03334289908016519,3926,-2.3590946152147857e-05
7338,-0.02444472042830148,0.9804987976567825,5300,-2.6520115185433587e-07
7339,0.05632987486356861,0.9550814668917997,4600,6.36343883917984e-07
7340,-1.2547232428657649,0.20963511978985805,5249,-1.2533510665342064e-05
7341,0.9987202644410288,0.31797360543121367,5571,1.1565031519366553e-05
7342,1.1708472857813974,0.24171757168697283,4861,1.210288851984346e-05
7343,-0.023151157767539916,0.9815309300311925,3752,-3.040478397374847e-07
7344,-0.34857983101953327,0.7274202660380871,4737,-4.769666305099272e-06
7345,-0.18927847444572735,0.8498813126983289,5694,-2.006641681975417e-06
7346,1.9930233785157505,0.04630275628285552,6185,1.959972859238394e-05
7347,-0.6156195323033121,0.538174783928667,4811,-6.506694503547097e-06
7348,-0.20594973753159562,0.8368400982930861,4225,-2.2180169094737256e-06
7349,0.934166002475107,0.3502614791232017,5221,6.4566500421821995e-06
7350,-0.06884235458284202,0.9451177222109048,5258,-6.432812141738991e-07
7351,-0.032834545049066174,0.9738079725059774,4544,-3.2243626586546647e-07
7352,-0.8965166833127021,0.37001367605092694,5865,-6.503733619382291e-06
7353,1.3929363264187924,0.16369942794207382,5129,1.7588092730118646e-05
7354,-0.848305440455658,0.39631057981137285,4757,-7.147038361358024e-06
7355,0.47468848886932247,0.6350285781366356,5302,2.8713502170598923e-06
7356,1.1914819565029677,0.23351333201528002,5784,1.2934645043896588e-05
7357,-3.3878514613652757,0.0007096451970618478,5211,-2.6992754175300357e-05
7358,1.3317875229936669,0.1829838652941449,5638,1.5054420003098237e-05
7359,-1.0987311122062093,0.2719399855604592,4844,-9.757937013095925e-06
7360,-0.5078432168712248,0.6115858946601858,4958,-6.133116688220325e-06
7361,0.4314242337778743,0.6661773026795266,5355,2.735847677449413e-06
7362,1.5950381225367436,0.11077016876716872,4756,1.254573457225333e-05
7363,-0.6359291238224641,0.5248465314475483,6087,-4.3685062520595625e-06
7364,-0.34570456034108865,0.7295805275083507,4612,-3.6211541251369416e-06
7365,-0.5562658994174722,0.5780521012795132,5411,-4.906028527427541e-06
7366,-0.41151150904687844,0.6807135442667329,5499,-2.9663574280393885e-06
7367,-1.5873596572326207,0.11248589044550306,5783,-1.067055315833577e-05
7368,0.015404569260797378,0.9877101823636609,4022,1.4216676550093706e-07
7369,0.5093036434762976,0.6105628946238086,4785,4.739878203332001e-06
7370,-0.33749097320442123,0.7357622648574962,4586,-3.912978779603086e-06
7371,-0.7689894973847375,0.4419358309785524,5006,-8.343167385066163e-06
7372,-1.0635510110635114,0.28758893483851233,4523,-1.3018242933945587e-05
7373,-0.29315456304720233,0.7694173990767155,4545,-3.0551519710837533e-06
7374,0.4232508441367602,0.6721280179629572,5775,4.38762186284487e-06
7375,0.6931753203781756,0.4882307381234132,5160,8.558418522861148e-06
7376,-1.4875359020563974,0.136949173714231,4158,-1.9518551982082406e-05
7377,0.3956982680955717,0.6923436508577745,5271,3.3391017472932695e-06
7378,-0.27893811708298605,0.7803012376676217,6466,-2.6607630249181127e-06
7379,-0.17551889508264848,0.8606801246526266,4335,-1.9255322231748074e-06
7380,-0.6318142099773207,0.5275357918021364,5252,-6.5576757086335056e-06
7381,0.5045487301721227,0.6138956122759858,5620,5.668524187927935e-06
7382,-0.023423280366749576,0.9813134558185737,5695,-2.477177105724143e-07
7383,-0.9593570089773907,0.33741795854879086,5943,-5.838238486207201e-06
7384,-0.2656755732662012,0.7904999027365136,5060,-2.4033607530601304e-06
7385,1.1530616902686817,0.2489363002749081,5380,7.644547503797646e-06
7386,-0.07663926765437007,0.9389140321197773,4366,-7.05994386723445e-07
7387,-1.19452738271102,0.2323372247879989,4327,-1.205299555204238e-05
7388,-0.7150821765861745,0.4745968817493804,4324,-9.24969990044269e-06
7389,0.04569341639782328,0.9635564237173839,5035,3.227922268644203e-07
7390,-1.8207982511178964,0.06870505157726647,4425,-1.5876870596674814e-05
7391,-2.0079198235961533,0.044701155070971055,5442,-2.0883416380056824e-05
7392,-0.026403362264978674,0.978936695306962,4866,-2.8715483535358124e-07
7393,-0.1988891286267949,0.8423564534276227,5794,-2.1328247373663434e-06
7394,-0.3298451289412453,0.7415281220649259,6205,-3.23151138330599e-06
7395,0.13255082182922892,0.8945539634594226,4999,1.6948228201492735e-06
7396,-0.30601142974891093,0.7596069149428619,5807,-1.9412150686958496e-06
7397,-0.27722298482110275,0.781618812328225,5777,-2.8857152410182674e-06
7398,0.6437363079797268,0.5197737642657476,5404,3.7559771356574097e-06
7399,-0.5364433524363079,0.5916774789901544,4717,-5.5267636251658845e-06
7400,-0.5152962181422704,0.6063697563062236,4804,-4.809772861315359e-06
7401,-0.06513743112967514,0.9480671945655885,4977,-5.550964723723012e-07
7402,-1.4722739352654024,0.14101555486892448,4586,-1.7077547986027838e-05
7403,-1.6195870616871326,0.10538402546931414,5005,-1.698319605439166e-05
7404,0.895438428722786,0.37061115633922426,3692,9.807043618785144e-06
7405,-0.4668704895420007,0.6406110395425708,5499,-5.467564096815799e-06
7406,-0.4862583501202989,0.6268011031234724,6233,-3.96846033650805e-06
7407,-0.8586741602985293,0.3905697829426573,4161,-1.044804577244694e-05
7408,-1.7935745044285616,0.07294378495622045,4820,-1.6525271054512723e-05
7409,-1.6210257701038053,0.10508302415835158,4447,-1.588212860897114e-05
7410,1.191503896146249,0.23351172214201887,5060,1.4007882350479658e-05
7411,-1.6476109482669892,0.09949432876212794,5085,-1.2653464590354356e-05
7412,-2.362355791071857,0.01819895148932349,4793,-2.435527289640099e-05
7413,-0.12697072173112836,0.8989677786508654,6069,-8.227461608423924e-07
7414,-0.26604667588064845,0.7902120684458318,6229,-1.5828483604633118e-06
7415,-1.404890991245739,0.1601402148798725,3591,-1.743001416369159e-05
7416,1.3519583842528073,0.17644637221926418,5296,1.3593211676140409e-05
7417,1.1411374118577529,0.2538615145869052,5604,1.264523168277755e-05
7418,-0.30462224374021807,0.7606661353674462,5172,-3.4581697132228615e-06
7419,-1.1736370777494411,0.24058384578564196,6438,-6.647351079211635e-06
7420,-0.18885989243469098,0.8502105148426586,4861,-2.54005600523682e-06
7421,-1.4025614166207432,0.16081692420403115,4483,-1.407899643572579e-05
7422,1.2011503070039755,0.22976382423599984,4012,1.1336257971772826e-05
7423,0.39408888251909724,0.6935378924290778,3740,3.908427039683609e-06
7424,-0.253789157146747,0.7996692439721715,4835,-1.9482730642832137e-06
7425,1.4022152865786306,0.16090485703819857,5761,1.3066749204151671e-05
7426,0.6521257239085588,0.5143542509042698,4386,7.691334070467239e-06
7427,0.3691077651646357,0.7120620655625562,5330,4.203243332330927e-06
7428,1.4731346870500006,0.14080019974440106,3683,1.7894106352627353e-05
7429,-0.9486197948302083,0.34285718106031715,5312,-8.738275925906613e-06
7430,1.7790248569246943,0.07534508352279023,2777,2.538734208778161e-05
7431,-1.3602378985332217,0.17381850253149222,4803,-1.4796876419145877e-05
7432,-0.012636431381644709,0.9899184404879173,4305,-1.411589085530065e-07
7433,0.025476975630085746,0.9796755425561692,4940,1.9828988630365098e-07
7434,-0.022095403644521755,0.982372873392537,4321,-2.676237257634907e-07
7435,0.5571135491516257,0.5774776198454612,4491,4.431876828061233e-06
7436,-0.1708556686774565,0.8643438168966895,5269,-1.9489870824061894e-06
7437,-1.4655333544709581,0.14284603012553498,4456,-1.299907905355994e-05
7438,-1.8869647955406965,0.05923699955464512,4024,-2.5693251053811525e-05
7439,-0.3809973237081802,0.7032257344348674,3949,-5.112506058272263e-06
7440,0.062042212497264285,0.9505321632527071,4208,5.891658546333067e-07
7441,-1.9567457333389753,0.05042784851995297,5506,-1.5686087515325494e-05
7442,1.9727776572125668,0.04857572808909327,5017,2.2755587462416435e-05
7443,-1.3580522547829865,0.1745115645894335,4754,-1.1185146037438561e-05
7444,1.2447843296144598,0.21326650484446974,5260,8.405840707670997e-06
7445,1.7325854285731677,0.08321886152261615,6232,1.7273682746256973e-05
7446,-0.17468159528005986,0.8613365557389243,5259,-1.8348321025549836e-06
7447,0.10406477877184844,0.9171225987055414,4482,1.313947060059073e-06
7448,-0.6533296631430103,0.5135724053943456,5247,-7.1782701995020216e-06
7449,0.3247082026834496,0.7454148067425086,5274,2.171118165779602e-06
7450,-0.28105887225754733,0.7786806485325701,3776,-2.9879966442973998e-06
7451,-0.2977327564388202,0.7659200311091847,4799,-3.4501783587112473e-06
7452,-2.183702048582797,0.029032370604957336,4804,-1.9132218423212625e-05
7453,-0.13460811655920188,0.8929268623532931,5273,-1.2032803493133162e-06
7454,0.5706378476496424,0.5682747408275688,4335,5.290957951031798e-06
7455,0.315567999297476,0.7523478834148076,3774,3.79095758179469e-06
7456,-1.2462018130609678,0.21273955847429615,5929,-1.2043556041187435e-05
7457,-0.6271591882742136,0.5305828356033957,5125,-5.3286457648916975e-06
7458,-0.016084896705963764,0.9871672934265192,5088,-1.136744386072066e-07
7459,0.39460349722152743,0.6931532223284482,4758,4.766580827850839e-06
7460,-2.3012318942598102,0.021424297112192736,4473,-2.7638146721878298e-05
7461,-0.9804839952686111,0.3268984952011631,4631,-7.5062375685115e-06
7462,-0.6509302706107664,0.5151281204067799,4085,-9.960695384811107e-06
7463,-0.14729521421292435,0.8829060412360072,4224,-1.1547851251175888e-06
7464,0.7621622766876341,0.44601826118538423,3263,8.580737727805118e-06
7465,0.01885875494863882,0.9849545370501447,4987,1.9636764778235027e-07
7466,0.5721856043095319,0.5672265382409916,4246,4.979699913981834e-06
7467,-0.9963931801552921,0.3191025450574221,5556,-9.04470036655291e-06
7468,-0.6154817452749419,0.5382590137141245,6256,-6.062952075882065e-06
7469,-0.5308257935357645,0.5955604199856701,5637,-5.2413093359886854e-06
7470,-0.4339110949219578,0.6643721919581036,4879,-4.600366376927088e-06
7471,-0.5869617234638914,0.5572663949603713,3584,-6.934212627015298e-06
7472,1.320899611031758,0.186592841193419,5212,9.690282818147841e-06
7473,-0.11345900698070763,0.9096728430740502,3685,-1.4528236481750871e-06
7474,0.22255487604424007,0.8238903097041415,5444,1.5701725722806553e-06
7475,-0.35988074032575246,0.7189563509715917,3795,-3.4647373058945656e-06
7476,0.8761327826421824,0.3810118393114017,3899,1.0274222732231976e-05
7477,0.7019339812174828,0.4827458172485046,6412,7.050360120344223e-06
7478,0.9177435379192618,0.3587952020547154,5264,6.271911598092062e-06
7479,-0.8816753029192166,0.3779867873268168,6167,-8.20547742099797e-06
7480,-0.72080690181998,0.47106122418240637,5123,-8.291819287143987e-06
7481,-1.1905577951274686,0.23388696166398337,4732,-1.0475523304541722e-05
7482,-0.2472698968345079,0.8047116423189598,4132,-2.511707479112335e-06
7483,-1.6010358870530228,0.10943190551855864,5020,-1.244650803706335e-05
7484,0.28570255720347054,0.7751169204676316,5393,3.3564119563546628e-06
7485,-0.060328453463344756,0.9518964141878703,5080,-7.415346916488203e-07
7486,-0.09164922452319406,0.9269803705392305,5058,-1.0576143572383573e-06
7487,0.007896459498446487,0.9936999082069944,5151,9.416860857381632e-08
7488,-0.5387720135299535,0.590064740646838,5833,-5.746203746668885e-06
7489,0.8715424625164527,0.3834978613618847,5254,6.2980294351798105e-06
7490,0.8084041208643536,0.4188958730191934,5076,9.75054860260259e-06
7491,1.1545426592199364,0.24834712841738615,3978,1.0594038973749508e-05
7492,0.05260521153340204,0.9580485099648415,5138,5.173260161954922e-07
7493,0.9361369575483516,0.3492419160283229,5762,1.0235317047625767e-05
7494,-0.7033396532975607,0.48187296287770165,5675,-5.091315640667667e-06
7495,0.7117407385075548,0.4766579986673618,5084,8.879190656775143e-06
7496,0.05327863923525413,0.9575116226297733,6177,5.049918175178782e-07
7497,0.49359296159297583,0.621613742691411,5402,5.531318550748428e-06
7498,-1.2533636234539762,0.21014869100113565,3893,-1.4486855423264477e-05
7499,-0.5695347105267056,0.5690196603552655,4858,-7.742585916617778e-06
7500,-1.7588285848253586,0.07866574556614347,5174,-1.5153056009211704e-05
7501,0.3232321179995938,0.7465345513897561,4479,3.961472033216138e-06
7502,-0.6412082353510915,0.5214143970143317,5444,-7.175712650226131e-06
7503,0.12490324157543481,0.9006047663064813,5442,1.516795681759112e-06
7504,-0.5405225424511996,0.5888572304885051,5870,-5.35265118097479e-06
7505,-0.13087749857678058,0.8958767611842058,5792,-8.819635996546636e-07
7506,0.28849553898304126,0.7729790349740071,5160,3.006144143595545e-06
7507,-0.7847771133441968,0.43262026043813573,5165,-6.016092411751854e-06
7508,0.1966673671499846,0.8440960097424117,4898,2.0575110896802645e-06
7509,-1.355821038509293,0.17521755543103157,4984,-1.1834720407836681e-05
7510,-0.37829079495579887,0.7052342683988662,4080,-3.695644524530963e-06
7511,1.374193077187021,0.16943621832550426,5655,9.20139444806458e-06
7512,-0.42513010314758115,0.6707653370677851,3893,-5.351759536753911e-06
7513,-0.7244937691180295,0.4687915902161084,5858,-5.714356237192513e-06
7514,0.10207385179421485,0.9187021653732605,4981,1.3730249935274776e-06
7515,-0.013532713629608712,0.9892035240679422,3660,-1.4446137694483058e-07
7516,-1.5862493329336966,0.11274991778443755,4709,-1.57651394658561e-05
7517,0.569637947951281,0.5689491077568536,4956,6.7895965365809734e-06
7518,-0.48979442389140576,0.6242998850118688,5240,-5.299423857493448e-06
7519,0.3283245926600129,0.7426791126726449,5346,3.87748951445854e-06
7520,-1.0979965009317056,0.27225012132420723,5995,-9.533911922143706e-06
7521,-0.21307150228920024,0.8312805064658106,4664,-2.477766245136907e-06
7522,-1.1074460671736792,0.2681515083157422,5287,-1.0323719812738314e-05
7523,0.3814839842146774,0.7028595529453576,5264,4.537359002198242e-06
7524,-0.0436361547837973,0.9651962152445295,4886,-3.778148935207073e-07
7525,-1.4303755171252468,0.1526860355511681,4071,-1.8340636013886462e-05
7526,-1.6079017607897728,0.10792283655363599,4774,-1.71424379156324e-05
7527,1.1328380383537064,0.25732813669626564,5923,1.127373312937807e-05
7528,0.2761537816103252,0.7824388127617319,6443,2.6300513668378634e-06
7529,0.6419694261116545,0.5209266379546436,4380,5.871597989946626e-06
7530,-0.5022355131532829,0.6155207518462538,5856,-3.3993379309114294e-06
7531,-1.6768516341145931,0.0936470662583706,4137,-1.7850743301889335e-05
7532,1.8207080767436377,0.06871540302548218,4657,2.5242933359326943e-05
7533,-0.939641576252009,0.34744833283691046,4841,-1.1765568263560075e-05
7534,-1.7406610357741055,0.08180225271369457,5193,-1.732080036077482e-05
7535,-0.5262543204725328,0.5987331851924949,5387,-5.640869473013624e-06
7536,-0.8939436253017713,0.37140109286383605,4388,-8.865738500818699e-06
7537,0.6954522164438026,0.4868138656715799,3856,8.502094620369732e-06
7538,-1.7468824142528538,0.0807101870435809,5854,-1.4543001988357571e-05
7539,-1.3273020835613107,0.18447705020307925,4439,-1.2508488806863068e-05
7540,-0.27238745878010684,0.7853369719382122,4375,-2.4779852454867843e-06
7541,-0.7989435060139947,0.4243630912554379,4754,-7.67852965837408e-06
7542,-1.1990951311442377,0.23055144532144523,4698,-1.5228520248381193e-05
7543,-0.45991151130381636,0.6455980330744384,5466,-4.487452516891822e-06
7544,-0.8314108131129176,0.405777764299065,5489,-8.812667312090212e-06
7545,-0.49704535696288016,0.6191813974561091,4492,-6.133330435629758e-06
7546,-1.5947753675765408,0.1108268644383168,4909,-1.7622910117329802e-05
7547,-0.13356553761859286,0.8937520988390248,4509,-1.2880133410592252e-06
7548,-0.7684121388538214,0.44228451982569306,4306,-7.247484377311983e-06
7549,0.24751658124159645,0.8045216627389769,3850,2.7546606045412315e-06
7550,0.03328705562072904,0.9734468325274985,5746,2.6603870248440895e-07
7551,-0.4298210614499614,0.6673421186749264,5680,-3.5237079436474173e-06
7552,-0.09129121392902045,0.9272647372111831,5169,-9.28698565225114e-07
7553,-0.3920475122270076,0.6950377373793639,5712,-4.394695493309298e-06
7554,0.13061920415511927,0.8960811855951947,5669,1.4346432077195546e-06
7555,0.47379136371620806,0.6356665456158566,5795,5.25385816257581e-06
7556,0.6056431578256447,0.5447789491498787,5052,7.596585017602617e-06
7557,1.1663677080630612,0.2435185476399533,5275,9.13203419044735e-06
7558,-0.1851187354151127,0.8531418781569902,6288,-1.7100325855466334e-06
7559,-0.8485119596647032,0.3961851218136161,6307,-6.5837339588876345e-06
7560,0.5307553422135945,0.595609791003201,5493,6.304077584756863e-06
7561,0.762840886294758,0.4456092377411027,3533,9.062463191018105e-06
7562,-1.2992828123830602,0.19390752389265709,4941,-1.4568421069832515e-05
7563,0.2371476261604821,0.8125513711433183,5336,1.6365274419628167e-06
7564,0.16639527949095761,0.867852509381204,5082,1.9567674715954586e-06
7565,1.3070564398997042,0.19124548540120334,5787,1.383787758872569e-05
7566,-0.13406254907642354,0.8933590783715433,4524,-1.257107953642932e-06
7567,-0.352365511010712,0.7245768417899625,5858,-3.815551666952599e-06
7568,0.6303341729022474,0.5285054053181995,4894,6.069781907556659e-06
7569,-1.294957395887765,0.19539732665929277,4792,-1.5969751732065592e-05
7570,-0.6581472964594799,0.5104768061740148,4548,-5.798824031757489e-06
7571,-2.2170251134881753,0.026655985373956526,6475,-1.7603002572957178e-05
7572,0.28442918611321155,0.7760912664365334,6028,1.70015635344761e-06
7573,-0.9811496458104335,0.3265591065954645,5912,-5.938937958636912e-06
7574,1.3001433292117204,0.19363153985766002,3761,1.510808238071533e-05
7575,-1.4516433755860292,0.14665767255823203,5516,-9.67337200008319e-06
7576,-1.707877300138741,0.0877244814614655,4749,-1.9696954749338222e-05
7577,0.09936540652942528,0.9208535591390439,3682,1.035406727935001e-06
7578,0.5434024871072368,0.5868771241280744,4963,6.337490077524218e-06
7579,0.6927852763366638,0.4884890253360443,3599,9.090329501566383e-06
7580,0.8033074770365795,0.4218335641725339,5228,1.0012702509760627e-05
7581,0.40005933555321815,0.6891286121216684,5410,3.5900383334853033e-06
7582,-0.34201650907081194,0.7323540619498079,4610,-3.036477498343857e-06
7583,0.912133749277978,0.3617359578205983,5842,5.614761029208944e-06
7584,0.9654037490853002,0.3343878754718448,5160,1.137063884051564e-05
7585,-1.1495968824128622,0.25035573296978764,6005,-1.1681046890616431e-05
7586,-0.4293702791195514,0.667670761458913,5448,-3.570053755485534e-06
7587,-0.6909574326009593,0.48963114334507596,4129,-8.483756421902164e-06
7588,-1.066831319170727,0.2860964596117057,5317,-1.0374626764750207e-05
7589,-1.1560227291470069,0.24773417224110306,4433,-1.224413306146364e-05
7590,-0.49105980145466616,0.6234041594697306,5387,-5.893837632682007e-06
7591,-0.43506937893975756,0.6635287129665339,5642,-3.2425356651945838e-06
7592,-1.846727664964645,0.06483528761624391,6068,-1.605320101518551e-05
7593,-1.324802260904056,0.18529099465095777,5581,-1.15115434689714e-05
7594,-1.6960679191947843,0.08995288916316446,3898,-2.040232622681574e-05
7595,-2.1090429355983016,0.03498129262370164,6136,-1.8225523391139415e-05
7596,-0.8854974551382996,0.37593510323937007,4559,-1.1018836387261628e-05
7597,-1.2080584844546092,0.2270871135864414,4583,-1.585889373861337e-05
7598,0.0452111153794206,0.9639408977356152,4846,4.993127028423958e-07
7599,-1.072179262101173,0.283681945563955,6100,-9.674134866253262e-06
7600,1.1977868670896152,0.23104679311397702,6068,1.2272431709554088e-05
7601,1.0742066542810904,0.28281397265167585,3090,1.424694623867406e-05
7602,-0.47310707132753826,0.6361578875940839,4896,-3.2503243781664125e-06
7603,-0.7769746856520857,0.4372140967933249,4551,-6.669862627543586e-06
7604,-0.5643569841945456,0.5725423903134628,4060,-5.1703235655368775e-06
7605,0.2700207157087016,0.7871594120769396,3692,3.1426989367910804e-06
7606,-0.8939440898449124,0.3714023061845082,4261,-9.782269697385947e-06
7607,-0.9862727515937886,0.32404253828320684,5518,-8.72943622840886e-06
7608,-0.6924360261111964,0.4886948772378348,5133,-8.052756811083078e-06
7609,-0.1324484219235898,0.8946351316729102,4833,-1.5556508052001894e-06
7610,-0.4739951072182599,0.635531402507753,3696,-5.804949334220424e-06
7611,0.31069885846128503,0.7560412536686705,5541,3.387022581892898e-06
7612,0.5098590683885295,0.6101747562722202,4583,6.431256944972446e-06
7613,0.954893522899049,0.33968101258950334,4667,1.1162558454487534e-05
7614,-0.5083827102982778,0.6112072970521951,5025,-4.094775182971066e-06
7615,-0.39584713252463166,0.6922323340359653,5813,-4.228856782663199e-06
7616,-0.07117570942913036,0.9432606960388417,5116,-9.108141039716828e-07
7617,-1.3421059147546652,0.17960646453097007,6801,-9.6632561764245e-06
7618,-1.1677385969461507,0.24296711311851826,5073,-9.583609994415324e-06
7619,1.461392450207828,0.14395872014049882,6168,1.5204740011268067e-05
7620,-0.500382473019951,0.6168290622234174,4733,-5.6460662401391366e-06
7621,1.3687829033382366,0.1711202655010633,5789,1.31435526013472e-05
7622,0.7909163417302147,0.42904391894744487,3671,8.54391179166214e-06
7623,0.6394455886345108,0.5225651856152196,4566,5.539127369017081e-06
7624,0.19736914024888216,0.8435456243377444,5775,1.277841098604551e-06
7625,-1.2190140103924254,0.22289852869023297,4821,-8.764396659726164e-06
7626,-0.21526839106110343,0.8295668520819501,5001,-2.505329555546612e-06
7627,0.9404871690496552,0.3470041390007914,6240,9.487967472166645e-06
7628,-0.37499218864378847,0.7076801255486607,5743,-2.9290504196928787e-06
7629,-0.2510749499861263,0.8017662420589926,5119,-2.8364606721733736e-06
7630,-0.09074752415682782,0.9276961934783601,6088,-5.276912671497875e-07
7631,-1.1998400030210423,0.23026556120999775,4437,-1.3401157591016755e-05
7632,-0.32570997191309037,0.7446558882407519,5638,-2.4138101217752933e-06
7633,-0.3994346014678311,0.6895928032755547,4309,-3.537824503210964e-06
7634,0.13529389678482362,0.8923861518377583,4101,1.2214352891790876e-06
7635,0.8670850440788793,0.38593828375515704,4854,7.53693950303011e-06
7636,-0.7207616549795843,0.4710916854594198,4745,-7.491185527178722e-06
7637,-0.8271356643939208,0.40820065568123853,4876,-9.387074432124728e-06
7638,1.1812773637576357,0.2375474555907724,5118,1.1575635906242428e-05
7639,0.45443368697522374,0.649536195848545,5063,4.322676097511832e-06
7640,0.29989432721654624,0.7642720446079243,4365,3.3962036122019803e-06
7641,1.6845015302789978,0.09213754109083072,5916,9.111919635113364e-06
7642,1.306526006608712,0.19143221983837622,5139,8.64894527667715e-06
7643,-0.8261659952268144,0.4087518796472467,4700,-9.081481576813605e-06
7644,-1.5190889114908301,0.12882679894457816,3648,-1.569855481534743e-05
7645,0.37450059864463975,0.7080452685062721,5946,4.064093685951598e-06
7646,0.8556036406755579,0.39226706462606,4100,1.0171804753820043e-05
7647,-1.000199917585769,0.3172779268822725,3773,-1.4138872783466317e-05
7648,-0.3756745966369338,0.7071738377660606,5309,-4.070527803283256e-06
7649,-1.0871818203638635,0.2770007402324697,5919,-1.0510435603167067e-05
7650,0.05552590247981682,0.9557216985519488,5034,5.304962801607611e-07
7651,1.3496044463957395,0.17718967505175698,6532,1.2792822595065752e-05
7652,-0.01087491863315454,0.991323731473831,4427,-1.1897067810850865e-07
7653,-0.02630622312141334,0.9790142647826148,4474,-2.5497664211207423e-07
7654,-1.9020983660630928,0.05721083976161845,5464,-1.777566100953221e-05
7655,-0.31428843981815446,0.753313203961933,5841,-3.09761193892725e-06
7656,-0.6608509703300982,0.5087356005573511,5495,-4.3600552003158816e-06
7657,-0.07844534339708986,0.9374770459281907,4845,-6.229888040176831e-07
7658,-0.3677684422321407,0.7130624374532446,4708,-4.752214806283868e-06
7659,0.6790617609445816,0.49712635454486387,5690,7.500815907752777e-06
7660,-1.1731018451854236,0.24081517063343383,4642,-1.3605780227667772e-05
7661,-0.03790614128212059,0.9697641451193715,4647,-4.859772517199033e-07
7662,-0.44337118100722367,0.657518251716215,4574,-5.074182172927585e-06
7663,-0.4299565727285214,0.6672435537900792,5677,-3.0812865101014348e-06
7664,-0.44663285055348306,0.6551597070937656,4952,-4.994548028200144e-06
7665,0.04996920561510413,0.9601489688264382,4891,5.69703266954069e-07
7666,1.3034671721396014,0.19247995938555285,4643,1.1248206836127693e-05
7667,-0.4280025386895474,0.6686776577770723,3248,-6.485722783828566e-06
7668,-1.2367724255119381,0.21623596533171963,4512,-1.360856314303222e-05
7669,0.09218690384603924,0.9265529861433772,5364,7.618922419472882e-07
7670,0.6994394447104533,0.4843136681537712,4492,6.198564764892543e-06
7671,-0.25516558958256963,0.798606844724786,4510,-2.6803455927208506e-06
7672,0.008332589994969802,0.9933519706141907,4910,9.677816261859698e-08
7673,-0.589881143408893,0.5553010735679442,4337,-7.357131000192584e-06
7674,0.14572806332028754,0.884141911623685,5026,1.0168762842644605e-06
7675,-1.1904473876298352,0.23393778120267794,4207,-1.4391732937640559e-05
7676,0.6301899790621547,0.5285970244348741,5388,4.185364250328773e-06
7677,-0.5189067119960612,0.603851716790021,4431,-5.9416279786710666e-06
7678,0.6508497168373311,0.5151722603671818,5201,7.423375246102399e-06
7679,0.2302947061762107,0.8178717312231705,5260,2.9729382097577798e-06
7680,0.32573249088745304,0.7446410683790412,4764,2.8014043961266766e-06
7681,0.6022939401693184,0.5470088267060889,4503,6.463351703152447e-06
7682,-0.1277774695975928,0.8983309909882575,4348,-1.6616266129837967e-06
7683,-1.2813830216968474,0.20012056349306184,4840,-1.2275042326077315e-05
7684,0.029034344675252795,0.9768381434338951,6136,2.8675493314455967e-07
7685,0.8628996632483601,0.38824051440797147,4323,7.958144980825685e-06
7686,-0.9785030678884498,0.3278870871196913,3849,-9.931113361371482e-06
7687,0.10856254482988517,0.9135532370595414,5783,7.321076735438383e-07
7688,-0.9926769543690441,0.32091386585462356,5171,-6.6290290574506014e-06
7689,0.4792694503632478,0.6317685609054062,4851,5.82658572950231e-06
7690,-0.029141766158736385,0.9767525863409217,5482,-3.4645148247350593e-07
7691,0.9857572684358143,0.324305378270775,4489,1.1404447269209213e-05
7692,-1.3448832584989294,0.1787122022236718,6192,-1.2211800939749711e-05
7693,0.6569327793439592,0.5112553876533226,4839,7.235632560586945e-06
7694,-0.12878764970205622,0.8975323395126547,3889,-2.02868678006085e-06
7695,0.45222420925795875,0.6511308183501807,4202,3.978549034172951e-06
7696,-0.46197879717813023,0.6441142063897791,5685,-4.756109565707092e-06
7697,2.2500220228161996,0.024489961093643764,5106,2.9022419435281494e-05
7698,0.18706833026516748,0.8516143594214478,5199,1.3836878673881047e-06
7699,0.500533367287825,0.616722679292883,4767,6.639650626177488e-06
7700,0.25777847772372714,0.796588749433409,4879,3.350162848211622e-06
7701,-1.2961768832894305,0.19498435739681264,4286,-1.7919568188159665e-05
7702,-1.236074788435908,0.2164970790895513,4379,-1.6968030394330303e-05
7703,-0.27954382955140306,0.779836715834719,6279,-1.919607171276581e-06
7704,-0.39489063236765315,0.6929413679000309,4742,-4.6173690076326395e-06
7705,0.4494362375721997,0.653135331786121,5313,4.8043832202641165e-06
7706,0.0448334755099753,0.9642423206712023,3930,5.95774562279365e-07
7707,-0.10450282559375154,0.9167743432504951,5218,-9.626281958788117e-07
7708,0.2980153916293341,0.7657030037888932,5344,3.586691251536783e-06
7709,-1.3365897276909595,0.18141088393386973,5602,-1.186559851566452e-05
7710,-0.720691447629908,0.4711284456338709,5796,-4.735085583594623e-06
7711,-0.21724226065939595,0.8280275071323122,5572,-1.5568493615297296e-06
7712,-0.4918379330508239,0.6228567514888788,4729,-3.928747661991109e-06
7713,-1.2350233717008752,0.2168789345572255,5080,-1.3612055006173623e-05
7714,0.4254058141728295,0.6705587055091917,5133,5.1386452691664284e-06
7715,-1.5640445394754068,0.11786217750364458,5747,-1.214605157533142e-05
7716,-1.3577954447947982,0.1745912631976092,4890,-1.1350562236574891e-05
7717,-0.25913003303146515,0.7955466174173227,4558,-3.136923648637995e-06
7718,0.22146209398235317,0.8247395383371872,6564,2.0942916388390166e-06
7719,0.49829857876098843,0.6182954351252015,5022,4.113482684361113e-06
7720,0.5596111073147649,0.5757688529009171,5196,7.072779973598516e-06
7721,-0.6594369899360998,0.5096451701507965,5067,-5.662559163100711e-06
7722,0.1559501251745813,0.8760776382847058,5936,1.6883902976381845e-06
7723,0.3401414929018337,0.7337622194860218,5836,2.094274841213194e-06
7724,-1.265017483721862,0.20592296003741795,5092,-1.1858807026358596e-05
7725,0.0613298319274011,0.9510993268072663,4388,6.460385324372031e-07
7726,0.5943256288828201,0.552327570039989,4047,7.053310055768292e-06
7727,-0.581216029011544,0.5611183833436009,5571,-6.7087807087234635e-06
7728,0.4100833585254031,0.6817638887015056,4603,4.719917399406215e-06
7729,-2.4312885909699187,0.01508441111600356,4455,-2.8152366585034014e-05
7730,-1.019928709598579,0.30780235259090194,6157,-6.182582862006238e-06
7731,-0.24092532849410855,0.8096216152852551,5728,-1.5328874569860889e-06
7732,-1.0386349060923552,0.29903930181048266,3880,-1.4103263018859207e-05
7733,0.18322928299560862,0.8546253134925546,5164,1.663196024919927e-06
7734,-0.9977519981234076,0.3184379520444778,6301,-6.6420497981873354e-06
7735,1.2989636673926703,0.19401457362639296,5149,9.897956356994686e-06
7736,0.5425068191611754,0.5874914920726264,5476,6.165358559791286e-06
7737,-0.5018391053924928,0.6158024771851536,5075,-4.904515425246594e-06
7738,0.10936696907791649,0.9129163373510547,4474,1.5173991827083763e-06
7739,-0.22638929013248874,0.8209070090194723,5541,-1.8528800462359962e-06
7740,1.1633387745556691,0.24473910992706394,5903,7.2711482651060144e-06
7741,0.2916425018056073,0.7705744094753653,4192,2.6617356964643957e-06
7742,0.24067823058292753,0.8098146456483439,4870,2.947431509234194e-06
7743,-0.7301643280026738,0.46532455082770774,4915,-7.140811965010547e-06
7744,0.6758411191069515,0.49916741254294394,6038,5.266096303134425e-06
7745,0.6619115762774812,0.5080606567512196,4656,7.766253840868777e-06
7746,-0.8782861220875834,0.37982382250671853,5969,-8.716910772527896e-06
7747,0.6802800542530879,0.49635504474128833,5647,7.720686516316736e-06
7748,-1.2009946938937976,0.22981235928046995,4814,-1.068591001831124e-05
7749,-1.997928476013009,0.04577602208055809,5240,-1.7192489652723506e-05
7750,-0.7887348231474028,0.4303046386263958,4970,-8.900228924271083e-06
7751,-0.5152196482134671,0.6064273168995395,4101,-6.239561226292066e-06
7752,1.2535362676231059,0.2100719801934341,4776,9.211579689903022e-06
7753,-0.9571845184526703,0.33851279824062064,5985,-9.77386150644741e-06
7754,1.7483658127539445,0.08047352027800092,4215,1.4708439583655321e-05
7755,-0.7603004359753631,0.4471107631041811,5016,-6.1242044873027605e-06
7756,0.2932747162860158,0.7693245720878261,4911,2.7999240237582487e-06
7757,1.0583027350758556,0.28996168731430894,5779,1.1850239689229197e-05
7758,-0.41081278287058287,0.6812305351128844,4250,-4.555959670621442e-06
7759,-0.5739536468058702,0.5660213064724231,5832,-3.2655137212238645e-06
7760,-1.0209029110747845,0.3073422342987684,5910,-9.240458561507273e-06
7761,1.2865228012878396,0.1983151325608672,5469,1.4958822268060042e-05
7762,-0.27235156498007007,0.7853647180619536,4324,-3.2118593561636142e-06
7763,-0.02227256105914437,0.9822314322854151,4962,-2.399300377037554e-07
7764,-0.2842115420719813,0.7762613880615272,4487,-3.7992352780577035e-06
7765,-0.45256643373140365,0.6508793307856919,5349,-4.7694529378932815e-06
7766,-0.24464467382029242,0.8067425463607993,4574,-2.128803097331536e-06
7767,-0.7154878834170934,0.47435061103018894,3887,-8.199224454710705e-06
7768,1.605163500113522,0.10851759750837897,5284,2.008858928596112e-05
7769,-2.1930244828772993,0.028351729524698888,4978,-2.5566419838875432e-05
7770,1.1778996729666809,0.23888207918200166,6165,1.211998631871624e-05
7771,0.8972925126818391,0.3695999212400205,5828,7.298660714293276e-06
7772,-1.4381349589942647,0.15045650343394645,5153,-1.548516456606142e-05
7773,-1.2880260719777326,0.19778717911178778,5927,-9.435951822191126e-06
7774,-0.9049152180522374,0.36555634398294723,4736,-1.0122285510813597e-05
7775,1.616259858834266,0.1060924618626915,5808,1.4283116311545409e-05
7776,-0.5543909194579335,0.5793319331721114,6021,-3.3687343013627777e-06
7777,-0.7143651172162474,0.47503325055709,5242,-6.566626489325091e-06
7778,-1.445519375600327,0.1483781081619837,4745,-1.070225456124817e-05
7779,-0.17904329735797755,0.8579118281372391,4466,-1.893342504003574e-06
7780,-0.7109025958229281,0.4771714647234635,6172,-7.488432605050597e-06
7781,-0.19884991072026,0.8423873557288466,5613,-2.0373916851807903e-06
7782,-0.642520438678864,0.5205598441982886,6008,-4.432025350785603e-06
7783,-1.1942461248819378,0.232435393180894,5277,-1.2716757097449666e-05
7784,1.061064446060629,0.2887115475790001,5032,1.1048130515103121e-05
7785,-0.16218136325825697,0.871168922435319,5567,-1.108937943579293e-06
7786,1.4531020798090786,0.14625161603127745,5584,9.392250883046487e-06
7787,-0.6055976598243716,0.5448110620363149,4723,-7.503613572288433e-06
7788,-0.09646268308402998,0.9231570471079626,4911,-7.74080121708093e-07
7789,1.7436647184489245,0.08128284211913339,4709,2.15606349760288e-05
7790,-0.6449409950029598,0.5189925307641281,5459,-6.78888370807694e-06
7791,-1.2263315744962884,0.22013112390926093,5049,-1.119534705333437e-05
7792,-0.8266117940250607,0.4085024572136917,4352,-1.0104155681112103e-05
7793,0.9347816070204755,0.34994066820705383,5671,9.30636959093999e-06
7794,0.6041680087648752,0.5457654085665982,4097,7.825720379595383e-06
7795,0.9908961502502698,0.32178732372629226,4699,1.1419956970575771e-05
7796,-0.6092754286015916,0.5423668617972075,5544,-5.692822823500768e-06
7797,-0.5882399169159527,0.5563963703918837,5293,-4.432289859092016e-06
7798,0.38715491596088314,0.6986600258351188,4454,3.5105924846861875e-06
7799,-0.05085112965723207,0.9594465928732043,4155,-5.923995173740057e-07
7800,1.423961556632607,0.15451927447744462,5060,1.0793821107110998e-05
7801,-0.9785675881081992,0.3278551013772075,3855,-1.3727481613490951e-05
7802,-1.4438496880683185,0.14886258513456085,3853,-1.8304720483352595e-05
7803,-1.2594877111982536,0.2079200445117444,4467,-1.2468945516852525e-05
7804,1.8977455587817085,0.05778749050113641,4972,2.1197699977639715e-05
7805,0.5254200482627738,0.5993169809099177,4523,6.354996899398911e-06
7806,-0.9323464495249552,0.35122218859189247,3481,-1.4338261205123443e-05
7807,-0.18337486097105066,0.8545118414650221,4682,-1.6680015428222854e-06
7808,-0.6478257852107068,0.5171257501347739,5291,-6.204561493003586e-06
7809,0.13737067480390128,0.8907434258971771,4925,1.494229447432858e-06
7810,0.06281126086038852,0.9499191208279911,5407,5.859431806303535e-07
7811,-0.2457913805133443,0.8058530039180736,5440,-2.2979575806264865e-06
7812,-0.272624801186464,0.7851534733432837,4760,-3.331638247544325e-06
7813,-0.4684238244748176,0.6395018033496587,5038,-3.7649798797117977e-06
7814,-0.5964392812652539,0.5509105487945449,4698,-6.179657543334383e-06
7815,1.2844751506739265,0.19902868639619342,5622,1.5115552497625202e-05
7816,-1.048982741809494,0.2942389512324435,4794,-8.051184637565338e-06
7817,0.8867252054026594,0.37527304938774586,4618,1.1042178237186837e-05
7818,-2.1996499606830753,0.027877572063940592,4976,-1.889573319114834e-05
7819,0.041013989201094156,0.9672861916192517,5655,4.61657328513024e-07
7820,-2.089532014791785,0.036711815439310236,4853,-2.1460436647022238e-05
7821,-1.3240165138329285,0.1855619609256911,4700,-1.3698616706304554e-05
7822,-0.6123232976662755,0.5403551644406348,4451,-5.764869106753318e-06
7823,0.38080920496160653,0.703364870524863,4037,3.916954871370613e-06
7824,1.0797643423547147,0.2802960823988847,5321,1.2360918813566226e-05
7825,-0.20051919639916777,0.8410823490068076,5227,-1.248531233197667e-06
7826,-0.19665154296309192,0.8441072583178002,5689,-1.2940011152910337e-06
7827,0.45968600457680703,0.6457620439283112,4893,6.0795116108866575e-06
7828,1.4311322372532447,0.15243999845964873,6555,1.368031499869939e-05
7829,-0.3786611931399737,0.7049560349840693,4855,-3.5840190161841533e-06
7830,-1.2956368543574914,0.19516286244368608,4806,-1.3681649873876142e-05
7831,-1.0278351381886461,0.3040721928413037,5549,-7.470304566948662e-06
7832,0.2764442651785295,0.7822176311876108,5306,3.3145729313098927e-06
7833,0.3841513884748898,0.7008830759119662,4854,4.877661944381582e-06
7834,1.3327639679132637,0.18266336046702691,5615,1.5650997275247054e-05
7835,0.39954039851732637,0.6895102321323541,5626,4.028833688442175e-06
7836,0.27461400208765746,0.7836261488972238,4253,2.284245588881e-06
7837,0.1484368415261502,0.8820030066491329,6011,8.911535771991808e-07
7838,-1.2261936276186136,0.22017937530475962,5392,-1.4435870815761595e-05
7839,0.7105659016870272,0.4773850299776772,5220,9.268244480870578e-06
7840,-1.1137944817702092,0.2654335588311938,4045,-1.5160448092141985e-05
7841,-0.37426490379843264,0.7082245211629843,4593,-3.9760541165169365e-06
7842,-0.6143431051651889,0.5390184554139976,4686,-6.163397288901253e-06
7843,0.40717578918957914,0.6838976281957552,4650,3.319275910212323e-06
7844,0.267258523876414,0.7892803589583726,5383,2.6056265305809324e-06
7845,-0.0845907150153592,0.9325899395172277,5362,-1.0413221373553467e-06
7846,0.2781691599763228,0.7808970892406837,3945,4.035988990335229e-06
7847,0.38202525159630835,0.7024603200769022,4591,4.478720716171468e-06
7848,-0.10530806016097397,0.9161355366047252,5067,-1.0471318611576942e-06
7849,-0.5324254133782027,0.5944512455683024,5958,-3.469625967515547e-06
7850,0.3442770865622023,0.7306520782934207,5112,4.046146628559967e-06
7851,-0.7834159189467016,0.43342359746638515,4561,-7.988914515099803e-06
7852,0.8809969808355774,0.37836193539961194,4985,7.825518284068002e-06
7853,0.0332801468451229,0.9734527527382997,4239,4.06537025525913e-07
7854,-1.0523626676719124,0.2926958797144139,4057,-1.0971781628163808e-05
7855,-0.3729295471679208,0.7092171604771926,4856,-2.9860107428812998e-06
7856,-0.7093727525156697,0.47813024780391244,4464,-8.10039672038402e-06
7857,0.674283033617087,0.5001590384069288,5638,6.5978366787041165e-06
7858,-0.903997670537098,0.3660452217191166,4483,-1.0283063976507024e-05
7859,0.6574430949658592,0.5109259296426476,5065,7.49563119279177e-06
7860,0.45597220326142157,0.6484363209521775,3758,4.59177701338769e-06
7861,-0.49399616290056964,0.6213315454971693,4790,-5.954417078123648e-06
7862,-0.16235371111185032,0.8710345264791441,4553,-2.005625635196919e-06
7863,-0.49930847136170897,0.6175845690781745,4887,-6.145534321876127e-06
7864,1.3199767582716069,0.1868966155111298,5613,1.4401822904272537e-05
7865,-0.9517067782686731,0.3412857476302471,5746,-8.536985014226534e-06
7866,0.10765882452144225,0.9142695978515487,6616,6.826020036850023e-07
7867,-0.06017334361268532,0.9520201277734208,4713,-5.447225769172049e-07
7868,0.23536623944409182,0.8139324902607532,6023,2.393825378731545e-06
7869,1.5087258782820911,0.1314242052439747,5708,1.4762511368580342e-05
7870,-0.4982673867998626,0.6183183068147893,4825,-4.037425262993637e-06
7871,-0.44202690716330867,0.6584888486707516,5002,-3.4728671981982435e-06
7872,0.09902961224431887,0.9211182573885552,5674,6.771267205049085e-07
7873,-0.2053910590676113,0.8372745334626914,5274,-2.3530011556980642e-06
7874,-0.5991583991179088,0.5490916816948901,5559,-5.805230793805523e-06
7875,1.407211810359277,0.159423777393489,5252,9.75350715943061e-06
7876,-0.2103940257627559,0.8333678438380776,5576,-2.3098752348351553e-06
7877,0.5722698496473568,0.5671668434464561,4650,7.319798358051497e-06
7878,0.5112498731636355,0.6092004996860059,4627,4.896109583832896e-06
7879,-0.31515840431163233,0.7526614097195345,3285,-4.752012909701212e-06
7880,0.10576736390773071,0.9157710601873554,5139,7.048038088525817e-07
7881,-0.23013546268767868,0.8179954192433501,5284,-2.705851031005693e-06
7882,1.0352204613119742,0.30061316943132255,5304,9.995817341840166e-06
7883,0.5331158341625215,0.5939761203736103,5215,6.44535157678682e-06
7884,0.847187841078723,0.3969321030448536,4866,1.1377479261454495e-05
7885,0.7623419899676439,0.4458873857625658,5715,7.410915379031983e-06
7886,0.17083402799362146,0.8643610620766451,5091,1.3910959632805866e-06
7887,-0.3316168997529398,0.7401932829270255,4720,-3.671512787573515e-06
7888,-1.3848634681769683,0.1661546654209325,5112,-1.2358363466179216e-05
7889,-0.24572354478383052,0.8059058390459191,5257,-2.8475553186359244e-06
7890,0.9759601249050638,0.32912476002456903,5825,6.003602976267821e-06
7891,-1.6308094583590544,0.10299416242587345,4950,-2.0022952877874684e-05
7892,-0.36758238350848166,0.713200473063921,4918,-3.2949488408348854e-06
7893,-1.5274173484800018,0.12672520614806926,4656,-1.291085988589044e-05
7894,0.41633937793076164,0.6771790888343667,5134,5.035461624503996e-06
7895,-0.07547033583934523,0.9398438513037104,4504,-1.0444574169856692e-06
7896,0.15259743968362494,0.8787226469147744,4461,1.7646415081838273e-06
7897,0.2861952889480441,0.7747408615083771,4817,3.615518106445088e-06
7898,-0.13590402591233489,0.8919014928313398,6304,-1.2378506540689476e-06
7899,-0.23810608062107186,0.811811803422668,3758,-2.868422724204177e-06
7900,-0.3833064843195729,0.7015104906421628,4538,-3.0789279104295424e-06
7901,-2.4867981829555577,0.01292243053399722,4970,-3.0441931683885574e-05
7902,0.7100786934964272,0.47768646683903726,5320,9.153453080754291e-06
7903,1.940489399316835,0.052363413809001225,6503,1.8317951840519832e-05
7904,-1.5903173616980646,0.11184571202125393,3836,-1.9480748686115853e-05
7905,-0.6966264668111468,0.48607079114946017,4735,-7.81076680114756e-06
7906,-0.7869532485134759,0.4313472706935926,4904,-8.443693793324683e-06
7907,0.42061396340256596,0.6740520996639865,5985,2.5554874910449414e-06
7908,-0.056248368378272955,0.9551462529389028,4880,-7.412193736179031e-07
7909,-0.9150859203843227,0.3601865551611285,5513,-9.052382434651891e-06
7910,0.6958821393523135,0.4865359594615979,4855,7.771677855182295e-06
7911,0.351298656831397,0.7253769342434211,5860,3.77288424092358e-06
7912,0.9878353902400256,0.32327656903224344,5521,1.1294707171876778e-05
7913,0.47306419159293045,0.6361892629957462,4720,5.2799925990560806e-06
7914,0.7984983593340181,0.4246232966296253,4521,8.92174732017023e-06
7915,1.046783912309765,0.29524248472809367,5853,1.030570682720958e-05
7916,0.598800370099275,0.5493331638599026,4997,7.221270234836352e-06
7917,-0.18199667574302414,0.8555934474147062,4548,-1.4318680402346484e-06
7918,-2.0168599339408075,0.043779224935328376,3862,-2.302708277321902e-05
7919,0.8546388577574127,0.3927836785880132,6287,7.503811918299176e-06
7920,-0.30297704345125076,0.7619179323594412,5960,-1.8757518555057577e-06
7921,0.9828354887351746,0.325731557296568,5512,9.998474940332874e-06
7922,1.257325699269802,0.20870406905933292,4297,1.0010617991352884e-05
7923,0.44808440463085397,0.6541083092027127,6058,2.9541651771960104e-06
7924,0.16330456593318635,0.8702860948594877,4427,1.5138299674589644e-06
7925,-1.2416970659355069,0.21440447488414627,5190,-1.2373852297967995e-05
7926,-0.5913296991717435,0.5543299727294473,4392,-7.081293237222644e-06
7927,1.129952716029084,0.2585430373543378,5781,1.2269945388774478e-05
7928,-0.15942181450034004,0.8733423521600665,5553,-1.6550565049042685e-06
7929,-0.25645175946595805,0.7976157633804157,3841,-3.241784131827442e-06
7930,-0.4551748002257931,0.6490029979714942,5066,-4.917775679409591e-06
7931,0.3019928121391984,0.7626718510198702,4390,3.4528376002461967e-06
7932,-0.9660413919382176,0.3340702848330219,4991,-8.03729848183994e-06
7933,0.8331134456396628,0.4048216488292593,4866,6.8011626476070625e-06
7934,0.39268026037949477,0.6945688095924054,6362,3.845254421362859e-06
7935,-0.4043951594987651,0.6859383246171458,5351,-4.014074619260177e-06
7936,-0.6093583715485758,0.5423145835563403,5006,-6.513139032165284e-06
7937,-0.4760066922898632,0.6340893981942481,5256,-5.068639716276167e-06
7938,-0.8929377099388099,0.37192729869418883,5845,-9.108826114387066e-06
7939,-0.4418852767983579,0.6585908115909911,5142,-3.256966636349581e-06
7940,-1.6320375355025998,0.10273078616849118,5319,-1.3061889240388123e-05
7941,1.0737271154887142,0.28299086710179644,5650,1.1323508733615e-05
7942,-0.6269351424397739,0.5307332468504495,4545,-4.620898275628903e-06
7943,-0.711892129195505,0.4765620474693222,5451,-7.90422177997814e-06
7944,1.613015968611087,0.10682789111164404,3634,2.1265418823498785e-05
7945,-0.6628734892164422,0.5074358173222229,6305,-5.873569017517008e-06
7946,-0.5033871835710972,0.6147112666147518,5780,-3.2069336898657993e-06
7947,1.0279663998012245,0.30401851000190283,4703,1.3216448000952928e-05
7948,1.2969349617015524,0.19471001187031156,5302,1.2901289775269032e-05
7949,-1.1621562753038985,0.24522418349859865,5315,-1.0165620759463198e-05
7950,0.2739064359233177,0.7841668525828362,5479,1.8320930502312853e-06
7951,0.3727096789616809,0.709378833731888,5524,4.462335248364512e-06
7952,0.15977618134368218,0.8730625415408366,6262,1.5798120815593905e-06
7953,-1.0654239348206003,0.2867285104826336,5797,-5.730370853427297e-06
7954,0.5639694650280787,0.5727982473888424,5421,6.58837227935211e-06
7955,0.4747089859380496,0.6350127790339983,5645,3.591801063612544e-06
7956,1.120861481170933,0.26239361459804966,5754,1.0103883754697242e-05
7957,-0.5286297653708153,0.597086367758612,4877,-6.027472759240318e-06
7958,0.008457208047562103,0.9932526301769289,3966,9.560955001146168e-08
7959,1.3042578536455989,0.19222919930718496,3595,1.3843663031046995e-05
7960,1.0496296910593148,0.29393986117963444,4930,8.325471693858297e-06
7961,-0.9617162929853497,0.3362334228339505,5633,-8.508273006334203e-06
7962,0.5205542111725295,0.602694805042447,6605,5.048923874857539e-06
7963,-0.6475903259291325,0.5172842884569513,4331,-6.161902911254701e-06
7964,-1.2395588229032168,0.21519961243855246,4770,-1.2161732758339924e-05
7965,0.050044096758433625,0.9600898069500232,3907,4.6050857336049537e-07
7966,1.2945572167922699,0.19552935275196237,5307,1.6129598251446806e-05
7967,0.481987064630204,0.6298353774825864,5212,4.3176402900670115e-06
7968,-2.0459610623095785,0.040809211734231576,5327,-1.628058058739962e-05
7969,0.6299315303272968,0.5287639764803598,5853,6.1803091265373e-06
7970,-1.8188316542902434,0.06899771005476585,4935,-1.6405972286950953e-05
7971,0.6412425615301168,0.5213952084821925,4882,7.249743182553342e-06
7972,-1.1709832311722637,0.24166900109743694,4396,-1.1137502841420006e-05
7973,0.5505952945120175,0.5819359363528838,4960,6.332370034368591e-06
7974,0.5371538611612607,0.5911842422480538,5219,5.887062004368806e-06
7975,-1.7191415134999821,0.08565651822718734,4558,-1.727241307671423e-05
7976,0.6075824959154572,0.5434985451082677,4043,6.026146498844915e-06
7977,1.024616867146362,0.3055838677641167,6218,9.745779329854142e-06
7978,0.004796802161041472,0.9961729030986455,5235,4.9671326124710176e-08
7979,-0.7917095370207361,0.4285651007596596,5360,-6.434683223804219e-06
7980,-0.1140212854839385,0.9092249358707434,5701,-1.1230276081888888e-06
7981,0.2753368235771498,0.7830694572696872,4749,2.3161754972741027e-06
7982,-1.191410556369803,0.23354867499179055,5030,-1.193681050270507e-05
7983,0.19493814569621637,0.8454486068653742,5474,1.2954356876538437e-06
7984,-0.16673102859662634,0.8675888546520738,4706,-1.3464456380725572e-06
7985,-0.7300937961118785,0.46536856417762396,4790,-7.3850935373460794e-06
7986,-1.9673287571103968,0.04920489520111859,4634,-2.115372521897768e-05
7987,0.3280446852448941,0.7428899126651007,5707,3.645137307303062e-06
7988,-0.3579216134806147,0.7204166753297292,5140,-3.604182381145938e-06
7989,-0.8282685189515769,0.4075568137854497,5153,-8.853972627279303e-06
7990,-0.037193144751621776,0.9703328042515591,4126,-3.442572293243647e-07
7991,-1.0542638993081452,0.2918108876283054,5223,-1.240813178632924e-05
7992,0.8769119842203811,0.3805808648194524,4539,1.198380155750104e-05
7993,-0.18930087059962988,0.8498646827428658,5010,-2.2515650063449877e-06
7994,0.8752550526243605,0.3814754532746836,5216,8.559517879656136e-06
7995,1.2808427526556851,0.20030215522008743,5579,8.23070768843784e-06
7996,-1.4403975080306115,0.14981216922184615,5474,-1.308092521550137e-05
7997,-0.2683709232468432,0.788424945650388,4976,-3.5526226104960942e-06
7998,-0.05387693624593702,0.9570350400045946,5889,-5.599451670407789e-07
7999,-0.5127178238750261,0.6081785604399039,3796,-6.720844858352777e-06
8000,-0.36894340632921296,0.7121907426262477,3750,-5.417125576912386e-06
8001,-0.13197223983735482,0.8950121953521648,4466,-1.618659457387818e-06
8002,1.024014276654432,0.305882029712677,4631,9.344335780450952e-06
8003,-0.781116613716718,0.43476940889368976,5210,-8.090422138158297e-06
8004,1.7707178506890873,0.07666254166491249,5548,2.0179521240979623e-05
8005,-0.08609978299424795,0.9313901556521573,5635,-9.91771488200083e-07
8006,-0.40457741552308474,0.6858079900263734,4365,-5.0831981415061935e-06
8007,-1.256247266178023,0.20907554030224973,5965,-7.343077230231448e-06
8008,-0.8177411575924216,0.41354080457460096,5443,-5.768554626347112e-06
8009,-2.612624355691754,0.009010337742378027,5307,-2.9578585136571514e-05
8010,-0.8466231870586867,0.39723822399748765,6133,-7.373831680905419e-06
8011,1.9397305726139478,0.05250018120794819,3202,2.718333814868228e-05
8012,1.8938828595951056,0.05832224392771046,3531,2.61489087891383e-05
8013,-0.7430035340535619,0.4575071050671413,6333,-5.491064070156411e-06
8014,0.041508583485995856,0.9668927297914118,3636,5.11803840898e-07
8015,-0.922865763901639,0.3561260550314609,4555,-9.226139692178577e-06
8016,-0.18102140425145674,0.8563572079615422,5704,-1.2522048288692297e-06
8017,0.5483269730355926,0.5834871200896532,6211,5.605001194185859e-06
8018,-0.7670894954144648,0.4430679853745676,4565,-1.0280801345621399e-05
8019,0.20863750526067767,0.8347406768435652,4499,1.9965797743715702e-06
8020,0.18499681253287037,0.8532396454436357,4627,1.767925335911706e-06
8021,0.9968301688331801,0.3188920006262823,5355,1.1883962162813703e-05
8022,-1.038785495543931,0.29896208521870626,4363,-1.1120753813949577e-05
8023,1.3599468366889964,0.1738941914155745,6463,1.2362145227467042e-05
8024,0.6324050826584285,0.5271481249670118,5581,6.595769260129245e-06
8025,-0.5334254504614543,0.5937636991569168,4821,-6.2428426705239345e-06
8026,-0.528767252453969,0.596994323124358,4283,-6.601003751567997e-06
8027,-0.5735584336517687,0.566290144485055,5490,-6.515685032896854e-06
8028,-1.0332010764923012,0.30155441005016437,5603,-7.049103137531232e-06
8029,-1.4331086489777023,0.15189374427964886,4670,-1.7173239074541722e-05
8030,0.05949255788529694,0.9525619574794328,5493,4.6346668658920655e-07
8031,-0.8446396891172031,0.3983426808824402,6596,-7.834516519524e-06
8032,-0.5477059686861186,0.5839138754745075,6094,-4.943730073726358e-06
8033,-0.11369569579995278,0.9094831281495708,5563,-8.453095467904863e-07
8034,1.4048282351053527,0.16013013712610502,5377,1.6562564108090248e-05
8035,1.2811939386232396,0.2001753176714849,5971,1.3692512781368847e-05
8036,-0.14982333280035975,0.8809097205017948,5283,-1.306671142641811e-06
8037,-0.9916857059439429,0.3214087936390957,4143,-1.239835362242559e-05
8038,-1.1271926802711574,0.25971574967679567,4943,-1.232895887397756e-05
8039,-0.516326359933402,0.6056502781930848,4800,-4.367995135030708e-06
8040,-1.388565002134383,0.1650280137483784,4914,-1.667255653421097e-05
8041,0.9836078838958379,0.32535101570520175,5578,1.1503154137997184e-05
8042,-0.12096728802520189,0.9037216163123531,5204,-1.3435427888426266e-06
8043,-1.1084070125552459,0.2677337213285389,5596,-7.427976088663613e-06
8044,-0.9216793666181633,0.3567396408216146,5078,-6.720555536741843e-06
8045,-1.637224488967986,0.10164216539705029,5371,-1.441966597688944e-05
8046,0.49636746553795635,0.6196652375814331,3630,4.971767428889923e-06
8047,1.447883248363505,0.14770616010728888,5554,1.7001297120397105e-05
8048,1.1804682299987475,0.23786280941021487,5758,1.269266804678267e-05
8049,-1.2108334122437876,0.22600835620939397,5829,-8.955637926253917e-06
8050,1.4590068697219898,0.1446439356350364,3892,1.5348593374919766e-05
8051,-0.18036538845400518,0.8568730459700509,4993,-2.2852005667558955e-06
8052,-0.0500918989677819,0.9600513141768934,4635,-3.721515772085269e-07
8053,-0.0832539554033574,0.9336522891549337,6224,-8.552184778080202e-07
8054,0.29699972242742934,0.7664802812280402,4550,3.0168324341895433e-06
8055,0.9917508585063882,0.3213667890599927,5030,7.01499926968422e-06
8056,0.41128110013988006,0.6808817276916597,5761,4.369694835824312e-06
8057,1.0856456395920437,0.2777020836439321,3949,1.2745591919883306e-05
8058,0.37813208136675525,0.7053483075749893,5071,3.2004893158534374e-06
8059,0.776482091223286,0.43751553094749784,3592,8.74983444620932e-06
8060,-0.7314600066883538,0.4645371060255019,4409,-9.265297581229454e-06
8061,-1.8904720468076008,0.058761816469048433,4315,-1.8965465001013164e-05
8062,-0.9880240127396919,0.323188046176875,5070,-7.489677790117009e-06
8063,1.0485449304023866,0.29443541542327845,5302,1.2293563071384817e-05
8064,-0.09168294606491495,0.9269531273126248,5776,-5.525784892429523e-07
8065,1.0767540252411334,0.2816762316857766,3019,1.4064001224673391e-05
8066,0.39826562289951434,0.6904555794409335,4015,5.5862605824656205e-06
8067,1.0079526919886914,0.3135274677375124,4850,9.527911802696211e-06
8068,-0.5045707964475211,0.6138812507869122,5314,-4.8000585892011394e-06
8069,0.5926044557883859,0.5534753714954368,4547,6.830742325662303e-06
8070,1.2966265970867599,0.1948105949914125,5879,1.3981442488453605e-05
8071,-1.6822533686409968,0.09259033801667593,4422,-2.2454302810005232e-05
8072,0.20931752994610014,0.8342111976206388,3938,2.967562720088228e-06
8073,-0.4796252244269784,0.6315118675700355,5841,-4.9181976356485085e-06
8074,-0.37705113464716117,0.7061504618752497,5386,-4.573237010485358e-06
8075,1.2242203462546695,0.22091561696790674,6203,1.2481249360633331e-05
8076,-1.1483041983748625,0.25090535995296936,4406,-1.2550319445859752e-05
8077,0.5647732966473131,0.5722534152536087,4980,4.226010565961532e-06
8078,0.008975408433489358,0.9928391088363897,5080,9.868340344278239e-08
8079,1.830005506233859,0.06730730450465905,5114,2.1389679723775097e-05
8080,-1.307704788199551,0.19104518642001977,4192,-1.2108666708181403e-05
8081,-0.6129278896053063,0.5399499581296023,5375,-4.841656328260083e-06
8082,0.39775697503513896,0.6908255129817751,5249,4.4631413379838305e-06
8083,-0.5604485947368393,0.575196645307035,5424,-6.7143179157926925e-06
8084,-0.2790840176122827,0.780191794329179,5043,-2.838801765819469e-06
8085,-0.6100828264500641,0.5418362132208605,4737,-4.5444104709356615e-06
8086,-0.20215579000512734,0.8398027533830703,5260,-2.116759215598936e-06
8087,0.5053900592372746,0.613308714473999,4678,3.6523123573632255e-06
8088,-1.906058248489775,0.056688270671356955,6279,-1.5829390830608244e-05
8089,-0.6316323372967756,0.5276533587022199,5510,-6.228948121650422e-06
8090,-0.23158779639360363,0.8168722764094136,3364,-2.721954540521606e-06
8091,-0.5211407423700964,0.6022939429004546,4578,-6.363667702840104e-06
8092,-0.32316518873172195,0.7465824733403492,5481,-3.6939204145044196e-06
8093,-0.1818718345287699,0.8556920189978026,4233,-2.216264416541064e-06
8094,-1.556654502728373,0.11963667439586301,3762,-1.754948139797289e-05
8095,0.7420631367331073,0.458084093106252,4979,8.6514586395996e-06
8096,0.9781023484961352,0.3280663764689067,5546,1.1120273474374346e-05
8097,-1.2491725318407023,0.21167295893595073,4120,-1.377540645574662e-05
8098,1.671803335414438,0.09463838817967618,4157,1.490692049883602e-05
8099,0.12387214559470493,0.9014206819965804,5965,1.307847818423515e-06
8100,2.274979593080631,0.02294691270941618,5302,2.4983495407395717e-05
8101,0.25217141437755203,0.8009177788692412,5630,2.7117064457651107e-06
8102,-0.5110582954941519,0.6093352037405666,4520,-4.707542624838789e-06
8103,0.6440412479376755,0.5195740442976271,5826,4.473342215327758e-06
8104,-0.17622496597302853,0.860125043451762,4555,-2.229930614994446e-06
8105,-0.6716085359763139,0.5018597555123532,5787,-6.898933421955705e-06
8106,-0.5344338356614221,0.5930634449768044,5394,-5.909304935486945e-06
8107,0.46002643311183994,0.6455145331650676,5787,4.368053574850105e-06
8108,-0.5221493247888837,0.6015905058634474,4792,-6.793238743460541e-06
8109,-0.09014382636566677,0.9281776214426898,3843,-9.631774035618067e-07
8110,-1.1132818794512847,0.265640060621829,5081,-1.3743408340300338e-05
8111,0.11804350922901968,0.9060375820055546,5391,1.4160634555507755e-06
8112,-1.6618727676984206,0.09660445529708683,4738,-1.935070566016651e-05
8113,-0.3858972965472349,0.6995870368600112,5740,-3.679528501281798e-06
8114,1.012735895924879,0.311236219323632,4912,8.109180880657525e-06
8115,-0.5310284010706,0.5954242385069142,4692,-4.977443332448963e-06
8116,-0.059751659565302484,0.9523554946554338,5775,-6.18292415935292e-07
8117,-0.764436849511418,0.44464585423311886,4638,-6.319181067752711e-06
8118,-1.4451089510359716,0.1484879385580351,5167,-1.488244620566774e-05
8119,-1.93544291293984,0.052985176052746885,5723,-1.7221341885235623e-05
8120,-0.4694151844899717,0.6387952181009351,4586,-4.386167046189308e-06
8121,-0.12704496798001536,0.8989092383324793,5766,-1.4145298204830607e-06
8122,-0.8775161236348842,0.380248695916408,4981,-9.86539453465845e-06
8123,1.0311205242733525,0.3025330371293362,5118,1.3678305776850926e-05
8124,-0.2947690032882926,0.7681834322340495,4677,-2.2186157994830058e-06
8125,-0.08969378401449893,0.9285348528755515,4181,-1.2544415504263671e-06
8126,0.9265577582380421,0.35420122200039406,4967,1.1332938537314783e-05
8127,0.07761011180273586,0.9381420542907268,4028,8.045398096885268e-07
8128,0.3075911974809676,0.7584056621552715,5233,3.181373962150577e-06
8129,0.7651723774989161,0.44420693656538157,4749,5.752252730744059e-06
8130,0.8578303271078849,0.39103136371390734,4549,7.470025472554143e-06
8131,-0.014070155094794541,0.9887745886507997,4859,-1.3951523147357893e-07
8132,-0.20014563571400393,0.8413759792317737,4379,-1.993969049171877e-06
8133,0.4438274846066011,0.6571835585249111,5913,4.185950560134136e-06
8134,0.475182309310861,0.6346780051955481,4950,5.744509764427198e-06
8135,-0.8797223878229355,0.37904714586404253,5649,-6.658509958868064e-06
8136,-1.0040741187434452,0.31540045800277894,4221,-1.1298787304814366e-05
8137,0.11720068652411768,0.9067055197496652,5235,1.2418855515331339e-06
8138,-0.3733854912661996,0.7088794952276367,4413,-4.07303234540582e-06
8139,-1.4638989739639048,0.14328129895977848,5262,-1.2263562677702611e-05
8140,-1.388443500381033,0.165064299472355,4968,-1.6037077136965407e-05
8141,-0.02767274228895582,0.977924146247761,5622,-3.0368752111225293e-07
8142,0.5395858583135682,0.5895050852802179,5361,6.583920180358816e-06
8143,0.10008709823055087,0.9202793474300355,4813,8.009736813574691e-07
8144,-0.5235339449750112,0.6006260537310117,4976,-4.2647466709722084e-06
8145,-0.2972987080060714,0.7662498027840028,5449,-2.0924383746404816e-06
8146,1.0011570405464754,0.31679653712732425,5308,1.2110544485125578e-05
8147,0.9612595756138232,0.33646370357026045,5530,1.0652112344458312e-05
8148,-0.7370125622618545,0.4611466465281333,5415,-7.357541628422278e-06
8149,1.7101057271199696,0.08731178081027458,4740,2.2287554262552408e-05
8150,-0.2123331423943325,0.8318558309615796,4981,-2.287309659928523e-06
8151,-1.0945840528635364,0.27375679393726915,4555,-9.855310325564683e-06
8152,-0.6412677804758117,0.5213859426688998,3949,-6.126664626957783e-06
8153,-0.2882354850529725,0.7731791115045414,4733,-3.27839833310094e-06
8154,0.34097947103011034,0.7331339104618892,4817,4.235304018886582e-06
8155,-1.0030825897948454,0.31587726015341744,4316,-1.1090113174337586e-05
8156,-1.4875321991720025,0.13693426984899304,5259,-1.6424360571140112e-05
8157,0.10615703699738385,0.9154617875012963,5285,1.1240262674981844e-06
8158,0.6258798200998424,0.5314197095032136,5508,7.25266948046851e-06
8159,0.6952763132459885,0.4869137456210497,5115,7.91418821219383e-06
8160,1.0163933156355383,0.3094871627580864,5461,1.1729250341330208e-05
8161,0.25175763598898987,0.8012403438486264,4334,2.362309454165604e-06
8162,-0.5159041332178229,0.6059433989800915,5178,-5.783908470867809e-06
8163,0.05679398463980327,0.9547112846199328,5735,3.728947232773238e-07
8164,0.443735322866917,0.657253216777508,4985,3.959850729912651e-06
8165,0.4844967826262657,0.62805251116488,5538,5.75107784933853e-06
8166,-0.20530203726443513,0.8373474308478888,3706,-2.3925568535915325e-06
8167,-0.739177604493121,0.4598353251405971,4798,-9.419535235470142e-06
8168,0.2917700075000622,0.7704827734910222,2983,3.835955814057061e-06
8169,-1.1593134284070983,0.24638211476239036,5159,-1.1176141360888813e-05
8170,0.7737149570887824,0.43913748388253504,4800,8.604078136439592e-06
8171,-1.7126986118363103,0.08682569556679431,5374,-1.8209357802707203e-05
8172,-0.20368581667315186,0.8386069133381182,5256,-1.78669800119051e-06
8173,0.6625038225332782,0.5076758461461224,5561,7.584735379234413e-06
8174,-1.0818126882663768,0.27939900467179535,4126,-1.3537003712866438e-05
8175,-0.5748590502125074,0.5654120685692474,5084,-3.820104635673822e-06
8176,-0.6017246999621665,0.5473922744909356,3913,-7.0703190605037195e-06
8177,-0.4126322778982497,0.679893444933545,5086,-4.660611762488789e-06
8178,-1.6115224161913888,0.10713719130795374,4428,-1.6763666860238425e-05
8179,-0.16999263929632408,0.86502476521115,3891,-1.7550412997250834e-06
8180,1.1314261322296155,0.2579351061455122,4574,1.4866311694511242e-05
8181,0.9979238896721022,0.31835570124411694,6124,9.84123274803727e-06
8182,-0.9594533993052791,0.3373745176274925,5257,-9.372564553579916e-06
8183,-0.302766989663871,0.7620813310496173,4535,-3.4297054955425014e-06
8184,-0.9198507190093778,0.35770053291513504,4460,-1.2976512501786322e-05
8185,-2.7709530397324063,0.005613890372959451,4193,-2.6966291524759305e-05
8186,0.5961247206028762,0.5511130623840255,6380,5.715358836520881e-06
8187,-0.5448495792875978,0.585878734922743,5585,-6.307784810463919e-06
8188,0.4848575725745401,0.6277990185409654,4909,3.6794130857565705e-06
8189,-0.6582804970633298,0.5103824764816451,6169,-5.85799752532033e-06
8190,-2.491738684543786,0.012744658362259687,4917,-2.2429660522652343e-05
8191,0.7259814212100244,0.467877661200363,6179,7.84315504795586e-06
8192,-1.5243162389076688,0.1274922637546232,5058,-1.2166190892983046e-05
8193,0.1276460983790646,0.8984338645611518,5330,1.0969865382049412e-06
8194,-0.15000961894640222,0.8807632079302159,4895,-1.3471777579226453e-06
8195,0.9399476447301566,0.3472957567862349,4423,9.80700941551757e-06
8196,-0.439444160232934,0.6603554529936932,6042,-4.000586602174334e-06
8197,1.9981509686840602,0.04576706130399133,4050,1.977070273078005e-05
8198,-0.1674587777586979,0.8670167063648964,4441,-1.4938335226676966e-06
8199,-0.8440501932857072,0.39868407035737574,4728,-1.1157632842204406e-05
8200,-1.1966955529868504,0.2314844048384992,4796,-1.606459772347305e-05
8201,-0.19791519235597113,0.8431195723941238,4934,-1.8298415743052252e-06
8202,-1.6732946761093537,0.09432826899490099,5305,-1.9330054025817277e-05
8203,-0.6529566521760971,0.5138131130908477,5197,-6.850494177614047e-06
8204,0.055987028869067965,0.9553545257777896,4690,7.255010391940332e-07
8205,-1.7714907541683347,0.07655674794031375,3924,-2.102686627622169e-05
8206,0.6442684456225289,0.519431487162644,4908,6.620102855142196e-06
8207,-1.3234998157993705,0.18571823904534335,6173,-1.3136840097233526e-05
8208,-1.2705512865930713,0.20394843864478363,4918,-1.4085286473993207e-05
8209,-0.02430348248822013,0.98061151952842,4928,-2.8192377505529236e-07
8210,-0.6351655421239183,0.5253528707708908,4484,-7.832849955875263e-06
8211,-0.030659566810586417,0.9755422543555174,5027,-3.3383599337511743e-07
8212,-1.1233327575085212,0.2613457306156073,5445,-9.34737421639565e-06
8213,1.3488079600218894,0.17744988513366966,5963,7.5381813753367845e-06
8214,-0.2181601524728355,0.8273130508176001,5106,-2.712253671619368e-06
8215,-0.5745058056241618,0.5656501880791716,5251,-5.937728136656514e-06
8216,0.23987164872191344,0.8104393160551993,5146,1.789013597548196e-06
8217,-1.3541756061980543,0.17573528421651807,5572,-1.4681841732427903e-05
8218,-0.35427911747769025,0.7231443512359004,5105,-4.033178817383925e-06
8219,0.6286810171960215,0.5295817720634184,6018,6.413959679494367e-06
8220,0.4236786600550084,0.6718207681839203,4427,4.246327195961318e-06
8221,0.2374882920359988,0.8122866640001554,5617,2.7183704560668937e-06
8222,0.013476238156575917,0.9892483053917809,5816,1.3425331740091506e-07
8223,-0.9418493004760609,0.34631190882943175,5404,-9.2663309151321e-06
8224,-1.6153875168020075,0.10628549294115297,5376,-1.6136766676302897e-05
8225,0.3943609061653776,0.6933306693301238,5235,4.288453669891098e-06
8226,-1.5009983696231084,0.1334287281289961,4341,-1.608578308040389e-05
8227,-0.2419723548448717,0.8088108690827269,5345,-1.6783042967474136e-06
8228,-0.4414248872166263,0.6589247402507035,4943,-5.234688417234638e-06
8229,1.428164315253492,0.15331161254232972,4659,1.7857707582489538e-05
8230,-0.9127266650179293,0.36143307110897416,4707,-9.369252822087765e-06
8231,-1.1131926019581557,0.26569017689581553,4152,-1.318614886853909e-05
8232,0.6159007674334249,0.5379834913106731,5972,6.352400293325553e-06
8233,-2.5186837924829257,0.011813985867600296,4481,-2.3419993557569873e-05
8234,1.653738228133042,0.098242050116637,5118,1.7934453062242397e-05
8235,-1.0004814314613957,0.31712005633191565,5700,-7.99245233209554e-06
8236,-0.22000571315239567,0.8258755680329042,5068,-1.5818986959133023e-06
8237,-0.15977632742623318,0.8730651142282646,4116,-1.9287973234918566e-06
8238,-0.5317511410377594,0.5949245568626467,4511,-4.684742121719491e-06
8239,-1.4150895621191832,0.15709901814032157,5485,-1.1238626319220777e-05
8240,1.2130719780361552,0.2251555808300545,5379,1.4311418816643205e-05
8241,-0.8444387380903661,0.39846828326468575,4592,-9.242440126791894e-06
8242,-0.8729021393496595,0.38276616739774405,4214,-1.0042219801628206e-05
8243,-0.7815973268017306,0.43448236770261484,5949,-7.403899712884785e-06
8244,-0.04593651404749351,0.9633626233341555,5176,-4.335296038586785e-07
8245,-1.084798869052012,0.2780685510121854,4525,-1.316956137139321e-05
8246,0.053532635796212355,0.9573098872798969,4534,6.52888500596743e-07
8247,-0.1947951145273382,0.8455597172623244,6213,-1.987720999884309e-06
8248,0.17775292076626686,0.858923315304752,5722,1.4620436510368277e-06
8249,0.7620497257558452,0.44606216961557843,5645,8.507522182354878e-06
8250,1.7617730271008256,0.07816093502872334,5735,1.9647469900861003e-05
8251,-0.0008044603980291483,0.9993581693313551,4484,-1.003368447739367e-08
8252,-1.4869836563895087,0.1370736638785497,5782,-1.3179684668671515e-05
8253,-0.28940340730988356,0.7722890753262504,3662,-4.244368458225844e-06
8254,-1.574007659030282,0.11556943310228207,3778,-1.7741436734488518e-05
8255,-0.22280001839746008,0.8237009183783954,4661,-2.0409164124324536e-06
8256,0.0906805272201279,0.9277508778609347,4097,8.690577546452601e-07
8257,0.9712049957873264,0.33149433096480196,4882,1.2535950194429284e-05
8258,-1.3659507603005514,0.172035551772463,3787,-1.547386423831393e-05
8259,0.1409886566474457,0.8878860385968346,3981,1.534020801611802e-06
8260,0.23440725913743174,0.8146800228227631,4286,1.7245959881989378e-06
8261,-0.37398580520492386,0.7084272252223438,6422,-3.5323602960188493e-06
8262,-0.8644610879189779,0.3873837931448554,4220,-1.1127394787771646e-05
8263,1.2317461989897747,0.21810843970276061,4489,1.3619578299580721e-05
8264,-0.8103576973508297,0.4177745720510573,4828,-1.0270856787973834e-05
8265,-1.6527269322562852,0.09844608587108805,5265,-1.826785630544532e-05
8266,0.6309501620447143,0.528098276787679,5731,7.168585083218249e-06
8267,-0.035604374734952926,0.9715990329026762,5860,-3.8559501452539334e-07
8268,-0.40024747312277,0.6889912828021845,5021,-4.511818765005039e-06
8269,0.5001273784682493,0.6170086997604511,4722,3.6790857744076773e-06
8270,-0.6892898184300762,0.49067876515606734,4225,-1.0324961123148479e-05
8271,-1.372329305213762,0.17003561592993077,4123,-1.673148541971754e-05
8272,1.1078100916175402,0.26800482434409467,4370,1.012518460586854e-05
8273,0.5146231560375335,0.6068382816480209,5194,6.509856999245524e-06
8274,0.7066025882325775,0.4798455276679314,5138,7.80417610087358e-06
8275,-1.2801873477679386,0.2005452413347506,4501,-1.0529628949018496e-05
8276,0.9623715250117444,0.33593051609046354,3448,1.1747547326463365e-05
8277,0.5846244369390194,0.558826062369616,5115,4.24686427815786e-06
8278,1.1453508424946737,0.25211545088928333,5313,1.3982529487780135e-05
8279,-2.1892030168631162,0.028619857979298224,6100,-1.9239932219795152e-05
8280,-0.47638255483015757,0.6338253126340192,4439,-5.4288244415613555e-06
8281,-0.937090303048287,0.34874962576028823,6033,-5.839205723423201e-06
8282,-2.421886843062417,0.015488905569050582,3626,-2.9193837102344144e-05
8283,-1.1944193697339756,0.23235722748313048,6549,-9.476531839011979e-06
8284,-1.5180192807920492,0.12906098067146043,6146,-1.2871427828505422e-05
8285,-0.5778883545815672,0.5633643011758265,5247,-6.8109885920238e-06
8286,0.8499264250717659,0.3954007750048456,5851,8.743403337361642e-06
8287,0.3625556680140156,0.7169518638883521,5098,4.6428941864135595e-06
8288,-0.16625880180860927,0.867959746252787,5204,-1.6454368631441048e-06
8289,-2.884804540889817,0.003933054955394866,5079,-2.857518042228979e-05
8290,0.3126977836841413,0.7545208715894991,6157,2.79100192444704e-06
8291,0.18184608077871353,0.8557128415471917,3955,2.0480011959900595e-06
8292,-0.29723576307459204,0.7662975015419107,5623,-3.368009459735602e-06
8293,0.011311510438325368,0.9909754292612887,4371,1.3671767928670204e-07
8294,-0.03711090996260156,0.9703979736726518,5290,-2.35544004061399e-07
8295,0.2080057611704075,0.835231787395391,5789,2.1565732760942907e-06
8296,0.6101342026640219,0.5418036930761843,4505,5.315605523554033e-06
8297,1.2354404103162187,0.21672745872483823,4773,1.5131643325569924e-05
8298,-0.42600519121880426,0.6701223128244242,5025,-3.850019026210167e-06
8299,-0.16720992654605044,0.8672117473207128,4920,-1.799858595251839e-06
8300,-0.06060622925521703,0.9516748983762566,5807,-4.4128554100264404e-07
8301,-0.8400292973314711,0.400937789071224,4383,-9.654789344504925e-06
8302,-2.2850062483539015,0.02235731747312797,4648,-1.847523419355987e-05
8303,1.059262870286768,0.28952137102932163,6197,1.0410708014103656e-05
8304,0.7987649148392186,0.4244797987622517,3576,1.0525866522311185e-05
8305,0.6571169117126745,0.5111354967888984,5084,8.052281007752546e-06
8306,0.1966144260117218,0.8441361503700067,5817,2.1818439851253653e-06
8307,-0.018571190454422272,0.9851839497829249,4849,-1.2373704826148927e-07
8308,0.5704667489723433,0.5683880327377726,4772,5.378411754567006e-06
8309,-0.6451999699738028,0.5188242181008427,5563,-5.503980461371069e-06
8310,-0.184682772731223,0.8534845383165948,5608,-1.6719655158233683e-06
8311,-0.423689394582446,0.6718175368958117,3619,-5.254290398682859e-06
8312,-0.046937460096668895,0.9625648794586139,5187,-3.9207492458597634e-07
8313,-0.08420004810792397,0.9329014324035962,4160,-7.625492843189931e-07
8314,-0.7129489066802949,0.4759147233506802,4455,-6.391368953131845e-06
8315,0.2200418823055176,0.8258467900825603,5443,1.6024358611085573e-06
8316,0.2646252457384891,0.7913073435257476,5946,2.7517065056090726e-06
8317,-0.005586475914876488,0.995542865558436,5430,-6.382436414808163e-08
8318,0.4380129847766424,0.6613932074456961,5792,4.8930048273306565e-06
8319,1.0435556933002241,0.29673897639811675,5259,8.173904779554593e-06
8320,-0.49090063245943866,0.623522249653055,4222,-6.5478653844124214e-06
8321,1.2864704308151125,0.19833634718297266,5188,1.5373752033211576e-05
8322,1.2851477697081821,0.19880112066141953,4923,1.616530691099084e-05
8323,-0.1641031868386939,0.8696575582730768,4339,-1.9888644742387432e-06
8324,-0.20279494375756238,0.8393029319948369,5414,-1.8964179678780204e-06
8325,-0.523110584109211,0.6009228123963748,4544,-5.089716332329221e-06
8326,0.29536812818021785,0.7677242239598536,5312,3.3537984932214702e-06
8327,1.351862860439439,0.17647976936555065,5048,1.7082772145525626e-05
8328,0.88294313808358,0.3773103353865346,4898,9.83868754407639e-06
8329,-0.8428654754181348,0.3993389324951233,5720,-8.063698382523643e-06
8330,-0.3781077448246779,0.7053696724688887,4199,-4.385151744004997e-06
8331,-1.3340363836310245,0.18224756156771926,5462,-1.3171013123858703e-05
8332,-0.7289571993167512,0.4660807764638417,3226,-9.325168630267339e-06
8333,-0.1422184227058414,0.8869141744513684,4281,-1.8254730140931777e-06
8334,-0.2591943280320706,0.795494237786947,5975,-2.4083010067521233e-06
8335,-0.05794335615617491,0.9537956328108719,6143,-3.858144673318475e-07
8336,0.16231795924732378,0.8710624877618844,4676,1.3908076998860307e-06
8337,-0.40547480611832154,0.6851468070458129,4748,-5.331933705383254e-06
8338,1.0098293300562275,0.31262377266844643,5232,1.2733142593502374e-05
8339,0.5723341864922606,0.5671158804862353,6343,5.4831064055879335e-06
8340,1.5440668373879458,0.12262868661903248,5597,1.1312846314413418e-05
8341,-1.6905864503409767,0.09098241929318474,4680,-1.8267884745262255e-05
8342,-0.21756464473658382,0.8277776591676727,4761,-2.7033162963276174e-06
8343,-1.2598242042929417,0.20779793030756566,4514,-1.65774407132418e-05
8344,-0.3161385532047037,0.7519098412332295,5281,-2.5152953366183945e-06
8345,-1.0825729002019786,0.2790437789332465,5708,-1.0695177462529062e-05
8346,0.8680426295570554,0.3854101794569984,5317,1.0359273306721198e-05
8347,0.6309365570512178,0.5281124535118868,4737,4.674189999791238e-06
8348,-1.4018341320701027,0.16101424489962968,6276,-1.2185508734572002e-05
8349,-0.5908386719199273,0.5546577518762146,4569,-4.61100565931174e-06
8350,1.350006701636781,0.17707587287065518,4926,1.5723947004548024e-05
8351,-0.11031347225493421,0.9121661434511326,4123,-1.288770828788164e-06
8352,0.5121421595506989,0.6085689417339144,6493,4.6092025436933035e-06
8353,-0.04831061471714135,0.9614708807769132,4415,-4.7466660363976193e-07
8354,-0.14717073541130435,0.8830032791670126,4929,-1.565321087549224e-06
8355,-1.663556971667667,0.09626403052735855,4972,-1.6461689087529598e-05
8356,-0.24878754836709047,0.8035350302950879,5158,-3.0563376623840586e-06
8357,-0.19298491406967136,0.846978823641807,4875,-1.6458584426616236e-06
8358,0.21574334316566013,0.8291958680389304,5464,2.537877777407595e-06
8359,1.758237166605889,0.07876260595865925,5518,2.1452827904975994e-05
8360,-1.2170618555845585,0.22363737482901014,5067,-1.1950027524083921e-05
8361,1.0003815077687874,0.3171655769896997,6104,1.0415602679874632e-05
8362,-0.07364966557500684,0.9412917553759705,5657,-5.385950041769205e-07
8363,-0.20613426207662403,0.8366955471969275,4413,-2.162265812290535e-06
8364,-0.433695643395063,0.664528155166261,5008,-4.010091454696155e-06
8365,-0.6063148671448804,0.5443309452540988,5450,-6.996911680998494e-06
8366,-0.9019386309103695,0.3671382934231948,4450,-1.0336453503341895e-05
8367,0.6124652455150279,0.540252774242191,6112,6.192365541657142e-06
8368,0.0389052242313664,0.9689677938822086,4216,3.552769333329022e-07
8369,-0.08572198735315156,0.9316908739383134,4974,-1.000092519881062e-06
8370,-0.2972614969233576,0.7662783130064241,5399,-2.511195359765787e-06
8371,1.22291998586668,0.22140854143620547,5928,1.3483667499620821e-05
8372,0.34080412106673075,0.7332656230508077,4913,3.6048518390773734e-06
8373,-1.2733043762371044,0.20296874333667403,5044,-1.5601274574088647e-05
8374,0.35999144914449654,0.7188681281396319,5208,4.338887486278765e-06
8375,0.4769628429107022,0.6334094718541194,4990,3.750713864706803e-06
8376,-0.3138774103592676,0.7536286068097833,4529,-3.6852170002798967e-06
8377,-0.36502788913726575,0.715107340183645,4609,-4.392876394818504e-06
8378,0.9514225570226574,0.3414331275807587,5322,1.0750772258425484e-05
8379,1.8277667798456232,0.06763476531831447,5933,1.9118693954303044e-05
8380,-0.5189474260162428,0.6038318267152887,3337,-7.89064543841176e-06
8381,-1.6105038595605798,0.1073846272942085,3264,-2.0513296771476343e-05
8382,0.6207570352603994,0.5347945048177549,4042,6.890980776566039e-06
8383,-1.807694607077187,0.07072994852818248,3958,-2.512688580768184e-05
8384,-1.278346166937623,0.2011852746159548,5127,-1.3994382604291033e-05
8385,-1.4296829670366735,0.15285866182416652,6171,-1.2234028240417991e-05
8386,0.24668873675415284,0.8051602186255822,4565,2.055368673773736e-06
8387,0.0943190062984672,0.924859159012446,5548,6.723078286455647e-07
8388,-1.0634068405624302,0.2876443827594639,5477,-9.738786256837683e-06
8389,0.24383833275568537,0.80736674642309,4669,2.382918090317484e-06
8390,0.10327166084261208,0.9177513729351445,5170,9.735534286339647e-07
8391,-0.597338150839424,0.5503081568919588,5101,-6.340952500232108e-06
8392,1.839414124942188,0.06592930296396471,3951,2.442194489260898e-05
8393,-0.9079487724674288,0.3639447446955577,5546,-1.0241254118036188e-05
8394,-0.10573579663049737,0.9157964710675479,4721,-8.587011599031725e-07
8395,0.4042428097715683,0.6860488210601972,5904,4.453880980493574e-06
8396,0.7039239247395683,0.48151849924112766,4275,6.202274543942786e-06
8397,-0.015897496934133126,0.98731680119078,5001,-1.4242381156518894e-07
8398,-1.1876102141446518,0.23504396081810164,4954,-1.0795807709716669e-05
8399,0.4425327909769136,0.6581254002517887,4413,5.15426072818573e-06
8400,-0.14582705199283091,0.8840661137120291,3588,-1.7136482371028242e-06
8401,-2.1737321364031046,0.02976696096637199,5608,-1.9850104123362955e-05
8402,-1.2229543600342563,0.22141555044860217,4201,-1.2642600109550325e-05
8403,0.6661956492709383,0.5053137878126894,5542,7.795535320950919e-06
8404,-0.7405691770848251,0.4589955654271314,4256,-8.523082788445032e-06
8405,0.8863245128144553,0.37547976288344964,5749,1.0033571579285552e-05
8406,0.209725247077808,0.8338899671647382,5445,1.532694141600783e-06
8407,0.4371700886691584,0.6620040303286765,5890,4.348694609584818e-06
8408,-1.2217775298019593,0.22185383526351043,4641,-1.1601911191238865e-05
8409,0.9752454753394784,0.32948036529914493,5637,9.668081860380546e-06
8410,-0.5527270606263099,0.5804778907190884,4482,-5.714198488745378e-06
8411,-0.1076844480612398,0.9142496371656998,5951,-6.678620792259559e-07
8412,1.6999903972458124,0.0891971818561641,4826,1.275795910424765e-05
8413,0.9318337238462909,0.3514656823695894,5206,1.1472707698264924e-05
8414,0.6593997709041841,0.5096709550816407,4766,4.4639313531153865e-06
8415,0.4606233968136442,0.6450857305445785,5925,3.347211345834632e-06
8416,-1.8662082538778941,0.06207981967488263,4329,-2.247004269133011e-05
8417,-0.18876112225453118,0.8502888333685226,4359,-1.926610923002908e-06
8418,0.11239571872069454,0.9105156962112357,3732,1.367262046188283e-06
8419,0.23216781336752246,0.8164158939665282,5782,2.4189104200462903e-06
8420,-0.39735207093141367,0.69112344058613,5442,-4.579367054295914e-06
8421,0.4881618031035322,0.6254542587615306,5628,4.939147588276997e-06
8422,-2.041719851298014,0.04122689001592361,5507,-1.7829363484602885e-05
8423,0.18263115846323769,0.8550947873523247,5036,2.3372664020852834e-06
8424,-1.7991401897276142,0.07206251333882796,4567,-2.1543383769892354e-05
8425,-0.002262188435776206,0.9981951235411648,5174,-2.146807345713926e-08
8426,-1.8050949149282884,0.07116103278434305,2972,-2.734472141934682e-05
8427,1.2550479507052326,0.20950824111540656,6256,1.2235283216862842e-05
8428,0.8641079330907024,0.38756605260907806,5535,9.923006131418273e-06
8429,0.683955127161398,0.49403695046920104,4739,4.873961714469097e-06
8430,1.0732730497237186,0.28319260726237583,5889,9.283643217132955e-06
8431,1.169965408538312,0.24206695737100614,5356,1.318886844317523e-05
8432,0.6779399343034934,0.4978442284171274,4554,7.44234579552754e-06
8433,0.1962464563715505,0.8444277700960403,3798,2.5016469804100496e-06
8434,0.8499729780394827,0.39538100331015236,4977,5.521074181590751e-06
8435,-0.7342037206434772,0.4628549996185365,5661,-7.338597717981056e-06
8436,-0.19713092770753626,0.8437327066915743,5255,-2.3753585184373297e-06
8437,0.09691973280839272,0.922793953854391,5091,9.677215118447678e-07
8438,-0.4600083985493497,0.6455294731754395,5188,-4.388617051839712e-06
8439,-0.49227849504291327,0.6225440982620616,5000,-3.770692434240636e-06
8440,0.3571914125583197,0.7209634011858963,5064,4.632201976072356e-06
8441,1.1229099274576289,0.26152048674848327,6027,1.1304813171439892e-05
8442,-1.8642605176181182,0.06234511387439379,4882,-1.8496886518832526e-05
8443,0.09338827758851849,0.9255982346141083,5975,5.826633267437931e-07
8444,-0.3074980888544001,0.7584763005620048,5327,-2.912287610975613e-06
8445,-0.45131494929434834,0.6517834476974711,4689,-4.642772897078617e-06
8446,0.06987252585987724,0.9442973688317002,6216,5.154219210444713e-07
8447,0.4205046634428801,0.6741320629437473,5930,4.220461289708448e-06
8448,0.9228121836163161,0.3561480623294413,5182,7.921365692082098e-06
8449,-0.5829782447774694,0.559939110709855,4219,-6.745105293300133e-06
8450,-1.2281948798477296,0.2194269938544562,5437,-1.2421067699592553e-05
8451,-1.945684331170157,0.051745625490274394,5285,-1.511688493540519e-05
8452,-0.04691785340728988,0.962581287560232,3620,-6.724412596440192e-07
8453,-1.5695114853001264,0.11659709473240532,4634,-1.8416575072860504e-05
8454,-1.0171721846156212,0.30912178650142663,4897,-1.3825696556910354e-05
8455,-0.570709148605423,0.5682187704191155,5842,-5.933755294987e-06
8456,-0.19456143304494206,0.8457429026638921,5985,-1.2374267010280696e-06
8457,-0.7059195790456129,0.4802704898000263,5086,-8.638564582671403e-06
8458,-0.28036961761962187,0.7792067524124222,4529,-2.602584983114414e-06
8459,-0.4156362265731995,0.6776918377619232,5709,-3.7957360496236493e-06
8460,0.2640578138999865,0.7917466519722411,4824,3.6860173927030093e-06
8461,-0.9194867482286323,0.3578846568276828,5085,-1.0669557324736748e-05
8462,0.6283822470927019,0.529781119368057,5209,4.385455313084433e-06
8463,0.6412511331762688,0.5213865321629494,5444,5.1610367728242785e-06
8464,-0.24422657023547523,0.8070690468501311,3659,-3.5580818745417233e-06
8465,-0.5744953956277151,0.5656604718131506,4640,-6.8907800541023885e-06
8466,0.049434868339167715,0.9605746946291815,5055,5.235248874902345e-07
8467,-1.5227268242337273,0.1278935752471777,4755,-1.3105719331304744e-05
8468,-0.8108231781273115,0.4175127736257367,4237,-1.0035404333225887e-05
8469,0.10340804213202562,0.9176426341264023,5918,6.349340876689545e-07
8470,-0.15129778659164406,0.8797467090713611,5179,-1.3247118924910982e-06
8471,-0.1227067207898366,0.902344336203728,4938,-8.068557037446097e-07
8472,-0.21065338016807672,0.8331660267628063,5190,-1.5556709736795367e-06
8473,0.4124944593665866,0.6799946802671455,5014,4.751721517658059e-06
8474,-0.289641198136678,0.7721022337988632,5228,-3.369117914095689e-06
8475,1.5176486423719258,0.1291752661170693,4375,1.7524622491060567e-05
8476,-0.41092706199737444,0.6811407521302213,5977,-4.085463546884598e-06
8477,1.1681847034927197,0.24278072739867884,5748,1.2616274164149375e-05
8478,-1.27626761708946,0.2019446811821317,3540,-1.569600083872693e-05
8479,-1.413021103440031,0.1577022432492705,5904,-1.1751252196095594e-05
8480,-1.4097169630229416,0.1586760992504097,5888,-1.1117484289994748e-05
8481,-0.6866057290637705,0.49236447377196413,4788,-7.622140348008829e-06
8482,1.1114825786626619,0.2664122696491278,5181,1.28893852701522e-05
8483,0.01829857656101044,0.9854016678404169,3634,2.1324334880130563e-07
8484,-0.22330251391273082,0.8233102974465343,4461,-2.8147548437891593e-06
8485,0.16244487468681115,0.8709610523466749,5950,1.7433919625937665e-06
8486,-1.2224041661806644,0.22162656083689858,4017,-1.185599762772539e-05
8487,0.1549187041382141,0.8768922418043401,4576,2.0049780488874947e-06
8488,-1.049938383895319,0.29379775083739723,4946,-1.1678901971966548e-05
8489,-0.3995192837455355,0.6895263713626907,5417,-4.244114249826374e-06
8490,1.21961252227933,0.22267580027339573,4495,1.3303439876715903e-05
8491,-0.12095322100486379,0.9037351024145563,3465,-1.4090784642326613e-06
8492,-1.6280506211628827,0.10357554788754175,5132,-1.6870761241049267e-05
8493,0.7874685836170694,0.43104881104659176,4531,6.818684350756694e-06
8494,-0.5485575955705528,0.583335192930158,4693,-6.717798668134664e-06
8495,1.045479916010026,0.29584454796984616,5833,1.105532475272209e-05
8496,0.22979666884776415,0.8182605431457362,4365,2.0835052845543883e-06
8497,-0.15826984144431014,0.8742518684784053,4153,-2.1153538900356397e-06
8498,-0.9042023035198052,0.3659396431512574,4230,-9.52566960515152e-06
8499,0.3191959663259992,0.7495896762143404,5670,3.5961764984096176e-06
8500,-0.8870578951786379,0.3750900489094984,5042,-8.263373935364464e-06
8501,1.0477073671971444,0.29482440989751435,4970,7.743947549072927e-06
8502,-0.28885832355518276,0.7727026407586521,4663,-2.8810133419724667e-06
8503,-0.6373913025345965,0.5238987735794507,5071,-7.350056083333876e-06
8504,-1.537406909844368,0.12425703435856872,4996,-1.6116378377761387e-05
8505,0.6746915349937087,0.4999004563122773,5437,7.781563650753879e-06
8506,0.43414811966265054,0.6641982390170207,5398,3.6905519414344766e-06
8507,-0.5205699235489013,0.602686418135455,5760,-3.3485847048060624e-06
8508,0.24111857925112623,0.8094756211739633,3985,3.0980308530691906e-06
8509,-0.349112059019427,0.7270184540568951,5540,-3.6168980815531373e-06
8510,0.357533286074107,0.7207120231686881,3888,3.6091756551559714e-06
8511,0.38554910563998035,0.6998454750830394,5526,4.119538353155631e-06
8512,0.6051536462758693,0.545116201223403,3496,6.43916537632671e-06
8513,0.40193942667905536,0.6877423408311771,6255,2.846038496948728e-06
8514,-0.8088665472126144,0.418636230787754,4343,-9.46218943786413e-06
8515,-0.12337860457958383,0.901812321992459,4937,-1.3366434144307622e-06
8516,-0.03980098007890805,0.9682534439324662,4819,-3.471017748058801e-07
8517,-0.5283920073319965,0.5972640288508928,3192,-6.719542625327359e-06
8518,0.621705571651479,0.5341619976894005,5347,6.961927714790048e-06
8519,-0.4799185996715765,0.6313050348741989,5313,-5.43258931666163e-06
8520,-0.3284447466687285,0.742589152224669,5007,-4.1900010227913314e-06
8521,0.25810705561304087,0.7963371314323189,4136,2.637213232269992e-06
8522,1.1802665901818972,0.2379402087278717,6103,1.1993551563695472e-05
8523,-1.1919072247115188,0.233362496120316,4361,-1.2436308753996493e-05
8524,0.020607263925216602,0.9835596623087417,5740,2.1911826345497927e-07
8525,-2.4241973396384746,0.015373464105478796,5647,-2.072035636839457e-05
8526,0.3120559645005904,0.7550092947839246,5757,2.314352404966372e-06
8527,-2.755316274770533,0.005884745153984294,5008,-2.090057694986276e-05
8528,-0.26283561930532173,0.7926878164364577,5140,-2.9361888177362435e-06
8529,-0.36866158187051273,0.7123972575813489,4520,-4.464321039960746e-06
8530,0.42310096571358163,0.6722380533893753,5530,2.980369226531783e-06
8531,0.5058137651908313,0.6130099540670679,4943,3.543955162875959e-06
8532,-0.3829800187488904,0.7017504875264953,5118,-3.6644431907616696e-06
8533,0.28948072192971863,0.7722257503212169,4912,3.716517046727982e-06
8534,-1.6129878750754687,0.10681164305009228,4893,-1.641844756590117e-05
8535,-1.5526127870676572,0.12058588145232729,4508,-1.580905220524388e-05
8536,0.871918851421894,0.38329569342429237,4864,7.035558440954005e-06
8537,0.08563064755762495,0.9317634427951789,5031,5.494457709407073e-07
8538,0.6393407521810096,0.5226317921543826,4801,8.358747448175626e-06
8539,-0.5632647264069225,0.5732819565721656,4623,-6.809646866168478e-06
8540,-2.3300692539585848,0.019841074329706387,5132,-2.5325226088379296e-05
8541,0.15674962245195967,0.8754478819688438,5548,1.6549242940984336e-06
8542,-0.697753499857598,0.4853647777527046,4856,-7.162623132134462e-06
8543,-0.9322461346225567,0.35125854228896336,4575,-8.875976795574481e-06
8544,-2.4968692183557843,0.012557867499781716,5631,-2.1127506497879807e-05
8545,-0.7676301834174526,0.44274428629321294,4852,-7.50585218584398e-06
8546,0.4288842772041791,0.6680306955635353,3974,4.148373700904235e-06
8547,-0.9188776575033715,0.358202228088909,5196,-1.0460792627615215e-05
8548,-0.9535609609272544,0.34035017943442014,5209,-6.580742749710793e-06
8549,-0.10041211798164257,0.9200206798118649,5703,-9.485873766376497e-07
8550,0.05156418573446177,0.9588778526339912,5434,5.903657369083784e-07
8551,0.046636646013511224,0.9628048152032016,4679,5.984779362401384e-07
8552,-0.4761886730268082,0.633962240112381,4672,-4.429684824692276e-06
8553,-0.673831097129098,0.500453519515619,4474,-5.790209414782942e-06
8554,0.6651843317804038,0.5059696630662431,4140,9.801710953763949e-06
8555,-1.4435239259330055,0.14893052990067557,5440,-1.0758350645113957e-05
8556,-0.8908881484994104,0.37303386819698847,4797,-8.894839185212516e-06
8557,-0.054234821677677916,0.9567500172888679,5587,-3.203419139011924e-07
8558,0.013665676942152673,0.9890972428276492,5086,1.2663707024932204e-07
8559,-0.960149704808971,0.3370276694407912,4858,-1.0482167607340552e-05
8560,1.2197333894431988,0.22261317821221738,6093,1.2640019656972965e-05
8561,-0.19699663570583203,0.8438416547925582,3487,-2.2697790509853728e-06
8562,0.7509908740605121,0.45268808896699264,5903,7.768901193968214e-06
8563,-0.34623719504674044,0.7291795293334888,4836,-3.090104956976168e-06
8564,-0.2225361040075984,0.8239075061275261,4157,-2.50421825521034e-06
8565,-0.5074889765124202,0.6118341971386876,4991,-6.282134144892951e-06
8566,-1.8990774135134918,0.05760735676232476,5420,-1.942232354958567e-05
8567,0.32112709831871383,0.7481273906008759,5041,2.175221153326627e-06
8568,1.7525308745324835,0.0797496798661188,4567,1.5111822605731299e-05
8569,-0.19482757603507442,0.8455340762487924,6444,-1.655446736129018e-06
8570,-1.1899362521722279,0.23412630047534466,5151,-1.2318715998856822e-05
8571,-0.1771364157632616,0.8594086215573744,4860,-1.6442987863255649e-06
8572,0.07066024837460458,0.9436706230698113,5735,6.704074166850793e-07
8573,0.664612465914919,0.5063292471047309,4968,6.1584317298630186e-06
8574,-1.651506654458224,0.0987036132565029,4588,-1.9470132825232202e-05
8575,0.926729956904696,0.3541184213850723,4330,8.596942316040624e-06
8576,0.18237255821826867,0.8552980598914044,4802,2.4676093855884947e-06
8577,-0.08972618438132518,0.9285078694172317,5870,-5.70969026938705e-07
8578,0.17993291083898283,0.857211551836708,5775,1.8805812204401136e-06
8579,0.5333499727826866,0.5938113259538582,5932,5.658580029736234e-06
8580,0.3202081443460964,0.7488250647812889,4610,3.6593175408882347e-06
8581,0.9754940624718619,0.32935799966216583,5520,1.1105015211065007e-05
8582,-0.07400560174670398,0.941009145727348,4601,-9.050295149519332e-07
8583,-0.913790739981075,0.36087593328607204,4486,-1.0931261950549194e-05
8584,1.0554755810030112,0.29125010161846765,6039,6.804309488525134e-06
8585,0.4132117863313272,0.6794691554791843,5006,2.8779209796260658e-06
8586,-0.8860606811295637,0.37563379707657285,4352,-8.905839966021046e-06
8587,-1.1168474126732681,0.26410714845063454,5641,-8.602296419336476e-06
8588,-0.31224495543167863,0.7548664476163061,5391,-2.845354575609748e-06
8589,-1.738293930080148,0.08222958235002986,4364,-1.8414111833495637e-05
8590,0.764201446771214,0.4447811734639646,5309,8.311609858285216e-06
8591,-0.46576481489802374,0.6414023193336904,5494,-5.227919677000062e-06
8592,0.59917761831348,0.549078736496722,5589,5.003381611079965e-06
8593,-0.7746075028879329,0.43861677420821743,4057,-9.928035854862191e-06
8594,0.5477911043671345,0.5838579340566574,5414,3.775382315014027e-06
8595,-0.6681525288883431,0.5040700061605472,4567,-6.0181561537305675e-06
8596,1.0819691387183472,0.2793175774946819,5083,1.2818566163107729e-05
8597,0.7345232194095815,0.46265886460456906,5950,4.996644296475964e-06
8598,-0.43260395598953505,0.6653229906839493,4557,-4.758868844483839e-06
8599,-0.17655584183394088,0.8598633379420382,5905,-1.6336583042366424e-06
8600,0.36802561923280785,0.7128687592625953,5326,3.7745266522549024e-06
8601,-2.2407059337991284,0.025082835387098434,5800,-1.967567579122332e-05
8602,-1.6005742439155222,0.10953512938539456,4946,-1.145468406765647e-05
8603,0.3970827013692825,0.6913240025348801,4836,3.5622297325318895e-06
8604,0.01788773709915304,0.9857290543515498,5555,2.0851492634227652e-07
8605,-1.5909612392143155,0.11168317800580785,4873,-1.8214729228781942e-05
8606,-0.6202511377472401,0.5351216724630206,4839,-6.779377131575142e-06
8607,-1.3794146940184406,0.1678248780233571,5324,-1.462673138599e-05
8608,0.2822904389678448,0.777731859615026,5291,1.961848761419753e-06
8609,0.8654838737744772,0.38680793612150266,5989,5.668933303524065e-06
8610,0.8792171351765312,0.37932186142972624,5516,8.497975148128323e-06
8611,0.5082125905465223,0.6113251217697018,5375,3.1618690626045977e-06
8612,-0.12295279795370252,0.9021494645725507,4954,-1.3720148508016708e-06
8613,-0.8436857001523133,0.3988791376208134,5923,-5.430362510358097e-06
8614,0.7989459031063831,0.42436882796409425,4034,7.109299984009038e-06
8615,-0.8214095939631939,0.41145342512128424,4845,-7.148607896922e-06
8616,0.45354461573184807,0.6501768907338283,4857,5.600849434495525e-06
8617,1.5941919863595366,0.11095635978117713,4992,1.7826545380702257e-05
8618,-0.3280485441228038,0.7428879000893844,5308,-2.940077044308034e-06
8619,-0.2452275962199167,0.8062898701552705,5210,-2.8978075530405955e-06
8620,-1.2686100776758114,0.2046371963645004,5179,-1.2353959993590994e-05
8621,-0.15158267876397727,0.8795217856838007,5375,-1.6090833698835633e-06
8622,-0.1957910235656299,0.8447816387006624,5035,-1.5804854116873106e-06
8623,-0.9574842117968293,0.3383586650658059,6475,-6.0099581692317036e-06
8624,0.5727025484904306,0.5668666240948559,6278,5.495419437635646e-06
8625,-0.5537365002942314,0.57978169741315,5502,-6.0261762131902495e-06
8626,-0.2630953228728394,0.7924888130116945,4632,-2.3732413468890744e-06
8627,-0.384175144075682,0.7008653574512778,4887,-4.264646740009631e-06
8628,0.972139749882992,0.3310278302081451,5025,1.070600563066139e-05
8629,-0.16710276242990316,0.8672957927930476,5120,-1.2136389840259195e-06
8630,-0.9169718662623954,0.3592003288570207,5150,-1.0243251957739625e-05
8631,0.432764901871504,0.6652037628656617,5132,4.77546547933967e-06
8632,0.47844106842239537,0.6323578129238592,4865,4.270987607517435e-06
8633,-0.4704040082847974,0.6380870178504892,4977,-3.972758750972018e-06
8634,-0.4177016406632709,0.6761834815315195,4926,-3.382519676338998e-06
8635,0.9219093061699872,0.35662335592089534,4686,9.665513798513829e-06
8636,1.0870488096038007,0.2770651153505854,5254,1.2932350544011184e-05
8637,0.850366532859452,0.3951620143787731,5006,8.680244028202191e-06
8638,-2.6096028541535308,0.009089138435400601,5537,-2.1614762702243047e-05
8639,-2.1026584759616185,0.03555489971827952,4208,-2.659815913857646e-05
8640,1.374760127737471,0.1692653094245835,5179,8.869544706977495e-06
8641,0.12927250555623007,0.8971466921355451,5573,1.2497523333249774e-06
8642,1.0730249539674577,0.2833167253491222,4559,1.4719419152751727e-05
8643,-0.792025627540052,0.42838447695222204,4850,-6.102753099550005e-06
8644,-0.11120108045441783,0.9114611643824753,5228,-1.280497582822597e-06
8645,1.3314760814623974,0.183095466956551,4814,1.4702262711492428e-05
8646,1.5200529989249743,0.12855260051606976,5755,1.6521205607046237e-05
8647,-1.3765592963669875,0.1687067021832902,5300,-1.326885438691038e-05
8648,0.6812683107167331,0.49572775865538654,6062,7.109825084957631e-06
8649,1.694721368556689,0.09018575670291007,5419,2.0667663436917942e-05
8650,0.8932252261702969,0.3717795258045551,5005,9.840238254230432e-06
8651,-0.4348172676186164,0.6637156504900963,4560,-3.8098305221383708e-06
8652,-0.08523425838396255,0.9320788866063285,4574,-8.762480598672579e-07
8653,-0.093479208884496,0.9255260478754614,5887,-6.982124937907397e-07
8654,0.3559990400064361,0.721854764012313,5572,2.6739136414542695e-06
8655,0.6681844051163052,0.5040418550920327,5940,3.565240246228486e-06
8656,-0.7370688611666849,0.4611234565280604,4024,-9.247939520716227e-06
8657,-0.23888041171839522,0.8112076390438356,5251,-2.8238367920200036e-06
8658,-0.21718990155770393,0.8280698501819002,4667,-1.8054777940395423e-06
8659,0.3539936891912888,0.7233556346954875,6209,2.0552397268431596e-06
8660,0.08919565112085534,0.9289310250458573,3881,1.1473137264131721e-06
8661,-1.8654108765817543,0.06217705706241161,5499,-2.0941397545818356e-05
8662,-0.20638256534361257,0.8365014190199203,4504,-2.2861457728024473e-06
8663,-1.3249204320535912,0.1852609281563926,4777,-1.2299043779223977e-05
8664,-1.4327725491255223,0.15197923211673503,5545,-1.0562126555084783e-05
8665,-0.05958302007960959,0.9524899337494375,5434,-4.033003033249442e-07
8666,-0.4188587518638276,0.6753382468840847,4765,-5.176781934866968e-06
8667,1.1222419811230109,0.26182259351344417,4276,1.4697332771690947e-05
8668,0.9577703757631654,0.33821724707027667,5986,1.035897958245793e-05
8669,-1.2475283318757677,0.21226280633293215,4955,-1.4153115471669771e-05
8670,1.5673228747980663,0.11709671673342203,5506,1.4945308882326804e-05
8671,-1.504429952729294,0.13253673743205963,4783,-1.3963567504157513e-05
8672,-1.7075495853290188,0.0877902394434209,4417,-1.4120406181358329e-05
8673,1.0300823440329763,0.30301795274222343,5347,1.2314846581599946e-05
8674,0.6379207934992605,0.5235545477864747,4985,7.143824582481644e-06
8675,0.0331930751658377,0.9735217544472152,5842,2.958375181603862e-07
8676,0.5753432010123675,0.5650941575493511,3705,8.299363670885684e-06
8677,0.009366979546580934,0.9925267007360281,5194,1.0809686675827646e-07
8678,0.278123525988078,0.780928851224628,5083,2.400183200219935e-06
8679,-0.9220275948563691,0.3565544564943961,5524,-8.10447253920995e-06
8680,1.2032907264771766,0.22892573269006133,4603,1.4188844083791658e-05
8681,0.1528138144158212,0.8785515211072388,4805,1.278011399279537e-06
8682,0.8683279829206497,0.38524915890365286,6067,6.798672690283048e-06
8683,0.37204242690785017,0.7098746541583392,5887,3.8201067203996825e-06
8684,0.1434015163079652,0.8859807049995814,3793,1.439152766193037e-06
8685,-0.6426877853224238,0.5204530998307142,5584,-6.286550949467102e-06
8686,0.24345011790788723,0.8076669703935115,4874,2.765984854435998e-06
8687,-0.86443841836581,0.38738157830887365,6014,-5.836646662046283e-06
8688,-0.3220208041986385,0.7474501970500089,5076,-2.8147548712205462e-06
8689,-1.5132838977573544,0.13030506497659222,3242,-1.8432151889942805e-05
8690,-0.3904331699557525,0.6962317738860069,5363,-2.8757057377752895e-06
8691,-0.3414444352203403,0.7327824302198755,5354,-2.8175254392516905e-06
8692,-1.0089614766179686,0.31304774625290444,4469,-1.0449489907083318e-05
8693,0.25734851671756215,0.7969209437779359,4728,2.1065223687610548e-06
8694,0.2122240684494559,0.8319435324414917,3828,3.0459804322881825e-06
8695,0.17435374313370502,0.8615935190069479,5831,1.7109450259881196e-06
8696,-1.8292506128296733,0.06741347563601296,5791,-1.52947718811263e-05
8697,-1.4692048651004912,0.14183545133290876,5404,-1.4524900430323343e-05
8698,-0.22170851328743038,0.8245502811674206,4777,-2.9079346547897806e-06
8699,-0.9436023801680012,0.3454179086104119,5063,-1.0491257343083309e-05
8700,-1.3834074194446868,0.16660743172933135,4579,-1.757883120609369e-05
8701,0.4975016921953089,0.6188633140817195,3907,5.8404182725167064e-06
8702,-0.10638007075035301,0.9152854372829806,4607,-9.384831929028014e-07
8703,-0.08576295305913952,0.9316579007905921,5642,-8.484987790333979e-07
8704,-0.08625072422104864,0.9312717947182798,3686,-9.78495257917706e-07
8705,-0.15773910933853444,0.8746676230619639,6077,-1.529910209822865e-06
8706,-0.8576310535579521,0.3911365221381682,5101,-1.0662951243667198e-05
8707,1.0328270385998248,0.3017336206481165,5122,1.0718376689634844e-05
8708,-0.39041588393910104,0.6962461025051287,4876,-4.005581661845175e-06
8709,0.5449210172635481,0.5858320183977761,5027,4.1050521021874696e-06
8710,-0.6807020248388542,0.49608850763250856,5540,-6.313626765016875e-06
8711,-0.0009136419596111419,0.9992710550563018,5096,-8.830095871306355e-09
8712,0.6732006429357809,0.5008488232937425,5334,4.829854917730203e-06
8713,-1.0926999671194175,0.27458121516019873,4730,-1.338761683575229e-05
8714,0.6919588354798307,0.48899697323980296,4755,9.258880124193804e-06
8715,-1.6245335790378366,0.10431561364957287,5877,-1.628978250635364e-05
8716,-1.7907077093434751,0.07339629925608993,5392,-1.8256851309367248e-05
8717,0.2546591043669199,0.7989950774782768,6039,2.7268054382155258e-06
8718,-1.7465865102709441,0.08078355391310543,4124,-1.6090023076622285e-05
8719,0.39073720350723684,0.6960108441576414,4303,4.564472969912192e-06
8720,0.7459039913406004,0.455776979275756,3401,7.574174493783848e-06
8721,-2.4411065502805136,0.014683315492426408,4205,-3.357336160405419e-05
8722,-2.5841529675158528,0.009792093733329787,4646,-2.558930577582228e-05
8723,-0.39856647973516723,0.6902278357617533,5610,-3.180173521548579e-06
8724,0.8596189041437021,0.39004755535499047,4258,9.928804367394378e-06
8725,-0.612917068690624,0.539979287704146,2898,-9.390969801309206e-06
8726,-1.1813340018385305,0.23752000793494266,5626,-1.0064925626557087e-05
8727,-0.6087238756484931,0.5427378667459659,4551,-4.794735243319548e-06
8728,-0.4223966435985803,0.6727545058605768,4786,-5.06604806344146e-06
8729,0.8789736601480541,0.3794534262780671,5578,5.859785411491089e-06
8730,2.3034754001782325,0.021300353212285517,4233,3.400553608074477e-05
8731,0.489602504478467,0.6244356131834108,5263,4.293437168489819e-06
8732,-1.3634170435646087,0.1728128430811955,4973,-1.4160400848858125e-05
8733,-0.24428562883032004,0.8070215482021978,4200,-3.021007942066255e-06
8734,-0.29723447918022833,0.7662987395110816,5494,-2.6635689400068e-06
8735,-0.46017952530814976,0.6454074609695915,4980,-4.946246495694296e-06
8736,-0.41582821203837383,0.6775492387626616,6598,-2.605470559739227e-06
8737,-1.6543725597858978,0.09811312237951486,5122,-1.5662155722008137e-05
8738,2.0150811288545887,0.04393938973394218,6178,2.1039179277260026e-05
8739,0.6195330371466002,0.5355973867215438,4395,5.543246750023946e-06
8740,-1.5271604558436789,0.1267761574812396,5747,-1.262314926618019e-05
8741,0.8873595936264935,0.37492453745295196,5444,1.0293104945419686e-05
8742,-2.8920964862339176,0.0038399727689713004,6269,-2.6936830749873394e-05
8743,1.2040992305659286,0.2286165461785168,4364,1.4060498755025472e-05
8744,-0.9077955699694277,0.36404577800593296,3675,-1.1062288754429306e-05
8745,0.39558469113405836,0.6924274115649081,5282,3.4897635499066258e-06
8746,-2.3796184164992495,0.017364640706370782,5474,-2.2063689909182184e-05
8747,-1.0677509702021957,0.28567916738837607,5567,-8.82248132728992e-06
8748,-0.8636211308599361,0.3878440418091009,4317,-1.012139809992552e-05
8749,-0.9169024898314296,0.35924589983616384,4240,-9.707899035517207e-06
8750,-0.031084684253022802,0.9752031428193368,5448,-2.2243270372398656e-07
8751,0.05899921580792558,0.9529552549182241,4675,5.676590804397296e-07
8752,-0.05195719535292264,0.9585648768394099,4999,-6.410274006127871e-07
8753,0.17967637415657914,0.8574139434940946,4987,2.1591833788196417e-06
8754,-0.4198220649914479,0.6746371823209238,4150,-5.2977336030175075e-06
8755,0.6734247982434411,0.5007301186677791,2935,9.787666486925877e-06
8756,0.2559976742459336,0.7979609753080972,6313,2.524868506333187e-06
8757,-1.0245808594043235,0.3056032198823715,5871,-9.973546623053104e-06
8758,-0.16863108435023644,0.8660954497640021,3957,-1.9680750826152346e-06
8759,-0.8920976390525127,0.37238665189728715,4662,-9.924999846926177e-06
8760,0.27310930044680837,0.7847807708992529,4874,3.097399252009756e-06
8761,0.6959512408572609,0.4864903021826916,5229,5.0052719252571015e-06
8762,0.5468290289870036,0.5845178310527546,5641,3.5168395514065457e-06
8763,-0.9350077468431972,0.3498276822413775,5206,-8.353138982103002e-06
8764,0.03720656644816014,0.9703217081914559,5286,3.2918700495526537e-07
8765,0.22654596012870656,0.8207852162676406,5514,2.5500046855163167e-06
8766,-0.7883742221073746,0.4305188801264901,4555,-8.902410646240015e-06
8767,-1.2015144483661018,0.22960696624276977,5150,-1.5035487804072276e-05
8768,0.10162538226230038,0.9190572895001157,6255,9.91713436269282e-07
8769,-0.05030973417991505,0.9598774148788443,5438,-5.528628006880522e-07
8770,-1.2279333868999338,0.21953568885223307,4537,-1.192496083799125e-05
8771,-0.1259099705769492,0.899808029790838,5231,-1.2383254331164375e-06
8772,0.022306115148620388,0.9822046130003945,5286,2.575582952081918e-07
8773,-1.6398162307533468,0.1010931269357096,6324,-1.3854633685249854e-05
8774,0.08407536977132594,0.9330004727495982,4245,8.020584960814881e-07
8775,-1.7002128714474978,0.08915238209396348,5058,-1.6414764556618623e-05
8776,0.17151115889322266,0.8638301490680593,4186,1.5903850542210352e-06
8777,-0.18402252521644194,0.8540020645844526,5942,-1.0340528948355766e-06
8778,0.020772180504409255,0.9834284822847523,3794,2.0606374224752508e-07
8779,-0.4941202384699027,0.6212517003052831,3567,-6.050256717758682e-06
8780,-0.451027436696785,0.6519966632658782,3638,-5.387820983080272e-06
8781,0.4972677413505554,0.619021456434969,5158,4.8292742523373e-06
8782,-0.11908494086631863,0.9052126445563256,5220,-1.392010464178372e-06
8783,0.6110386185095382,0.541203575996227,4699,5.5117456007390756e-06
8784,-0.9788557490093293,0.3277036346982898,4522,-1.0703941786537984e-05
8785,0.4104481389522786,0.6814916408892981,6107,4.029224890476403e-06
8786,1.41281734491386,0.15777285916232997,4908,1.1349148155578825e-05
8787,-1.649476313790002,0.09911055040372951,5196,-1.2343707547951664e-05
8788,-1.6991896314669854,0.08933651821998301,5863,-1.7259158041232765e-05
8789,-0.22597539499378325,0.8212302573314711,4762,-2.544851309287761e-06
8790,-0.263887511217639,0.7918759630549794,5808,-2.5621119104990555e-06
8791,0.19142989846623226,0.8481960796630512,5338,2.265040597633072e-06
8792,-1.2787733160774701,0.20102768841111018,5843,-1.0664322440508233e-05
8793,-0.6850141148080857,0.49336744219445317,4897,-7.841948998903024e-06
8794,-0.05248202120518402,0.9581468886024318,4623,-6.562007756198417e-07
8795,-0.5562919804518413,0.5780329343389079,5746,-6.269597032878483e-06
8796,-0.608978879982181,0.5425655251812729,5108,-7.255768712997896e-06
8797,-0.9964968101277109,0.31905632549250296,5076,-6.498768476432702e-06
8798,0.2791281023991536,0.7801617591413528,3788,3.0762615725706842e-06
8799,-0.9162433671392158,0.3595802552303282,5391,-9.70933075479333e-06
8800,0.32150600134778445,0.7478420750049342,4448,3.4360728682139972e-06
8801,1.6068496960385776,0.10814208935435454,5768,1.4994942163850598e-05
8802,0.3391240860017941,0.7345307512145602,4913,3.7410055119076234e-06
8803,-0.40708604167330226,0.6839607965623231,5446,-4.168811177652739e-06
8804,-2.584377591125582,0.009783590573025913,4999,-2.7481718772288294e-05
8805,0.34097934317440165,0.7331354018497231,4404,4.23022348073449e-06
8806,-0.284713793236463,0.7758777946814355,4103,-4.392517162176378e-06
8807,-1.4947996378375576,0.13503506719720493,4619,-1.5915237011816253e-05
8808,0.28931801511416444,0.7723501365262526,4954,3.880317543383235e-06
8809,-0.5498881011628907,0.5824167690775957,5950,-4.833686860505699e-06
8810,-0.21398616771111154,0.8305672503393375,4639,-1.6647849405076088e-06
8811,-1.021804195784,0.30693753429904347,3866,-1.1719104806703171e-05
8812,0.29215778755889066,0.7701761967543299,5936,2.8427108930928923e-06
8813,0.25420102020849245,0.7993514876823367,4657,3.279175715409356e-06
8814,0.21974737081313453,0.8260754454305856,5953,1.982099537798252e-06
8815,0.3464958908122627,0.7289866516126491,4398,3.259088315327887e-06
8816,1.2812657336472169,0.2001516207400711,5795,8.764882133093976e-06
8817,-1.123681995194183,0.26119140021369347,6210,-8.628960914453684e-06
8818,-0.09746591026923654,0.9223598836671294,5616,-1.007860949045098e-06
8819,0.043133410188144324,0.9655969319625555,4935,3.76834027638994e-07
8820,-1.2290767318342177,0.21912397517126347,3574,-1.6441475861373147e-05
8821,0.6848378046656852,0.4934816970814109,4482,7.163727768004176e-06
8822,-1.0712826260625474,0.2841054254979365,4101,-1.3232358555173082e-05
8823,0.3109201106145264,0.7558734753374421,5348,2.8143262699108003e-06
8824,-2.985503452214088,0.0028474514635783432,4201,-2.5754074918660588e-05
8825,0.9895955486654686,0.32242003100468586,4970,1.0427313423649032e-05
8826,0.2533191925110551,0.8000337898795569,4261,2.950046697679147e-06
8827,1.1257239921634243,0.26033985635066825,4700,1.577012989188787e-05
8828,-1.361689137894362,0.17336408647149382,4507,-1.544813843581064e-05
8829,0.7993082140298001,0.4241501234306688,4944,8.201398191671178e-06
8830,-0.7222042199751724,0.47020737897057985,4393,-1.0454258993369804e-05
8831,0.17160703006697825,0.8637534443041845,4987,1.2498570649558699e-06
8832,-1.0668083356122724,0.2861057611127842,5438,-1.1848615234584072e-05
8833,-1.2970215810353043,0.1946873868015937,4704,-1.4750977856208828e-05
8834,0.31741616005670076,0.7509394974486754,5689,3.548148120090138e-06
8835,-0.10252331751012779,0.9183450500399251,5491,-9.0266140007414e-07
8836,-1.5503356376159019,0.12113173927125054,4473,-1.8184157355431135e-05
8837,1.6726855587190204,0.09444276763174209,5842,1.808444590567522e-05
8838,-1.0476271650779074,0.29485589743767804,5568,-1.0983070763391664e-05
8839,-0.13856008506984,0.8898031118374952,5240,-1.4698660248016823e-06
8840,0.13401810995712926,0.8933943832235927,4401,1.328454495304629e-06
8841,-0.13392834142663512,0.89346437533145,5248,-1.0108199579432478e-06
8842,-0.014670416991254612,0.9882958677795834,3918,-1.492845157193179e-07
8843,0.8587432368299089,0.39051402789181155,6466,8.431233778955613e-06
8844,0.9257459178604784,0.3546209989955429,5201,9.586767947403035e-06
8845,-1.403502909377011,0.16053215596314918,4761,-1.5406305739839463e-05
8846,0.5561743443223957,0.5781145424647982,5443,6.401013607350995e-06
8847,-1.0103567720082867,0.3123776593149701,4590,-1.1860576006843803e-05
8848,-0.5894220534334613,0.5556066134785103,4685,-6.022892083482923e-06
8849,0.863750247473164,0.3877634457402892,5404,1.0247132109679213e-05
8850,0.3479683208208855,0.7278800539858623,4556,4.12775193953935e-06
8851,-0.3834260008580867,0.701421604413007,4612,-3.820605631114862e-06
8852,-1.1509743364066198,0.24979731922413895,5048,-1.2072254016779998e-05
8853,-1.2373946369090971,0.2159968923499207,5163,-9.234712448299463e-06
8854,0.9318527088460318,0.3514521866578193,5691,9.981497786978173e-06
8855,0.03956728955862926,0.9684395939174797,5310,4.591060114795785e-07
8856,-1.4024501359596502,0.16084192845597056,5085,-1.3251879391391021e-05
8857,-0.2603410245708397,0.7946101588091663,5686,-2.877637460669808e-06
8858,0.16534717418091663,0.868676978584872,5350,1.9031334097887035e-06
8859,0.06076128182067875,0.9515519586698475,4613,5.038633561818162e-07
8860,-0.4047720336349193,0.6856610756079777,5416,-3.5921529855713768e-06
8861,0.13702815072332175,0.8910131630816436,5973,1.443141939288981e-06
8862,-0.30401183069761367,0.7611312368149368,5119,-2.994106191234924e-06
8863,-0.5652491580643463,0.5719248735044662,6166,-5.77961764403052e-06
8864,0.3485535771963017,0.7274405720486912,4562,3.6280513822308708e-06
8865,-0.44393775558163884,0.6571090368657084,4479,-3.3295196758666307e-06
8866,-0.4042172187745483,0.6860736728235612,4181,-3.6059017430003936e-06
8867,-0.7186927837792321,0.4723640301735039,4969,-8.50243851616617e-06
8868,-0.33721279208029764,0.7359688565112399,5726,-3.1977498990431794e-06
8869,-1.7154884233426029,0.08631902486184484,4894,-1.1638550633338763e-05
8870,-1.630819292467708,0.10300883043274789,3919,-2.2607718586422275e-05
8871,-1.0685336699435988,0.2853249658295467,5718,-1.0675887080673215e-05
8872,0.037561323912317285,0.9700385338445869,6888,2.486761999679703e-07
8873,-0.9947278157083652,0.3199256541986941,4224,-1.1489220085047256e-05
8874,0.12621884282712723,0.8995634703743765,5316,8.577650037449731e-07
8875,1.8606220305532917,0.0628580733326205,4849,1.4957022047285702e-05
8876,0.010136893563647926,0.991912420231496,5736,1.0231730166135959e-07
8877,-1.0361991913328619,0.30015684828606903,5262,-1.2857470766352642e-05
8878,-1.377600381146513,0.16839152282136016,4757,-1.681531709543884e-05
8879,0.8461641864463512,0.39750201075647285,4957,6.433051893358033e-06
8880,-1.1964813112044603,0.2315621861504522,5313,-1.4289422096695654e-05
8881,0.1133838417031605,0.909730915437164,4879,9.432492067632247e-07
8882,-1.122900816235628,0.26154182022881,4335,-1.2095167744994978e-05
8883,-0.5949014862526424,0.5519386294265574,4594,-7.007369088838501e-06
8884,0.5550782835308834,0.5788630011081561,5674,6.083056621715872e-06
8885,-0.48154949842117617,0.6301462805993263,5199,-4.969505641022698e-06
8886,-0.6052663620623343,0.5450274206517647,5410,-4.415308463169307e-06
8887,0.3882692914300401,0.6978325451742484,5237,3.3275205014031505e-06
8888,0.19606469076044655,0.8445666237756231,5619,1.2613501027911325e-06
8889,-1.6002528152738549,0.10961264457892095,4505,-1.8772251886643754e-05
8890,0.961984513749369,0.33609491689059023,6198,9.890997095251324e-06
8891,-1.5861325060899847,0.11276597816109701,5575,-1.703133024386542e-05
8892,-0.6473314781015285,0.5174454849447154,5298,-7.74672271929878e-06
8893,-2.7108109472762814,0.006733277337737542,5359,-2.916630110938702e-05
8894,0.18177149867213924,0.8557691158136438,5217,1.8206924158378186e-06
8895,-1.7585530693678868,0.07872718286942049,4149,-2.1985196607153277e-05
8896,1.5547583461223453,0.12008806347786916,3749,1.6009201359106745e-05
8897,-1.0163619746086912,0.3095176082153861,4061,-1.3626212944295673e-05
8898,0.10799558230765842,0.9140032244133132,5380,7.407358053954566e-07
8899,-0.2533471200256452,0.8000098169338787,5299,-2.579083502031747e-06
8900,0.14029332512105136,0.8884333070539998,5575,1.60958882939088e-06
8901,1.469763699205553,0.1417196126482163,3353,1.7003997538015752e-05
8902,-0.025330071853492505,0.9797925558604745,5823,-2.7869094019731446e-07
8903,-2.5824385701709254,0.009838579119813229,5014,-2.4158165373033767e-05
8904,0.05269859052719,0.9579739731335835,5509,5.970267568103052e-07
8905,0.8449189917192308,0.3981988224604103,4729,1.1107027199456706e-05
8906,0.21160156841777425,0.8324263974446522,5067,2.6376963578899762e-06
8907,-0.9844622509642977,0.32493752251054153,4838,-7.484846111542057e-06
8908,0.8944060883702277,0.3711439073181322,5485,1.0462951701346071e-05
8909,0.3960969186464285,0.6920501404910337,5089,4.272237785182729e-06
8910,-1.27571752501619,0.20210932527142988,5495,-1.3313484817966812e-05
8911,-0.1318702254327165,0.8950927093359868,4599,-1.6048108126351634e-06
8912,-0.7480781618399913,0.45445384821250645,4309,-7.800973453208809e-06
8913,0.6546975113656309,0.5126940946058482,4771,8.26856731895326e-06
8914,-1.3211978425082243,0.18649363760846205,5192,-1.3537135560211805e-05
8915,0.7600975707288732,0.4472362175751754,4486,6.296107220236772e-06
8916,-0.23746073696152278,0.8123080266543223,5624,-2.4598453726838664e-06
8917,-1.7740480712116755,0.07612028792647174,4675,-1.4160403010332656e-05
8918,1.586774038127664,0.1126354424050191,4416,1.3326062402681676e-05
8919,0.05294832107179913,0.9577759436633677,3699,6.996137540775952e-07
8920,1.1447151782829625,0.2523887677878396,4448,1.0279634728672836e-05
8921,-1.7356617485894081,0.08267674303817696,5804,-1.5092144276390431e-05
8922,0.6425061015751631,0.5205719816289227,5386,4.375849068145059e-06
8923,-0.10702909102376226,0.9147705441426679,4625,-1.2741635124100222e-06
8924,0.3423563530068695,0.7320970268627498,5034,3.7404280172048855e-06
8925,-0.30206224455742603,0.7626179671387423,4705,-2.5954254031800336e-06
8926,0.48200131073667607,0.6298258909156242,5054,4.01466240065589e-06
8927,1.071075518396935,0.2841803126578317,5766,1.1745828550167127e-05
8928,0.19004189387153925,0.8492839585487097,5039,1.762210319883421e-06
8929,1.0592424941476708,0.28954639877167265,4486,8.590736653086865e-06
8930,-0.10649550409137337,0.915193178947425,5400,-1.093575344850877e-06
8931,0.7998443647415638,0.4238500036528059,3876,7.6292138346155335e-06
8932,-0.7393036183180127,0.4597601964308682,4623,-8.259023474531916e-06
8933,-1.3183749200138721,0.18743883934765648,4978,-1.5200093229009509e-05
8934,1.0896001776096786,0.2759538924555158,4066,1.2084476856850591e-05
8935,-1.1133078923236837,0.2656453974638242,3869,-1.3748730901831467e-05
8936,0.8619521256397245,0.3887543173078267,5110,6.6798712596143795e-06
8937,0.36681673925168645,0.7137693032890362,5715,4.031995706336078e-06
8938,-1.4525706797456677,0.14640784237180138,4839,-1.4253455772826813e-05
8939,-0.2872428678274034,0.7739361537068412,6081,-2.8637156703573235e-06
8940,-1.7767810226327334,0.07567220757689896,4475,-2.1952297249454217e-05
8941,0.03951523575456472,0.9684811475743578,5120,3.3595724873638765e-07
8942,1.328940461914909,0.18392134382202974,5644,1.5126926925120862e-05
8943,-0.548538779977744,0.5833419821460781,6132,-5.805718671889006e-06
8944,0.2902742118067641,0.7716183632344507,5060,3.729828150109977e-06
8945,0.2565672322174444,0.7975236029389439,4920,2.7616685289021917e-06
8946,-1.0613442489651366,0.2885902513317715,4516,-1.097120063329611e-05
8947,0.46419266985363045,0.6425269060934804,5878,4.705758781516086e-06
8948,-0.25178181863147764,0.8012187566946376,5721,-1.7788289097929052e-06
8949,0.8677357049668629,0.3855760448068082,5627,9.492168133736576e-06
8950,-0.6175836808089143,0.5368726668659636,6152,-6.051709215125965e-06
8951,-0.16736057569260365,0.8670930995995252,5010,-1.2272911510859369e-06
8952,1.3163154577578806,0.1881412320760456,4131,1.8257642961668575e-05
8953,-0.5206880436298074,0.6026091875936306,4597,-4.64483158804951e-06
8954,-1.6334940838026926,0.1024318477777919,4719,-1.3752659984216442e-05
8955,-1.3099221894490307,0.19028577355776766,4731,-1.460211629012872e-05
8956,0.6039494781826071,0.5459010164509892,5761,3.696890255477047e-06
8957,-1.0395517467213793,0.29860010022488526,4844,-9.225036557679463e-06
8958,1.0950492457164769,0.27355668024321567,4281,1.3003762385956697e-05
8959,0.017128272162124952,0.9863348245364176,6326,9.983078193819441e-08
8960,-0.17740020815868632,0.8592029835761283,4020,-2.8317151337487382e-06
8961,0.6864574202060697,0.492452871035975,5652,7.883305646914466e-06
8962,-2.1147383863272826,0.034496629048918814,5561,-2.0326614618340148e-05
8963,0.753581252525535,0.4511365032019492,4957,9.169829659461188e-06
8964,0.20203350562839784,0.8398979634332817,5530,2.276234545169463e-06
8965,-0.024287078189099857,0.9806247050174193,4468,-3.4584366349012257e-07
8966,0.2345873261572269,0.8145390073889347,4823,2.4911707356015164e-06
8967,0.8087977003212272,0.41866281088974633,6150,4.931762879035834e-06
8968,-1.8486036677353206,0.0645770523264928,4760,-1.613476966619513e-05
8969,0.47260380225978516,0.6365321078327675,2847,7.119305971855209e-06
8970,-2.432883915563469,0.015021000856670463,4158,-3.2597650546924015e-05
8971,1.3129154677321926,0.18926975187627448,5167,1.236443341384338e-05
8972,1.2819212493844578,0.19991583991720963,6523,1.2420562116708515e-05
8973,1.248348856294168,0.21197619181622462,4012,1.2895126321115939e-05
8974,0.9046965485919273,0.36566079733088497,6295,9.26001718409191e-06
8975,-0.5227887158538919,0.6011383957414564,6773,-3.5943932980489694e-06
8976,-0.650139692857904,0.5156375587317281,4200,-8.088691353817263e-06
8977,-0.5733622738659934,0.5664282910103609,4468,-6.319686962680217e-06
8978,-1.9313754932276017,0.053495932185553485,4761,-1.721958601979932e-05
8979,0.005716253799725366,0.995439313629831,5718,5.9146934539104666e-08
8980,-0.5530641153228377,0.5802462847765528,4618,-5.658127387404682e-06
8981,1.8385009031981636,0.06604872419579433,4933,1.8172490636299124e-05
8982,-0.7463379580455506,0.455493953949055,5722,-7.786418032389911e-06
8983,-1.0886613879946963,0.27636720603439313,4102,-1.0523056305500742e-05
8984,0.642238778902434,0.5207462536576473,5241,7.85858494097373e-06
8985,-0.5707287573305551,0.5682200881197237,3508,-8.006281344400066e-06
8986,0.7017586387899997,0.48286479511147795,4654,8.180675488023124e-06
8987,-0.650759989735419,0.5152371146588512,4191,-6.530689893700979e-06
8988,-0.8537631214117509,0.3932749241843698,5289,-8.669851157190849e-06
8989,0.7247560563469151,0.46863007359170883,5977,7.761872496264474e-06
8990,-1.9391621490558786,0.052534926245697555,5269,-2.0807544941987e-05
8991,1.6278967278795693,0.10362483879268503,4037,2.200541041159593e-05
8992,-0.6233609370442438,0.5330746647138809,5208,-5.6729568074902655e-06
8993,-1.2518480789027042,0.21067311623628315,6115,-1.043761645592915e-05
8994,-0.433843315028235,0.6644184817019334,5758,-2.605421358165404e-06
8995,-1.0800973907517064,0.28014481895305887,5663,-9.401827129045194e-06
8996,-0.28179719722060564,0.7781097252914737,5448,-1.8290815568302916e-06
8997,0.1048822527119528,0.9164730646602108,5503,1.15777737749206e-06
8998,-0.3446745820592294,0.7303524517467532,5401,-3.1495296698023774e-06
8999,-0.8120599101256762,0.41679543306394295,5064,-5.529119229743685e-06
9000,-0.07337093081900506,0.9415138337354154,5088,-7.589250074240061e-07
9001,-0.6684145903861648,0.5038994797336329,5060,-6.874545078411081e-06
9002,-0.46919681597935314,0.6389513585655409,4568,-6.2811663713788475e-06
9003,0.6676695329254981,0.50437261637049,5493,7.18668120147683e-06
9004,1.0178788350684498,0.30878603199423593,4878,1.3314605486569196e-05
9005,-0.07601056860322872,0.9394134095776563,5592,-4.984271258071345e-07
9006,-0.14877668072437497,0.8817355944381062,5225,-1.5277289741879954e-06
9007,0.4496681830764667,0.6529711880899081,4540,4.008485054903553e-06
9008,0.2969606254700931,0.7665067077220598,6085,3.067599766633806e-06
9009,-0.5537416016047756,0.5797856044147114,4141,-7.12515761323864e-06
9010,-1.5999163332304729,0.10967209362484631,5750,-1.7761369001348525e-05
9011,-0.5221293526146586,0.6016042992594439,4814,-6.993352802645063e-06
9012,-0.09101084264557725,0.9274878416452317,4716,-1.1722516017285865e-06
9013,1.1437378071756283,0.25278522022478533,5183,7.675853802910742e-06
9014,-2.6976307659575536,0.007004715353509772,5520,-2.141880413721362e-05
9015,0.6344324796514065,0.5258251502465856,5471,7.20886564486513e-06
9016,-0.7519112251605461,0.4521354604881811,5707,-5.590909084274865e-06
9017,0.28194391061813845,0.7780000555611268,4311,3.6506883605866514e-06
9018,0.010812633182846183,0.9913735235270855,3666,1.4196272259126103e-07
9019,-0.5357539278231339,0.5921501502438766,5537,-5.904798282443276e-06
9020,-1.0829237726185519,0.27889246095374776,5202,-1.125248238883915e-05
9021,0.344537008721485,0.7304557430551641,5459,3.120688189700838e-06
9022,-1.2680928185581142,0.20482218508917782,5146,-1.2385123099944218e-05
9023,0.16232369011966172,0.871057312231255,5164,2.014195500007552e-06
9024,-1.6867113265890765,0.09172067415532714,5048,-1.9541078941311538e-05
9025,-1.7485477449661282,0.08042235654719576,5776,-1.3562001837246362e-05
9026,-1.5146171427371706,0.12993327447024616,4948,-1.6354208547528093e-05
9027,-1.5148061543548905,0.1299105529639737,3550,-2.037096671914569e-05
9028,-0.8012125425118742,0.4230462687264491,5056,-9.423355740155257e-06
9029,-0.330588556861246,0.7409682752113356,5335,-3.3865177708409326e-06
9030,-1.7137718255833159,0.08662939018714666,5276,-1.1884821290042095e-05
9031,0.21594467503960763,0.8290386133962326,5691,1.3873731626524035e-06
9032,-0.050146399408737344,0.960007606316053,5324,-5.802336759926914e-07
9033,0.05165805075527512,0.9588034106122985,4592,4.0863502276643065e-07
9034,-1.1793823912920545,0.2382985736801131,5332,-1.2562149392456774e-05
9035,-0.23558026826282819,0.8137690541839286,4523,-2.6771285079441045e-06
9036,-0.04986478903431915,0.9602323153202907,4572,-7.049366947096141e-07
9037,0.47537653386562795,0.634537602224774,5470,5.506577648727329e-06
9038,0.51916459649128,0.6036717950180126,4449,6.86020310292065e-06
9039,-0.08541132714159498,0.9319378502422526,4940,-1.1147417864533105e-06
9040,-0.6429414249908708,0.52029048949607,5195,-7.480735495042945e-06
9041,-0.1384698869111486,0.88987531562788,4463,-1.7156598982740138e-06
9042,-0.39691554798828427,0.6914462591163555,5128,-3.2984258518434965e-06
9043,-1.6367949400464317,0.10173129413482385,5429,-1.3894290756888592e-05
9044,-0.5430689393031131,0.5871091751681468,4511,-6.388930094773478e-06
9045,1.6418970919703477,0.1006788669286065,4657,1.7858141306274083e-05
9046,-0.44077409130351586,0.6593958198895504,4946,-3.249163513219433e-06
9047,1.034948466190452,0.30074683251274026,4648,9.422156758026804e-06
9048,0.7192774357995799,0.4719991101226628,5774,7.170554703554078e-06
9049,0.3868558492621978,0.6988800063993237,4821,3.9902030409445615e-06
9050,0.06354638777212686,0.9493339387761592,5047,5.652591276242999e-07
9051,-0.2438351449182504,0.8073689206368395,4801,-3.3287984008836395e-06
9052,0.26105143872370506,0.7940652230381975,4342,3.3520409060971274e-06
9053,-0.04534891064291749,0.963831039514623,4930,-5.390553258338627e-07
9054,-0.5791508270659149,0.5625103128262237,5696,-4.506154556429479e-06
9055,-0.7261631484019277,0.46777642644110484,4513,-8.28929663711928e-06
9056,-1.1161648930717096,0.26441006312600557,4585,-1.0704186744124002e-05
9057,-1.7913707406441504,0.07329908248389305,4633,-1.8986650435751897e-05
9058,0.633627946366181,0.5263547085779097,4668,6.784827852387217e-06
9059,-0.9359040762135573,0.34937036760335016,4730,-9.635918351109461e-06
9060,1.389346500879246,0.16478403322488444,5464,1.0184422473103621e-05
9061,1.1798290163518577,0.2381190234548023,5526,1.0512877409765879e-05
9062,1.719199349821825,0.08563820455493598,5148,2.0092926326345708e-05
9063,-0.5441206130933839,0.5863811049698424,5362,-5.36656089894621e-06
9064,-0.18383331236446537,0.8541516586459839,5013,-2.379906561524133e-06
9065,-0.2827328039869414,0.7773934943193754,4949,-3.2493205912561248e-06
9066,-0.7801303489788691,0.43535737462102597,4273,-1.0402857177858381e-05
9067,-0.06496793146753477,0.9482022241472903,4827,-7.82253392737992e-07
9068,-1.0970921945396312,0.2726669019120975,4015,-1.4451029142255213e-05
9069,-1.0637982512233795,0.287475023515118,4678,-1.2227494110771135e-05
9070,0.9925643352582677,0.32096577139064486,5527,1.1702151257148858e-05
9071,-1.302057185665088,0.1929787284054254,3663,-1.4453362088658445e-05
9072,-1.219463557183672,0.22271654001972352,5963,-1.2273820566238217e-05
9073,-0.5748322473988079,0.5654341180347595,4405,-6.656353621070761e-06
9074,0.27883742164591163,0.7803848437167777,3782,3.750811253156077e-06
9075,0.2345063759605445,0.8146026291420356,4469,2.4292900487740357e-06
9076,-0.3265057569867428,0.7440561132216672,4753,-4.043137179944923e-06
9077,-0.8263172361348308,0.4086659428748769,4719,-8.711514062625248e-06
9078,0.4503016294254187,0.652509176987357,6022,2.731933453730742e-06
9079,-0.7193506942170057,0.4719598443587192,4807,-6.129301696344443e-06
9080,0.4533004861727496,0.6503521764033677,4970,5.100736387937579e-06
9081,0.7765463748779127,0.43745461112705186,6523,5.1272342570061925e-06
9082,1.455974787055695,0.14545430001754034,5739,1.4493410692611387e-05
9083,1.2266418300960134,0.22001351353651533,5133,1.4210828477923668e-05
9084,-1.4336306057928259,0.15173594691435977,5369,-1.3523570467571992e-05
9085,0.8248026376234598,0.4095285542106737,4382,6.903603417895286e-06
9086,-0.4958936727039439,0.6199931680099051,4592,-6.424854642601763e-06
9087,-0.6936401369466111,0.48793885087867483,5209,-7.343963361633297e-06
9088,-1.2166186955486902,0.2238065461499792,5019,-9.74272890681605e-06
9089,0.008855746645742114,0.9929345253235216,5959,9.452664301123147e-08
9090,-1.0834055604611978,0.27867382065862456,5758,-9.929527863560069e-06
9091,0.21158667037469056,0.8324367173361851,5983,1.2416436869846391e-06
9092,0.3041057058815125,0.761060737052206,4731,3.4658597985173053e-06
9093,-0.5815731010083584,0.5608768668703883,5801,-4.014162296485629e-06
9094,0.3569875548712569,0.7211205411090802,3880,4.799269394159149e-06
9095,-0.575280586471733,0.5651297229673471,4595,-5.556572284127032e-06
9096,-0.1990669735717838,0.8422183869390758,5040,-1.3255969783152431e-06
9097,0.7256623409592007,0.4680756378868538,5691,5.327841718140278e-06
9098,0.22497160668893865,0.822010613476573,4970,1.8259413952691565e-06
9099,0.6439244217027369,0.5196549621309754,4840,5.827831367049062e-06
9100,-1.9898467111211273,0.0466600891284088,5203,-2.071294690180163e-05
9101,-0.009016988331631183,0.9928060551686995,3800,-1.2696999492612484e-07
9102,-2.239415504491559,0.025168573589280374,5519,-1.795516050998137e-05
9103,-0.009650837138915768,0.9923003648237654,3857,-1.0669663182325087e-07
9104,-0.5872854437725155,0.5570416114616519,4481,-6.494466498786592e-06
9105,-1.1236641491474793,0.26120658739684743,5284,-1.1145398962508664e-05
9106,1.5356264624995122,0.12469044085612824,5237,1.9618273064567507e-05
9107,0.3240918981493571,0.7458797610905736,5999,3.1178905372136155e-06
9108,0.48679703656305806,0.6264239748879799,4894,3.962340156441629e-06
9109,-0.6686838580726725,0.5037277244657474,5052,-7.86283943545676e-06
9110,1.014016876015973,0.3106286290315572,4550,1.0498655952506571e-05
9111,-1.21763079216957,0.22343451688682436,4093,-1.3368781241664817e-05
9112,0.7619872165247282,0.44610075910891744,5426,5.165682812659172e-06
9113,-1.189900382635161,0.2341443246347652,4807,-8.767827726666472e-06
9114,0.06948691157488479,0.944605108089787,4545,6.570432418294965e-07
9115,-2.135319078137237,0.03278444557216176,4897,-1.828914890328757e-05
9116,-1.205521690095204,0.228057582152565,5130,-1.4434754657883325e-05
9117,0.9361450988606411,0.3492440985750511,4957,1.2299230615513457e-05
9118,0.3795849100428516,0.7042683996617494,5434,4.202460176512175e-06
9119,-0.44463914319239883,0.6565998582774508,4986,-5.438806489982289e-06
9120,-0.9424746286749187,0.34600217725801485,4339,-1.096349264600548e-05
9121,1.2684042110420213,0.20471051814691554,5192,1.1387420345089109e-05
9122,-0.9726054437708412,0.3308337190461088,2792,-1.478817331896367e-05
9123,-0.6591122944416786,0.5098523230891638,5296,-7.04054454446783e-06
9124,-1.709384917186267,0.08743928038881887,5206,-1.8089197171959467e-05
9125,0.963632540294621,0.33527202680390755,5570,1.0643359923118839e-05
9126,-0.4123637655842719,0.6800882252430511,5738,-4.546978880001316e-06
9127,-2.133629573432372,0.032920725297370446,5098,-2.066894973227691e-05
9128,0.33047680343632047,0.741051523539038,5865,3.4792990741984654e-06
9129,0.5300649214867129,0.5960971644408386,3892,5.390789989743115e-06
9130,-0.03823913080908226,0.969498871337489,4128,-4.4996708215911276e-07
9131,0.6423241112417626,0.5206934254598852,4803,8.19921451381742e-06
9132,-0.8868186117213847,0.37521413150829597,5678,-8.223651693581587e-06
9133,-0.005979035910023507,0.9952296719942881,5325,-6.437313979065669e-08
9134,-1.309720644345564,0.19033969650341498,6099,-1.0992212566323639e-05
9135,-1.276938735067365,0.20169666942271158,4074,-1.4042218650028076e-05
9136,0.2028681730459753,0.8392451119453606,5863,2.198591281326488e-06
9137,-0.3611979287716181,0.7179732846675937,3502,-4.269439959362606e-06
9138,-1.0837282527311434,0.278535998707129,5155,-8.901244191903159e-06
9139,-2.407456774351152,0.016100853510195412,4894,-1.992094739623914e-05
9140,0.5195177691533378,0.6034369350335842,3091,6.938974790722836e-06
9141,0.44161152270014187,0.6587864383137405,5934,4.815174999233601e-06
9142,-0.3571109339967534,0.7210227500549218,5387,-4.202593625001842e-06
9143,-0.00874322521772733,0.9930243136946482,5641,-9.624957650016907e-08
9144,1.1413449494380616,0.25377700506835765,5402,1.3976228443475121e-05
9145,-0.07288362081996178,0.9419019098581016,4582,-7.857406671138029e-07
9146,-0.2557938635783978,0.7981217980347384,4465,-3.1703953823675777e-06
9147,-0.11866004215882862,0.9055510096954378,3775,-1.2848162962883592e-06
9148,-0.4906196638676414,0.6237164602736391,5131,-3.7248119519252956e-06
9149,0.36934663795623224,0.7118841528574669,5290,2.8426350389103156e-06
9150,1.6522807266551753,0.0985404784920696,4973,1.3475642841348543e-05
9151,-0.9815097478871319,0.32638483052584144,5472,-1.135998647295683e-05
9152,-1.7301380991634059,0.08366086704612652,5584,-1.4807268440633953e-05
9153,0.4404962050528087,0.6595978091140164,4750,3.610566651028482e-06
9154,0.3056190222525259,0.7599057793762676,5761,3.281075684096103e-06
9155,0.5498013200422868,0.5824894306494737,3636,7.119366626447896e-06
9156,1.2281525107997646,0.2194377761085775,6016,1.323511563381736e-05
9157,-1.7668948761617682,0.07729738775786776,5917,-1.5226318191235627e-05
9158,-1.1206327671075393,0.2624977332722529,5029,-1.1042592233161951e-05
9159,-0.4663461174934811,0.6409920226074264,4190,-4.266263090810114e-06
9160,0.012712578457159705,0.9898575936299874,5171,1.1469111415566374e-07
9161,-1.5558080722200287,0.11981350179436556,5296,-1.6133436022424634e-05
9162,-0.012347533143833508,0.9901489553107536,4032,-1.9156051620692355e-07
9163,-2.215389814521461,0.026771923406116116,5815,-2.3311582521527184e-05
9164,-0.05363429629137011,0.9572289211547225,4484,-6.251266290184803e-07
9165,1.1458079465617765,0.25192487932045493,5457,1.3931087641270032e-05
9166,-0.09923866348589674,0.9209527524554235,5005,-1.1093224427211888e-06
9167,0.37634710465042015,0.7066820874447179,3439,4.412383580322539e-06
9168,-0.10886613216597403,0.9133129315401562,5126,-1.2201967664038085e-06
9169,-0.19506839789156183,0.8453486417559959,4290,-2.5938872670066775e-06
9170,1.1420679019924909,0.2534862914723244,4521,1.4007852219076475e-05
9171,-0.35388601422574206,0.7234393656548614,4956,-3.849761045424308e-06
9172,-0.029779557367158874,0.976243995190218,5247,-3.570529657624262e-07
9173,0.8173691696691687,0.41375693917723355,4937,1.0348627614325336e-05
9174,0.13000594477886593,0.8965674563306729,4562,1.3793710643398118e-06
9175,0.46501315310771635,0.6419471800016017,4028,5.393096325530649e-06
9176,-0.4641121494365322,0.6425872613325381,5087,-4.070515244000006e-06
9177,-0.26801491267808114,0.788698628040015,5125,-3.182181238256506e-06
9178,0.7584758341721656,0.4481972776652694,5748,8.313032573572388e-06
9179,-0.009882554263173608,0.9921153616410314,5318,-1.0246722802920947e-07
9180,-0.8041533733874566,0.42135760572123404,3886,-8.88302203293559e-06
9181,0.631065396170818,0.528024050973952,5488,4.43363979276474e-06
9182,1.7889775981000078,0.07366801606114826,6102,1.3994574381047917e-05
9183,-0.08496875532165214,0.9322889019770819,6368,-7.333420022389866e-07
9184,-1.7524684130866381,0.0797514243314903,5273,-1.622891584351091e-05
9185,-2.955917393598269,0.003129799959905366,5875,-2.505415466602677e-05
9186,0.6626118355483359,0.5076189242415627,3844,6.016290223736602e-06
9187,-0.5031599858424068,0.6148765808079926,4472,-5.3242303165982645e-06
9188,-0.8168152141349556,0.41407757546106083,4470,-7.673268697332827e-06
9189,-0.5539694535868375,0.5796241436541547,5079,-7.224451507722268e-06
9190,-0.989026113450795,0.3227015391653234,4677,-9.624933850755916e-06
9191,-0.7408912790844693,0.45878704691902983,6285,-7.123121910632245e-06
9192,-0.13401593924836755,0.8933961205794012,4386,-1.1557003695820662e-06
9193,-0.18398809036467056,0.854030054301189,5142,-1.8897995901838513e-06
9194,-0.3487176473304436,0.7273155937818467,5135,-2.827297169418573e-06
9195,0.6550506670293854,0.5124722250559064,4063,6.992424998842059e-06
9196,-1.0811084146747205,0.27969232702806335,6003,-1.0854614060689968e-05
9197,0.11916410209706205,0.9051494527386843,5830,1.253561448651397e-06
9198,-0.29478355552805935,0.7681716012225037,4947,-2.7094151558490737e-06
9199,0.2961373100822296,0.7671352110053675,6157,1.7480798224325498e-06
9200,0.24074394520864523,0.8097626242742115,5456,2.892389009219466e-06
9201,0.6066752551908688,0.544090143170266,5813,6.71137521536304e-06
9202,-1.8107283009809965,0.07023351463796978,5930,-1.536856849713267e-05
9203,1.2889380936552852,0.19748207486893166,4774,1.365635997587211e-05
9204,0.4809333667711725,0.630589709131766,4071,4.736414122437662e-06
9205,-1.0777023654555435,0.28121306454681516,5596,-8.88155522624806e-06
9206,1.6123600905667126,0.10695888009184173,4193,1.971607408775954e-05
9207,0.8306638185053081,0.40620028175336254,5403,9.991393233096997e-06
9208,-0.8227602790082815,0.4106838654999114,4963,-8.419017644530799e-06
9209,-1.2283679023705718,0.21936462284635505,5188,-1.3544658217732924e-05
9210,0.15833345140877153,0.8742004201003462,5020,1.9570234446233163e-06
9211,-1.027836610115543,0.30407380142882956,5278,-1.0570988706721014e-05
9212,-0.055833743932329316,0.9554763846165601,5234,-5.834944826800672e-07
9213,0.25444284516839777,0.7991658047290744,4237,2.4889810820289063e-06
9214,0.16713280299999833,0.8672719404726807,5294,1.5627536567415629e-06
9215,-2.5402173339077283,0.011104979273362625,5636,-2.2745296099867874e-05
9216,-0.5348913150701852,0.5927510604231954,4567,-6.7389158295075274e-06
9217,-0.1329713081949819,0.8942213228710143,5096,-9.476659314386983e-07
9218,-0.7547746872126666,0.45042137629543255,4780,-8.50476630388479e-06
9219,0.3648866989751038,0.7152095300777812,5697,3.7244437379338623e-06
9220,-0.3172972887340392,0.7510318520954424,4795,-3.834738271491257e-06
9221,-1.595777706956564,0.11060165569070901,4999,-1.9107783462193493e-05
9222,-1.0182466174566038,0.3086009554847289,6131,-6.19402304071776e-06
9223,-0.045168773032165134,0.9639747394294342,4614,-4.337424552021091e-07
9224,0.2983594663492772,0.7654406724312806,5232,3.35173348509162e-06
9225,0.3035770106510602,0.7614609475825891,5860,1.923020056818012e-06
9226,-0.3747103938075129,0.7078885991438502,6239,-2.105857925373071e-06
9227,-0.8408449358470268,0.4004749378567869,5011,-6.924216580445377e-06
9228,-1.9332798971019676,0.05325222616063674,5584,-1.7808858273308743e-05
9229,-1.7748365520807778,0.07598590218791279,4985,-1.975271861067232e-05
9230,1.0438624085662425,0.2965909881743636,6018,1.0782703197229527e-05
9231,0.09412987953521115,0.9250101751160225,4502,8.302460600922437e-07
9232,0.9659126947993558,0.3341260859213311,6113,1.0364807545151876e-05
9233,1.4143093425679116,0.15732025437225117,6334,1.3866308987563206e-05
9234,1.6251562730339417,0.1041912127178517,5088,1.815824704490447e-05
9235,0.021309606829993548,0.982999578896133,4733,2.663014716531193e-07
9236,1.450532868642604,0.14696670650321542,5530,1.576346965818592e-05
9237,-0.8547388517112925,0.3927505136816818,3739,-9.80712706671488e-06
9238,-2.1776209159775584,0.029478721491172255,5242,-2.21433083770207e-05
9239,-0.3539620536371175,0.7233832463773866,4687,-2.9144370385809794e-06
9240,1.329777629630595,0.183648282198974,5347,9.428556648793439e-06
9241,-0.22802301357528046,0.8196425626752049,3281,-3.303967911455636e-06
9242,-0.05218151416154763,0.9583863826747894,4493,-6.043603118180655e-07
9243,-1.6517993151831203,0.09865065169319265,4177,-2.101932252789274e-05
9244,-1.724048789789917,0.08476802173244802,4481,-1.7075843651475318e-05
9245,-0.385598003829084,0.6998117227965097,4739,-4.16638149165282e-06
9246,1.3248531032716784,0.18527971554827705,5060,1.6631275893934137e-05
9247,0.10408810693204157,0.9171036905404135,4899,1.1974978733915676e-06
9248,-0.788307035028067,0.4305473113644316,6193,-5.8806555816157735e-06
9249,-0.6802793523662656,0.4963574394484289,5278,-6.7132081798331286e-06
9250,-0.2605234623634322,0.7944701215266745,5311,-1.8256083619279567e-06
9251,-0.18331703822439466,0.8545569896591048,4813,-1.7213657588268918e-06
9252,0.8147514283156351,0.4152517845846264,5220,8.342991656867366e-06
9253,0.8690493667067279,0.38486091289647284,5115,1.0996242161483075e-05
9254,-0.1514396381080947,0.8796346140079574,5369,-1.7857654961647726e-06
9255,-0.08470915233096182,0.9324961289054479,4833,-1.079356658246195e-06
9256,-0.01904710115097321,0.9848042331924352,5412,-2.1029035307268937e-07
9257,-1.0462112453487924,0.29550516382769487,6072,-8.929982892759231e-06
9258,-0.08074496339165675,0.9356475138114568,5907,-5.218763021715527e-07
9259,0.5912141754220852,0.5544100098226972,4040,6.8088801548278755e-06
9260,0.09382629044003146,0.9252506363871829,5388,8.3891554424007e-07
9261,1.0666541635388678,0.28618397413501206,4604,1.0883040678929028e-05
9262,0.13986618325747033,0.8887713573267382,4998,1.5895415930989277e-06
9263,0.3306587148381354,0.7409164771497783,4884,3.6608787118003194e-06
9264,-0.6652443739131614,0.5059308005725001,4193,-7.852031438880516e-06
9265,0.41310665647673755,0.6795494118587446,4231,4.760458412456961e-06
9266,-0.21212580561140146,0.8320174131888174,5072,-2.6972880490525874e-06
9267,-0.9532003354474882,0.3405315833514575,5358,-1.133830316702943e-05
9268,-0.40904910154318486,0.6825222697233158,4700,-4.653086088406157e-06
9269,-0.9045468811678936,0.3657439250317487,5670,-5.208590716520508e-06
9270,0.3165118417457319,0.7516275264651693,4899,3.285461418752357e-06
9271,0.9629010330492906,0.33564589901251685,4781,1.0506289015361313e-05
9272,-1.458409453657212,0.14479986173703963,4354,-2.1033019586083718e-05
9273,0.15027389086637108,0.880554057635921,5485,1.6977750933471461e-06
9274,0.8753520852535228,0.3814210298041183,5438,7.038180589725535e-06
9275,0.31350550626586515,0.7539079018271377,5806,3.36959188102909e-06
9276,0.7822546795093058,0.43410047924330875,5209,9.33962340377203e-06
9277,1.0669925909072508,0.28603696478532314,4170,1.0155401142913927e-05
9278,-1.671514582030221,0.0946863827904707,4720,-1.487797215740407e-05
9279,-0.2842613528242466,0.7762225808941445,4717,-3.41123020909491e-06
9280,-0.8514545429212163,0.39456084426531257,4641,-9.781279152127712e-06
9281,0.0792477515346451,0.936838350036322,5692,8.640224742053768e-07
9282,1.329379096902811,0.18378162053264768,5168,1.685590587739243e-05
9283,0.04967240714780181,0.9603853116625596,5316,3.261477242806444e-07
9284,1.0079334560079278,0.31353418002527933,5106,8.693087230538581e-06
9285,0.3832646855474933,0.7015386776692725,5376,4.683580969725122e-06
9286,-1.5027750917680298,0.1329546828534538,5480,-1.3667895171272618e-05
9287,0.155999465202661,0.8760410651809107,4132,1.8978660823892174e-06
9288,-0.4037319531585917,0.6864289387162925,4521,-4.5351228498023056e-06
9289,-0.6805267472268689,0.496202865499237,4944,-5.778452030387192e-06
9290,0.8596503419953,0.39001770376201916,5743,9.628862016685866e-06
9291,-1.5671606471778172,0.11713542661446352,5430,-1.5909211004049587e-05
9292,-0.34516377619696637,0.729983642092171,5859,-3.7315049175703663e-06
9293,1.2043363585755889,0.22850985153075287,5673,1.3244851194538777e-05
9294,0.9210360450859075,0.35707141142974086,5583,1.0006124284336399e-05
9295,0.65689842045812,0.5112799237351839,4488,6.6337066426528336e-06
9296,-0.6616240258030015,0.5082412811802361,5244,-5.852265338321271e-06
9297,-1.3810737339269876,0.16731664675091862,5114,-1.000834009164723e-05
9298,-0.24059747849931878,0.8098750175261435,6234,-2.2203282864717457e-06
9299,-0.210062215515475,0.8336286313574712,4498,-2.14496063568103e-06
9300,-1.3576343101207018,0.1746382458973259,5238,-1.1510548628184086e-05
9301,1.978615981070486,0.047916014055835676,4828,1.9499179940378215e-05
9302,-0.6750744758492395,0.49966195602574137,4659,-5.2735673424226365e-06
9303,-0.1819533257796064,0.8556271502738779,4732,-2.3195127826628977e-06
9304,-1.1573363474405411,0.24720095584755675,4190,-1.3458736044909493e-05
9305,-0.9937624019946004,0.320388151141731,4849,-8.65713196757566e-06
9306,-0.1172949306237886,0.9066310532093378,5001,-8.842926160868872e-07
9307,-0.3937005717804543,0.6938182239249446,5213,-2.7433449849436885e-06
9308,-0.42365912526674515,0.6718321940793421,5130,-4.7842115914839574e-06
9309,0.7118212499773632,0.4766174028381458,3961,7.082843731642742e-06
9310,0.5695217135389403,0.5690387300787099,3497,6.208601356467395e-06
9311,-0.4937810173940978,0.6214816277818507,5218,-4.086572725956338e-06
9312,-0.45283010340278296,0.6506908235322286,4978,-3.8050241098909373e-06
9313,-0.3276806118863804,0.743170257486645,4014,-4.425640389000786e-06
9314,-0.25450832397502726,0.7991133698451927,4987,-2.107013798097266e-06
9315,-0.27606711625076585,0.7825064382211844,5751,-1.6745775373513043e-06
9316,1.3705131081669597,0.17057864393668032,5933,1.4306849662372096e-05
9317,-1.8946478772226278,0.05818620003938468,6116,-1.528303304892936e-05
9318,0.2436158850778841,0.8075382002664331,5061,2.9947139078691295e-06
9319,-1.5746253610483476,0.11541016509249569,4707,-1.8777529798120244e-05
9320,-0.6447423430615256,0.519121559436392,5401,-6.525321837272092e-06
9321,-1.3063669606830006,0.1914850343036789,5250,-1.3450366131661322e-05
9322,-0.5917249619668735,0.554058224827628,5706,-5.725234786808442e-06
9323,-0.44980311603587564,0.6528743737423044,4440,-5.408221904361481e-06
9324,-0.7663571046975576,0.4434984430278939,5230,-6.435500047091251e-06
9325,-0.4075023972810322,0.6836563273323946,5045,-4.246583480477755e-06
9326,-0.046142038536392295,0.9631987622510252,5350,-4.0818565557272405e-07
9327,1.5243885082407578,0.12747105120596514,5328,1.5191020344494082e-05
9328,0.9324375427640395,0.3511544515082845,5117,9.368736094300208e-06
9329,-2.7686491547991663,0.005648358439934276,5336,-2.7921696037867004e-05
9330,-0.8990127918926044,0.36869157119155993,4735,-8.564479629835006e-06
9331,0.42511272446553416,0.6707707984468241,5614,4.6102714680558525e-06
9332,0.8950437173551435,0.37081567667677273,4147,8.53408157085503e-06
9333,0.9253617361233681,0.35483111787247257,4187,1.2781012055047429e-05
9334,-0.7018153498530881,0.4828253109196099,5272,-7.6176230113614885e-06
9335,-1.2419220572975116,0.21432032620585062,5296,-1.3359239607639643e-05
9336,-0.353424226715262,0.7237893105491744,3946,-4.295309634725754e-06
9337,-0.052012593734963954,0.9585205768122651,5417,-4.868865331745255e-07
9338,-0.85954260843181,0.3900836615109977,4856,-9.751382843156078e-06
9339,-1.463866777229499,0.143303482935629,4299,-1.6929053078223803e-05
9340,-1.8946461868087086,0.058200588803876796,4703,-1.710896045606365e-05
9341,0.5265585183020565,0.598525950874262,4537,4.574034751561285e-06
9342,-2.3531430251677503,0.018645015091431016,6520,-1.6367612315047164e-05
9343,0.18631083833307643,0.8522114019865827,3637,2.207100066931272e-06
9344,0.7809212717522355,0.4348774910265334,6444,7.559531037561159e-06
9345,-1.087359312584607,0.2769320126428896,4857,-1.1067416249975224e-05
9346,0.05610991933844281,0.9552560033181257,6365,3.8507132426596647e-07
9347,-0.7667361365969793,0.4432696740111588,5791,-8.117555091608806e-06
9348,0.5209518291057271,0.6024262904161031,4444,5.5495764365269255e-06
9349,0.5303183131157896,0.5959161828799178,4724,7.476690025294171e-06
9350,-1.100655079319812,0.27112117753378784,3563,-1.2247777386559818e-05
9351,0.7819531401575742,0.4342788169436642,5045,9.25057435459519e-06
9352,0.6232972657891578,0.5331155817393531,5388,5.665824889996996e-06
9353,-2.1069037613780814,0.035187552256673804,4032,-2.6446924441141147e-05
9354,-0.4747963196076497,0.6349524429516262,5112,-6.175464697339487e-06
9355,0.05934639116871607,0.9526783956654783,5430,6.310830043420868e-07
9356,-1.1212171898898362,0.26225419478513445,4582,-1.2507336473512456e-05
9357,-1.7484141196501317,0.08046696631261185,4113,-1.8208020899434587e-05
9358,-0.10590756824921932,0.9156596747047911,5331,-1.0562428377094625e-06
9359,0.9826252337841306,0.3258364289360651,5342,1.2301272046041621e-05
9360,0.3259687491202888,0.744462775557309,4617,3.3827121218676773e-06
9361,2.112014897997176,0.034735066653555524,4958,2.008044003705475e-05
9362,1.3185164464031276,0.18738681409996616,5394,1.639582817990282e-05
9363,2.6689767323374474,0.0076404940522432074,3815,3.880077620428437e-05
9364,1.4443932102566146,0.14868030417645484,6037,9.520807951254235e-06
9365,-0.21880405948933188,0.8268138000902774,4018,-2.2775739205157057e-06
9366,0.5196437749531215,0.6033353442126028,4903,5.662409347213874e-06
9367,0.07321986401329907,0.9416339505243478,5248,6.093440351543419e-07
9368,-1.4917316490587273,0.13582677723337433,5509,-1.344991749011114e-05
9369,0.42098006069899957,0.6737896352672488,4526,4.480555302857854e-06
9370,1.4180940419107049,0.15623040694169843,4645,1.5278108036876962e-05
9371,-1.3730841966193637,0.16979174529002528,4696,-1.5871490426157724e-05
9372,0.4087219156694638,0.6827589486822707,5759,4.618556203517934e-06
9373,1.9978361598633778,0.04577944469773576,6007,1.1265382569395752e-05
9374,-0.24174672711496697,0.8089854212033951,5508,-2.5708173544424465e-06
9375,0.8383326429340893,0.4018814861844806,5333,5.983078443783717e-06
9376,1.741897927493225,0.08157845430509081,5897,1.8909357031522925e-05
9377,2.123957035680206,0.03372219496462803,5052,2.4141972912490393e-05
9378,-0.5265203014248204,0.5985475178036328,5624,-5.559337886438599e-06
9379,0.8122280739125212,0.41669711522655906,5321,8.96806951485989e-06
9380,0.027694780229533564,0.9779066835853611,5040,2.8365582137332545e-07
9381,-0.3327129907617859,0.7393658829878913,4669,-2.8513610823489564e-06
9382,-0.8760711433432651,0.3810377592060892,4536,-8.11774120542036e-06
9383,0.2561767586869925,0.7978263899399782,4379,2.0597580664909393e-06
9384,0.7240940125173705,0.4690358571627735,6086,7.383293214885783e-06
9385,1.5178246809231566,0.12914452260472165,3680,1.4795139485960066e-05
9386,-0.6936663885882675,0.4879203799223486,5570,-7.156982522207144e-06
9387,-0.003609895566411691,0.9971199118017595,3883,-3.645429162002199e-08
9388,-1.5685493922905476,0.11683586211756691,3818,-1.9953130041176222e-05
9389,-0.5973557098325889,0.5502923619159077,6027,-4.867545597004743e-06
9390,0.14692269644267114,0.8831998410136102,4354,2.0367166330479154e-06
9391,0.8182730843130119,0.4132359023886343,5631,7.88232697935017e-06
9392,-1.0013690909727553,0.3167019814594214,4523,-1.1763838141787169e-05
9393,0.639045733816386,0.522826581918171,4383,5.9441382460031065e-06
9394,0.015897875089151886,0.9873166065675307,4279,1.7213621854982528e-07
9395,-0.6803426998341814,0.4963203063916204,4801,-8.879639460185664e-06
9396,-0.06421969903567111,0.9487981345359067,4517,-4.848635829713271e-07
9397,0.17737602414181627,0.8592206804388192,4702,1.701801975999562e-06
9398,0.45082283302902176,0.6521372525921949,4886,4.32723426112981e-06
9399,1.0128564568972283,0.31118434607340206,4407,9.642100374204921e-06
9400,-0.5227453359044691,0.601172050748632,5632,-3.2688884184489858e-06
9401,-0.4103239734157373,0.6815930769494716,3550,-4.632674594499144e-06
9402,0.14684282864490925,0.8832615230610499,5438,1.701064333334308e-06
9403,-0.43123815325526543,0.6663167970929247,4308,-4.270212303508559e-06
9404,-0.45997576035861015,0.6455545053323934,4789,-5.907750874160265e-06
9405,0.2724231782874998,0.7853077029258873,5091,3.068436482082131e-06
9406,1.5552108618505023,0.11995217613091125,5620,1.7757305277273e-05
9407,-0.42588628995321315,0.6702173109100289,3446,-6.0255916764157876e-06
9408,-0.5970803094176103,0.550484092757682,4458,-5.228868525831368e-06
9409,0.2434148614928234,0.8076927961950369,5698,2.474762193360087e-06
9410,0.27097238683620894,0.7864221792352815,5645,2.8255124670054417e-06
9411,-1.0972697278679961,0.27257316228363004,5321,-1.1707892856607184e-05
9412,0.9063707604703479,0.3647922644123507,4151,1.0705153812184433e-05
9413,-1.3836940979927541,0.16651405718876955,4989,-1.0719448700317531e-05
9414,0.07480517164506273,0.940372395548918,5608,8.718649996587456e-07
9415,0.29264165101088885,0.7698117663323161,3870,4.241155667966992e-06
9416,0.34392563948142624,0.7309158759229342,5292,3.5202331792799105e-06
9417,0.26643408660128803,0.7899190630987789,3884,2.8638932306982415e-06
9418,1.9010935980195802,0.05734111400233077,5593,2.0674309265747725e-05
9419,-0.31315151118256773,0.7541784312953892,5073,-2.336668070711742e-06
9420,0.02516201507526012,0.9799266411751666,5541,2.3720050668354555e-07
9421,-1.2312552690957346,0.21828560661206664,4976,-1.1049619998153356e-05
9422,-0.14774388812688796,0.8825513833496024,4591,-1.8055464164411732e-06
9423,-0.4359243870515904,0.6629130101611251,4394,-4.846179864898555e-06
9424,-2.2042864772832034,0.027554901012018185,4478,-1.9790465529124776e-05
9425,-1.3510124048896552,0.17674605953102818,5599,-1.5450086096074453e-05
9426,-1.6563540862024446,0.09772472479033167,4207,-1.898680798377349e-05
9427,1.3925327138924692,0.16381852964771415,5396,1.5036381315985972e-05
9428,-0.28556481687991175,0.7752255256002494,4204,-3.1012207379258026e-06
9429,-0.6350467483734021,0.5254308051093868,4420,-6.26120265712514e-06
9430,1.8237337790622583,0.06824684998153696,5473,2.1248573754206825e-05
9431,0.2603816710644303,0.7945804540035426,4842,3.51000092646771e-06
9432,0.5166787177192242,0.6054048217925041,4690,7.11923200279536e-06
9433,-0.5461687592973518,0.5849855016859342,3427,-6.975242625378149e-06
9434,-0.697882461284563,0.4852860540797592,4591,-8.617405272544056e-06
9435,0.8124778936930684,0.41656460348183066,4104,7.943115799526108e-06
9436,-0.7475543614283655,0.4547640095215115,5022,-8.189384358941703e-06
9437,1.0179900868592306,0.3087279460948775,5440,7.790885288057626e-06
9438,-1.079001216773367,0.2806323189927806,5767,-1.1850116433732222e-05
9439,-0.3160605065431216,0.7519721764553768,4231,-3.4583031110492397e-06
9440,0.04818811344902183,0.9615680751537237,5494,4.869371340493871e-07
9441,-0.21975588200140594,0.8260710678474217,4584,-1.8382581092030755e-06
9442,-0.8444404438535131,0.39845433687988696,6516,-4.254002494013846e-06
9443,-0.3972728060679295,0.691188818014433,3766,-5.50471388004173e-06
9444,-1.4523773142298115,0.14644986979446917,5904,-1.4195670341600571e-05
9445,1.3809017815853626,0.1673615359724161,5893,1.3086391895230661e-05
9446,0.32133135728231993,0.7479698996777242,6334,3.2217409071600776e-06
9447,0.32563858861043415,0.7447113442935747,5036,2.2739179762766125e-06
9448,-1.2524383708479854,0.2104588318761076,6020,-1.025248641624928e-05
9449,-1.5197833973484616,0.12861785211684307,6031,-1.0785090966637488e-05
9450,-1.191063805990413,0.23368444899496854,5057,-1.4329373095336394e-05
9451,1.8465002178499017,0.06488107727777748,4805,2.0883856093637847e-05
9452,0.8859710063124991,0.3756842142618906,4173,7.440391497904767e-06
9453,-0.6037811294285157,0.5460178724576707,4772,-8.312654726205534e-06
9454,-0.5086773653262573,0.6109976620531099,5824,-4.134989207952266e-06
9455,1.340467450940824,0.18015290586417754,5120,1.6705341625543518e-05
9456,0.13409608375491608,0.8933313008784465,5737,1.2976412240429235e-06
9457,-1.524618660873607,0.12741743460726673,5005,-1.1342958115007353e-05
9458,1.8801537680389402,0.060143465801244966,5156,1.3422403698926526e-05
9459,-0.6183779268489313,0.5363606030180916,4100,-7.564640723371286e-06
9460,0.4366155225325636,0.6624126152556515,4207,4.401931034337763e-06
9461,-0.0027959227391300564,0.9977692842482029,5316,-3.496901064191753e-08
9462,1.086101037518183,0.27748444532529515,5221,8.98270190597325e-06
9463,1.9205974954867042,0.05483479297087257,5430,1.1578651714768084e-05
9464,0.011859542465034375,0.9905380737862843,5948,1.163156448501497e-07
9465,1.562931848242846,0.1181339088320641,4848,2.0967614713012437e-05
9466,-0.8739333099942639,0.38221227367858734,3638,-1.0523273242824047e-05
9467,-0.12908193499625104,0.8972979032665065,5104,-1.1312289654124898e-06
9468,0.5194395530887755,0.6034722799273833,6379,4.917481878308581e-06
9469,0.18256848973003167,0.8551440119176736,5001,2.330218945933052e-06
9470,0.7556942461910088,0.44986340921230195,5766,8.401125317406307e-06
9471,0.4572086097727822,0.6475474896333995,3766,4.704835480579222e-06
9472,-2.261375803441954,0.023793287178486278,3735,-2.8546341338232965e-05
9473,-0.421141446145996,0.6736679434491513,5607,-3.978392932823153e-06
9474,0.7710728885398929,0.44071054869046944,3892,7.85032532218665e-06
9475,-0.9156105473097264,0.35991918163488545,4602,-9.88256798666424e-06
9476,-1.365852832776322,0.17204468781901383,5161,-1.1268914647461603e-05
9477,0.35089015273128327,0.7256865699568773,4676,4.71532168943596e-06
9478,-0.2829458669453049,0.7772309202001728,4654,-3.5426086144022224e-06
9479,-0.5240222186614863,0.6002851860221066,5256,-4.5932553328618e-06
9480,0.10156426955396526,0.9191075729387479,4048,1.0885712059057276e-06
9481,-1.178361273676358,0.2387160297019446,4422,-1.4754887316192638e-05
9482,-0.18933935498925997,0.8498332438337464,6013,-1.9161437781656864e-06
9483,0.8747854974194843,0.38172484583917843,6141,8.763263949568564e-06
9484,1.8164623390040306,0.06935279594223909,5614,1.9547053367854865e-05
9485,0.6110783978433839,0.54117407058154,5264,4.656629098099054e-06
9486,-1.9883958074872627,0.046831714115575185,4268,-1.924627604673447e-05
9487,-0.10851611317303092,0.9135905369004258,5139,-1.2004084246603855e-06
9488,-0.7201417803917594,0.471477094621231,4274,-8.55606323742867e-06
9489,-0.42804277082861375,0.6686384098374067,5003,-4.056142513122621e-06
9490,1.1722513931335532,0.24114522640913094,5690,9.026098973230165e-06
9491,-0.11043950791983614,0.9120651581082295,5112,-7.929088198390529e-07
9492,0.6141502846827822,0.5391443092578596,4940,4.648352179418747e-06
9493,0.18895246308061803,0.8501373880031642,5244,2.1362637061049152e-06
9494,-0.43630591493735293,0.662631897604431,5507,-3.825338252929163e-06
9495,-0.049153248923232445,0.9607991282635719,5009,-3.801960912164157e-07
9496,0.844970011497249,0.39816678152967566,5158,1.036704447569455e-05
9497,1.4108670297459849,0.15834088128672708,5453,1.3621448698335101e-05
9498,0.15509859968074605,0.8767507458248378,4373,1.1478206132114927e-06
9499,-2.0273051193395153,0.04268679825636301,4764,-2.08227879316344e-05
9500,-0.9808341618510292,0.3267175064207253,5522,-6.466864340393363e-06
9501,0.6131130467780677,0.5398246677761875,6044,6.560931375334642e-06
9502,0.26010316752486706,0.7947936440183019,5668,1.6335388924679213e-06
9503,-0.5912791002821302,0.5543678391653515,3885,-8.353318947928526e-06
9504,-1.516234206563405,0.12951730886451696,5530,-1.4777040278466053e-05
9505,0.7259818117558077,0.4678869037034663,4595,6.272484692144621e-06
9506,-0.45493936910268795,0.6491722650474039,5090,-4.800052490528766e-06
9507,-0.8144800348363985,0.4154213131055897,3781,-8.462654796457949e-06
9508,-0.8730530520779394,0.38267125747959496,5652,-8.265142352806132e-06
9509,-0.9912684089577156,0.3216032619529501,4923,-8.53790509385923e-06
9510,0.6236979361297866,0.532852085665946,5450,3.882195750095938e-06
9511,-2.0902886545603825,0.03665033206395618,4311,-2.2031062049677865e-05
9512,-0.08832181577182108,0.9296246234953145,4751,-8.531743796167548e-07
9513,-0.12286924557294411,0.9022156165867274,4962,-1.5142817294021233e-06
9514,-0.36700700145328347,0.7136277976078764,5547,-4.03416488403724e-06
9515,0.5385701158834048,0.5902037039095531,5938,5.539312257628144e-06
9516,1.013532882811165,0.3108494622099771,5604,1.1491049909085051e-05
9517,0.07955640625443983,0.9365932240204362,5045,6.21163163699687e-07
9518,0.3671572112293154,0.7135258365430506,3227,4.352161705312891e-06
9519,-0.13102001540509173,0.8957651077995956,4679,-1.1167593299761e-06
9520,-1.016172264162588,0.309592761540586,5416,-8.441067693983332e-06
9521,-1.5450394462637826,0.12239884033217341,5095,-1.2346033399621353e-05
9522,0.28442576100373473,0.7760976266888426,4361,2.3814028964372732e-06
9523,-1.4853327105684972,0.13751234317914585,5567,-1.052947852365367e-05
9524,-0.9080381341228534,0.3639255654991216,3243,-1.3008661196066633e-05
9525,0.398803670423836,0.6900531078996286,5590,4.525824012142038e-06
9526,0.5586289084270554,0.5764411953501254,4777,7.211983012640194e-06
9527,-0.1557995146122584,0.8761963198918807,5972,-1.5211067592492005e-06
9528,0.09213120030442518,0.9265974860927744,5007,7.142547289593185e-07
9529,-0.5622886105431231,0.5739440898328354,5105,-6.723563490589859e-06
9530,0.7068038241164566,0.479723935680199,4635,5.944601052875949e-06
9531,-0.5166273916870016,0.6054391712256173,4994,-6.4375543666201965e-06
9532,-3.5369427047394577,0.0004086759107191362,4724,-3.072657147160054e-05
9533,-1.1744135995323217,0.2402858617210022,4954,-1.213131920488635e-05
9534,1.6896103852180728,0.09116636709322479,4883,2.106135695099387e-05
9535,0.33722540536105816,0.7359618087590705,4776,3.7680535151826923e-06
9536,1.0380468272058112,0.2992911943250156,5846,1.1015868785918673e-05
9537,-0.9839199331784787,0.32520498448200774,4752,-1.035301464511145e-05
9538,-1.6344825867030945,0.10223395794416223,4121,-2.1745208708208223e-05
9539,0.3010022794720193,0.7634285670437113,3959,3.3629687187038794e-06
9540,-0.7883361965482135,0.430543976572729,4258,-8.319414705714264e-06
9541,-0.2765496121308001,0.782139407505106,4251,-2.6036505158813178e-06
9542,-0.48658929811845647,0.6265678870784592,5772,-4.457440353401158e-06
9543,0.9762957104739409,0.3289734979579886,4252,8.788882028575826e-06
9544,0.4519146832832359,0.6513505348925621,4880,4.210386093267639e-06
9545,-0.9709364185094043,0.33164201503112656,3784,-1.1102195377362848e-05
9546,0.826147087293306,0.40876272831120075,4686,1.1970164703996619e-05
9547,0.7798643197429161,0.43553642190226904,2811,9.931122485209892e-06
9548,1.2067834749336066,0.22757415623595412,4871,8.56606609150714e-06
9549,-1.6152612273132332,0.1063236531547489,4539,-1.6375051617801323e-05
9550,-0.4280051755614602,0.6686638733215766,5580,-4.463802387735954e-06
9551,-1.35609894746401,0.1751263772996965,5218,-1.6622848881972454e-05
9552,0.7545721207871776,0.45054097694653183,5046,7.671465774266448e-06
9553,-2.5644792387814173,0.01036963516939271,3960,-3.490796722232103e-05
9554,-1.6119890925563176,0.1070472263356721,3807,-1.8317027570364392e-05
9555,-1.2188721560197924,0.22294852453862957,5153,-1.4020931421943675e-05
9556,0.9731769804032457,0.33052060377683423,4261,9.280483057163894e-06
9557,-0.9168436765472289,0.35927104940331134,4757,-9.165629731551501e-06
9558,0.47340841149962815,0.635943649514398,4737,5.3503241957441625e-06
9559,-0.9410493543345557,0.3467199279832702,5633,-8.15555409989234e-06
9560,-0.4959619059577985,0.6199463386255024,4352,-4.946934674421305e-06
9561,0.7764533763214161,0.43752364244759434,4342,8.248588438743297e-06
9562,1.9754970599131763,0.04825876701749632,5842,2.1368529577876302e-05
9563,-0.4070932756976559,0.6839601583191954,4215,-3.92053805800332e-06
9564,0.1293148748993796,0.8971130098505276,5770,8.579881463893612e-07
9565,-0.07990587115616854,0.9363148147657925,5935,-8.604425905719718e-07
9566,-1.5243879245109546,0.12747215946985957,5243,-1.1486169080272095e-05
9567,-0.15889356133823784,0.8737590435782541,5086,-1.1897826416150444e-06
9568,-0.8508484720155591,0.3948920202446846,5294,-9.6306757699556e-06
9569,-1.0230357437857442,0.3063386641762049,5187,-9.085804357925474e-06
9570,0.11715372267182425,0.9067434991856929,4473,9.893072105188919e-07
9571,1.1180107056011523,0.26361874793950824,4769,7.979436159035078e-06
9572,0.3077928332003069,0.7582515313153828,5548,2.0627767165051135e-06
9573,-0.4953006948170333,0.6204119524451932,4522,-5.914596151539841e-06
9574,-1.1075148147846239,0.2681392763952499,3926,-1.3440560127880198e-05
9575,1.0411392149639265,0.2978703175516111,4240,9.693035517440551e-06
9576,0.0073062068630444675,0.9941708083008545,5478,8.154950233471014e-08
9577,0.43286178308521417,0.6651314912945621,5726,4.825327587792973e-06
9578,-1.8765155161630136,0.06065105290748729,4375,-1.6950500377814316e-05
9579,-0.8796917712027553,0.3790715333421384,4675,-1.0825549121417506e-05
9580,0.620948626218711,0.5346606938506646,5191,6.891710755113771e-06
9581,0.7975140084917928,0.4252037192926683,3703,1.0623093592698116e-05
9582,0.17475098510693884,0.8612829264948436,4642,1.6448584855542117e-06
9583,0.011200023787230801,0.9910642849479898,5268,8.718081091584411e-08
9584,-1.0122648972671058,0.3114609702481492,4943,-1.1378884780542418e-05
9585,-0.3685615069181932,0.7124713373923801,4660,-4.803966405427158e-06
9586,0.4691454614369911,0.6389822073895566,6184,4.774422883415489e-06
9587,-0.08096335375545986,0.935474657938014,4550,-7.907329512237531e-07
9588,0.24523674888913854,0.8062816715047851,5888,2.381312685184682e-06
9589,-1.011767905984351,0.3117129845438229,3829,-1.2704618874878005e-05
9590,0.06795801662148884,0.9458219716733589,4659,6.496308529508211e-07
9591,-1.5577821756333836,0.11934985783185637,4872,-1.865143028096184e-05
9592,1.3452178518700109,0.17861229451672922,5315,1.5703222304807248e-05
9593,1.3602440217799296,0.1738030128051684,6097,1.2947246407864419e-05
9594,0.9807720038235407,0.3267527156768504,4993,1.2692052079238364e-05
9595,1.3141322548329757,0.1888755235578592,4084,1.2677043623102884e-05
9596,-1.0650406067362308,0.28690032585591085,6013,-9.075998172811403e-06
9597,-1.025926055766493,0.30498160793220763,4499,-1.2743843867403052e-05
9598,-0.14522995643532657,0.8845349241166611,5219,-1.8101053843103174e-06
9599,0.10560682181916595,0.9158977294792534,6199,1.0331878251906507e-06
9600,0.8319525076023022,0.40547360570794466,5249,1.0326284278847711e-05
9601,-0.4647247694106919,0.6421521526777485,4291,-6.404629062283569e-06
9602,0.11126943832215457,0.9114072505574295,4897,1.01871434900106e-06
9603,-2.4224815271709907,0.015450633570359251,4943,-2.238081997737745e-05
9604,-0.11464467445427569,0.9087320811638839,4333,-1.4890663852693592e-06
9605,-1.6626998127287578,0.09644645203182356,4241,-1.8286161716167612e-05
9606,2.3574840893639175,0.0184360459940629,5207,3.0347114830663207e-05
9607,-0.6434274499578102,0.5199734955596527,5523,-6.068938042108683e-06
9608,0.9000604224321977,0.368129276979533,5264,8.904758506161275e-06
9609,-0.9356105467089425,0.34951778167023884,5131,-6.961735615485335e-06
9610,-1.4502229876124355,0.14706652335068937,4470,-1.882992368346921e-05
9611,0.6770033797181602,0.4984337694831291,5228,5.390445203811744e-06
9612,1.224779746229558,0.22074164280439357,3459,1.4964808566210756e-05
9613,0.27208302892162733,0.7855707417582032,4472,2.920782870965329e-06
9614,-0.056569815776328955,0.9548906563803721,4071,-5.178197645556607e-07
9615,-1.1354588725083095,0.25623703293815225,5047,-8.492946195812154e-06
9616,-1.6327173152904377,0.10258982341198974,5132,-1.2274643657274301e-05
9617,-0.9013274566087203,0.36746225142847355,4522,-9.894875376880809e-06
9618,1.0625353335410366,0.28803987402221054,5443,1.2396705478387147e-05
9619,-0.8644699160491695,0.3873645145051452,5974,-8.941124851928708e-06
9620,-1.375170116910698,0.16914200546536007,4868,-1.6188084620527228e-05
9621,-0.6288031663274967,0.5295001490464384,6464,-5.600288777574223e-06
9622,-1.1656394017727802,0.2438179478010858,4821,-1.4964330579910156e-05
9623,0.6009101366827996,0.5479315949545023,4290,7.274582713843882e-06
9624,0.13610028470207822,0.891747125012005,5349,1.0428800339300999e-06
9625,-0.8409520473319345,0.40041174702590254,5443,-9.430817959454153e-06
9626,-0.6973112438142974,0.48564358198970003,4561,-6.96596170020276e-06
9627,-1.1740726919029116,0.24042513260452436,4722,-1.5364200680253672e-05
9628,0.21427673126469501,0.8303385172856719,6023,2.1326044080883337e-06
9629,1.2804225002094092,0.20045416066010313,5159,8.336853488735896e-06
9630,-0.11439643291904833,0.9089282477086913,4881,-1.3756738049005428e-06
9631,1.8500840802802625,0.06435291669109855,5727,1.2452186188111509e-05
9632,-1.668759775695663,0.09522971565070448,4838,-1.840310845675923e-05
9633,0.18838460877112267,0.8505831029509037,4816,1.3901881807438607e-06
9634,0.38923567711317386,0.6971171137072565,5418,4.087341625591654e-06
9635,-0.09224188054181819,0.9265096627062239,4865,-6.718623479893912e-07
9636,1.0246143374205596,0.30558731065087574,5886,7.54917932770528e-06
9637,-1.6148146957802205,0.10641829800044444,4677,-1.3983606383358022e-05
9638,-0.8089977523869123,0.4185662740686322,3863,-1.027402284945117e-05
9639,-0.9469296925084131,0.3437184971318845,5214,-9.094903554206097e-06
9640,-0.4723243798861929,0.6367145577555391,5345,-3.342123295341504e-06
9641,-0.7430505453304721,0.4574970851340794,3795,-8.512013680122064e-06
9642,-0.11466893345085148,0.9087128840801926,4308,-1.30471734059606e-06
9643,0.8399951223564743,0.4009495181365248,5231,1.053624072909921e-05
9644,-0.1180232596728525,0.90605348913281,5564,-1.3482112636045282e-06
9645,0.3310627581788443,0.7406106534444448,5112,3.2168768608467615e-06
9646,0.675315517999702,0.49950987885413367,4520,8.608538467636375e-06
9647,-0.046325571230477876,0.963052219868552,6330,-2.2563351416499525e-07
9648,-0.8775541138655003,0.3802232857090819,5616,-9.203291232794504e-06
9649,0.9020125200906611,0.36709272176393126,5112,7.6368898749778e-06
9650,-2.564907834796941,0.010343126313475004,6342,-2.0612448146159944e-05
9651,-0.7505437673957976,0.4529612074287068,5205,-5.615955653464647e-06
9652,-1.704318612657692,0.08837334557999932,6002,-1.2859565793314035e-05
9653,-0.4535709444683547,0.6501558896237447,5403,-5.17776446459929e-06
9654,-0.06164377566706648,0.9508489879974258,4983,-7.733069150373573e-07
9655,-1.6047306384119695,0.10862867623776618,4179,-1.4552772495580764e-05
9656,-0.18002347581505312,0.8571413943468205,5028,-2.100124775015065e-06
9657,0.5816818185417447,0.5608061958946786,5209,6.24645909046886e-06
9658,0.3716672367222311,0.7101553871318196,5334,4.105558645927346e-06
9659,-0.51366562166909,0.6075083941038155,5022,-6.295177359224279e-06
9660,1.0624541652275632,0.2880830717968599,4795,1.1112026388269819e-05
9661,-0.9999244559000322,0.31738530791281705,6328,-6.611261046797932e-06
9662,0.6661729978302341,0.505330282120068,5166,6.8564323024321196e-06
9663,0.4319349590603153,0.665803441662278,6312,4.268500041384769e-06
9664,0.9747030358352465,0.32975231511082526,5272,6.536204920069751e-06
9665,-1.0218951538636247,0.3068735997472771,5740,-8.726040079899771e-06
9666,0.16763176839054902,0.866878689600521,5935,1.7258864883432315e-06
9667,0.5802718501057456,0.5617543866565025,5666,6.605928066347605e-06
9668,0.10559986156110324,0.915904655899473,4394,1.3044159106131865e-06
9669,-0.34756903964697483,0.7281784469960721,5016,-3.4955345272361297e-06
9670,-0.5525156974305362,0.5806240090041239,4270,-5.970085073131018e-06
9671,0.35702558940008533,0.7210872968548054,5144,4.534811473537316e-06
9672,-0.13466014548560762,0.8928854308179555,5594,-1.5550782217870463e-06
9673,0.7950843501951947,0.4265962907073293,5925,4.801304050291779e-06
9674,0.44091735317833736,0.6592905667073592,5375,2.972642631301498e-06
9675,-0.012035794458707274,0.9903974790035999,5694,-1.3138467407807864e-07
9676,-0.05636068137068147,0.9550570554802953,4371,-7.586371831075427e-07
9677,1.191768963369716,0.23341118863845778,4767,1.1164880669876553e-05
9678,-0.06240455856430508,0.9502430021189603,5337,-4.901415504283703e-07
9679,-0.6847248018690046,0.493554819835625,4264,-7.0066780714001044e-06
9680,-0.49708270968069995,0.6191510278271237,5384,-4.052833516480375e-06
9681,0.3063419766763252,0.7593580263779953,4641,2.780146585505575e-06
9682,-0.45712571573549937,0.6475979418481641,5756,-4.909851295996917e-06
9683,0.33264133584222433,0.7394180141786668,5374,3.2763854439367315e-06
9684,-1.103451853577326,0.2698827168310973,5134,-9.314343947052831e-06
9685,0.5604722058919911,0.5751902266017432,3825,5.4030126603166814e-06
9686,0.2848564153257505,0.7757672685410808,4497,2.9364000151903136e-06
9687,1.3735037882683292,0.16964810432883293,5886,1.1218013735174209e-05
9688,1.0391281201955485,0.2988010328823556,4497,9.749067815822142e-06
9689,-1.2027362315503825,0.2291379050727984,4787,-9.136651152123161e-06
9690,0.3869619236274122,0.6987995331547809,5441,4.257064843570117e-06
9691,-0.48746768854456585,0.625946209722918,5545,-5.31170358245886e-06
9692,1.1266368068121304,0.2599675684408276,3782,1.4519698649891379e-05
9693,-1.446621431698761,0.1480556476821131,5952,-1.2234534596970604e-05
9694,1.8929510730243264,0.05841347943888242,5876,2.0845362474741253e-05
9695,0.6129929548986054,0.5399072359600439,5314,4.853290737034483e-06
9696,0.15485348775486038,0.8769441690198987,4255,1.5708112670728187e-06
9697,-1.2521966899625374,0.2105684445453777,4170,-1.759137054380219e-05
9698,-0.38851658280662976,0.6976530193420514,4301,-4.820063488795623e-06
9699,-1.0695361779392742,0.2848725444805744,5814,-8.413975815120059e-06
9700,-0.5625328502423369,0.5737762548068324,5430,-4.260584716973452e-06
9701,-1.356143538693653,0.17512419848281935,4332,-1.46261282802909e-05
9702,-1.7596408554281255,0.0785445840880743,4031,-2.137463369090521e-05
9703,-0.496094582668438,0.6198462205822657,5882,-5.178692175697427e-06
9704,0.5041879730855329,0.6141564759504248,4087,4.601582454995975e-06
9705,0.2607609064454501,0.7942886247484287,4578,2.1636744251337643e-06
9706,0.00357410921450842,0.9971484282830092,4793,2.9955540137509307e-08
9707,0.3438706043332952,0.7309569559182671,5414,3.6320725850002447e-06
9708,0.495635770440258,0.620180392353566,3759,5.700539576097504e-06
9709,-0.7298748769856885,0.4655069907003935,4241,-8.695908952621089e-06
9710,0.5464211957023485,0.5848041494483693,4401,5.399586876599309e-06
9711,-0.27515481743352355,0.7832076243306605,5506,-2.3085655063363117e-06
9712,0.103777302322943,0.917350478089799,4732,1.0662695447800529e-06
9713,0.39295879215909596,0.6943636848539942,6085,3.976276660469082e-06
9714,-0.5012616880026265,0.6162115055723705,4497,-4.6558284330483195e-06
9715,-0.9099192143350299,0.36291433018894326,4457,-1.1121598020824378e-05
9716,0.23171205470691877,0.8167697089845172,5897,2.3041239568968116e-06
9717,0.3660703230671021,0.7143311138144508,4184,3.8118467136040827e-06
9718,-0.12394201322784157,0.9013656137291681,5629,-8.892137943963069e-07
9719,-0.8388488210241448,0.40159720524708176,4658,-9.09347873779252e-06
9720,-0.33457261010566064,0.7379588981756249,6162,-2.9505784778202213e-06
9721,-1.3172417993389878,0.1878178991781092,5005,-1.3389880362291096e-05
9722,1.9652564183517254,0.04943537060619829,5441,2.2407265348371894e-05
9723,-0.5913052946478885,0.5543456953609365,4484,-5.444772923682476e-06
9724,0.9487550781988834,0.34278810334145904,5344,1.1532256251285444e-05
9725,-1.8933269227357978,0.05837438304929243,4810,-1.4164770791333926e-05
9726,0.098421067495308,0.9216025477999352,4288,1.1376898286807408e-06
9727,-0.3391689639087924,0.7344967061965635,4996,-3.2099784024082436e-06
9728,-1.3677987271439789,0.171438236883928,4868,-1.386062932977749e-05
9729,-0.5742791301823931,0.5658082526284032,4406,-6.990769630231561e-06
9730,-1.4552822217434798,0.14567550160713982,3722,-1.648321679318272e-05
9731,-0.694182579305766,0.48760225333078466,4670,-8.813418395243695e-06
9732,0.44439974109109515,0.6567828037920278,3294,5.860454333940471e-06
9733,-1.6853554625956861,0.09197264282665074,5929,-1.3669128294624176e-05
9734,0.7084291575273743,0.47870764392606535,5724,4.289624933545125e-06
9735,0.9813763344066588,0.32647693536045375,3405,1.211754542568592e-05
9736,0.7022622307998307,0.4825426503259278,6053,5.029532436538603e-06
9737,-0.3746423120684685,0.7079443285717839,4457,-3.842638794813117e-06
9738,-1.5350251224488878,0.12483871812011826,5182,-1.5107329621670012e-05
9739,0.4427906834396916,0.6579391291913725,4357,5.056847990271911e-06
9740,0.9623530990853869,0.3359167980324471,5226,7.139590243026476e-06
9741,0.30795886741700096,0.7581252949112891,5500,3.308402551176725e-06
9742,-0.7527148951863483,0.45166094783184163,4465,-1.0506550210610689e-05
9743,0.386095119899526,0.6994423386956576,5098,4.320427826137118e-06
9744,0.20624611318554412,0.8366090461711242,4047,2.146136143098551e-06
9745,-1.1868478359202934,0.23533490293672754,5967,-1.1139604740273877e-05
9746,0.9213499786119179,0.35691600022234393,4606,7.335011178772781e-06
9747,1.0200055599106137,0.3077790024025959,4641,8.571594706311667e-06
9748,-0.43773464135646684,0.6615979875167954,4891,-4.314603413838926e-06
9749,-0.5601746049458194,0.5753866256148181,4776,-7.0030870510991304e-06
9750,-0.06238061906569035,0.9502628920212872,3942,-8.341660448623668e-07
9751,0.9723072312848225,0.33094904053265406,4584,6.562525694486393e-06
9752,-0.07310264511523266,0.9417269274869866,5871,-7.120413219246435e-07
9753,0.4771003488534642,0.633310289722476,5314,4.354393624023832e-06
9754,0.6583948452070271,0.5103158798749896,4823,6.863120064033697e-06
9755,-1.280150645457566,0.20057875350711374,3430,-1.6071998720790922e-05
9756,0.24416029686419038,0.8071231733541233,3037,3.615118271035083e-06
9757,-0.21432744631833361,0.8303007599994239,4833,-2.192748638441284e-06
9758,1.2687063742898335,0.20459588575107657,5898,1.3595644478282559e-05
9759,1.3002343480029308,0.19359735690079138,3908,1.2536673882845322e-05
9760,0.4392009938305985,0.6605329328187413,5574,4.4637859621850005e-06
9761,-0.6466299706283317,0.5179080712364854,4054,-7.726949251267451e-06
9762,0.32226159340652405,0.7472670014513039,5401,3.5418340330338786e-06
9763,0.4097515759476458,0.6820021097927822,6307,4.037176503007321e-06
9764,-0.5727393513164913,0.5668531960252117,4024,-8.215008109426525e-06
9765,0.30924514559253535,0.7571468891247259,5445,2.1762950059636078e-06
9766,-0.1244908081158427,0.9009317144381477,4969,-1.3360928289326335e-06
9767,1.4230966672604275,0.15476489359845735,5497,1.3922747179715938e-05
9768,-1.8343666393374078,0.06667995272507654,3696,-2.484217575933158e-05
9769,0.12477818610132217,0.9007038717648437,5321,1.0355695436499687e-06
9770,0.016730740093815845,0.9866521200524196,4793,1.855605643451704e-07
9771,0.4279699399845803,0.6686890033786286,5762,4.542060714324547e-06
9772,1.5481921894439377,0.1216403878225738,4918,1.3547779625746347e-05
9773,0.047734220464918944,0.9619304501955366,3991,5.103713555077946e-07
9774,0.5312338247214632,0.5952867549234422,3934,5.2764191079139155e-06
9775,1.3728810644606182,0.169856014045338,4617,1.3267608783973267e-05
9776,-0.8605466372608778,0.3895225013749064,5944,-8.345924433478838e-06
9777,1.1708122730723813,0.24171838640898402,6321,1.177437957088757e-05
9778,-0.16923724010721547,0.8656180967934621,4249,-1.7310970571877593e-06
9779,1.4547714288357263,0.145791569747034,5319,1.5682317069314587e-05
9780,0.8409761089599027,0.4004089332369998,4224,7.69042139743363e-06
9781,-0.6269901380538245,0.5306916867003504,5509,-4.781584258463532e-06
9782,-1.3584018802398634,0.17439594049039364,5130,-1.0411643281766826e-05
9783,-0.37013498997042305,0.711296187761405,5492,-2.8850495500812502e-06
9784,0.20472825044473364,0.8377926410292256,5086,2.598475806322721e-06
9785,0.7017472830296458,0.48286785105653984,5257,6.163027687812041e-06
9786,2.1122731863377453,0.03470617036189516,5732,2.39758451629259e-05
9787,0.8183778915023158,0.41319600130336576,3575,9.284556802344155e-06
9788,-1.2642094054847721,0.20621311809392262,5060,-1.4208348376806615e-05
9789,0.16998892294164647,0.8650260313536442,4788,1.6829097493678123e-06
9790,-0.3887788962764031,0.6974552954436586,5313,-4.328211677158079e-06
9791,0.8719934614583305,0.38326371119058544,4045,9.893832202712566e-06
9792,-0.3553157581612491,0.7223674156023308,5218,-4.021339942556466e-06
9793,1.2328540175809033,0.21769181580370267,4707,9.781877905033412e-06
9794,1.1574152358199572,0.2471565130040454,5143,1.4014051893622823e-05
9795,-0.1312119919314117,0.8956122347783397,5708,-1.2737360264403282e-06
9796,0.6679676263658529,0.5041791495569135,6194,6.917442720052086e-06
9797,-0.161858774988218,0.8714244025569311,4459,-1.6788284071674592e-06
9798,-1.523760510849582,0.12763310668208838,4899,-1.893074895565535e-05
9799,0.15480755914256095,0.8769781208928664,6140,1.555182444121102e-06
9800,-1.1036602598049252,0.2697951044417912,4868,-1.0294110709121632e-05
9801,1.297424581538726,0.19453921068529234,5536,1.44065267325908e-05
9802,0.7252204827215035,0.4683507448102695,4997,9.641384696820973e-06
9803,-1.1129652835477475,0.2657725615812112,5436,-1.0152476274051653e-05
9804,-0.33689515426683075,0.7362130605392676,4130,-4.42282366578863e-06
9805,-1.3144172666167462,0.18876297100155925,5276,-9.512328151129201e-06
9806,0.7218330310585406,0.4704375530294338,4177,8.967631241623516e-06
9807,-0.0215793381060948,0.9827844463814679,4626,-2.766136575237131e-07
9808,-1.3632829813797733,0.17284617747308473,5810,-1.1389936888224621e-05
9809,-0.2506122130150179,0.8021242314145436,5003,-1.6788309811561115e-06
9810,-0.9791074599606246,0.32758209592442866,4291,-1.2462840521056358e-05
9811,0.02690854617000274,0.9785335824242427,5932,2.960605600800058e-07
9812,0.42202756639807165,0.6730209028009022,5669,4.5923990684127785e-06
9813,-1.0183912443441043,0.3085427749766574,4859,-1.3525167583224014e-05
9814,1.2525692879214083,0.21041512139206775,5567,1.2645190075382912e-05
9815,0.28079267354121834,0.7788795486440674,5738,1.955892399783827e-06
9816,1.438874639705407,0.15025377100367243,4622,1.308567709214322e-05
9817,-0.7281504465847944,0.4665522262293822,5549,-6.149265481109054e-06
9818,1.124650057396959,0.2607855123337657,5606,1.1889473584001976e-05
9819,0.018848093948098457,0.984963075178716,4773,2.0068129987239e-07
9820,0.3867176202678806,0.6989811919278779,5169,4.711959903718878e-06
9821,1.865751124239731,0.062129660286499355,5473,2.1697215691219635e-05
9822,-0.7014851836103978,0.48303075552130137,5357,-4.656140147656774e-06
9823,0.7247451950065493,0.46864175510089034,5079,5.928160610818876e-06
9824,0.9813892553397381,0.3264393644174026,6161,9.45460333047793e-06
9825,-0.4559110633250473,0.6484703024072509,6049,-3.978003811827499e-06
9826,-1.7107621185204924,0.08718569402732879,5114,-1.9518842126920452e-05
9827,-0.37268137899294784,0.7093981879057214,6274,-3.5887092203357952e-06
9828,-0.060669942171806004,0.9516246002479094,4793,-4.6241336503627286e-07
9829,1.6460054916471276,0.09982072601807612,5410,1.9702529111776954e-05
9830,-0.286139706652416,0.7747808152512912,6115,-2.9803762913551765e-06
9831,1.0590525710134344,0.28963598168367866,4254,9.652724578863953e-06
9832,-0.28082024102850023,0.7788597117317737,5082,-2.5310519938440192e-06
9833,-0.4512681206234105,0.6518153969226093,5130,-5.618107564651732e-06
9834,-0.7028366157519323,0.48219205492226225,4746,-7.634050311438584e-06
9835,0.6415309484206914,0.521203021815607,5826,4.414909677213673e-06
9836,1.5273798672190102,0.12676118328933694,3344,1.9121575956004673e-05
9837,-0.42163214393257037,0.6733102059233378,5439,-4.71653457433985e-06
9838,-0.5391748441152477,0.5897912647782118,4793,-6.547967676131936e-06
9839,-0.4102104454454362,0.681668137996271,5308,-4.985857550924601e-06
9840,-1.6937564883585678,0.09037182527179999,5169,-1.2995510463164192e-05
9841,-1.7431112265603035,0.08138579768100151,4293,-1.5774001907315985e-05
9842,2.0134487806989116,0.04411920272508585,5167,1.9482012658275748e-05
9843,0.7084240493820477,0.4787305985216146,3396,8.515138391421238e-06
9844,0.8785185231361473,0.37971087868792,4354,7.014402982155636e-06
9845,0.3177911923732667,0.7506569041141495,4890,2.4176681119446562e-06
9846,-0.7799203081194085,0.43548657571015514,3784,-9.338196307979122e-06
9847,0.9273492305411354,0.3537892886365792,5082,1.0170475722683854e-05
9848,0.2687454202038019,0.7881372362525918,4764,2.9273738340936576e-06
9849,-1.223281148265057,0.2212822180256686,4912,-1.4215126169225506e-05
9850,-0.7701270196068246,0.4412611751406086,4968,-8.632621914381132e-06
9851,-0.8523268632278412,0.3940755454672309,4765,-1.1405267389548864e-05
9852,-0.5148953693664918,0.606649461572649,4880,-3.7011660710595994e-06
9853,-0.30538888117223995,0.760083195327224,4814,-4.000460337029634e-06
9854,0.6293022421482857,0.5291789556067572,5181,4.216091143805636e-06
9855,-1.008629761346765,0.313221852699483,3506,-1.536242511962595e-05
9856,-1.133088766971163,0.2572401216107698,4303,-1.3458524485620122e-05
9857,-0.6029866132313784,0.5465441984429844,5141,-7.217206235100561e-06
9858,-0.6437763179398119,0.5197522968337585,4643,-7.689152381643982e-06
9859,-1.47175134121989,0.14114959394762128,5113,-1.648348030656092e-05
9860,-0.23186296018359803,0.8166583912066177,3405,-2.873152706360546e-06
9861,0.33287398883248076,0.7392448561827387,4517,4.554551373507616e-06
9862,-1.5561516311310726,0.11974799914609502,4167,-1.983092593708237e-05
9863,-0.7918181114886907,0.4285068536507928,4683,-9.580779897231939e-06
9864,-0.34355597619679196,0.7311926729196117,5809,-3.647298261454471e-06
9865,-0.9835375411531595,0.32539160732371597,4891,-1.0913544930449606e-05
9866,0.3634950587083149,0.7162511882285791,4778,4.557454647441659e-06
9867,0.5015825124368293,0.6159848721717891,4670,4.530895209212949e-06
9868,-0.22880986554477134,0.8190238179722444,6573,-1.9085266222787567e-06
9869,0.12175982058785952,0.9030930547397265,6407,6.824166164190253e-07
9870,-1.4253491702328465,0.1541125685741198,5547,-1.2745140752093566e-05
9871,-0.9005147665627709,0.3678856553252472,5521,-1.048257877939552e-05
9872,-0.5500652580535252,0.5823020061422646,4486,-5.35747724276636e-06
9873,0.39275727372297026,0.6945149130574855,5185,2.901825236552609e-06
9874,-1.5629739540988743,0.11812006823297416,5159,-1.5204965063412615e-05
9875,-0.6862135585268941,0.4926124504337419,4680,-8.34247664246775e-06
9876,-1.3382811674902333,0.18086285374332123,5242,-1.5235717612457376e-05
9877,-1.3682006019906636,0.1713068469800807,5342,-1.437493425292316e-05
9878,0.6172549059879675,0.5370944014175136,5057,7.994180950932073e-06
9879,-0.3720780283140632,0.7098528000924271,4370,-3.235187239231802e-06
9880,-0.900905220547697,0.3676820711544644,5005,-1.0215966908364545e-05
9881,0.1319576092473163,0.8950226978182467,5445,1.4268722573185952e-06
9882,-2.7957004836917116,0.005197732000071564,5203,-2.9991520646765313e-05
9883,-0.12715600613341932,0.8988217457084637,5304,-1.4183304664693662e-06
9884,-0.8062499677907311,0.42013505050435773,5280,-6.2481485111973755e-06
9885,-0.7852191133932049,0.43235514838236044,6194,-6.1137505347195885e-06
9886,0.48706601858446896,0.6262282223041167,6403,4.7255846607492565e-06
9887,-0.5452082964450671,0.5856342630103457,5068,-4.567439854362475e-06
9888,-0.5129917433123992,0.6079762311627603,5923,-4.302028323573136e-06
9889,-0.3264857166085409,0.7440719734929497,4532,-3.446146743199496e-06
9890,-0.2597404345544636,0.7950746646882454,5015,-3.0854587352348474e-06
9891,-0.7234141856703595,0.46945439687817037,5848,-7.059924686412955e-06
9892,-1.081830159541693,0.2793768713759177,5339,-1.2130018518454539e-05
9893,-1.2608335657410792,0.20742562494822203,5179,-1.3629600082499096e-05
9894,-0.035339998096665375,0.9718110835787392,2875,-5.562501221646567e-07
9895,-0.06129677552285488,0.9511252103476278,5210,-7.391625654904664e-07
9896,-0.7750717143896279,0.4383397063406824,4321,-8.055795820880725e-06
9897,-2.053963153261265,0.0400348085152491,4671,-2.1545612243500534e-05
9898,-0.7396727622394373,0.4595321760907465,5169,-7.881218392255052e-06
9899,-1.2372260210714545,0.21605647837605724,5452,-1.3141961577714685e-05
9900,0.2035753037133308,0.8386933123258322,5232,2.415556654035024e-06
9901,-0.8818240318390741,0.3779296291501206,3677,-8.656634015294724e-06
9902,-0.022574443618941665,0.9819906646871817,4818,-2.5735360890989383e-07
9903,-1.3643888408420326,0.17251574832542627,4354,-1.5223985872794762e-05
9904,-1.9205343824948575,0.05485802195977363,4204,-2.0600073607527e-05
9905,0.6539487228153862,0.5131769042899545,4691,8.00210951578129e-06
9906,0.5852311576634981,0.5584223080760826,4401,7.438325676612448e-06
9907,0.19230484780997456,0.8475138898300525,3731,2.4898047766358027e-06
9908,-1.4895294375930328,0.13641465162258082,4733,-1.818167532724685e-05
9909,0.506851881607784,0.6122803828516004,5167,4.752053821415753e-06
9910,-0.4492226526587861,0.653289798150553,5193,-4.145178236273812e-06
9911,0.341086752989383,0.733054853323639,4323,4.047930421764141e-06
9912,-2.8461792463820093,0.004447325752293008,3988,-3.2228171097745425e-05
9913,0.7707969155600854,0.4408654201261979,4780,9.079389979392841e-06
9914,-0.03225400539980334,0.9742707883397113,4953,-3.411611211109682e-07
9915,0.09871655756321716,0.9213669860990021,5401,6.515769817478224e-07
9916,-0.5529662039436134,0.58031429114562,4457,-5.089624047081129e-06
9917,-0.5060533911365489,0.6128391175535453,5593,-5.551487062404019e-06
9918,0.1841505726414258,0.8539037889185959,4417,1.6232130841782384e-06
9919,0.36542267446500426,0.7148129827158671,4530,3.6528947868308797e-06
9920,-0.8801732601108609,0.37881421387446235,4339,-1.0116065699635403e-05
9921,-0.658730744698039,0.5101020404526289,4548,-7.619486698365036e-06
9922,0.24519805459840527,0.8063120929851075,5585,2.147782290273687e-06
9923,1.077569682691564,0.281269729630353,5923,6.756652449968039e-06
9924,0.8839252730194832,0.37680534343740724,3090,1.169372958316505e-05
9925,-0.1697505756735078,0.8652134421553519,4807,-1.508651875205591e-06
9926,-0.8334039578124781,0.4046521665440199,5652,-7.438001642597077e-06
9927,-1.3016769180914651,0.19311041913580484,3589,-1.5842824806015393e-05
9928,-0.6922440502545066,0.48881275567734406,5606,-4.500468808523345e-06
9929,-0.3084205223965984,0.7577738644332082,5589,-1.9230330097586377e-06
9930,-2.1463845642231334,0.0318871978490991,5345,-1.972347243526318e-05
9931,-0.3453416095161423,0.729850713110979,5527,-3.82625293678123e-06
9932,-0.5005897475478764,0.6166838702128774,4593,-5.663449045438235e-06
9933,0.13323082575108683,0.8940166428104299,4615,1.2111327050398272e-06
9934,-0.36134410760961955,0.7178572784209671,5072,-4.572721078556562e-06
9935,-1.220809580703422,0.22220711014835026,5877,-1.129156427533669e-05
9936,0.7884180801602511,0.4304878033613275,5250,9.845877936346182e-06
9937,-0.23157879052245706,0.8168734717652641,5717,-1.947211230803922e-06
9938,0.8799262064608763,0.37894392348560957,4738,6.6534119875241695e-06
9939,-1.2149477498765717,0.22444325247660735,5013,-1.155238864768467e-05
9940,-0.12350386506823516,0.901713212560147,4869,-1.3100716169515648e-06
9941,0.7488117021437399,0.4540116627216735,4301,7.236017417977408e-06
9942,0.7745476190163579,0.4386454016051706,4772,9.934507226694733e-06
9943,-1.5596807270534818,0.11890198180831724,4750,-1.442650614808349e-05
9944,0.6245394822414404,0.5323114353796128,3742,6.357690022580152e-06
9945,-1.0927956288352143,0.27452638009270736,6146,-7.409463653107687e-06
9946,0.2124429191881284,0.8317688291919003,5913,2.22461271654695e-06
9947,-1.1464125162095684,0.25169707054882284,3781,-1.3039485109866494e-05
9948,-2.2277564070913165,0.025937858240774325,5394,-2.0905334454310076e-05
9949,1.0093468670315628,0.3128679751638548,4094,1.018757089969898e-05
9950,1.7871445571635818,0.07396515107360258,5935,1.8664397529511844e-05
9951,-0.40709323936483127,0.6839589054277588,4493,-3.827366101555519e-06
9952,-0.6971455138225694,0.4857485730533455,4400,-6.659505096090069e-06
9953,-0.3950429662693919,0.6928264705252143,5511,-3.4726746626824494e-06
9954,-0.4316365533630408,0.6660252889850371,4724,-4.7121563331750074e-06
9955,0.40939274272612486,0.6822674971495801,5470,4.649061648984857e-06
9956,0.3545891356661083,0.7229086314334561,6668,3.1975239449465525e-06
9957,-0.24687084071810914,0.8050184940674612,4916,-2.8603244062033372e-06
9958,-0.9456847596613309,0.3443533293510339,5202,-1.0761543285242466e-05
9959,0.16687352934599056,0.8674758004129615,5409,1.664731338337955e-06
9960,-1.5011821576351638,0.13337532896996107,4722,-1.7219400575811693e-05
9961,0.1933316415036084,0.8467060428376754,5779,2.1293513413878834e-06
9962,0.02053837907324175,0.9836146507945958,5433,2.5132032121598223e-07
9963,1.2509698921891812,0.21100251049035856,5131,9.480536876609717e-06
9964,-0.2552245362527095,0.7985618676789086,4308,-3.539905811344146e-06
9965,0.2860835098697278,0.7748271793756141,4553,2.359049408866091e-06
9966,-0.46851492935289035,0.6394351830859617,5437,-3.6183028260757434e-06
9967,-0.6233680652736084,0.5330695078700449,5300,-6.992824900211939e-06
9968,-0.44038734678569724,0.6596749774857429,5177,-4.95823854721985e-06
9969,-1.4198693301427383,0.15569669510812956,6117,-1.175631972952976e-05
9970,1.1255563010798424,0.26040199120712604,5557,1.1726485037107166e-05
9971,-0.015941584821674418,0.9872815625212199,5598,-1.8327736102472745e-07
9972,-0.8513619638888561,0.39460346186922735,5801,-8.386859025727357e-06
9973,-1.52072740954789,0.1283889409759431,5211,-1.26735323611659e-05
9974,0.661749143583672,0.5081709697151195,3914,6.374257036456065e-06
9975,-0.44520650213288143,0.6561901426178878,4914,-4.256770406559543e-06
9976,0.5282784372833018,0.5973248367000505,6256,3.1519814872833168e-06
9977,1.6412655307209907,0.10080455434711988,5053,2.0769960093335197e-05
9978,0.05117311421157124,0.9591897204557556,4766,4.5974246763058227e-07
9979,-1.2628657625472264,0.2066898007478728,5623,-1.1923596251102632e-05
9980,0.17438744169431453,0.8615668258609368,6043,9.333656931773317e-07
9981,0.09651636770561073,0.9231144777067992,4833,1.041301476233114e-06
9982,-0.06006137693863085,0.9521087685897465,5950,-6.188032427770761e-07
9983,0.2770736723048963,0.7817368491822057,4303,3.0246048473155377e-06
9984,0.9913576451534667,0.3215560521088141,5322,1.0267636385917614e-05
9985,0.936388279275315,0.34912899064189706,4062,9.199544576718356e-06
9986,-0.7952992278236412,0.4264813151385267,4511,-7.298592688035222e-06
9987,1.0328714567774961,0.3017140730500327,4995,9.538534753124081e-06
9988,-2.459050314877276,0.013964340914118134,4972,-2.5480959561518202e-05
9989,-0.12334581079034322,0.9018375762866369,5752,-1.410781007484513e-06
9990,-1.1397169908613354,0.2544692191014437,4201,-1.2407049261972094e-05
9991,-0.5105744472959979,0.6096727538021454,4760,-4.6877256204215185e-06
9992,1.2023250787200968,0.22928971482834948,5464,1.0139072692329987e-05
9993,1.9592463514260638,0.05015214591125794,4069,2.134504281965432e-05
9994,-0.7717678622228971,0.4402875058526716,5127,-6.623936336093715e-06
9995,-0.8391729222385711,0.40141615417945964,4573,-8.963854602252169e-06
9996,-0.40253117986121095,0.6873143801242094,4053,-3.721219325122757e-06
9997,-0.16937066112770024,0.8655115567926486,5306,-2.1183574068094465e-06
9998,-0.10128166889958247,0.9193301356356349,6214,-9.67567980632997e-07
9999,0.112603450045671,0.9103500252861316,4454,1.0156296161491402e-06
10000,0.4202467917023959,0.6743235687798399,4910,2.9392402360092403e-06
