T_label,T_effective,z,rep,dsr,pbo,confidence
single_window_tb2000,197.3,0.0,0,0.4777575626518166,0.6038961038961039,0.1892416319594858
single_window_tb2000,197.3,0.0,1,0.5479952385315059,0.2435064935064935,0.4145548395384444
single_window_tb2000,197.3,0.0,2,0.6489221767968933,0.5584415584415584,0.2865370650791477
single_window_tb2000,197.3,0.0,3,0.5824387352624236,0.7337662337662337,0.15506485808934656
single_window_tb2000,197.3,0.0,4,0.847304803507102,0.3582251082251082,0.5437789485711163
single_window_tb2000,197.3,0.0,5,0.3507142948444911,0.5584415584415584,0.1548608574638013
single_window_tb2000,197.3,0.0,6,0.4691449875116708,0.8852813852813853,0.05381966306952065
single_window_tb2000,197.3,0.0,7,0.30729546996723534,0.6525974025974026,0.10675524443666941
single_window_tb2000,197.3,0.0,8,0.44076932861221874,0.36147186147186144,0.2814436189190574
single_window_tb2000,197.3,0.0,9,0.47977892702147806,0.7705627705627706,0.11007914775817462
single_window_tb2000,197.3,0.0,10,0.49910569715682773,0.48484848484848486,0.2571150561110931
single_window_tb2000,197.3,0.0,11,0.6770135059363951,0.2803030303030303,0.48724456866634497
single_window_tb2000,197.3,0.0,12,0.4446793618983215,0.23917748917748918,0.33832206863043296
single_window_tb2000,197.3,0.0,13,0.37817114361500126,0.8430735930735931,0.05934503877075236
single_window_tb2000,197.3,0.0,14,0.3766022783136378,0.8679653679653679,0.04972454324054526
single_window_tb2000,197.3,0.0,15,0.3252669329375242,0.6201298701298701,0.12355919205743615
single_window_tb2000,197.3,0.0,16,0.31127578881904483,0.775974025974026,0.06973386178088992
single_window_tb2000,197.3,0.0,17,0.6664277891646245,0.32792207792207795,0.4478914037567444
single_window_tb2000,197.3,0.0,18,0.5235798910395559,0.8928571428571429,0.056097845468523824
single_window_tb2000,197.3,0.0,19,0.29014762288313617,0.7803030303030303,0.06374455351220416
single_window_tb2000,197.3,0.0,20,0.4024651685620221,0.18722943722943722,0.3271118415477041
single_window_tb2000,197.3,0.0,21,0.5152700693807892,0.5270562770562771,0.24369374493442086
single_window_tb2000,197.3,0.0,22,0.7621079845139188,0.23376623376623376,0.5839528712509249
single_window_tb2000,197.3,0.0,23,0.5355097717971369,0.5670995670995671,0.2318224120333926
single_window_tb2000,197.3,0.0,24,0.5420618302097384,0.3787878787878788,0.3367353793727163
single_window_tb2000,197.3,0.0,25,0.46614003328864156,0.5887445887445888,0.19170261109273135
single_window_tb2000,197.3,0.0,26,0.4701720272905756,0.3333333333333333,0.3134480181937171
single_window_tb2000,197.3,0.0,27,0.783177233880898,0.10714285714285714,0.699265387393659
single_window_tb2000,197.3,0.0,28,0.25282554718009165,0.525974025974026,0.11984587626069279
single_window_tb2000,197.3,0.0,29,0.5302893269591831,0.5281385281385281,0.25022310233138945
single_window_tb2000,197.3,0.0,30,0.43031822222920363,0.3625541125541126,0.27430458105303135
single_window_tb2000,197.3,0.0,31,0.4183942123856335,0.7748917748917749,0.09418397854568375
single_window_tb2000,197.3,0.0,32,0.5082423767654403,0.2510822510822511,0.38063173671177997
single_window_tb2000,197.3,0.0,33,0.6211874364055504,0.7229437229437229,0.1721038784846547
single_window_tb2000,197.3,0.0,34,0.654950874717778,0.05627705627705628,0.6180921674825784
single_window_tb2000,197.3,0.0,35,0.13685622966388816,0.7380952380952381,0.03584329824530404
single_window_tb2000,197.3,0.0,36,0.7304298919867002,0.34523809523809523,0.4782576673722442
single_window_tb2000,197.3,0.0,37,0.5737498625374575,0.5270562770562771,0.2713513960269144
single_window_tb2000,197.3,0.0,38,0.3186473460759304,0.8733766233766234,0.04034820291221197
single_window_tb2000,197.3,0.0,39,0.6911098753698071,0.22727272727272727,0.5340394491493964
single_window_tb2000,197.3,0.0,40,0.6389878513406809,0.6396103896103896,0.23028458278836228
single_window_tb2000,197.3,0.0,41,0.3480016164791002,0.7857142857142857,0.0745717749598072
single_window_tb2000,197.3,0.0,42,0.4481923641970691,0.22186147186147187,0.3487557465992345
single_window_tb2000,197.3,0.0,43,0.5380947997148593,0.5021645021645021,0.26788269249873947
single_window_tb2000,197.3,0.0,44,0.4971370088098344,0.3647186147186147,0.3158218876313558
single_window_tb2000,197.3,0.0,45,0.21567728837963462,0.7738095238095238,0.04878414856206021
single_window_tb2000,197.3,0.0,46,0.408975876342,0.6341991341991342,0.14960372965757143
single_window_tb2000,197.3,0.0,47,0.3106834000918208,0.8344155844155844,0.05144432923598333
single_window_tb2000,197.3,0.0,48,0.751883278405405,0.23809523809523808,0.5728634502136419
single_window_tb2000,197.3,0.0,49,0.6149060530306014,0.5303030303030303,0.28881950975679765
single_window_tb2000,197.3,0.0,50,0.6373576091485269,0.35714285714285715,0.40972989159548157
single_window_tb2000,197.3,0.0,51,0.43894267318469726,0.5974025974025974,0.1767171801133197
single_window_tb2000,197.3,0.0,52,0.36635410166341315,0.5963203463203464,0.14788969688360723
single_window_tb2000,197.3,0.0,53,0.5077847289873242,0.8214285714285714,0.09067584446202219
single_window_tb2000,197.3,0.0,54,0.5660844164555878,0.4448051948051948,0.31428712731787506
single_window_tb2000,197.3,0.0,55,0.74422504092807,0.2077922077922078,0.5895808765793801
single_window_tb2000,197.3,0.0,56,0.3345122890517177,0.854978354978355,0.04851152243823613
single_window_tb2000,197.3,0.0,57,0.8601753275762805,0.25432900432900435,0.6414077929654299
single_window_tb2000,197.3,0.0,58,0.2510442980933666,0.8582251082251082,0.035591778192890715
single_window_tb2000,197.3,0.0,59,0.5839666233115878,0.4090909090909091,0.34507118650230184
single_window_tb2000,197.3,0.0,60,0.5568681702327212,0.38961038961038963,0.3399065454667259
single_window_tb2000,197.3,0.0,61,0.5250803026550013,0.46320346320346323,0.2818612880052821
single_window_tb2000,197.3,0.0,62,0.660583149516296,0.4621212121212121,0.3553136637549774
single_window_tb2000,197.3,0.0,63,0.7995177838381597,0.3560606060606061,0.514840997168512
single_window_tb2000,197.3,0.0,64,0.4812849085156835,0.4675324675324675,0.25626858765120814
single_window_tb2000,197.3,0.0,65,0.5080374557099812,0.8874458874458875,0.05718170497168617
single_window_tb2000,197.3,0.0,66,0.2269087129866193,0.7413419913419913,0.058691755848270584
single_window_tb2000,197.3,0.0,67,0.6093320178971205,0.33766233766233766,0.4035835443214695
single_window_tb2000,197.3,0.0,68,0.47874466205626565,0.711038961038961,0.13833855494483002
single_window_tb2000,197.3,0.0,69,0.44484423745166807,0.6547619047619048,0.15357717721545683
single_window_tb2000,197.3,0.0,70,0.34150323879507927,0.2857142857142857,0.24393088485362804
single_window_tb2000,197.3,0.0,71,0.27537047492986233,0.32142857142857145,0.18685853655954945
single_window_tb2000,197.3,0.0,72,0.5380282331268709,0.35173160173160173,0.348786700912333
single_window_tb2000,197.3,0.0,73,0.33844455928618034,0.5941558441558441,0.13735574646354723
single_window_tb2000,197.3,0.0,74,0.6597211902505697,0.16233766233766234,0.5526235944306721
single_window_tb2000,197.3,0.0,75,0.5124718506631677,0.7965367965367965,0.1042691644206445
single_window_tb2000,197.3,0.0,76,0.3479287148181226,0.31926406926406925,0.2368475775114709
single_window_tb2000,197.3,0.0,77,0.31521506612256905,0.44264069264069267,0.17568805092329334
single_window_tb2000,197.3,0.0,78,0.3221755184268539,0.6623376623376623,0.10878653868958703
single_window_tb2000,197.3,0.0,79,0.36977745631079506,0.5595238095238095,0.16287816527975496
single_window_tb2000,197.3,0.0,80,0.3925925675860755,0.7943722943722944,0.08072790891921465
single_window_tb2000,197.3,0.0,81,0.1518094368485755,0.6904761904761905,0.046988635215035275
single_window_tb2000,197.3,0.0,82,0.3669412177090975,0.5595238095238095,0.1616288697051977
single_window_tb2000,197.3,0.0,83,0.8914887140544903,0.14935064935064934,0.7583442957216768
single_window_tb2000,197.3,0.0,84,0.6832656273875213,0.6385281385281385,0.24698129821150663
single_window_tb2000,197.3,0.0,85,0.44479308821552854,0.4004329004329004,0.26668330180887756
single_window_tb2000,197.3,0.0,86,0.4052620932359448,0.461038961038961,0.21842047882197027
single_window_tb2000,197.3,0.0,87,0.48711656434883166,0.5173160173160173,0.23512336331123262
single_window_tb2000,197.3,0.0,88,0.6216593815346496,0.341991341991342,0.4090572553821071
single_window_tb2000,197.3,0.0,89,0.5059993871246578,0.3474025974025974,0.33021388575342925
single_window_tb2000,197.3,0.0,90,0.32178485017679326,0.31601731601731603,0.22009526548888889
single_window_tb2000,197.3,0.0,91,0.9305267349023032,0.17316017316017315,0.7693965643564498
single_window_tb2000,197.3,0.0,92,0.551413545872572,0.4772727272727273,0.2882388989788444
single_window_tb2000,197.3,0.0,93,0.4183785304753057,0.4880952380952381,0.21416996202902552
single_window_tb2000,197.3,0.0,94,0.2372129130169176,0.9361471861471862,0.015146711978352958
single_window_tb2000,197.3,0.0,95,0.29785914474438213,0.577922077922078,0.12571976888561584
single_window_tb2000,197.3,0.0,96,0.5720192001395048,0.7218614718614719,0.15910057839378
single_window_tb2000,197.3,0.0,97,0.2820772664613139,0.8095238095238095,0.05372900313548836
single_window_tb2000,197.3,0.0,98,0.32786257131611907,0.7153679653679653,0.09332019075339754
single_window_tb2000,197.3,0.0,99,0.3899813461761984,0.5800865800865801,0.16375840077528678
single_window_tb2000,197.3,0.0,100,0.5225309916453611,0.31277056277056275,0.35909867932338124
single_window_tb2000,197.3,0.0,101,0.32713653364541406,0.6417748917748918,0.11718852016951521
single_window_tb2000,197.3,0.0,102,0.5397749440668983,0.6309523809523809,0.19920265792945058
single_window_tb2000,197.3,0.0,103,0.4886163287826199,0.5487012987012987,0.22051191461293562
single_window_tb2000,197.3,0.0,104,0.19787088333866204,0.6298701298701299,0.07323792435262165
single_window_tb2000,197.3,0.0,105,0.4802953531753142,0.2132034632034632,0.37789472051780676
single_window_tb2000,197.3,0.0,106,0.5296461353168856,0.6082251082251082,0.20750205734276256
single_window_tb2000,197.3,0.0,107,0.47379918544136707,0.577922077922078,0.19998017567330426
single_window_tb2000,197.3,0.0,108,0.380905650744749,0.5378787878787878,0.1760245810259825
single_window_tb2000,197.3,0.0,109,0.4018850738030425,0.5303030303030303,0.1887642013317321
single_window_tb2000,197.3,0.0,110,0.5900166287125659,0.551948051948052,0.2643580998777081
single_window_tb2000,197.3,0.0,111,0.5795450670048808,0.43614718614718617,0.3267781167852196
single_window_tb2000,197.3,0.0,112,0.28689359027635053,0.6731601731601732,0.09376825136737862
single_window_tb2000,197.3,0.0,113,0.5025391690665773,0.3528138528138528,0.325236388638326
single_window_tb2000,197.3,0.0,114,0.6722610814964796,0.5357142857142857,0.3121212164090798
single_window_tb2000,197.3,0.0,115,0.7585142021423441,0.4989177489177489,0.38007800388734336
single_window_tb2000,197.3,0.0,116,0.33355976729012105,0.6103896103896104,0.12995835089225496
single_window_tb2000,197.3,0.0,117,0.5418644662633277,0.7391774891774892,0.14133045061630087
single_window_tb2000,197.3,0.0,118,0.8335008174418962,0.31277056277056275,0.5728062977008702
single_window_tb2000,197.3,0.0,119,0.43508618216471506,0.5303030303030303,0.2043586613197904
single_window_tb2000,197.3,0.0,120,0.2643398067504663,0.829004329004329,0.045200962626162
single_window_tb2000,197.3,0.0,121,0.46183948892028215,0.5865800865800865,0.19093364152332012
single_window_tb2000,197.3,0.0,122,0.42567250657166367,0.5173160173160173,0.20546530079108444
single_window_tb2000,197.3,0.0,123,0.5098894989355041,0.45670995670995673,0.2770178879498085
single_window_tb2000,197.3,0.0,124,0.46861350432230253,0.5627705627705628,0.20489161877295478
single_window_tb2000,197.3,0.0,125,0.3617757675183805,0.6331168831168831,0.1327294211999253
single_window_tb2000,197.3,0.0,126,0.5006836799990015,0.683982683982684,0.15822471272695718
single_window_tb2000,197.3,0.0,127,0.3904057423559677,0.6093073593073594,0.15252865042262373
single_window_tb2000,197.3,0.0,128,0.5087652351030114,0.41125541125541126,0.2995327791082665
single_window_tb2000,197.3,0.0,129,0.24165338459250174,0.801948051948052,0.047859923571891574
single_window_tb2000,197.3,0.0,130,0.4473405220863428,0.645021645021645,0.15879620264536842
single_window_tb2000,197.3,0.0,131,0.3366902598569212,0.5411255411255411,0.15449856080014565
single_window_tb2000,197.3,0.0,132,0.6704461259181941,0.27164502164502163,0.4883227735313253
single_window_tb2000,197.3,0.0,133,0.18325092458639536,0.6417748917748918,0.06564508229231263
single_window_tb2000,197.3,0.0,134,0.23677700930668388,0.1406926406926407,0.20346422661202054
single_window_tb2000,197.3,0.0,135,0.44258207383522685,0.6136363636363636,0.17099761943633765
single_window_tb2000,197.3,0.0,136,0.7033496545079991,0.4090909090909091,0.41561570493654487
single_window_tb2000,197.3,0.0,137,0.8581478645087456,0.2261904761904762,0.6640429903936722
single_window_tb2000,197.3,0.0,138,0.5778417177431778,0.38852813852813856,0.3533339507845189
single_window_tb2000,197.3,0.0,139,0.5512332671315354,0.4816017316017316,0.2857583711645081
single_window_tb2000,197.3,0.0,140,0.5456624476176829,0.38636363636363635,0.3348383201290327
single_window_tb2000,197.3,0.0,141,0.6306351899220143,0.1341991341991342,0.5460044934389734
single_window_tb2000,197.3,0.0,142,0.40085204024016324,0.7727272727272727,0.09110273641821892
single_window_tb2000,197.3,0.0,143,0.63294921225878,0.6103896103896104,0.24660358919173248
single_window_tb2000,197.3,0.0,144,0.5423379281631658,0.3712121212121212,0.34101551543593
single_window_tb2000,197.3,0.0,145,0.4456155023099862,0.4967532467532468,0.22425455473392164
single_window_tb2000,197.3,0.0,146,0.5860329943782889,0.24675324675324675,0.44142745031091896
single_window_tb2000,197.3,0.0,147,0.612209855918489,0.6266233766233766,0.2285848488007345
single_window_tb2000,197.3,0.0,148,0.5757598218877324,0.26406926406926406,0.42371934944118833
single_window_tb2000,197.3,0.0,149,0.4614987869223436,0.3354978354978355,0.3066669428250205
single_window_tb2000,197.3,0.0,150,0.7629963439317659,0.420995670995671,0.4417781861509683
single_window_tb2000,197.3,0.0,151,0.7153689877468035,0.685064935064935,0.22529477860857125
single_window_tb2000,197.3,0.0,152,0.6697651321901802,0.5703463203463204,0.2877670535492441
single_window_tb2000,197.3,0.0,153,0.2978992361684915,0.8365800865800865,0.048682667382513235
single_window_tb2000,197.3,0.0,154,0.3456889227422484,0.37337662337662336,0.21661676003004526
single_window_tb2000,197.3,0.0,155,0.42905525286437485,0.4880952380952381,0.2196354270615252
single_window_tb2000,197.3,0.0,156,0.8504232237927578,0.17965367965367965,0.6976415623754442
single_window_tb2000,197.3,0.0,157,0.7153195009317597,0.10173160173160173,0.6425489023521218
single_window_tb2000,197.3,0.0,158,0.3921443274170977,0.7748917748917749,0.08827491353112157
single_window_tb2000,197.3,0.0,159,0.33917579925615626,0.7867965367965368,0.07231345503621513
single_window_tb2000,197.3,0.0,160,0.5075344303908602,0.5173160173160173,0.244978740210307
single_window_tb2000,197.3,0.0,161,0.5574167584822525,0.29978354978354976,0.39031238391560324
single_window_tb2000,197.3,0.0,162,0.5133162252455982,0.6547619047619048,0.17721631585859937
single_window_tb2000,197.3,0.0,163,0.439893125396598,0.672077922077922,0.1442506677436896
single_window_tb2000,197.3,0.0,164,0.4600836840383668,0.29329004329004327,0.3251457204297116
single_window_tb2000,197.3,0.0,165,0.781196407135666,0.18506493506493507,0.6366243447761434
single_window_tb2000,197.3,0.0,166,0.487829603026962,0.3409090909090909,0.3215240565404977
single_window_tb2000,197.3,0.0,167,0.29314875878776886,0.9058441558441559,0.0276016688469003
single_window_tb2000,197.3,0.0,168,0.31715202174987966,0.39285714285714285,0.19255658463385553
single_window_tb2000,197.3,0.0,169,0.275340747876083,0.40476190476190477,0.16389330230719226
single_window_tb2000,197.3,0.0,170,0.5589858199336638,0.26406926406926406,0.411374845838627
single_window_tb2000,197.3,0.0,171,0.6041006437459167,0.2683982683982684,0.4419610770262334
single_window_tb2000,197.3,0.0,172,0.4732603482595128,0.6309523809523809,0.17465560471482022
single_window_tb2000,197.3,0.0,173,0.5643644854906155,0.9523809523809523,0.026874499309076958
single_window_tb2000,197.3,0.0,174,0.6659412485960282,0.31385281385281383,0.45693371386350856
single_window_tb2000,197.3,0.0,175,0.2429387509744802,0.7088744588744589,0.07072567533780863
single_window_tb2000,197.3,0.0,176,0.2037408344013975,0.6893939393939394,0.06328313795800983
single_window_tb2000,197.3,0.0,177,0.6365136441187746,0.551948051948052,0.28519117820906137
single_window_tb2000,197.3,0.0,178,0.5777032658359116,0.4902597402597403,0.2944786127799939
single_window_tb2000,197.3,0.0,179,0.5171153202238317,0.7294372294372294,0.1399121537402142
single_window_tb2000,197.3,0.0,180,0.6508492399703814,0.7564935064935064,0.15848601622655395
single_window_tb2000,197.3,0.0,181,0.3000060545930172,0.5584415584415584,0.13247020592418943
single_window_tb2000,197.3,0.0,182,0.6195825072265113,0.3225108225108225,0.4197604432075715
single_window_tb2000,197.3,0.0,183,0.5491737721776834,0.3041125541125541,0.38216313366910215
single_window_tb2000,197.3,0.0,184,0.5361638851028911,0.7824675324675324,0.11663305292822634
single_window_tb2000,197.3,0.0,185,0.7645963429898599,0.11363636363636363,0.6777103949228304
single_window_tb2000,197.3,0.0,186,0.41266872815868927,0.3658008658008658,0.2617141501092986
single_window_tb2000,197.3,0.0,187,0.5893227678957558,0.22186147186147187,0.4585747512089268
single_window_tb2000,197.3,0.0,188,0.5065068668392938,0.24567099567099568,0.3820728205486881
single_window_tb2000,197.3,0.0,189,0.772408825285934,0.1958874458874459,0.6211036333197499
single_window_tb2000,197.3,0.0,190,0.19702612674746373,0.7824675324675324,0.042859579519740496
single_window_tb2000,197.3,0.0,191,0.4519955129207213,0.762987012987013,0.10712880663380732
single_window_tb2000,197.3,0.0,192,0.34558131293447336,0.4772727272727273,0.18064477721574743
single_window_tb2000,197.3,0.0,193,0.5272370993712961,0.683982683982684,0.16661605304807192
single_window_tb2000,197.3,0.0,194,0.48222534173487025,0.43722943722943725,0.2713822269503599
single_window_tb2000,197.3,0.0,195,0.42740354882411796,0.42857142857142855,0.2442305993280674
single_window_tb2000,197.3,0.0,196,0.4316592101604882,0.801948051948052,0.08549094746684993
single_window_tb2000,197.3,0.0,197,0.5871113544596486,0.34523809523809523,0.38441814875334135
single_window_tb2000,197.3,0.0,198,0.47382870398879334,0.5411255411255411,0.2174278901420437
single_window_tb2000,197.3,0.0,199,0.29471712949159445,0.5952380952380952,0.11929026669897871
single_window_tb2000,197.3,0.0,200,0.6431823763052804,0.22943722943722944,0.49561239386294337
single_window_tb2000,197.3,0.0,201,0.5184920932348913,0.3787878787878788,0.32209357307015973
single_window_tb2000,197.3,0.0,202,0.2836738450783681,0.6937229437229437,0.08688279021339629
single_window_tb2000,197.3,0.0,203,0.5304437641141704,0.5227272727272727,0.25316634196358134
single_window_tb2000,197.3,0.0,204,0.4174036278798664,0.5476190476190477,0.1888254507075586
single_window_tb2000,197.3,0.0,205,0.5078655628267331,0.38852813852813856,0.3105455010791171
single_window_tb2000,197.3,0.0,206,0.5067155487277615,0.44805194805194803,0.27968066001207614
single_window_tb2000,197.3,0.0,207,0.6471553286657816,0.3593073593073593,0.4146276564611935
single_window_tb2000,197.3,0.0,208,0.13747387908710396,0.6818181818181818,0.04374168880044217
single_window_tb2000,197.3,0.0,209,0.40673535573715813,0.6244588744588745,0.15274585329090246
single_window_tb2000,197.3,0.0,210,0.2269049683890645,0.5476190476190477,0.10264748569981487
single_window_tb2000,197.3,0.0,211,0.32191174370015946,0.5562770562770563,0.14283962653362053
single_window_tb2000,197.3,0.0,212,0.3614031870198571,0.7911255411255411,0.0754878951242775
single_window_tb2000,197.3,0.0,213,0.6902310474396547,0.5108225108225108,0.3376454907388787
single_window_tb2000,197.3,0.0,214,0.5178933414199488,0.9523809523809523,0.024661587686664255
single_window_tb2000,197.3,0.0,215,0.5470144729555431,0.7705627705627706,0.12550548513698606
single_window_tb2000,197.3,0.0,216,0.27452147622158113,0.5703463203463204,0.11794916240256245
single_window_tb2000,197.3,0.0,217,0.25910000535430605,0.816017316017316,0.04766991440501303
single_window_tb2000,197.3,0.0,218,0.54643837006136,0.4675324675324675,0.29096069055215273
single_window_tb2000,197.3,0.0,219,0.3230902950466471,0.7976190476190477,0.06538732161658332
single_window_tb2000,197.3,0.0,220,0.3091914217548901,0.7218614718614719,0.08599804695996402
single_window_tb2000,197.3,0.0,221,0.4774361209163173,0.41125541125541126,0.281087932660689
single_window_tb2000,197.3,0.0,222,0.5755196326633879,0.27813852813852813,0.4154454491195668
single_window_tb2000,197.3,0.0,223,0.5699081655978072,0.5411255411255411,0.2615163010968293
single_window_tb2000,197.3,0.0,224,0.6496517664722544,0.2748917748917749,0.4710678393251195
single_window_tb2000,197.3,0.0,225,0.42721588228877805,0.6807359307359307,0.13639468103375488
single_window_tb2000,197.3,0.0,226,0.5041888522351925,0.6645021645021645,0.1691542686070451
single_window_tb2000,197.3,0.0,227,0.40725321251351143,0.7045454545454546,0.12032481278808291
single_window_tb2000,197.3,0.0,228,0.5054473051660174,0.420995670995671,0.2926561777746962
single_window_tb2000,197.3,0.0,229,0.4233433952069313,0.5757575757575758,0.1796002282696072
single_window_tb2000,197.3,0.0,230,0.34192419315780087,0.8798701298701299,0.041075308918307234
single_window_tb2000,197.3,0.0,231,0.37198237123675576,0.4686147186147186,0.19766595701000766
single_window_tb2000,197.3,0.0,232,0.45239057207801936,0.18722943722943722,0.3676897398599486
single_window_tb2000,197.3,0.0,233,0.47355310633310854,0.7694805194805194,0.10916321607029453
single_window_tb2000,197.3,0.0,234,0.6973810836792056,0.35064935064935066,0.4528448595319517
single_window_tb2000,197.3,0.0,235,0.7612571353467882,0.2619047619047619,0.5618802665654865
single_window_tb2000,197.3,0.0,236,0.3297596222835597,0.6883116883116883,0.10278221993253808
single_window_tb2000,197.3,0.0,237,0.46372374331844624,0.3906926406926407,0.28255028948948613
single_window_tb2000,197.3,0.0,238,0.7332161365441694,0.31277056277056275,0.5038877128847917
single_window_tb2000,197.3,0.0,239,0.7022172955400449,0.28354978354978355,0.5031037333847508
single_window_tb2000,197.3,0.0,240,0.7550814060605653,0.14502164502164502,0.6455782584284053
single_window_tb2000,197.3,0.0,241,0.5748086195938116,0.39935064935064934,0.34525842410667257
single_window_tb2000,197.3,0.0,242,0.46201206134791917,0.5108225108225108,0.2260059001398912
single_window_tb2000,197.3,0.0,243,0.28616463773061046,0.329004329004329,0.1920152331092841
single_window_tb2000,197.3,0.0,244,0.6193498798160738,0.6255411255411255,0.2319210588921662
single_window_tb2000,197.3,0.0,245,0.56303001595184,0.512987012987013,0.2742029298466753
single_window_tb2000,197.3,0.0,246,0.33017401620316533,0.6006493506493507,0.1318552077694459
single_window_tb2000,197.3,0.0,247,0.505353525600839,0.47619047619047616,0.2647089896004395
single_window_tb2000,197.3,0.0,248,0.4994259631583418,0.6006493506493507,0.19944608268985728
single_window_tb2000,197.3,0.0,249,0.5248184633624793,0.023809523809523808,0.5123227856633726
single_window_tb2000,197.3,0.0,250,0.2948956425525774,0.6547619047619048,0.101809209928866
single_window_tb2000,197.3,0.0,251,0.4438139377974366,0.4318181818181818,0.25216701011217985
single_window_tb2000,197.3,0.0,252,0.536797156941368,0.44047619047619047,0.30035079019338445
single_window_tb2000,197.3,0.0,253,0.33278682589890374,0.5573593073593074,0.14730499111758832
single_window_tb2000,197.3,0.0,254,0.5259858554262732,0.4383116883116883,0.2954401071063158
single_window_tb2000,197.3,0.0,255,0.3779272217182727,0.5378787878787878,0.17464818579405028
single_window_tb2000,197.3,0.0,256,0.3929594275178292,0.37445887445887444,0.24581228258149926
single_window_tb2000,197.3,0.0,257,0.33544113102926776,0.9242424242424242,0.025412206896156662
single_window_tb2000,197.3,0.0,258,0.41835596012413534,0.5,0.20917798006206767
single_window_tb2000,197.3,0.0,259,0.6204837465813426,0.3495670995670996,0.4035830429603754
single_window_tb2000,197.3,0.0,260,0.34833372851630867,0.4393939393939394,0.1952779993197488
single_window_tb2000,197.3,0.0,261,0.2680489852256538,0.895021645021645,0.028139341522606505
single_window_tb2000,197.3,0.0,262,0.7824071986685622,0.3106060606060606,0.5393867809002967
single_window_tb2000,197.3,0.0,263,0.4436065332214935,0.43722943722943725,0.24964869834975828
single_window_tb2000,197.3,0.0,264,0.7902335967325568,0.2435064935064935,0.5978065845411875
single_window_tb2000,197.3,0.0,265,0.634996372375678,0.4274891774891775,0.36354229544018796
single_window_tb2000,197.3,0.0,266,0.25520939040186574,0.7251082251082251,0.07015496229661676
single_window_tb2000,197.3,0.0,267,0.4536006823201785,0.5173160173160173,0.2189457838904758
single_window_tb2000,197.3,0.0,268,0.698898584530494,0.24891774891774893,0.5249303221473623
single_window_tb2000,197.3,0.0,269,0.6717339598981946,0.29329004329004327,0.47472107772026095
single_window_tb2000,197.3,0.0,270,0.7163321945787136,0.45454545454545453,0.3907266515883892
single_window_tb2000,197.3,0.0,271,0.37452529539851387,0.44155844155844154,0.20915048963813115
single_window_tb2000,197.3,0.0,272,0.452907136888225,0.4069264069264069,0.2686072630029733
single_window_tb2000,197.3,0.0,273,0.6266308541374412,0.6829004329004329,0.1987043725782146
single_window_tb2000,197.3,0.0,274,0.43585913791490133,0.5584415584415584,0.1924572816767097
single_window_tb2000,197.3,0.0,275,0.3943542363794541,0.6006493506493507,0.15748562037231445
single_window_tb2000,197.3,0.0,276,0.5352674658030445,0.4751082251082251,0.2809574901671825
single_window_tb2000,197.3,0.0,277,0.8272875873810634,0.23160173160173161,0.6356863496109904
single_window_tb2000,197.3,0.0,278,0.7618191909294925,0.08116883116883117,0.6999832176397609
single_window_tb2000,197.3,0.0,279,0.35582289893805985,0.8463203463203464,0.05468273988009143
single_window_tb2000,197.3,0.0,280,0.7266974408594915,0.5173160173160173,0.3507652149603174
single_window_tb2000,197.3,0.0,281,0.5830080468904002,0.9155844155844156,0.04921496499724156
single_window_tb2000,197.3,0.0,282,0.37445119031246266,0.8906926406926406,0.04093027080255275
single_window_tb2000,197.3,0.0,283,0.26131601888603395,0.5173160173160173,0.12613305673503372
single_window_tb2000,197.3,0.0,284,0.5736603957209963,0.6764069264069265,0.18563253064997604
single_window_tb2000,197.3,0.0,285,0.5208186072478226,0.54004329004329,0.2395540130739444
single_window_tb2000,197.3,0.0,286,0.3386223464215386,0.5995670995670995,0.1355955283289711
single_window_tb2000,197.3,0.0,287,0.3132234755107667,0.7326839826839827,0.08372965200341922
single_window_tb2000,197.3,0.0,288,0.5781644266694701,0.41125541125541126,0.34039117760626814
single_window_tb2000,197.3,0.0,289,0.40382164303906104,0.8008658008658008,0.08041469947963988
single_window_tb2000,197.3,0.0,290,0.8217160294874906,0.28679653679653677,0.5860507180002773
single_window_tb2000,197.3,0.0,291,0.4029316397876527,0.5822510822510822,0.16832425644808868
single_window_tb2000,197.3,0.0,292,0.31543766202799417,0.5909090909090909,0.12904267992054305
single_window_tb2000,197.3,0.0,293,0.32839804706781117,0.5573593073593074,0.14536233901594672
single_window_tb2000,197.3,0.0,294,0.5030423885075912,0.4816017316017316,0.2607763031332643
single_window_tb2000,197.3,0.0,295,0.818937727663867,0.3538961038961039,0.5291188565100958
single_window_tb2000,197.3,0.0,296,0.29648463272257014,0.9047619047619048,0.028236631687863823
single_window_tb2000,197.3,0.0,297,0.8906298578790126,0.05627705627705628,0.8405078312451288
single_window_tb2000,197.3,0.0,298,0.5065722781027775,0.46320346320346323,0.2719262445227031
single_window_tb2000,197.3,0.0,299,0.33215262058834855,0.8051948051948052,0.06470505595876919
single_window_tb2000,197.3,1.0,0,0.5525622588562279,0.36147186147186144,0.3528265505683706
single_window_tb2000,197.3,1.0,1,0.5113329140588576,0.6655844155844156,0.17099769528591666
single_window_tb2000,197.3,1.0,2,0.41080752925000225,0.34415584415584416,0.2694257172353911
single_window_tb2000,197.3,1.0,3,0.6537501761687943,0.7186147186147186,0.18395567727693346
single_window_tb2000,197.3,1.0,4,0.4987470915371661,0.6320346320346321,0.18352165705913037
single_window_tb2000,197.3,1.0,5,0.6832781713970085,0.49242424242424243,0.3468154354818149
single_window_tb2000,197.3,1.0,6,0.508317045504898,0.32792207792207795,0.3416286636997204
single_window_tb2000,197.3,1.0,7,0.6370857468622044,0.24567099567099568,0.48057225710276674
single_window_tb2000,197.3,1.0,8,0.564033450842012,0.7608225108225108,0.13490410458450716
single_window_tb2000,197.3,1.0,9,0.43334532707470064,0.47619047619047616,0.2269904094200813
single_window_tb2000,197.3,1.0,10,0.3320557307589851,0.48484848484848486,0.17105901281523475
single_window_tb2000,197.3,1.0,11,0.6493865855179531,0.21753246753246752,0.5081239191877491
single_window_tb2000,197.3,1.0,12,0.6264028363881314,0.5551948051948052,0.27862723566614933
single_window_tb2000,197.3,1.0,13,0.5023166252772974,0.5422077922077922,0.22995663689642507
single_window_tb2000,197.3,1.0,14,0.33385066209651765,0.3051948051948052,0.2319611743138142
single_window_tb2000,197.3,1.0,15,0.49798408691379553,0.36796536796536794,0.314743189131663
single_window_tb2000,197.3,1.0,16,0.7659873518264537,0.10930735930735931,0.6822592971354668
single_window_tb2000,197.3,1.0,17,0.5043481770670859,0.5270562770562771,0.23852830452198756
single_window_tb2000,197.3,1.0,18,0.2582371043268408,0.8690476190476191,0.0338167636618482
single_window_tb2000,197.3,1.0,19,0.5487443790449493,0.13636363636363635,0.4739156000842744
single_window_tb2000,197.3,1.0,20,0.679008326166912,0.6287878787878788,0.2520561210771113
single_window_tb2000,197.3,1.0,21,0.7851697427134644,0.14393939393939395,0.6721528858077385
single_window_tb2000,197.3,1.0,22,0.2860326951152163,0.9047619047619048,0.027241209058592026
single_window_tb2000,197.3,1.0,23,0.49685618139011817,0.5,0.24842809069505908
single_window_tb2000,197.3,1.0,24,0.5543526884880914,0.7294372294372294,0.1499871992662585
single_window_tb2000,197.3,1.0,25,0.5502259545422549,0.5670995670995671,0.23819305391439605
single_window_tb2000,197.3,1.0,26,0.450303246765024,0.6655844155844156,0.1505884234311606
single_window_tb2000,197.3,1.0,27,0.4640356228479602,0.6764069264069265,0.1501587134540477
single_window_tb2000,197.3,1.0,28,0.7340559530748277,0.2510822510822511,0.5497475319564727
single_window_tb2000,197.3,1.0,29,0.4557365310392075,0.6569264069264069,0.15635116919851602
single_window_tb2000,197.3,1.0,30,0.5490999105014187,0.37012987012987014,0.3458616319392053
single_window_tb2000,197.3,1.0,31,0.47350874298984136,0.45346320346320346,0.25878995152583323
single_window_tb2000,197.3,1.0,32,0.5566934911099718,0.4318181818181818,0.3163031199488476
single_window_tb2000,197.3,1.0,33,0.6870892238133706,0.5119047619047619,0.33536497828985945
single_window_tb2000,197.3,1.0,34,0.3435416593139706,0.7326839826839827,0.09183418814994668
single_window_tb2000,197.3,1.0,35,0.7123104842423642,0.11688311688311688,0.6290534146555944
single_window_tb2000,197.3,1.0,36,0.8255368613394762,0.13095238095238096,0.7174308437831163
single_window_tb2000,197.3,1.0,37,0.4970685460971026,0.7088744588744589,0.144709349459005
single_window_tb2000,197.3,1.0,38,0.8398181124753408,0.329004329004329,0.5635143178947092
single_window_tb2000,197.3,1.0,39,0.535830403210592,0.4707792207792208,0.28357258351729386
single_window_tb2000,197.3,1.0,40,0.5816691299205955,0.45670995670995673,0.3160150467750421
single_window_tb2000,197.3,1.0,41,0.5025331998110658,0.2326839826839827,0.38560177344810137
single_window_tb2000,197.3,1.0,42,0.45586127947810196,0.75,0.11396531986952549
single_window_tb2000,197.3,1.0,43,0.5148172551425432,0.5616883116883117,0.2256504202735173
single_window_tb2000,197.3,1.0,44,0.7292047067304439,0.40584415584415584,0.4332612380898416
single_window_tb2000,197.3,1.0,45,0.5660993456607585,0.4448051948051948,0.3142954159350315
single_window_tb2000,197.3,1.0,46,0.45833245820243,0.45995670995670995,0.24751936866126906
single_window_tb2000,197.3,1.0,47,0.34749349793778195,0.1277056277056277,0.30311662266001327
single_window_tb2000,197.3,1.0,48,0.7561770648225299,0.30952380952380953,0.5221222590441278
single_window_tb2000,197.3,1.0,49,0.4141908186881314,0.8452380952380952,0.06410096003506796
single_window_tb2000,197.3,1.0,50,0.7178239676145977,0.6742424242424242,0.23383659551081593
single_window_tb2000,197.3,1.0,51,0.6629638532562097,0.44047619047619047,0.3709440607504983
single_window_tb2000,197.3,1.0,52,0.5615763832396025,0.7305194805194806,0.15133389548339934
single_window_tb2000,197.3,1.0,53,0.42988802588052055,0.7294372294372294,0.11631169531399366
single_window_tb2000,197.3,1.0,54,0.29523927338260253,0.29545454545454547,0.20800948806501543
single_window_tb2000,197.3,1.0,55,0.3906169039011797,0.8777056277056277,0.047770249070165936
single_window_tb2000,197.3,1.0,56,0.5072170364024733,0.40584415584415584,0.30136596643393704
single_window_tb2000,197.3,1.0,57,0.7120299702157692,0.3647186147186147,0.4523393858405373
single_window_tb2000,197.3,1.0,58,0.5406479623901772,0.6168831168831169,0.20713136221441852
single_window_tb2000,197.3,1.0,59,0.5077251167131717,0.20995670995670995,0.4011248216456876
single_window_tb2000,197.3,1.0,60,0.46632037198829035,0.14935064935064934,0.39667512162640284
single_window_tb2000,197.3,1.0,61,0.6446697002708376,0.2002164502164502,0.5155962213205075
single_window_tb2000,197.3,1.0,62,0.44571895590223237,0.6948051948051948,0.1360311099182138
single_window_tb2000,197.3,1.0,63,0.6189168851142468,0.2683982683982684,0.45280066486713294
single_window_tb2000,197.3,1.0,64,0.5299404921477952,0.5487012987012987,0.23916145587189458
single_window_tb2000,197.3,1.0,65,0.2517604715571743,0.8560606060606061,0.03623824969383569
single_window_tb2000,197.3,1.0,66,0.7673642743119136,0.2824675324675325,0.5506087812432886
single_window_tb2000,197.3,1.0,67,0.5679777620898713,0.461038961038961,0.30611788476272284
single_window_tb2000,197.3,1.0,68,0.8314747785176294,0.16125541125541126,0.6973949711592672
single_window_tb2000,197.3,1.0,69,0.5573496615010414,0.2803030303030303,0.4011228624439313
single_window_tb2000,197.3,1.0,70,0.5427531913187631,0.40476190476190477,0.323067375784978
single_window_tb2000,197.3,1.0,71,0.36003313766100586,0.2305194805194805,0.27703848579759216
single_window_tb2000,197.3,1.0,72,0.2615788129494881,0.8722943722943723,0.03340508650220734
single_window_tb2000,197.3,1.0,73,0.40263197568699133,0.7640692640692641,0.09499325833307802
single_window_tb2000,197.3,1.0,74,0.5979132274984046,0.5324675324675324,0.27954384662263076
single_window_tb2000,197.3,1.0,75,0.78588103419427,0.3528138528138528,0.5086113186668544
single_window_tb2000,197.3,1.0,76,0.5299000337886347,0.40584415584415584,0.3148432018938966
single_window_tb2000,197.3,1.0,77,0.36236046463063304,0.6774891774891775,0.11686517149342927
single_window_tb2000,197.3,1.0,78,0.8436731750751286,0.5692640692640693,0.3634003503029234
single_window_tb2000,197.3,1.0,79,0.5409199439401459,0.19805194805194806,0.43378969530264944
single_window_tb2000,197.3,1.0,80,0.5084892450532774,0.329004329004329,0.3411940821786061
single_window_tb2000,197.3,1.0,81,0.48753821361622957,0.8766233766233766,0.0601508185630413
single_window_tb2000,197.3,1.0,82,0.49810152071763053,0.47619047619047616,0.2609103203759017
single_window_tb2000,197.3,1.0,83,0.5410818251949757,0.36147186147186144,0.34549597063315546
single_window_tb2000,197.3,1.0,84,0.27221759727856076,0.5541125541125541,0.1213784091761548
single_window_tb2000,197.3,1.0,85,0.41895943553913007,0.38311688311688313,0.2584490024429698
single_window_tb2000,197.3,1.0,86,0.46159063541062406,0.6103896103896104,0.17984050730284054
single_window_tb2000,197.3,1.0,87,0.22218536580461856,0.698051948051948,0.0670884383760699
single_window_tb2000,197.3,1.0,88,0.6515022089489592,0.11147186147186147,0.578878044964389
single_window_tb2000,197.3,1.0,89,0.44359111212603025,0.30952380952380953,0.306289101229878
single_window_tb2000,197.3,1.0,90,0.72989090579207,0.28679653679653677,0.520560721771617
single_window_tb2000,197.3,1.0,91,0.40936935548524067,0.6958874458874459,0.12449436027202665
single_window_tb2000,197.3,1.0,92,0.6331709110666731,0.29545454545454547,0.44609768734242883
single_window_tb2000,197.3,1.0,93,0.286279858851439,0.8225108225108225,0.05081157667925973
single_window_tb2000,197.3,1.0,94,0.3065468431633248,0.7727272727272727,0.06966973708257383
single_window_tb2000,197.3,1.0,95,0.24568593673713274,0.37987012987012986,0.15235718804153361
single_window_tb2000,197.3,1.0,96,0.5301081786295457,0.44264069264069267,0.29546072726646755
single_window_tb2000,197.3,1.0,97,0.5146567707123492,0.6082251082251082,0.20162960064704588
single_window_tb2000,197.3,1.0,98,0.4075452963752453,0.39826839826839827,0.24523288396605666
single_window_tb2000,197.3,1.0,99,0.6989267985689964,0.40476190476190477,0.4160278562910693
single_window_tb2000,197.3,1.0,100,0.4599569761722206,0.685064935064935,0.1448565801581344
single_window_tb2000,197.3,1.0,101,0.5096280700300182,0.30844155844155846,0.35243759388439566
single_window_tb2000,197.3,1.0,102,0.350676930978878,0.7867965367965368,0.0747655361502586
single_window_tb2000,197.3,1.0,103,0.7541689663388234,0.3787878787878788,0.4684989033316933
single_window_tb2000,197.3,1.0,104,0.5773507781012928,0.5595238095238095,0.2543092713065218
single_window_tb2000,197.3,1.0,105,0.8638133219876933,0.1038961038961039,0.7740664833396212
single_window_tb2000,197.3,1.0,106,0.3684525393869842,0.49783549783549785,0.18502378601251154
single_window_tb2000,197.3,1.0,107,0.47718366902531406,0.16883116883116883,0.3966201924366247
single_window_tb2000,197.3,1.0,108,0.4125530971849317,0.7532467532467533,0.10179881618848963
single_window_tb2000,197.3,1.0,109,0.4251323027103082,0.44047619047619047,0.23787164556410104
single_window_tb2000,197.3,1.0,110,0.53982756561328,0.6028138528138528,0.2144120309308158
single_window_tb2000,197.3,1.0,111,0.3050807828877636,0.7489177489177489,0.0766003697293952
single_window_tb2000,197.3,1.0,112,0.498140656024018,0.5183982683982684,0.23990540252238962
single_window_tb2000,197.3,1.0,113,0.5129926112314803,0.3409090909090909,0.3381087664934757
single_window_tb2000,197.3,1.0,114,0.48110467006580443,0.23593073593073594,0.3675972911974653
single_window_tb2000,197.3,1.0,115,0.5541142970068553,0.4231601731601732,0.3196351951349068
single_window_tb2000,197.3,1.0,116,0.5419397428514261,0.4696969696969697,0.28739228787575627
single_window_tb2000,197.3,1.0,117,0.6189816664409369,0.1266233766233766,0.5406041177682208
single_window_tb2000,197.3,1.0,118,0.44793417481047126,0.6677489177489178,0.14882661435802455
single_window_tb2000,197.3,1.0,119,0.36185249045459955,0.46320346320346323,0.19424116370723093
single_window_tb2000,197.3,1.0,120,0.6432330000188814,0.30194805194805197,0.44901004871447886
single_window_tb2000,197.3,1.0,121,0.5608033076929416,0.3246753246753247,0.3787243116887398
single_window_tb2000,197.3,1.0,122,0.6717903011595081,0.5346320346320347,0.31262968560453297
single_window_tb2000,197.3,1.0,123,0.637521468815994,0.6590909090909091,0.2173368643690889
single_window_tb2000,197.3,1.0,124,0.44104467681200726,0.7034632034632035,0.1307859755914394
single_window_tb2000,197.3,1.0,125,0.4878439507166313,0.29653679653679654,0.3431802683612666
single_window_tb2000,197.3,1.0,126,0.6156641318551119,0.6396103896103896,0.2218789566101215
single_window_tb2000,197.3,1.0,127,0.6982933363097108,0.4383116883116883,0.3922232051349999
single_window_tb2000,197.3,1.0,128,0.44690020651962636,0.23593073593073594,0.34146271190785304
single_window_tb2000,197.3,1.0,129,0.5531399932261147,0.4642857142857143,0.2963249963711329
single_window_tb2000,197.3,1.0,130,0.34613906000657824,0.5324675324675324,0.16183124883424438
single_window_tb2000,197.3,1.0,131,0.6281579317027752,0.7867965367965368,0.13392544647775617
single_window_tb2000,197.3,1.0,132,0.7001323646939819,0.13095238095238096,0.6084483645554842
single_window_tb2000,197.3,1.0,133,0.4926015942345864,0.2067099567099567,0.39077594001509935
single_window_tb2000,197.3,1.0,134,0.5779703827117573,0.7467532467532467,0.14636912289453594
single_window_tb2000,197.3,1.0,135,0.19003883613343003,0.341991341991342,0.12504719953368554
single_window_tb2000,197.3,1.0,136,0.5485106019418075,0.5281385281385281,0.2588210199638832
single_window_tb2000,197.3,1.0,137,0.7687294623097451,0.2694805194805195,0.5615718474665347
single_window_tb2000,197.3,1.0,138,0.3600127002483834,0.45346320346320346,0.19676018790631344
single_window_tb2000,197.3,1.0,139,0.7084825253646697,0.38203463203463206,0.43781766448401127
single_window_tb2000,197.3,1.0,140,0.6920755720701199,0.39285714285714285,0.42018874018543
single_window_tb2000,197.3,1.0,141,0.652829746666795,0.1958874458874459,0.5249485949928883
single_window_tb2000,197.3,1.0,142,0.3108093141782767,0.7619047619047619,0.07400221766149447
single_window_tb2000,197.3,1.0,143,0.4883474059432973,0.577922077922078,0.2061206583526904
single_window_tb2000,197.3,1.0,144,0.6243519374763263,0.26515151515151514,0.45880407526669437
single_window_tb2000,197.3,1.0,145,0.4384296112548938,0.23917748917748918,0.3335671176538857
single_window_tb2000,197.3,1.0,146,0.4871771816036431,0.4090909090909091,0.2878774254930618
single_window_tb2000,197.3,1.0,147,0.5664768175197813,0.7186147186147186,0.15939823869604236
single_window_tb2000,197.3,1.0,148,0.738098622644288,0.5800865800865801,0.3099375168679478
single_window_tb2000,197.3,1.0,149,0.22612475663706566,0.8106060606060606,0.04282665845398972
single_window_tb2000,197.3,1.0,150,0.5912300196342641,0.22294372294372294,0.45941899794091084
single_window_tb2000,197.3,1.0,151,0.3157348451658024,0.5616883116883117,0.13839027304345236
single_window_tb2000,197.3,1.0,152,0.5541346412719435,0.29653679653679654,0.3898133298990944
single_window_tb2000,197.3,1.0,153,0.5198211158001904,0.5151515151515151,0.2520344803879711
single_window_tb2000,197.3,1.0,154,0.41527579649092994,0.5854978354978355,0.17213271651085083
single_window_tb2000,197.3,1.0,155,0.2508377204769625,0.7705627705627706,0.057551511624584474
single_window_tb2000,197.3,1.0,156,0.4795655250901643,0.8170995670995671,0.08771274214311446
single_window_tb2000,197.3,1.0,157,0.6156296683286204,0.4935064935064935,0.31181242941319737
single_window_tb2000,197.3,1.0,158,0.3772551746027176,0.8322510822510822,0.06328414725478489
single_window_tb2000,197.3,1.0,159,0.481737466357829,0.4653679653679654,0.25755228179736744
single_window_tb2000,197.3,1.0,160,0.4408614653888813,0.7954545454545454,0.09017620882954393
single_window_tb2000,197.3,1.0,161,0.29854238187294946,0.7424242424242424,0.07689728017939607
single_window_tb2000,197.3,1.0,162,0.21144110487799994,0.7683982683982684,0.04897012602152812
single_window_tb2000,197.3,1.0,163,0.4947124536541488,0.41233766233766234,0.29072387698506796
single_window_tb2000,197.3,1.0,164,0.39030950321488544,0.15692640692640691,0.3290596352861426
single_window_tb2000,197.3,1.0,165,0.8129825818360599,0.10497835497835498,0.7276370077688544
single_window_tb2000,197.3,1.0,166,0.6879688961355328,0.5811688311688312,0.28814281688793414
single_window_tb2000,197.3,1.0,167,0.6162494067922458,0.3170995670995671,0.42083698667305963
single_window_tb2000,197.3,1.0,168,0.41616942195029233,0.6796536796536796,0.13331834296243134
single_window_tb2000,197.3,1.0,169,0.5057584693074479,0.6677489177489178,0.16803879878505035
single_window_tb2000,197.3,1.0,170,0.7079220100929349,0.2683982683982684,0.5179169684229696
single_window_tb2000,197.3,1.0,171,0.7230176412290621,0.3365800865800866,0.4796643009452544
single_window_tb2000,197.3,1.0,172,0.6204159416740045,0.3658008658008658,0.3934672530529942
single_window_tb2000,197.3,1.0,173,0.5873291811361944,0.14393939393939395,0.50278937476053
single_window_tb2000,197.3,1.0,174,0.4892452711287249,0.39935064935064934,0.2938648544117341
single_window_tb2000,197.3,1.0,175,0.4429878399041165,0.4036796536796537,0.2641626621073249
single_window_tb2000,197.3,1.0,176,0.2098525904287502,0.7705627705627706,0.0481479969381981
single_window_tb2000,197.3,1.0,177,0.5023791590066128,0.2067099567099567,0.3985323847963714
single_window_tb2000,197.3,1.0,178,0.7726363754464624,0.3116883116883117,0.531814648034578
single_window_tb2000,197.3,1.0,179,0.4695852905001703,0.801948051948052,0.09300228156009865
single_window_tb2000,197.3,1.0,180,0.6439058676072582,0.5043290043290043,0.319165462515286
single_window_tb2000,197.3,1.0,181,0.65592285110347,0.4296536796536797,0.3741031845579315
single_window_tb2000,197.3,1.0,182,0.48656772121034647,0.2597402597402597,0.3601864949219448
single_window_tb2000,197.3,1.0,183,0.636354051697238,0.47619047619047616,0.3333283127937914
single_window_tb2000,197.3,1.0,184,0.5281487866130562,0.13095238095238096,0.4589864455089655
single_window_tb2000,197.3,1.0,185,0.4937350452999094,0.47294372294372294,0.26022615482798256
single_window_tb2000,197.3,1.0,186,0.561096922508681,0.4588744588744589,0.30362387581638584
single_window_tb2000,197.3,1.0,187,0.41741760317053084,0.5411255411255411,0.19154227677955096
single_window_tb2000,197.3,1.0,188,0.4551714314701764,0.42857142857142855,0.2600979608401008
single_window_tb2000,197.3,1.0,189,0.5048683813977246,0.3787878787878788,0.31363035814101076
single_window_tb2000,197.3,1.0,190,0.3872082885566636,0.6093073593073594,0.1512794287542809
single_window_tb2000,197.3,1.0,191,0.7697598778929131,0.3354978354978355,0.5115071050067626
single_window_tb2000,197.3,1.0,192,0.4689513256255956,0.5173160173160173,0.22635529353789574
single_window_tb2000,197.3,1.0,193,0.4433926567334868,0.5584415584415584,0.1957837705056955
single_window_tb2000,197.3,1.0,194,0.2946927610115314,0.5584415584415584,0.13012407629080608
single_window_tb2000,197.3,1.0,195,0.4024094986809217,0.8051948051948052,0.07839146078199771
single_window_tb2000,197.3,1.0,196,0.49796695685477327,0.564935064935065,0.21664796174850523
single_window_tb2000,197.3,1.0,197,0.3965094510917881,0.37554112554112556,0.24760384554108408
single_window_tb2000,197.3,1.0,198,0.7737074527247514,0.1525974025974026,0.6556417050687017
single_window_tb2000,197.3,1.0,199,0.3014684031375582,0.24134199134199133,0.22871141839764966
single_window_tb2000,197.3,1.0,200,0.5491162504628891,0.8982683982683982,0.05586247569644113
single_window_tb2000,197.3,1.0,201,0.41680281491950866,0.5054112554112554,0.20614598097209463
single_window_tb2000,197.3,1.0,202,0.20818539555452775,0.7034632034632035,0.061734630283485505
single_window_tb2000,197.3,1.0,203,0.5226013553954125,0.4696969696969697,0.27713708240665813
single_window_tb2000,197.3,1.0,204,0.5044449964637142,0.2792207792207792,0.3635934714770927
single_window_tb2000,197.3,1.0,205,0.4409741141706261,0.7478354978354979,0.11119801796726826
single_window_tb2000,197.3,1.0,206,0.6100861891481698,0.5151515151515151,0.2957993644354763
single_window_tb2000,197.3,1.0,207,0.4036951529942941,0.8538961038961039,0.058981434690724775
single_window_tb2000,197.3,1.0,208,0.46820648368578577,0.922077922077922,0.036483622105385916
single_window_tb2000,197.3,1.0,209,0.6048518701218096,0.8192640692640693,0.10931846570383356
single_window_tb2000,197.3,1.0,210,0.8675319196565459,0.22294372294372294,0.6741211237158007
single_window_tb2000,197.3,1.0,211,0.4156222464125531,0.7002164502164502,0.12459671239856841
single_window_tb2000,197.3,1.0,212,0.8245625425414809,0.2067099567099567,0.6541172550680795
single_window_tb2000,197.3,1.0,213,0.6561523330722577,0.8398268398268398,0.1050979927431755
single_window_tb2000,197.3,1.0,214,0.6113818396580752,0.262987012987013,0.4505963558518931
single_window_tb2000,197.3,1.0,215,0.3783234411772211,0.5411255411255411,0.1736029643497205
single_window_tb2000,197.3,1.0,216,0.46975600300494447,0.525974025974026,0.22267654687896718
single_window_tb2000,197.3,1.0,217,0.6863241857273639,0.30735930735930733,0.4753760593782607
single_window_tb2000,197.3,1.0,218,0.35377981586394447,0.44155844155844154,0.19756535171622874
single_window_tb2000,197.3,1.0,219,0.6978745103030337,0.3409090909090909,0.45996274542699955
single_window_tb2000,197.3,1.0,220,0.5185173927463397,0.40584415584415584,0.3080801391966888
single_window_tb2000,197.3,1.0,221,0.49273550342042965,0.3841991341991342,0.3034269496171261
single_window_tb2000,197.3,1.0,222,0.575850453862608,0.4902597402597403,0.29353415992347226
single_window_tb2000,197.3,1.0,223,0.4169673842110171,0.7543290043290043,0.10243679244145118
single_window_tb2000,197.3,1.0,224,0.39593184194674724,0.6428571428571429,0.14140422926669544
single_window_tb2000,197.3,1.0,225,0.46119014323465124,0.3246753246753247,0.31145308374288133
single_window_tb2000,197.3,1.0,226,0.5010627315693934,0.6190476190476191,0.19088104059786415
single_window_tb2000,197.3,1.0,227,0.617314092950089,0.43506493506493504,0.34874237718608925
single_window_tb2000,197.3,1.0,228,0.5079589851762053,0.5822510822510822,0.21219931631819833
single_window_tb2000,197.3,1.0,229,0.4231022897744107,0.39826839826839827,0.25459401852226443
single_window_tb2000,197.3,1.0,230,0.31113756312553487,0.5800865800865801,0.1306508381955709
single_window_tb2000,197.3,1.0,231,0.6802034518564104,0.7034632034632035,0.20170535260677105
single_window_tb2000,197.3,1.0,232,0.34168332691115866,0.5270562770562771,0.16159698469716052
single_window_tb2000,197.3,1.0,233,0.24402635649581134,0.33225108225108224,0.1629483354522896
single_window_tb2000,197.3,1.0,234,0.5028630281028509,0.5898268398268398,0.206260917371191
single_window_tb2000,197.3,1.0,235,0.545945494271036,0.4264069264069264,0.31315055407321335
single_window_tb2000,197.3,1.0,236,0.6837759619246946,0.3593073593073593,0.43809022668768316
single_window_tb2000,197.3,1.0,237,0.5630716331322319,0.22402597402597402,0.4369289620733877
single_window_tb2000,197.3,1.0,238,0.7156927377279139,0.2824675324675325,0.5135327760969771
single_window_tb2000,197.3,1.0,239,0.2193894445302469,0.9145021645021645,0.01875732263840856
single_window_tb2000,197.3,1.0,240,0.7149423365043364,0.03896103896103896,0.6870874402768947
single_window_tb2000,197.3,1.0,241,0.5259742334187054,0.329004329004329,0.35292643367921794
single_window_tb2000,197.3,1.0,242,0.47707971591124654,0.2813852813852814,0.34283650580635033
single_window_tb2000,197.3,1.0,243,0.3437142241052622,0.9047619047619048,0.03273468801002497
single_window_tb2000,197.3,1.0,244,0.501739069945781,0.70995670995671,0.14552605059033472
single_window_tb2000,197.3,1.0,245,0.5080648037787103,0.2987012987012987,0.35630518706558906
single_window_tb2000,197.3,1.0,246,0.6288384975541919,0.5941558441558441,0.2552104292021883
single_window_tb2000,197.3,1.0,247,0.8020419316009141,0.2132034632034632,0.6310438141492041
single_window_tb2000,197.3,1.0,248,0.6436655029951636,0.5119047619047619,0.31417006693811556
single_window_tb2000,197.3,1.0,249,0.5898795188085911,0.6515151515151515,0.20556407473632723
single_window_tb2000,197.3,1.0,250,0.577565441728434,0.7489177489177489,0.14501643125648997
single_window_tb2000,197.3,1.0,251,0.7160301781985461,0.44696969696969696,0.3959863864279838
single_window_tb2000,197.3,1.0,252,0.5364655190777786,0.4393939393939394,0.3007458213011789
single_window_tb2000,197.3,1.0,253,0.5540570021985608,0.6829004329004329,0.17569123554564753
single_window_tb2000,197.3,1.0,254,0.7969131988571159,0.16017316017316016,0.6692690934124695
single_window_tb2000,197.3,1.0,255,0.5519115020951331,0.30952380952380953,0.38108175144663947
single_window_tb2000,197.3,1.0,256,0.6251406407031288,0.4816017316017316,0.32407182564588605
single_window_tb2000,197.3,1.0,257,0.4070403189815793,0.7261904761904762,0.1114515159116229
single_window_tb2000,197.3,1.0,258,0.592738127276901,0.3051948051948052,0.4118375299910935
single_window_tb2000,197.3,1.0,259,0.6008188512719568,0.22510822510822512,0.46556958605056387
single_window_tb2000,197.3,1.0,260,0.6836783229657952,0.170995670995671,0.566772289385064
single_window_tb2000,197.3,1.0,261,0.8297360456621372,0.23809523809523808,0.6321798443140093
single_window_tb2000,197.3,1.0,262,0.6994474183248885,0.08116883116883117,0.6426740889154008
single_window_tb2000,197.3,1.0,263,0.594112715549403,0.3051948051948052,0.41279260106354626
single_window_tb2000,197.3,1.0,264,0.8282220558696376,0.30844155844155846,0.572763954221535
single_window_tb2000,197.3,1.0,265,0.6785568451785025,0.4134199134199134,0.3980279329943163
single_window_tb2000,197.3,1.0,266,0.529038432956397,0.3906926406926407,0.3223470105567656
single_window_tb2000,197.3,1.0,267,0.8451199103929153,0.10930735930735931,0.7527420846897936
single_window_tb2000,197.3,1.0,268,0.4348772028483742,0.8365800865800865,0.07106759483777546
single_window_tb2000,197.3,1.0,269,0.25007013355384144,0.8841991341991342,0.02895833797647298
single_window_tb2000,197.3,1.0,270,0.6651026947358669,0.5194805194805194,0.3195948013665854
single_window_tb2000,197.3,1.0,271,0.5644348292269018,0.6038961038961039,0.22357483495351302
single_window_tb2000,197.3,1.0,272,0.3134068307860082,0.7435064935064936,0.08038681698732027
single_window_tb2000,197.3,1.0,273,0.9040227725613199,0.2132034632034632,0.7112819866364498
single_window_tb2000,197.3,1.0,274,0.3273019451357465,0.4675324675324675,0.17427765909825466
single_window_tb2000,197.3,1.0,275,0.4112600299890583,0.6006493506493507,0.16423696002809796
single_window_tb2000,197.3,1.0,276,0.44127925851817024,0.8528138528138528,0.06495019389444931
single_window_tb2000,197.3,1.0,277,0.7054492757487687,0.0854978354978355,0.6451348896187332
single_window_tb2000,197.3,1.0,278,0.3646471842464729,0.6915584415584416,0.1124723457903082
single_window_tb2000,197.3,1.0,279,0.5421390502072639,0.5497835497835498,0.24407991870803222
single_window_tb2000,197.3,1.0,280,0.27842483201480583,0.5346320346320347,0.12956999758264773
single_window_tb2000,197.3,1.0,281,0.5737896457509275,0.3203463203463203,0.3899782440817992
single_window_tb2000,197.3,1.0,282,0.582173882974096,0.3409090909090909,0.3837055137783815
single_window_tb2000,197.3,1.0,283,0.39973115470434306,0.7175324675324676,0.11291107291973325
single_window_tb2000,197.3,1.0,284,0.644203362269984,0.24458874458874458,0.48663847063252036
single_window_tb2000,197.3,1.0,285,0.8516393972780367,0.14826839826839827,0.725368187941358
single_window_tb2000,197.3,1.0,286,0.42842705615292265,0.7305194805194806,0.11545274565159927
single_window_tb2000,197.3,1.0,287,0.33994883741764714,0.7380952380952381,0.08903421932366948
single_window_tb2000,197.3,1.0,288,0.3713498024913424,0.3344155844155844,0.2471646412685883
single_window_tb2000,197.3,1.0,289,0.4537062655466155,0.45995670995670995,0.24502102435904885
single_window_tb2000,197.3,1.0,290,0.8484212674297367,0.2510822510822511,0.6353977457374219
single_window_tb2000,197.3,1.0,291,0.5053981250398109,0.4329004329004329,0.2866110579230096
single_window_tb2000,197.3,1.0,292,0.23077060722473658,0.49783549783549785,0.11588480709120971
single_window_tb2000,197.3,1.0,293,0.6899113862844195,0.5357142857142857,0.32031600077490907
single_window_tb2000,197.3,1.0,294,0.36156474468047706,0.5454545454545454,0.16434761121839866
single_window_tb2000,197.3,1.0,295,0.5740519269198447,0.6233766233766234,0.21620137507370776
single_window_tb2000,197.3,1.0,296,0.49103393679162693,0.6731601731601732,0.16048944687345382
single_window_tb2000,197.3,1.0,297,0.778547162004451,0.420995670995671,0.4507821771346117
single_window_tb2000,197.3,1.0,298,0.5628467775028266,0.4090909090909091,0.3325912776153066
single_window_tb2000,197.3,1.0,299,0.5489865087570862,0.683982683982684,0.17348924302713112
single_window_tb2000,197.3,2.0,0,0.4710840962515789,0.2554112554112554,0.35076391582368643
single_window_tb2000,197.3,2.0,1,0.854262054921731,0.13203463203463203,0.7414698788389916
single_window_tb2000,197.3,2.0,2,0.7732954071196385,0.21861471861471862,0.6042416492861244
single_window_tb2000,197.3,2.0,3,0.8824082865684566,0.15584415584415584,0.7448901120383075
single_window_tb2000,197.3,2.0,4,0.6997645895008924,0.18181818181818182,0.5725346641370938
single_window_tb2000,197.3,2.0,5,0.9119484206800516,0.05627705627705628,0.8606266480876678
single_window_tb2000,197.3,2.0,6,0.7148111715527851,0.24675324675324675,0.5384291941566434
single_window_tb2000,197.3,2.0,7,0.9415791077745661,0.021645021645021644,0.9211986076062854
single_window_tb2000,197.3,2.0,8,0.5953725485184442,0.4036796536796537,0.35503276432214587
single_window_tb2000,197.3,2.0,9,0.47382237971131536,0.40476190476190477,0.2820371307805449
single_window_tb2000,197.3,2.0,10,0.5303212835032295,0.4523809523809524,0.2904140362041495
single_window_tb2000,197.3,2.0,11,0.3653285503884356,0.4145021645021645,0.21389907549799098
single_window_tb2000,197.3,2.0,12,0.5757592691936012,0.24025974025974026,0.4374274967250087
single_window_tb2000,197.3,2.0,13,0.638121655767762,0.17207792207792208,0.5283150072103224
single_window_tb2000,197.3,2.0,14,0.5390369840411193,0.4383116883116883,0.3027707735036157
single_window_tb2000,197.3,2.0,15,0.7775366989140087,0.23484848484848486,0.5949333832599611
single_window_tb2000,197.3,2.0,16,0.5660495456212506,0.16017316017316016,0.4753836010845135
single_window_tb2000,197.3,2.0,17,0.6473900294258672,0.6590909090909091,0.220701146395182
single_window_tb2000,197.3,2.0,18,0.6315325747054619,0.41883116883116883,0.36702704828661586
single_window_tb2000,197.3,2.0,19,0.9397059118172719,0.03787878787878788,0.9041109909151026
single_window_tb2000,197.3,2.0,20,0.9554970297876121,0.049783549783549784,0.9079289958371465
single_window_tb2000,197.3,2.0,21,0.3223064941682149,0.3106060606060606,0.22219614370687543
single_window_tb2000,197.3,2.0,22,0.41991024482077377,0.2846320346320346,0.3003903374746012
single_window_tb2000,197.3,2.0,23,0.45163836256967677,0.17207792207792208,0.37392137160801164
single_window_tb2000,197.3,2.0,24,0.26227030383749317,0.8311688311688312,0.04427940194658974
single_window_tb2000,197.3,2.0,25,0.4793472354918216,0.7326839826839827,0.12813719390311681
single_window_tb2000,197.3,2.0,26,0.6853207500943292,0.4621212121212121,0.3686194943689195
single_window_tb2000,197.3,2.0,27,0.5134784011306283,0.2857142857142857,0.3667702865218773
single_window_tb2000,197.3,2.0,28,0.5582277360950483,0.3041125541125541,0.38846367349471433
single_window_tb2000,197.3,2.0,29,0.8639896247674591,0.22943722943722944,0.6657582389983018
single_window_tb2000,197.3,2.0,30,0.7081242851967608,0.4155844155844156,0.41383886797213293
single_window_tb2000,197.3,2.0,31,0.5066876074354826,0.5411255411255411,0.23250600168035132
single_window_tb2000,197.3,2.0,32,0.46548785076308863,0.8398268398268398,0.07455866007893629
single_window_tb2000,197.3,2.0,33,0.42081800057133517,0.6331168831168831,0.15439101969013272
single_window_tb2000,197.3,2.0,34,0.37154489016468845,0.5108225108225108,0.18175139648748828
single_window_tb2000,197.3,2.0,35,0.7235101083995458,0.30952380952380953,0.499566503418734
single_window_tb2000,197.3,2.0,36,0.6346770619303417,0.27380952380952384,0.46089643783036716
single_window_tb2000,197.3,2.0,37,0.6578221359249103,0.4036796536796537,0.3922727239119325
single_window_tb2000,197.3,2.0,38,0.678175231567379,0.3235930735930736,0.4587224239497964
single_window_tb2000,197.3,2.0,39,0.5672123179381271,0.16233766233766234,0.47513239619492464
single_window_tb2000,197.3,2.0,40,0.2551148748005667,0.6060606060606061,0.10049979916385961
single_window_tb2000,197.3,2.0,41,0.32840829393611204,0.685064935064935,0.10342728737598335
single_window_tb2000,197.3,2.0,42,0.34674183104943185,0.29004329004329005,0.24617168957622
single_window_tb2000,197.3,2.0,43,0.3048147012061255,0.37012987012987014,0.19199367543502713
single_window_tb2000,197.3,2.0,44,0.6691562285903984,0.41774891774891776,0.38961693829181204
single_window_tb2000,197.3,2.0,45,0.7280887911711516,0.2564935064935065,0.5413387440850445
single_window_tb2000,197.3,2.0,46,0.5558661842354876,0.2976190476190476,0.3904298198796877
single_window_tb2000,197.3,2.0,47,0.8316488534075643,0.15043290043290045,0.7065415042477684
single_window_tb2000,197.3,2.0,48,0.6142192652946514,0.4318181818181818,0.34898821891741555
single_window_tb2000,197.3,2.0,49,0.5408797644838486,0.18614718614718614,0.4401965182812274
single_window_tb2000,197.3,2.0,50,0.33660535649626283,0.5800865800865801,0.14134510640752163
single_window_tb2000,197.3,2.0,51,0.6028727349773371,0.3051948051948052,0.41887910806866924
single_window_tb2000,197.3,2.0,52,0.8250298085501513,0.12878787878787878,0.7187759695702076
single_window_tb2000,197.3,2.0,53,0.38698768162886493,0.4675324675324675,0.2060583759322528
single_window_tb2000,197.3,2.0,54,0.5894892521259139,0.6320346320346321,0.21691162957014146
single_window_tb2000,197.3,2.0,55,0.31608018307267793,0.7564935064935064,0.07696757704691834
single_window_tb2000,197.3,2.0,56,0.4650793958692148,0.788961038961039,0.09814987250486676
single_window_tb2000,197.3,2.0,57,0.44459527047010977,0.3582251082251082,0.28533008158958345
single_window_tb2000,197.3,2.0,58,0.2923160465726767,0.7391774891774892,0.07624260522079555
single_window_tb2000,197.3,2.0,59,0.8039291219533198,0.1406926406926407,0.6908222108559912
single_window_tb2000,197.3,2.0,60,0.6363636934530603,0.38095238095238093,0.39393942928046594
single_window_tb2000,197.3,2.0,61,0.3801901858227461,0.36038961038961037,0.24317359288013307
single_window_tb2000,197.3,2.0,62,0.8597666926184554,0.19155844155844157,0.6950711248766084
single_window_tb2000,197.3,2.0,63,0.6110196550372435,0.19155844155844157,0.4939736821567326
single_window_tb2000,197.3,2.0,64,0.49514681406857736,0.3181818181818182,0.3376001005013028
single_window_tb2000,197.3,2.0,65,0.5225526006899901,0.8452380952380952,0.08087123582106989
single_window_tb2000,197.3,2.0,66,0.7447372410476324,0.3333333333333333,0.49649149403175497
single_window_tb2000,197.3,2.0,67,0.8445135439373035,0.30952380952380953,0.5831164946233762
single_window_tb2000,197.3,2.0,68,0.8396700411089915,0.1396103896103896,0.7224433795255932
single_window_tb2000,197.3,2.0,69,0.9451331181594037,0.11471861471861472,0.836708756119472
single_window_tb2000,197.3,2.0,70,0.41928865554284567,0.3971861471861472,0.2527530098889232
single_window_tb2000,197.3,2.0,71,0.7935509899384532,0.3787878787878788,0.49296349374964515
single_window_tb2000,197.3,2.0,72,0.8786416345237638,0.08116883116883117,0.8073233200331985
single_window_tb2000,197.3,2.0,73,0.4125456892000371,0.3235930735930736,0.2790487616342242
single_window_tb2000,197.3,2.0,74,0.4895334978662118,0.5952380952380952,0.19814451104108574
single_window_tb2000,197.3,2.0,75,0.8659354539804575,0.2305194805194805,0.6663204629654819
single_window_tb2000,197.3,2.0,76,0.6381461493090914,0.15584415584415584,0.5386948013648174
single_window_tb2000,197.3,2.0,77,0.5420845427000792,0.5746753246753247,0.23056193212243628
single_window_tb2000,197.3,2.0,78,0.7963635997502185,0.5714285714285714,0.34129868560723653
single_window_tb2000,197.3,2.0,79,0.7086196235407779,0.05303030303030303,0.6710413101711912
single_window_tb2000,197.3,2.0,80,0.6760535414876532,0.30303030303030304,0.47118883194594013
single_window_tb2000,197.3,2.0,81,0.5162693451390212,0.6038961038961039,0.20449629904857333
single_window_tb2000,197.3,2.0,82,0.7061725505447549,0.1774891774891775,0.5808345653831317
single_window_tb2000,197.3,2.0,83,0.3601356300660826,0.42424242424242425,0.20735081731077482
single_window_tb2000,197.3,2.0,84,0.8566597105954747,0.11796536796536797,0.755603532613974
single_window_tb2000,197.3,2.0,85,0.40680921800581543,0.4383116883116883,0.2284999828409288
single_window_tb2000,197.3,2.0,86,0.8457041290673767,0.2532467532467532,0.6315323041736903
single_window_tb2000,197.3,2.0,87,0.4333500566949083,0.4393939393939394,0.24293866814714551
single_window_tb2000,197.3,2.0,88,0.5774558822949516,0.23809523809523808,0.4399663865104393
single_window_tb2000,197.3,2.0,89,0.7406570041496325,0.21753246753246752,0.5795400584417579
single_window_tb2000,197.3,2.0,90,0.721400381980137,0.30952380952380953,0.4981097875577136
single_window_tb2000,197.3,2.0,91,0.5835898825671757,0.3961038961038961,0.3524276563555022
single_window_tb2000,197.3,2.0,92,0.6491942387596926,0.23593073593073594,0.49602936424712446
single_window_tb2000,197.3,2.0,93,0.7108548715824283,0.13203463203463203,0.6169974101830168
single_window_tb2000,197.3,2.0,94,0.5529253316729089,0.25432900432900435,0.41230038260025353
single_window_tb2000,197.3,2.0,95,0.47142020245370647,0.37662337662337664,0.2938723339971157
single_window_tb2000,197.3,2.0,96,0.716842743051167,0.5097402597402597,0.3514391370153449
single_window_tb2000,197.3,2.0,97,0.7018058744359343,0.24458874458874458,0.5301520566626431
single_window_tb2000,197.3,2.0,98,0.6096120804366525,0.34415584415584416,0.39981052028637604
single_window_tb2000,197.3,2.0,99,0.8561686386502473,0.046536796536796536,0.8163252929121947
single_window_tb2000,197.3,2.0,100,0.40086626291898786,0.39826839826839827,0.24121389846640393
single_window_tb2000,197.3,2.0,101,0.574741632965523,0.5638528138528138,0.2506719459795517
single_window_tb2000,197.3,2.0,102,0.24430518606484924,0.3495670995670996,0.15890413076295928
single_window_tb2000,197.3,2.0,103,0.5698579687253121,0.5,0.28492898436265607
single_window_tb2000,197.3,2.0,104,0.8285734201157464,0.3409090909090909,0.5461052087126511
single_window_tb2000,197.3,2.0,105,0.21887397910360196,0.7954545454545454,0.04476967754391859
single_window_tb2000,197.3,2.0,106,0.35257592369995294,0.408008658008658,0.20872189422497217
single_window_tb2000,197.3,2.0,107,0.5212815877855673,0.7846320346320347,0.11226735494516003
single_window_tb2000,197.3,2.0,108,0.5584177052852084,0.7424242424242424,0.14383486348255367
single_window_tb2000,197.3,2.0,109,0.49590516735612716,0.1699134199134199,0.41164422441791076
single_window_tb2000,197.3,2.0,110,0.820336902705668,0.19913419913419914,0.6569797705651453
single_window_tb2000,197.3,2.0,111,0.32527232109346443,0.7619047619047619,0.07744579073653916
single_window_tb2000,197.3,2.0,112,0.5947604061596338,0.3041125541125541,0.4138862999574075
single_window_tb2000,197.3,2.0,113,0.3008838161046383,0.9448051948051948,0.016607223616165116
single_window_tb2000,197.3,2.0,114,0.40721332760858986,0.24675324675324675,0.3067321168999768
single_window_tb2000,197.3,2.0,115,0.796373639636777,0.1829004329004329,0.6507165561967171
single_window_tb2000,197.3,2.0,116,0.4636765849857125,0.4675324675324675,0.24689272707031448
single_window_tb2000,197.3,2.0,117,0.8489075904042085,0.46645021645021645,0.45293446111393376
single_window_tb2000,197.3,2.0,118,0.623034615033909,0.31926406926406925,0.42412204854581037
single_window_tb2000,197.3,2.0,119,0.2907457416490714,0.3917748917748918,0.17683886018049583
single_window_tb2000,197.3,2.0,120,0.4809176754222688,0.29329004329004327,0.33986930957872463
single_window_tb2000,197.3,2.0,121,0.838026958222398,0.31385281385281383,0.575009839299784
single_window_tb2000,197.3,2.0,122,0.9804152953603453,0.02922077922077922,0.9517667964699456
single_window_tb2000,197.3,2.0,123,0.9538729483614732,0.023809523809523808,0.9311616876862
single_window_tb2000,197.3,2.0,124,0.8227489397756365,0.20238095238095238,0.6562402257734243
single_window_tb2000,197.3,2.0,125,0.9703666451787477,0.050865800865800864,0.9210081686382703
single_window_tb2000,197.3,2.0,126,0.7968271037107952,0.2435064935064935,0.6027945297552445
single_window_tb2000,197.3,2.0,127,0.5473373074633278,0.20454545454545456,0.43538194911855616
single_window_tb2000,197.3,2.0,128,0.5028920315068275,0.6937229437229437,0.15402429103509976
single_window_tb2000,197.3,2.0,129,0.5518255178356386,0.4577922077922078,0.29920409570958323
single_window_tb2000,197.3,2.0,130,0.5490103807918887,0.2012987012987013,0.438495304138976
single_window_tb2000,197.3,2.0,131,0.8646655222262039,0.1461038961038961,0.7383345206022456
single_window_tb2000,197.3,2.0,132,0.9719815481212459,0.04004329004329004,0.9330602090731008
single_window_tb2000,197.3,2.0,133,0.42190174631409416,0.40476190476190477,0.2511319918536275
single_window_tb2000,197.3,2.0,134,0.8234250149985565,0.23917748917748918,0.6264802873852654
single_window_tb2000,197.3,2.0,135,0.5720402834768158,0.4199134199134199,0.3318328917138239
single_window_tb2000,197.3,2.0,136,0.5010780772176897,0.6320346320346321,0.18437937906278623
single_window_tb2000,197.3,2.0,137,0.689124360571608,0.5606060606060606,0.3027970675238884
single_window_tb2000,197.3,2.0,138,0.43319466603784645,0.23809523809523808,0.33005307888597823
single_window_tb2000,197.3,2.0,139,0.497852557833562,0.3181818181818182,0.3394449257956105
single_window_tb2000,197.3,2.0,140,0.5182221868660858,0.6818181818181818,0.16488887763920915
single_window_tb2000,197.3,2.0,141,0.5065462248906767,0.6439393939393939,0.1803611558322864
single_window_tb2000,197.3,2.0,142,0.6319636031137562,0.26406926406926406,0.4650814395209461
single_window_tb2000,197.3,2.0,143,0.8947393068523743,0.07792207792207792,0.8250193608638776
single_window_tb2000,197.3,2.0,144,0.5545092714345702,0.4805194805194805,0.2880567643815949
single_window_tb2000,197.3,2.0,145,0.5307532867205975,0.28679653679653677,0.3785350821957508
single_window_tb2000,197.3,2.0,146,0.4666320882726486,0.4816017316017316,0.24190126653960897
single_window_tb2000,197.3,2.0,147,0.746196118114417,0.4253246753246753,0.4288204964488695
single_window_tb2000,197.3,2.0,148,0.7066719189968623,0.19480519480519481,0.5690085581533177
single_window_tb2000,197.3,2.0,149,0.5781038825157182,0.36038961038961037,0.3697612495311574
single_window_tb2000,197.3,2.0,150,0.6429498821940547,0.3344155844155844,0.42793742159019876
single_window_tb2000,197.3,2.0,151,0.7634148028867311,0.1764069264069264,0.6287431439359333
single_window_tb2000,197.3,2.0,152,0.7676892416729597,0.37662337662337664,0.4785595272766502
single_window_tb2000,197.3,2.0,153,0.5682144098223713,0.2326839826839827,0.4360000179264732
single_window_tb2000,197.3,2.0,154,0.5052616292583997,0.42857142857142855,0.2887209310047998
single_window_tb2000,197.3,2.0,155,0.36801084855661026,0.5746753246753247,0.15652409467829853
single_window_tb2000,197.3,2.0,156,0.6578900232510343,0.40476190476190477,0.39160120431609186
single_window_tb2000,197.3,2.0,157,0.6937870959046125,0.38203463203463206,0.4287363980103179
single_window_tb2000,197.3,2.0,158,0.7942345223714374,0.2132034632034632,0.6249009716060985
single_window_tb2000,197.3,2.0,159,0.49607554259237974,0.6417748917748918,0.1777067149329845
single_window_tb2000,197.3,2.0,160,0.8014059224193617,0.6082251082251082,0.31397071852360275
single_window_tb2000,197.3,2.0,161,0.6226802231363477,0.5616883116883117,0.27292801988119136
single_window_tb2000,197.3,2.0,162,0.3274687423103184,0.7792207792207793,0.07229829375682353
single_window_tb2000,197.3,2.0,163,0.7224122826528482,0.20887445887445888,0.5715188080294719
single_window_tb2000,197.3,2.0,164,0.2814055114165541,0.9242424242424242,0.02131859934973896
single_window_tb2000,197.3,2.0,165,0.697642538356677,0.40476190476190477,0.4152634156884982
single_window_tb2000,197.3,2.0,166,0.5791529000686031,0.11796536796536797,0.5108329151038004
single_window_tb2000,197.3,2.0,167,0.7309695576868779,0.2694805194805195,0.5339875015569725
single_window_tb2000,197.3,2.0,168,0.3801158305454045,0.275974025974026,0.2752137344533286
single_window_tb2000,197.3,2.0,169,0.5243307037874176,0.3582251082251082,0.33650228067742277
single_window_tb2000,197.3,2.0,170,0.740865219111842,0.3874458874458874,0.4538200368152625
single_window_tb2000,197.3,2.0,171,0.5213219065821364,0.474025974025974,0.27420178203346135
single_window_tb2000,197.3,2.0,172,0.5151195000247916,0.22186147186147187,0.4008343295647458
single_window_tb2000,197.3,2.0,173,0.3294969570281546,0.5562770562770563,0.14620535972028506
single_window_tb2000,197.3,2.0,174,0.4748229287516609,0.5432900432900433,0.2168563592350659
single_window_tb2000,197.3,2.0,175,0.8520736449932022,0.5703463203463204,0.3660965769072524
single_window_tb2000,197.3,2.0,176,0.3683068069607146,0.329004329004329,0.24713227306887778
single_window_tb2000,197.3,2.0,177,0.7721014364094576,0.18831168831168832,0.626705711371313
single_window_tb2000,197.3,2.0,178,0.6253656581638385,0.3181818181818182,0.426385676020799
single_window_tb2000,197.3,2.0,179,0.6595338571060652,0.30735930735930733,0.4568199876059326
single_window_tb2000,197.3,2.0,180,0.8230248528774274,0.15692640692640691,0.6938705199042381
single_window_tb2000,197.3,2.0,181,0.46559490993335384,0.3593073593073593,0.29830323233825273
single_window_tb2000,197.3,2.0,182,0.22439762282872172,0.47835497835497837,0.11705590281757995
single_window_tb2000,197.3,2.0,183,0.5527910017399988,0.26082251082251084,0.4086106647060814
single_window_tb2000,197.3,2.0,184,0.7377469707229831,0.2067099567099567,0.5852473263419335
single_window_tb2000,197.3,2.0,185,0.5042259442025828,0.27813852813852813,0.36398128223281684
single_window_tb2000,197.3,2.0,186,0.9789966454178256,0.07034632034632035,0.9101278337812903
single_window_tb2000,197.3,2.0,187,0.4302206227749053,0.7294372294372294,0.11640168365121896
single_window_tb2000,197.3,2.0,188,0.5559758886253752,0.8571428571428571,0.0794251269464822
single_window_tb2000,197.3,2.0,189,0.847137768183037,0.1634199134199134,0.7086985874518263
single_window_tb2000,197.3,2.0,190,0.9391175231985122,0.05735930735930736,0.8852503925388572
single_window_tb2000,197.3,2.0,191,0.7707887791447827,0.2824675324675325,0.5530659746460941
single_window_tb2000,197.3,2.0,192,0.6980287751746048,0.05952380952380952,0.6564794433189736
single_window_tb2000,197.3,2.0,193,0.6375996194901242,0.2554112554112554,0.4747495002264128
single_window_tb2000,197.3,2.0,194,0.5623177647110525,0.47835497835497837,0.29333026254407724
single_window_tb2000,197.3,2.0,195,0.3021537388149822,0.2846320346320346,0.21615110536439747
single_window_tb2000,197.3,2.0,196,0.943647719314261,0.032467532467532464,0.9130098063495122
single_window_tb2000,197.3,2.0,197,0.6602284946694208,0.577922077922078,0.27866787112670355
single_window_tb2000,197.3,2.0,198,0.4897399300542255,0.591991341991342,0.1998181316346786
single_window_tb2000,197.3,2.0,199,0.7897047461099593,0.3874458874458874,0.4837368899331569
single_window_tb2000,197.3,2.0,200,0.6334696724998234,0.36038961038961037,0.40517378403397797
single_window_tb2000,197.3,2.0,201,0.598428486387496,0.14826839826839827,0.50970045323264
single_window_tb2000,197.3,2.0,202,0.8385882907637245,0.18073593073593072,0.6870252555282894
single_window_tb2000,197.3,2.0,203,0.5915048695954294,0.7521645021645021,0.14659590382830448
single_window_tb2000,197.3,2.0,204,0.29677693250557735,0.2727272727272727,0.21583776909496535
single_window_tb2000,197.3,2.0,205,0.6473586383919785,0.5432900432900433,0.29565513571581703
single_window_tb2000,197.3,2.0,206,0.7035647127594018,0.538961038961039,0.32437074419426964
single_window_tb2000,197.3,2.0,207,0.5421450630821499,0.4512987012987013,0.29747570019767317
single_window_tb2000,197.3,2.0,208,0.7634763054596563,0.47619047619047616,0.3999161600026771
single_window_tb2000,197.3,2.0,209,0.46614014724840813,0.5909090909090909,0.1906936966016215
single_window_tb2000,197.3,2.0,210,0.9623600875044853,0.09848484848484848,0.8675822000987405
single_window_tb2000,197.3,2.0,211,0.42110524464020016,0.41883116883116883,0.24473324282660985
single_window_tb2000,197.3,2.0,212,0.904921666141226,0.07251082251082251,0.8393050518214618
single_window_tb2000,197.3,2.0,213,0.48624119943530164,0.37662337662337664,0.30311139705057766
single_window_tb2000,197.3,2.0,214,0.8855337517283359,0.17965367965367965,0.7264443547728124
single_window_tb2000,197.3,2.0,215,0.43727932514552736,0.4329004329004329,0.24798091599161942
single_window_tb2000,197.3,2.0,216,0.2013361161449021,0.6103896103896104,0.07844264265385796
single_window_tb2000,197.3,2.0,217,0.5195305031531738,0.5497835497835498,0.2339011789087882
single_window_tb2000,197.3,2.0,218,0.5636318820901616,0.30735930735930733,0.3903943772053068
single_window_tb2000,197.3,2.0,219,0.7857832435330063,0.11904761904761904,0.6922376193028865
single_window_tb2000,197.3,2.0,220,0.46487319998045895,0.6266233766233766,0.17357278570698953
single_window_tb2000,197.3,2.0,221,0.8462338875709594,0.2261904761904762,0.6548238415727662
single_window_tb2000,197.3,2.0,222,0.6174149037775236,0.3560606060606061,0.3975777789476478
single_window_tb2000,197.3,2.0,223,0.9077866158828609,0.07251082251082251,0.8419622617008785
single_window_tb2000,197.3,2.0,224,0.6887674192368813,0.15692640692640691,0.5806816229280634
single_window_tb2000,197.3,2.0,225,0.8696575706653716,0.07900432900432901,0.8009508578314192
single_window_tb2000,197.3,2.0,226,0.5856361455135375,0.4383116883116883,0.3289449778371493
single_window_tb2000,197.3,2.0,227,0.5652665596230325,0.275974025974026,0.40926767141537745
single_window_tb2000,197.3,2.0,228,0.2168944860917581,0.8896103896103896,0.02394289781532394
single_window_tb2000,197.3,2.0,229,0.7385842772359654,0.10822510822510822,0.6586509138987398
single_window_tb2000,197.3,2.0,230,0.6663594745198087,0.2846320346320346,0.4766922214909022
single_window_tb2000,197.3,2.0,231,0.3831466532257949,0.5281385281385281,0.18079214372992053
single_window_tb2000,197.3,2.0,232,0.6400020717521798,0.31493506493506496,0.43844297772633095
single_window_tb2000,197.3,2.0,233,0.5328411769186084,0.3106060606060606,0.3673374780272225
single_window_tb2000,197.3,2.0,234,0.3761796615820486,0.3971861471861472,0.226766311148486
single_window_tb2000,197.3,2.0,235,0.9251462257981683,0.08982683982683982,0.8420432639569908
single_window_tb2000,197.3,2.0,236,0.43394092986935207,0.5865800865800865,0.17939982165594426
single_window_tb2000,197.3,2.0,237,0.6540485846955233,0.3582251082251082,0.4197519596584906
single_window_tb2000,197.3,2.0,238,0.8823006261887277,0.21536796536796537,0.6922813354835796
single_window_tb2000,197.3,2.0,239,0.43014612370530153,0.4296536796536797,0.24533225886655186
single_window_tb2000,197.3,2.0,240,0.36607861372092865,0.3593073593073593,0.23454387372596297
single_window_tb2000,197.3,2.0,241,0.37482490785919254,0.8917748917748918,0.04056546621852733
single_window_tb2000,197.3,2.0,242,0.7290264548606481,0.29545454545454547,0.5136322750154566
single_window_tb2000,197.3,2.0,243,0.7355530556695407,0.29329004329004327,0.5198226681300975
single_window_tb2000,197.3,2.0,244,0.7969195159867768,0.15800865800865802,0.6709993327247968
single_window_tb2000,197.3,2.0,245,0.6121781235489379,0.3354978354978355,0.4067936881591427
single_window_tb2000,197.3,2.0,246,0.3489079067516977,0.5995670995670995,0.1397142050845543
single_window_tb2000,197.3,2.0,247,0.6600023328678281,0.23917748917748918,0.5021446320412155
single_window_tb2000,197.3,2.0,248,0.46941614886028843,0.6471861471861472,0.16561652005243943
single_window_tb2000,197.3,2.0,249,0.6557137839580931,0.5021645021645021,0.3264375980743754
single_window_tb2000,197.3,2.0,250,0.9003689771804985,0.21103896103896103,0.710356043684614
single_window_tb2000,197.3,2.0,251,0.6776100987242841,0.2132034632034632,0.5331412789746262
single_window_tb2000,197.3,2.0,252,0.4810710382698178,0.6212121212121212,0.18222387813250673
single_window_tb2000,197.3,2.0,253,0.37524879105687514,0.420995670995671,0.21727067447557163
single_window_tb2000,197.3,2.0,254,0.5519759060857391,0.3484848484848485,0.35962066608616333
single_window_tb2000,197.3,2.0,255,0.5004871123918895,0.24675324675324675,0.37699029245103366
single_window_tb2000,197.3,2.0,256,0.2596425711015907,0.683982683982684,0.08205154844335982
single_window_tb2000,197.3,2.0,257,0.4087544278091569,0.9502164502164502,0.02034924640608358
single_window_tb2000,197.3,2.0,258,0.3274675056200068,0.512987012987013,0.15948092806169162
single_window_tb2000,197.3,2.0,259,0.6727636814951513,0.43722943722943725,0.378611595646622
single_window_tb2000,197.3,2.0,260,0.4011411276379545,0.22510822510822512,0.31084096037746256
single_window_tb2000,197.3,2.0,261,0.4174995176177915,0.262987012987013,0.3077025665559697
single_window_tb2000,197.3,2.0,262,0.7876492828640383,0.2077922077922078,0.6239818994117706
single_window_tb2000,197.3,2.0,263,0.6429609279083932,0.6244588744588745,0.24145827054568444
single_window_tb2000,197.3,2.0,264,0.9028900862088256,0.11471861471861472,0.7993117862757785
single_window_tb2000,197.3,2.0,265,0.38486174924166044,0.5010822510822511,0.19201435757619637
single_window_tb2000,197.3,2.0,266,0.5882839879152735,0.14826839826839827,0.5010600633001301
single_window_tb2000,197.3,2.0,267,0.8771180563542144,0.1471861471861472,0.7480184290120356
single_window_tb2000,197.3,2.0,268,0.6121564090611726,0.4393939393939394,0.34317859295853614
single_window_tb2000,197.3,2.0,269,0.7101735853009687,0.12878787878787878,0.6187118356788743
single_window_tb2000,197.3,2.0,270,0.8660545466686727,0.24025974025974026,0.6579765062352902
single_window_tb2000,197.3,2.0,271,0.44143468704664274,0.6255411255411255,0.16529913605859134
single_window_tb2000,197.3,2.0,272,0.575163503691167,0.7142857142857143,0.1643324296260477
single_window_tb2000,197.3,2.0,273,0.8000892272381825,0.44047619047619047,0.4476689723832688
single_window_tb2000,197.3,2.0,274,0.3828710873460203,0.564935064935065,0.1665737847544374
single_window_tb2000,197.3,2.0,275,0.9688836849030269,0.15584415584415584,0.8178888249181395
single_window_tb2000,197.3,2.0,276,0.72413525925038,0.24458874458874458,0.5470199252778845
single_window_tb2000,197.3,2.0,277,0.8217942622549044,0.16666666666666666,0.684828551879087
single_window_tb2000,197.3,2.0,278,0.5242872268220239,0.604978354978355,0.20710480280307222
single_window_tb2000,197.3,2.0,279,0.588652129485627,0.27380952380952384,0.4274735702217053
single_window_tb2000,197.3,2.0,280,0.48639251745268675,0.6461038961038961,0.17213241689072356
single_window_tb2000,197.3,2.0,281,0.5586833571509684,0.22186147186147187,0.4347330452289462
single_window_tb2000,197.3,2.0,282,0.32112591845767946,0.6168831168831169,0.12302876096755251
single_window_tb2000,197.3,2.0,283,0.39430632629116075,0.5032467532467533,0.1958729478004792
single_window_tb2000,197.3,2.0,284,0.5474295415358051,0.6439393939393939,0.19491809433471852
single_window_tb2000,197.3,2.0,285,0.47690392845962964,0.7251082251082251,0.1310969673471276
single_window_tb2000,197.3,2.0,286,0.28177918270284974,0.6461038961038961,0.09972055491756697
single_window_tb2000,197.3,2.0,287,0.7806407907719282,0.24567099567099568,0.5888599904415951
single_window_tb2000,197.3,2.0,288,0.7271838432670648,0.14502164502164502,0.621726446083313
single_window_tb2000,197.3,2.0,289,0.6191554477256822,0.3658008658008658,0.39266784888230494
single_window_tb2000,197.3,2.0,290,0.692262868094508,0.7445887445887446,0.1768117282146146
single_window_tb2000,197.3,2.0,291,0.6104829168173513,0.13095238095238096,0.5305387253293649
single_window_tb2000,197.3,2.0,292,0.541284668972063,0.45454545454545453,0.2952461830756707
single_window_tb2000,197.3,2.0,293,0.41347343554088395,0.946969696969697,0.021926621581713525
single_window_tb2000,197.3,2.0,294,0.5720573665309339,0.551948051948052,0.2563114174716522
single_window_tb2000,197.3,2.0,295,0.7766639403771889,0.38961038961038963,0.4740675999704919
single_window_tb2000,197.3,2.0,296,0.40172703560391165,0.45346320346320346,0.2195586071211855
single_window_tb2000,197.3,2.0,297,0.7063549238646247,0.2857142857142857,0.5045392313318748
single_window_tb2000,197.3,2.0,298,0.6140621642122177,0.5335497835497836,0.2864294294106773
single_window_tb2000,197.3,2.0,299,0.7266895550086571,0.09956709956709957,0.6543351837307388
single_window_tb2000,197.3,3.0,0,0.5951746826234694,0.31385281385281383,0.4083774337481381
single_window_tb2000,197.3,3.0,1,0.7775657875798592,0.08441558441558442,0.7119271171997412
single_window_tb2000,197.3,3.0,2,0.5045654967911845,0.15043290043290045,0.42866224565051925
single_window_tb2000,197.3,3.0,3,0.8444541328690405,0.15584415584415584,0.7128508913829562
single_window_tb2000,197.3,3.0,4,0.9298160313869797,0.04112554112554113,0.891576843948987
single_window_tb2000,197.3,3.0,5,0.43455137299969376,0.09740259740259741,0.3922249405646587
single_window_tb2000,197.3,3.0,6,0.38972738681409314,0.3906926406926407,0.23746376490945284
single_window_tb2000,197.3,3.0,7,0.5540212057139469,0.08874458874458875,0.5048548216570814
single_window_tb2000,197.3,3.0,8,0.8075894138592155,0.13744588744588745,0.6965895701794315
single_window_tb2000,197.3,3.0,9,0.4227610043257337,0.8181818181818182,0.07686563715013338
single_window_tb2000,197.3,3.0,10,0.9278095121870974,0.06060606060606061,0.8715786326606066
single_window_tb2000,197.3,3.0,11,0.9766232715974295,0.045454545454545456,0.9322313047066373
single_window_tb2000,197.3,3.0,12,0.9739236366115137,0.08333333333333333,0.8927633335605542
single_window_tb2000,197.3,3.0,13,0.7635562842517747,0.15151515151515152,0.647865938153021
single_window_tb2000,197.3,3.0,14,0.9702103140210695,0.0010822510822510823,0.969160302858709
single_window_tb2000,197.3,3.0,15,0.8527544737207782,0.1331168831168831,0.7392384561150902
single_window_tb2000,197.3,3.0,16,0.4678570938481726,0.5032467532467533,0.23240953038561818
single_window_tb2000,197.3,3.0,17,0.8565238025144878,0.09415584415584416,0.7758770808491627
single_window_tb2000,197.3,3.0,18,0.7694955894998743,0.30735930735930733,0.5329839580951511
single_window_tb2000,197.3,3.0,19,0.8386307196663513,0.08441558441558442,0.7678372173568541
single_window_tb2000,197.3,3.0,20,0.9492283572016771,0.03571428571428571,0.9153273444444744
single_window_tb2000,197.3,3.0,21,0.4324784154609944,0.38961038961038963,0.26398033151515243
single_window_tb2000,197.3,3.0,22,0.8745854434478774,0.06385281385281386,0.8187407019290194
single_window_tb2000,197.3,3.0,23,0.691601419378549,0.36038961038961037,0.4423554533038122
single_window_tb2000,197.3,3.0,24,0.9036618202095184,0.06277056277056277,0.8469384592006958
single_window_tb2000,197.3,3.0,25,0.6314466553255806,0.22402597402597402,0.48998620332082393
single_window_tb2000,197.3,3.0,26,0.7942558290427563,0.12445887445887446,0.6954036425276946
single_window_tb2000,197.3,3.0,27,0.9832640590730165,0.08116883116883117,0.9034536646677391
single_window_tb2000,197.3,3.0,28,0.5603233130022504,0.34415584415584416,0.36748477021576165
single_window_tb2000,197.3,3.0,29,0.7967917509202757,0.5,0.3983958754601378
single_window_tb2000,197.3,3.0,30,0.326088212031995,0.6904761904761905,0.10093206562895084
single_window_tb2000,197.3,3.0,31,0.29120041064466806,0.4621212121212121,0.15663052390735932
single_window_tb2000,197.3,3.0,32,0.7939317390908702,0.14285714285714285,0.680512919220746
single_window_tb2000,197.3,3.0,33,0.6181500651516167,0.11147186147186147,0.5492437267202136
single_window_tb2000,197.3,3.0,34,0.5849454209054992,0.13744588744588745,0.5045470784217346
single_window_tb2000,197.3,3.0,35,0.8653925650712149,0.025974025974025976,0.8429148361083262
single_window_tb2000,197.3,3.0,36,0.4186671063785895,0.45454545454545453,0.22836387620650334
single_window_tb2000,197.3,3.0,37,0.7497031247376897,0.22510822510822512,0.580938784969898
single_window_tb2000,197.3,3.0,38,0.8815925038021714,0.07467532467532467,0.8157592973494118
single_window_tb2000,197.3,3.0,39,0.9194958023113509,0.4025974025974026,0.5493091806015862
single_window_tb2000,197.3,3.0,40,0.895172697682736,0.025974025974025976,0.8719214587818856
single_window_tb2000,197.3,3.0,41,0.8401733042970387,0.2326839826839827,0.644678433708442
single_window_tb2000,197.3,3.0,42,0.579222000199281,0.3961038961038961,0.34978990921125414
single_window_tb2000,197.3,3.0,43,0.9219534013757683,0.03571428571428571,0.8890264941837765
single_window_tb2000,197.3,3.0,44,0.9309859188578087,0.1471861471861472,0.7939576883765728
single_window_tb2000,197.3,3.0,45,0.9427433025662972,0.003246753246753247,0.9396824476878352
single_window_tb2000,197.3,3.0,46,0.5596607744509473,0.22727272727272727,0.43246514389391383
single_window_tb2000,197.3,3.0,47,0.4537006039847095,0.43614718614718617,0.25582036220349963
single_window_tb2000,197.3,3.0,48,0.7415015185318512,0.5010822510822511,0.36994826844500367
single_window_tb2000,197.3,3.0,49,0.8591176328743357,0.13095238095238096,0.746614133331268
single_window_tb2000,197.3,3.0,50,0.9167846011503077,0.10822510822510822,0.817565488471703
single_window_tb2000,197.3,3.0,51,0.9114661947497089,0.048701298701298704,0.8670766073430672
single_window_tb2000,197.3,3.0,52,0.6200009562464618,0.044372294372294376,0.5924900913047898
single_window_tb2000,197.3,3.0,53,0.9078469720084177,0.05411255411255411,0.8587210536096938
single_window_tb2000,197.3,3.0,54,0.9356802310196533,0.005411255411255411,0.9306170263063435
single_window_tb2000,197.3,3.0,55,0.5156388757484561,0.538961038961039,0.23772961154636613
single_window_tb2000,197.3,3.0,56,0.720230799794225,0.24242424242424243,0.5456293937835038
single_window_tb2000,197.3,3.0,57,0.7639366004838296,0.30303030303030304,0.5324406609432752
single_window_tb2000,197.3,3.0,58,0.8895461269919888,0.09632034632034632,0.8038647359721977
single_window_tb2000,197.3,3.0,59,0.9406813871113365,0.08441558441558442,0.8612732180694704
single_window_tb2000,197.3,3.0,60,0.649897185122736,0.6266233766233766,0.24265641652309947
single_window_tb2000,197.3,3.0,61,0.8668155210045024,0.11147186147186147,0.770189981325429
single_window_tb2000,197.3,3.0,62,0.9691927118416979,0.20995670995670995,0.7657041987493934
single_window_tb2000,197.3,3.0,63,0.6761163887193224,0.3333333333333333,0.450744259146215
single_window_tb2000,197.3,3.0,64,0.9889888229223532,0.011904761904761904,0.9772151464589919
single_window_tb2000,197.3,3.0,65,0.7311146684375689,0.341991341991342,0.4810797818290496
single_window_tb2000,197.3,3.0,66,0.9986240466681972,0.01406926406926407,0.9845741412497051
single_window_tb2000,197.3,3.0,67,0.45230524168558117,0.8441558441558441,0.07048912857437631
single_window_tb2000,197.3,3.0,68,0.7804307176229166,0.47186147186147187,0.41217553051946243
single_window_tb2000,197.3,3.0,69,0.6619194922318947,0.37012987012987014,0.416923316535674
single_window_tb2000,197.3,3.0,70,0.9305338225309306,0.008658008658008658,0.9224772526388879
single_window_tb2000,197.3,3.0,71,0.6944599485173394,0.14826839826839827,0.5914934842891191
single_window_tb2000,197.3,3.0,72,0.8208353246170197,0.29004329004329005,0.5827575464813473
single_window_tb2000,197.3,3.0,73,0.9302331465891788,0.10606060606060606,0.8315720552842658
single_window_tb2000,197.3,3.0,74,0.7429888304066181,0.22402597402597402,0.5765400339843563
single_window_tb2000,197.3,3.0,75,0.7013876899906387,0.237012987012987,0.5351496985318185
single_window_tb2000,197.3,3.0,76,0.8129106968577257,0.07142857142857142,0.7548456470821738
single_window_tb2000,197.3,3.0,77,0.5231921011991396,0.6439393939393939,0.1862880966390876
single_window_tb2000,197.3,3.0,78,0.8440161265575836,0.007575757575757576,0.8376220649927535
single_window_tb2000,197.3,3.0,79,0.5492500359248924,0.22510822510822512,0.425609335197211
single_window_tb2000,197.3,3.0,80,0.9228341341560498,0.11363636363636363,0.817966618911044
single_window_tb2000,197.3,3.0,81,0.8983671595048779,0.19155844155844157,0.7262773464828396
single_window_tb2000,197.3,3.0,82,0.9112793463906985,0.20454545454545456,0.7248812982653283
single_window_tb2000,197.3,3.0,83,0.9444717506595176,0.19805194805194806,0.7574172805613664
single_window_tb2000,197.3,3.0,84,0.8895990098525829,0.20562770562770563,0.7066728065279176
single_window_tb2000,197.3,3.0,85,0.5787373164736225,0.37554112554112556,0.36139765325246764
single_window_tb2000,197.3,3.0,86,0.5801581758163039,0.49567099567099565,0.292590595162768
single_window_tb2000,197.3,3.0,87,0.8712268413508005,0.20887445887445888,0.689249806306748
single_window_tb2000,197.3,3.0,88,0.6427659455886042,0.2683982683982684,0.47024867880724724
single_window_tb2000,197.3,3.0,89,0.805794217381695,0.21428571428571427,0.6331240279427603
single_window_tb2000,197.3,3.0,90,0.9779268581541177,0.0,0.9779268581541177
single_window_tb2000,197.3,3.0,91,0.6828336223421194,0.5194805194805194,0.3281148574890704
single_window_tb2000,197.3,3.0,92,0.6650976431464793,0.049783549783549784,0.631986721517975
single_window_tb2000,197.3,3.0,93,0.479332950200664,0.5984848484848485,0.19245944212602417
single_window_tb2000,197.3,3.0,94,0.9621149945134794,0.003246753246753247,0.9589912445312927
single_window_tb2000,197.3,3.0,95,0.640033736449641,0.6515151515151515,0.22304205967184462
single_window_tb2000,197.3,3.0,96,0.9162234071198192,0.3593073593073593,0.5870175941720054
single_window_tb2000,197.3,3.0,97,0.9057777753826111,0.08116883116883117,0.8322568520561003
single_window_tb2000,197.3,3.0,98,0.9131288381028251,0.17424242424242425,0.7540230557061206
single_window_tb2000,197.3,3.0,99,0.7967541831160305,0.30627705627705626,0.5527266573348221
single_window_tb2000,197.3,3.0,100,0.6567976200537734,0.18722943722943722,0.5338257712774717
single_window_tb2000,197.3,3.0,101,0.853750206817057,0.20562770562770563,0.6781955106100864
single_window_tb2000,197.3,3.0,102,0.8790137148321762,0.27380952380952384,0.6383313881519375
single_window_tb2000,197.3,3.0,103,0.8213800515025971,0.24134199134199133,0.6231465542243729
single_window_tb2000,197.3,3.0,104,0.930271165492941,0.02922077922077922,0.9030879171506148
single_window_tb2000,197.3,3.0,105,0.7452432026984069,0.21645021645021645,0.5839351501662843
single_window_tb2000,197.3,3.0,106,0.8501970249566656,0.12121212121212122,0.7471428401134335
single_window_tb2000,197.3,3.0,107,0.7546854116093531,0.0735930735930736,0.6991457925731669
single_window_tb2000,197.3,3.0,108,0.7575416172109882,0.06493506493506493,0.7083506031063785
single_window_tb2000,197.3,3.0,109,0.6896003474274595,0.4155844155844156,0.40301319005500874
single_window_tb2000,197.3,3.0,110,0.9431660484032578,0.05411255411255411,0.8921289245719127
single_window_tb2000,197.3,3.0,111,0.7016140256410762,0.19696969696969696,0.5634173236208642
single_window_tb2000,197.3,3.0,112,0.5531306129159002,0.604978354978355,0.21849856462586967
single_window_tb2000,197.3,3.0,113,0.749194932106152,0.0735930735930736,0.6940593743321061
single_window_tb2000,197.3,3.0,114,0.691716061437623,0.22294372294372294,0.5375023074807503
single_window_tb2000,197.3,3.0,115,0.7034543508244555,0.3409090909090909,0.46364036758884575
single_window_tb2000,197.3,3.0,116,0.6289510256841415,0.29329004329004327,0.44448595213392256
single_window_tb2000,197.3,3.0,117,0.5830959794104192,0.4025974025974026,0.34834305263479587
single_window_tb2000,197.3,3.0,118,0.8541996161233246,0.15476190476190477,0.722002056485191
single_window_tb2000,197.3,3.0,119,0.9661532206077207,0.010822510822510822,0.9556970169214899
single_window_tb2000,197.3,3.0,120,0.9707662386640866,0.015151515151515152,0.9560576592903883
single_window_tb2000,197.3,3.0,121,0.9165768786278123,0.1893939393939394,0.7429827728270902
single_window_tb2000,197.3,3.0,122,0.8832151781797313,0.08658008658008658,0.8067463315840836
single_window_tb2000,197.3,3.0,123,0.4882016225266422,0.4805194805194805,0.2536112324813725
single_window_tb2000,197.3,3.0,124,0.5633695460060698,0.4090909090909091,0.33290018627631396
single_window_tb2000,197.3,3.0,125,0.4109899223110644,0.341991341991342,0.2704349272349861
single_window_tb2000,197.3,3.0,126,0.8550534679933157,0.08116883116883117,0.7856497774094426
single_window_tb2000,197.3,3.0,127,0.8533451179248649,0.3560606060606061,0.5495025380576781
single_window_tb2000,197.3,3.0,128,0.9731582440662097,0.01406926406926407,0.9594666237492607
single_window_tb2000,197.3,3.0,129,0.8094681506794954,0.3008658008658009,0.5659268672499502
single_window_tb2000,197.3,3.0,130,0.6520097723328153,0.3116883116883117,0.44878594719011966
single_window_tb2000,197.3,3.0,131,0.7915041595405504,0.39935064935064934,0.4754164594642917
single_window_tb2000,197.3,3.0,132,0.9255878868152874,0.03787878787878788,0.8905277395874356
single_window_tb2000,197.3,3.0,133,0.8849615430672998,0.09740259740259741,0.7987639901711342
single_window_tb2000,197.3,3.0,134,0.925703239649105,0.06926406926406926,0.861585266340076
single_window_tb2000,197.3,3.0,135,0.7826901628344352,0.43073593073593075,0.4455573870680875
single_window_tb2000,197.3,3.0,136,0.8130760352778926,0.12337662337662338,0.712761459496854
single_window_tb2000,197.3,3.0,137,0.9604777326505611,0.2067099567099567,0.7619374221134863
single_window_tb2000,197.3,3.0,138,0.6647504798851146,0.4199134199134199,0.3856128324874691
single_window_tb2000,197.3,3.0,139,0.715422860195267,0.26731601731601734,0.5241788705110343
single_window_tb2000,197.3,3.0,140,0.5293597521062187,0.6147186147186147,0.20395245860369465
single_window_tb2000,197.3,3.0,141,0.9127667787950576,0.1266233766233766,0.7971891671943847
single_window_tb2000,197.3,3.0,142,0.9233360363194539,0.027056277056277056,0.8983540007047501
single_window_tb2000,197.3,3.0,143,0.47397955320608015,0.6179653679653679,0.18107660420102414
single_window_tb2000,197.3,3.0,144,0.7961589581775729,0.21103896103896103,0.6281383988219162
single_window_tb2000,197.3,3.0,145,0.9178581788005483,0.04220779220779221,0.8791174115135122
single_window_tb2000,197.3,3.0,146,0.993490563558715,0.0183982683982684,0.9752120575192148
single_window_tb2000,197.3,3.0,147,0.5910376150690949,0.42207792207792205,0.3415736866308406
single_window_tb2000,197.3,3.0,148,0.6340467752020524,0.237012987012987,0.4837694551054621
single_window_tb2000,197.3,3.0,149,0.7915338456796313,0.31926406926406925,0.5388255291477143
single_window_tb2000,197.3,3.0,150,0.8915321627432695,0.11147186147186147,0.7921514130002427
single_window_tb2000,197.3,3.0,151,0.22158284959946728,0.9199134199134199,0.017745812630260368
single_window_tb2000,197.3,3.0,152,0.8661453046044992,0.13852813852813853,0.7461598078627505
single_window_tb2000,197.3,3.0,153,0.7347497560551718,0.046536796536796536,0.7005568561521713
single_window_tb2000,197.3,3.0,154,0.7936067031208422,0.237012987012987,0.6055116079006426
single_window_tb2000,197.3,3.0,155,0.6774110123637146,0.3354978354978355,0.45014108397329083
single_window_tb2000,197.3,3.0,156,0.7895663704846976,0.26406926406926406,0.5810661600969635
single_window_tb2000,197.3,3.0,157,0.9304471373816054,0.15151515151515152,0.7894702983843925
single_window_tb2000,197.3,3.0,158,0.7884700015801658,0.1634199134199134,0.6596183021877361
single_window_tb2000,197.3,3.0,159,0.8497759816767652,0.11255411255411256,0.7541302001893371
single_window_tb2000,197.3,3.0,160,0.8568378402625209,0.1461038961038961,0.7316504934709188
single_window_tb2000,197.3,3.0,161,0.857512431472504,0.22943722943722944,0.6607671549874706
single_window_tb2000,197.3,3.0,162,0.9384805976942111,0.0670995670995671,0.8755089558575866
single_window_tb2000,197.3,3.0,163,0.6490573475619351,0.42857142857142855,0.3708899128925343
single_window_tb2000,197.3,3.0,164,0.9030888267684272,0.0367965367965368,0.8698582855237015
single_window_tb2000,197.3,3.0,165,0.57931285744634,0.48484848484848486,0.29843389626023575
single_window_tb2000,197.3,3.0,166,0.7577448987375222,0.1774891774891775,0.6232533799139792
single_window_tb2000,197.3,3.0,167,0.40546951685680466,0.5768398268398268,0.17157855096429722
single_window_tb2000,197.3,3.0,168,0.9348486137640705,0.07792207792207792,0.862003267237
single_window_tb2000,197.3,3.0,169,0.6622925572602646,0.24891774891774893,0.49743618478206014
single_window_tb2000,197.3,3.0,170,0.49820674912848323,0.4329004329004329,0.28253283175684546
single_window_tb2000,197.3,3.0,171,0.9214301014595226,0.02922077922077922,0.8945051958973937
single_window_tb2000,197.3,3.0,172,0.8376863010763032,0.14935064935064934,0.7125773080584137
single_window_tb2000,197.3,3.0,173,0.6091260930806568,0.2727272727272727,0.4430007949677504
single_window_tb2000,197.3,3.0,174,0.8856734309942393,0.08658008658008658,0.8089917486570758
single_window_tb2000,197.3,3.0,175,0.42537309493327446,0.4199134199134199,0.24675322390068735
single_window_tb2000,197.3,3.0,176,0.6183194887548306,0.048701298701298704,0.5882065266401473
single_window_tb2000,197.3,3.0,177,0.7142485073289573,0.21428571428571427,0.5611952557584664
single_window_tb2000,197.3,3.0,178,0.8041704961027836,0.13095238095238096,0.6988624549464667
single_window_tb2000,197.3,3.0,179,0.957707799836217,0.047619047619047616,0.9121026665106828
single_window_tb2000,197.3,3.0,180,0.776094684177201,0.2846320346320346,0.555193275152738
single_window_tb2000,197.3,3.0,181,0.7876845368568837,0.20887445887445888,0.6231573554571234
single_window_tb2000,197.3,3.0,182,0.6890242811127578,0.45021645021645024,0.37881421515723046
single_window_tb2000,197.3,3.0,183,0.9971509918401676,0.01406926406926407,0.9831218112190397
single_window_tb2000,197.3,3.0,184,0.45287983583443153,0.5032467532467533,0.22496952883983123
single_window_tb2000,197.3,3.0,185,0.9929072843070482,0.012987012987012988,0.9800123845108528
single_window_tb2000,197.3,3.0,186,0.700363520894486,0.38095238095238093,0.43355837007753895
single_window_tb2000,197.3,3.0,187,0.8176063391034631,0.16666666666666666,0.6813386159195527
single_window_tb2000,197.3,3.0,188,0.806281310757262,0.2261904761904762,0.6239081571335956
single_window_tb2000,197.3,3.0,189,0.21650819605776256,0.5735930735930735,0.09232059442289876
single_window_tb2000,197.3,3.0,190,0.3366905323370599,0.6677489177489178,0.11186579375268116
single_window_tb2000,197.3,3.0,191,0.952972930993865,0.06168831168831169,0.8941856397961916
single_window_tb2000,197.3,3.0,192,0.5859386378583071,0.5292207792207793,0.2758477353553718
single_window_tb2000,197.3,3.0,193,0.35591525657330514,0.16558441558441558,0.29698123681603705
single_window_tb2000,197.3,3.0,194,0.9826460705132462,0.05194805194805195,0.9315995213956749
single_window_tb2000,197.3,3.0,195,0.988775779355965,0.006493506493506494,0.9823551574120951
single_window_tb2000,197.3,3.0,196,0.9580930722546339,0.0010822510822510823,0.957056174990289
single_window_tb2000,197.3,3.0,197,0.9331602398866774,0.09632034632034632,0.8432779224084151
single_window_tb2000,197.3,3.0,198,0.6523832185096643,0.06493506493506493,0.6100206718531925
single_window_tb2000,197.3,3.0,199,0.9267697837580168,0.04004329004329004,0.8896588725036374
single_window_tb2000,197.3,3.0,200,0.7158275112238968,0.05627705627705628,0.6755428460900844
single_window_tb2000,197.3,3.0,201,0.9508508863167335,0.012987012987012988,0.9385021735074253
single_window_tb2000,197.3,3.0,202,0.6727241517894897,0.4805194805194805,0.34946709183869595
single_window_tb2000,197.3,3.0,203,0.8893360101936019,0.20454545454545456,0.7074263717449105
single_window_tb2000,197.3,3.0,204,0.4066576166618928,0.25,0.30499321249641964
single_window_tb2000,197.3,3.0,205,0.8490066481767322,0.16017316017316016,0.7130185703302426
single_window_tb2000,197.3,3.0,206,0.9295827485205833,0.11255411255411256,0.8249543872152363
single_window_tb2000,197.3,3.0,207,0.8835230081174461,0.15692640692640691,0.7448749170167647
single_window_tb2000,197.3,3.0,208,0.8701771055643059,0.25216450216450215,0.6507493289447353
single_window_tb2000,197.3,3.0,209,0.9548551607206487,0.021645021645021644,0.9341873000989895
single_window_tb2000,197.3,3.0,210,0.9392023673012765,0.22402597402597402,0.7287966421591074
single_window_tb2000,197.3,3.0,211,0.9921563276893702,0.01406926406926407,0.9781974183171172
single_window_tb2000,197.3,3.0,212,0.4370122680364452,0.39935064935064934,0.2624911350218908
single_window_tb2000,197.3,3.0,213,0.6387524793381681,0.6634199134199135,0.21499136479888556
single_window_tb2000,197.3,3.0,214,0.7022162966770197,0.3365800865800866,0.46586427474352066
single_window_tb2000,197.3,3.0,215,0.9743228892832367,0.025974025974025976,0.9490158012499059
single_window_tb2000,197.3,3.0,216,0.7507670229168109,0.24242424242424243,0.5687628961490991
single_window_tb2000,197.3,3.0,217,0.8468586307187799,0.21861471861471862,0.6617228694577479
single_window_tb2000,197.3,3.0,218,0.36924118709608905,0.408008658008658,0.21858758586748997
single_window_tb2000,197.3,3.0,219,0.8103416674607006,0.05411255411255411,0.7664920101305761
single_window_tb2000,197.3,3.0,220,0.2414487870203374,0.09848484848484848,0.217669739813789
single_window_tb2000,197.3,3.0,221,0.7097346907305755,0.2067099567099567,0.5630254635341037
single_window_tb2000,197.3,3.0,222,0.7283762154782627,0.14177489177489178,0.6251107563574267
single_window_tb2000,197.3,3.0,223,0.8851930205971692,0.09848484848484848,0.7980149200838116
single_window_tb2000,197.3,3.0,224,0.6078463790682702,0.3722943722943723,0.38154859292164145
single_window_tb2000,197.3,3.0,225,0.7458786272014567,0.13636363636363635,0.644167905310349
single_window_tb2000,197.3,3.0,226,0.9420775766854008,0.03787878787878788,0.906392819992772
single_window_tb2000,197.3,3.0,227,0.6205254322272146,0.17207792207792208,0.513746705253051
single_window_tb2000,197.3,3.0,228,0.9899598441024934,0.003246753246753247,0.9867456887644982
single_window_tb2000,197.3,3.0,229,0.9900570507057658,0.07034632034632035,0.9204101802556848
single_window_tb2000,197.3,3.0,230,0.9445981214057142,0.032467532467532464,0.913929351230204
single_window_tb2000,197.3,3.0,231,0.6430652176387346,0.12445887445887446,0.5630300444477665
single_window_tb2000,197.3,3.0,232,0.9164989054300221,0.0021645021645021645,0.914515141565455
single_window_tb2000,197.3,3.0,233,0.8052784208506352,0.2305194805194805,0.619646057602599
single_window_tb2000,197.3,3.0,234,0.9253239907097225,0.05411255411255411,0.8752523461907981
single_window_tb2000,197.3,3.0,235,0.93846211163383,0.05952380952380952,0.8826012716556259
single_window_tb2000,197.3,3.0,236,0.9302290864791275,0.09632034632034632,0.8406290987121985
single_window_tb2000,197.3,3.0,237,0.8603833711916422,0.13852813852813853,0.7411960643598996
single_window_tb2000,197.3,3.0,238,0.6392021591532517,0.49134199134199136,0.3251352974047925
single_window_tb2000,197.3,3.0,239,0.7633208227038664,0.031385281385281384,0.739363783896061
single_window_tb2000,197.3,3.0,240,0.8865370010921152,0.3106060606060606,0.6111732356013825
single_window_tb2000,197.3,3.0,241,0.9777122082538662,0.008658008658008658,0.9692471674897634
single_window_tb2000,197.3,3.0,242,0.8652349798296444,0.016233766233766232,0.8511889574298125
single_window_tb2000,197.3,3.0,243,0.28830611941124984,0.5573593073593074,0.12761602038874587
single_window_tb2000,197.3,3.0,244,0.6976692503789326,0.5183982683982684,0.33599871906777595
single_window_tb2000,197.3,3.0,245,0.8572491518546298,0.19155844155844157,0.6930358402980611
single_window_tb2000,197.3,3.0,246,0.6042312730023826,0.7283549783549783,0.16413641723333122
single_window_tb2000,197.3,3.0,247,0.44672518889941043,0.3906926406926407,0.272192945184381
single_window_tb2000,197.3,3.0,248,0.6648821391522115,0.0670995670995671,0.6202688354428639
single_window_tb2000,197.3,3.0,249,0.8030724928711361,0.2012987012987013,0.6414150430074659
single_window_tb2000,197.3,3.0,250,0.9892244970901757,0.003246753246753247,0.9860127292424803
single_window_tb2000,197.3,3.0,251,0.23981406377927222,0.6071428571428571,0.09421266791328553
single_window_tb2000,197.3,3.0,252,0.5814910680416298,0.4145021645021645,0.34046176169969883
single_window_tb2000,197.3,3.0,253,0.4972406639984738,0.47294372294372294,0.26207381316802675
single_window_tb2000,197.3,3.0,254,0.8575175654008238,0.2196969696969697,0.6691235548203398
single_window_tb2000,197.3,3.0,255,0.8076934439304032,0.3841991341991342,0.4973783220740253
single_window_tb2000,197.3,3.0,256,0.6526155118305064,0.4155844155844156,0.3813986757451011
single_window_tb2000,197.3,3.0,257,0.5803699334831703,0.1277056277056277,0.5062534268262288
single_window_tb2000,197.3,3.0,258,0.9288165988875906,0.11147186147186147,0.8252796836436276
single_window_tb2000,197.3,3.0,259,0.48347874425189435,0.09307359307359307,0.43847964034966175
single_window_tb2000,197.3,3.0,260,0.616842689985766,0.3538961038961039,0.39854446528301113
single_window_tb2000,197.3,3.0,261,0.8032456969350186,0.050865800865800864,0.7623879612684105
single_window_tb2000,197.3,3.0,262,0.8694036268220682,0.17424242424242425,0.717916631239435
single_window_tb2000,197.3,3.0,263,0.8860439856256441,0.05952380952380952,0.8333032721955462
single_window_tb2000,197.3,3.0,264,0.670999792603785,0.487012987012987,0.34421417932272086
single_window_tb2000,197.3,3.0,265,0.7137415790491383,0.17424242424242425,0.5893775160330005
single_window_tb2000,197.3,3.0,266,0.7722125886167777,0.21103896103896103,0.6092456462138863
single_window_tb2000,197.3,3.0,267,0.9058018016558773,0.007575757575757576,0.8989396667948479
single_window_tb2000,197.3,3.0,268,0.6016798803648421,0.36363636363636365,0.3828871965958086
single_window_tb2000,197.3,3.0,269,0.8952455981476464,0.05952380952380952,0.8419571696864769
single_window_tb2000,197.3,3.0,270,0.5200677565440142,0.2727272727272727,0.37823109566837393
single_window_tb2000,197.3,3.0,271,0.8087184995577443,0.10822510822510822,0.7211948524194604
single_window_tb2000,197.3,3.0,272,0.6407523028587141,0.3917748917748918,0.3897216387517287
single_window_tb2000,197.3,3.0,273,0.4830400575848198,0.3409090909090909,0.318367310680904
single_window_tb2000,197.3,3.0,274,0.6278849611330803,0.3841991341991342,0.38665210268909384
single_window_tb2000,197.3,3.0,275,0.7071505115955794,0.4902597402597403,0.36046308545618816
single_window_tb2000,197.3,3.0,276,0.781546315296325,0.22510822510822512,0.605613811420096
single_window_tb2000,197.3,3.0,277,0.9424700126188243,0.007575757575757576,0.935330088280803
single_window_tb2000,197.3,3.0,278,0.5841187285295818,0.6893939393939394,0.1814308171947943
single_window_tb2000,197.3,3.0,279,0.49043569920369784,0.3116883116883117,0.3375726241272206
single_window_tb2000,197.3,3.0,280,0.9214754133360306,0.05844155844155844,0.8676229541150937
single_window_tb2000,197.3,3.0,281,0.8950932712807715,0.20454545454545456,0.7120060112460682
single_window_tb2000,197.3,3.0,282,0.6900154269229108,0.2619047619047619,0.5092971008240533
single_window_tb2000,197.3,3.0,283,0.5383788256806447,0.6060606060606061,0.21208862829843578
single_window_tb2000,197.3,3.0,284,0.5470023913642019,0.1406926406926407,0.470043180457983
single_window_tb2000,197.3,3.0,285,0.7172360968218626,0.20346320346320346,0.5713049429230421
single_window_tb2000,197.3,3.0,286,0.8073489167560417,0.031385281385281384,0.7820100438275512
single_window_tb2000,197.3,3.0,287,0.9595433299406719,0.011904761904761904,0.9481201950604259
single_window_tb2000,197.3,3.0,288,0.544084436326058,0.16125541125541126,0.45634787678863087
single_window_tb2000,197.3,3.0,289,0.9168464959788728,0.020562770562770564,0.8979935918407791
single_window_tb2000,197.3,3.0,290,0.9427282933093032,0.025974025974025976,0.9182418441324381
single_window_tb2000,197.3,3.0,291,0.845394015080451,0.2662337662337662,0.6203215824940972
single_window_tb2000,197.3,3.0,292,0.35068910955976795,0.4816017316017316,0.18179662714191436
single_window_tb2000,197.3,3.0,293,0.4771275441304682,0.3008658008658009,0.3335761834505221
single_window_tb2000,197.3,3.0,294,0.9261314555834226,0.03787878787878788,0.8910507186295051
single_window_tb2000,197.3,3.0,295,0.492984594174978,0.3333333333333333,0.32865639611665204
single_window_tb2000,197.3,3.0,296,0.5547199486936504,0.23160173160173161,0.42624584802217724
single_window_tb2000,197.3,3.0,297,0.4111722042463661,0.39826839826839827,0.24741530904867914
single_window_tb2000,197.3,3.0,298,0.9491505011472178,0.06601731601731602,0.8864901325649881
single_window_tb2000,197.3,3.0,299,0.7575006529509136,0.19696969696969696,0.6082959788848246
single_window_tb2000,197.3,4.0,0,0.9652369184784879,0.06385281385281386,0.9036038251990174
single_window_tb2000,197.3,4.0,1,0.9938339999306662,0.017316017316017316,0.9766247531786201
single_window_tb2000,197.3,4.0,2,0.9879124396164183,0.005411255411255411,0.9825665930816974
single_window_tb2000,197.3,4.0,3,0.9492268182122163,0.044372294372294376,0.9071074464084274
single_window_tb2000,197.3,4.0,4,0.8917147654189527,0.030303030303030304,0.8646931058608026
single_window_tb2000,197.3,4.0,5,0.7679357564349716,0.3235930735930736,0.5194370646881571
single_window_tb2000,197.3,4.0,6,0.8722232750636361,0.20887445887445888,0.6900381104670108
single_window_tb2000,197.3,4.0,7,0.9991043375049284,0.004329004329004329,0.9947792105027427
single_window_tb2000,197.3,4.0,8,0.9276202611004796,0.08225108225108226,0.8513224907069337
single_window_tb2000,197.3,4.0,9,0.8947577638139379,0.04112554112554113,0.8579603666008105
single_window_tb2000,197.3,4.0,10,0.852965581358434,0.12445887445887446,0.7468064451504038
single_window_tb2000,197.3,4.0,11,0.9787156052014845,0.023809523809523808,0.9554128526966872
single_window_tb2000,197.3,4.0,12,0.9922645764604393,0.007575757575757576,0.9847474205781632
single_window_tb2000,197.3,4.0,13,0.9582782714744579,0.045454545454545456,0.914720168225619
single_window_tb2000,197.3,4.0,14,0.9924976115462439,0.0,0.9924976115462439
single_window_tb2000,197.3,4.0,15,0.9936138672512906,0.004329004329004329,0.9893125085186011
single_window_tb2000,197.3,4.0,16,0.641883218530161,0.1331168831168831,0.5564377251543928
single_window_tb2000,197.3,4.0,17,0.9929270712401298,0.0,0.9929270712401298
single_window_tb2000,197.3,4.0,18,0.9777539483842075,0.00974025974025974,0.9682303709648808
single_window_tb2000,197.3,4.0,19,0.9957458694073282,0.005411255411255411,0.9903576341832626
single_window_tb2000,197.3,4.0,20,0.720530416144413,0.20454545454545456,0.5731491946603285
single_window_tb2000,197.3,4.0,21,0.9688467564731957,0.0,0.9688467564731957
single_window_tb2000,197.3,4.0,22,0.9865929570781902,0.031385281385281384,0.9556284595075543
single_window_tb2000,197.3,4.0,23,0.8478296621404685,0.08116883116883117,0.7790123194342616
single_window_tb2000,197.3,4.0,24,0.9031420299316676,0.17965367965367965,0.7408892410045499
single_window_tb2000,197.3,4.0,25,0.9666937977104125,0.049783549783549784,0.9185683489066474
single_window_tb2000,197.3,4.0,26,0.9962803794974437,0.0183982683982684,0.9779505456755211
single_window_tb2000,197.3,4.0,27,0.9885340249889287,0.0021645021645021645,0.9863943409521562
single_window_tb2000,197.3,4.0,28,0.8097266623942496,0.33116883116883117,0.5415704300429072
single_window_tb2000,197.3,4.0,29,0.9065360111714826,0.23376623376623376,0.6946185020664607
single_window_tb2000,197.3,4.0,30,0.9749020586250798,0.011904761904761904,0.963296081736686
single_window_tb2000,197.3,4.0,31,0.9237352439147913,0.17207792207792208,0.7647808025917916
single_window_tb2000,197.3,4.0,32,0.8622842476093648,0.10064935064935066,0.7754958980123183
single_window_tb2000,197.3,4.0,33,0.5457167755671215,0.21103896103896103,0.4305492742299043
single_window_tb2000,197.3,4.0,34,0.9959742946394851,0.024891774891774892,0.9711827266993247
single_window_tb2000,197.3,4.0,35,0.9175946193473814,0.048701298701298704,0.8729065697038401
single_window_tb2000,197.3,4.0,36,0.9591415623631518,0.0021645021645021645,0.9570654983753528
single_window_tb2000,197.3,4.0,37,0.7663096965513719,0.17424242424242425,0.6327860373037844
single_window_tb2000,197.3,4.0,38,0.6342168015506111,0.16233766233766234,0.5312595285716158
single_window_tb2000,197.3,4.0,39,0.9229704859670257,0.12445887445887446,0.8080986181248092
single_window_tb2000,197.3,4.0,40,0.8748538570308447,0.01948051948051948,0.8578112494263478
single_window_tb2000,197.3,4.0,41,0.7656910285692524,0.512987012987013,0.372901474952558
single_window_tb2000,197.3,4.0,42,0.8861422986574985,0.05627705627705628,0.8362728186464704
single_window_tb2000,197.3,4.0,43,0.7527663862365104,0.04220779220779221,0.7209937790252291
single_window_tb2000,197.3,4.0,44,0.7440483981680873,0.13203463203463203,0.6458082417000065
single_window_tb2000,197.3,4.0,45,0.7542505220022018,0.30303030303030304,0.5256897577591103
single_window_tb2000,197.3,4.0,46,0.9304072311812382,0.0183982683982684,0.913289349222276
single_window_tb2000,197.3,4.0,47,0.966298844916796,0.07142857142857142,0.8972774988513106
single_window_tb2000,197.3,4.0,48,0.9408793541234796,0.016233766233766232,0.925605338634462
single_window_tb2000,197.3,4.0,49,0.9809882732526701,0.0021645021645021645,0.9788649220118635
single_window_tb2000,197.3,4.0,50,0.8117413210616307,0.12987012987012986,0.7063203702744059
single_window_tb2000,197.3,4.0,51,0.9866715349211378,0.0010822510822510823,0.985603708584643
single_window_tb2000,197.3,4.0,52,0.9968310987296953,0.004329004329004329,0.9925158125880084
single_window_tb2000,197.3,4.0,53,0.7927410583930875,0.10930735930735931,0.7060886266856179
single_window_tb2000,197.3,4.0,54,0.9145723746959953,0.15367965367965367,0.7740212088877363
single_window_tb2000,197.3,4.0,55,0.6482638226664552,0.4448051948051948,0.35991270674014236
single_window_tb2000,197.3,4.0,56,0.9848082885176046,0.00974025974025974,0.9752159999930825
single_window_tb2000,197.3,4.0,57,0.9424546448069312,0.05844155844155844,0.8873761266039287
single_window_tb2000,197.3,4.0,58,0.932336805522371,0.06493506493506493,0.8717954545144248
single_window_tb2000,197.3,4.0,59,0.9402128785633088,0.07575757575757576,0.8689846301873005
single_window_tb2000,197.3,4.0,60,0.9871778010757049,0.020562770562770564,0.9668786904475247
single_window_tb2000,197.3,4.0,61,0.963575280199367,0.170995670995671,0.7988080786068346
single_window_tb2000,197.3,4.0,62,0.9975000440249145,0.0,0.9975000440249145
single_window_tb2000,197.3,4.0,63,0.9878499476751951,0.0010822510822510823,0.9867808460002219
single_window_tb2000,197.3,4.0,64,0.9543834378328868,0.11255411255411256,0.8469636569512632
single_window_tb2000,197.3,4.0,65,0.914210419621248,0.20346320346320346,0.7282022390056695
single_window_tb2000,197.3,4.0,66,0.983795059378956,0.010822510822510822,0.9731479267016945
single_window_tb2000,197.3,4.0,67,0.9679223686336639,0.06385281385281386,0.9061178018053239
single_window_tb2000,197.3,4.0,68,0.8230287652951539,0.38095238095238093,0.5094939975636668
single_window_tb2000,197.3,4.0,69,0.9953673611487047,0.008658008658008658,0.98674946191798
single_window_tb2000,197.3,4.0,70,0.9185582997235303,0.06385281385281386,0.8599057675983266
single_window_tb2000,197.3,4.0,71,0.9082544476398072,0.1396103896103896,0.7814526903394445
single_window_tb2000,197.3,4.0,72,0.8245587184853957,0.10281385281385282,0.7397826597666591
single_window_tb2000,197.3,4.0,73,0.9343009340380232,0.025974025974025976,0.9100333773097629
single_window_tb2000,197.3,4.0,74,0.8206979774839895,0.01406926406926407,0.8091513609176563
single_window_tb2000,197.3,4.0,75,0.9933621125076149,0.010822510822510822,0.982611440294329
single_window_tb2000,197.3,4.0,76,0.9562150036300945,0.05735930735930736,0.9013671733352947
single_window_tb2000,197.3,4.0,77,0.9968766347984197,0.0,0.9968766347984197
single_window_tb2000,197.3,4.0,78,0.9268034504726181,0.02922077922077922,0.8997215314653013
single_window_tb2000,197.3,4.0,79,0.9985625121887732,0.0,0.9985625121887732
single_window_tb2000,197.3,4.0,80,0.9052047656928494,0.07575757575757576,0.8366286470797547
single_window_tb2000,197.3,4.0,81,0.9787892909540886,0.1331168831168831,0.8484959113140963
single_window_tb2000,197.3,4.0,82,0.9652976152644523,0.05844155844155844,0.9088841182684779
single_window_tb2000,197.3,4.0,83,0.860014440328978,0.06385281385281386,0.8051000983599199
single_window_tb2000,197.3,4.0,84,0.9867384734965576,0.012987012987012988,0.9739236881264725
single_window_tb2000,197.3,4.0,85,0.7048544986132538,0.08116883116883117,0.6476422828167234
single_window_tb2000,197.3,4.0,86,0.907552973290499,0.19696969696969696,0.7287925391575218
single_window_tb2000,197.3,4.0,87,0.9368299532151457,0.15151515151515152,0.7948860209098206
single_window_tb2000,197.3,4.0,88,0.9893677889886028,0.0,0.9893677889886028
single_window_tb2000,197.3,4.0,89,0.8268195520514783,0.15151515151515152,0.7015438623467088
single_window_tb2000,197.3,4.0,90,0.9915554823168921,0.05952380952380952,0.9325343226551723
single_window_tb2000,197.3,4.0,91,0.8837823163683529,0.17424242424242425,0.7297899430617459
single_window_tb2000,197.3,4.0,92,0.9129759625313012,0.14177489177489178,0.7835388942503483
single_window_tb2000,197.3,4.0,93,0.9581346151359269,0.04112554112554113,0.9187308106173498
single_window_tb2000,197.3,4.0,94,0.9395016882433254,0.004329004329004329,0.9354345813678132
single_window_tb2000,197.3,4.0,95,0.7113702472786024,0.11796536796536797,0.6274531942987673
single_window_tb2000,197.3,4.0,96,0.9871807596544057,0.08658008658008658,0.9017105640133316
single_window_tb2000,197.3,4.0,97,0.9979577220969904,0.0,0.9979577220969904
single_window_tb2000,197.3,4.0,98,0.790607668066786,0.2326839826839827,0.60664592712051
single_window_tb2000,197.3,4.0,99,0.9909402624266567,0.046536796536796536,0.9448250770539875
single_window_tb2000,197.3,4.0,100,0.971825535588917,0.046536796536796536,0.9265998883699523
single_window_tb2000,197.3,4.0,101,0.9526370712409005,0.02813852813852814,0.9258312662059833
single_window_tb2000,197.3,4.0,102,0.8392919731375481,0.17965367965367965,0.6885100818595904
single_window_tb2000,197.3,4.0,103,0.8895420208529152,0.420995670995671,0.515048680905097
single_window_tb2000,197.3,4.0,104,0.9174979892536849,0.044372294372294376,0.8767864983885322
single_window_tb2000,197.3,4.0,105,0.9708321097072535,0.00974025974025974,0.9613759527945206
single_window_tb2000,197.3,4.0,106,0.3439527637565535,0.5768398268398268,0.14554711107014331
single_window_tb2000,197.3,4.0,107,0.8878426093222183,0.016233766233766232,0.8734295799501043
single_window_tb2000,197.3,4.0,108,0.9064350381192814,0.04004329004329004,0.8701383969824704
single_window_tb2000,197.3,4.0,109,0.9784415513614994,0.0,0.9784415513614994
single_window_tb2000,197.3,4.0,110,0.9946772619328674,0.010822510822510822,0.9839123565006935
single_window_tb2000,197.3,4.0,111,0.9032373340619875,0.05303030303030303,0.8553383845283973
single_window_tb2000,197.3,4.0,112,0.9895027412599589,0.020562770562770564,0.9691558234201978
single_window_tb2000,197.3,4.0,113,0.6181755517096438,0.2813852813852814,0.4442300501463241
single_window_tb2000,197.3,4.0,114,0.8188667689493596,0.008658008658008658,0.8117770133740404
single_window_tb2000,197.3,4.0,115,0.9749377290030846,0.025974025974025976,0.9496146711069006
single_window_tb2000,197.3,4.0,116,0.8170363754613581,0.044372294372294376,0.7807825968965143
single_window_tb2000,197.3,4.0,117,0.7772626453457465,0.12012987012987013,0.6838901847035627
single_window_tb2000,197.3,4.0,118,0.8961248850691221,0.08766233766233766,0.8175684828065692
single_window_tb2000,197.3,4.0,119,0.9892867631579829,0.0,0.9892867631579829
single_window_tb2000,197.3,4.0,120,0.8212517080228772,0.3300865800865801,0.5501675403313431
single_window_tb2000,197.3,4.0,121,0.9699470168841204,0.00974025974025974,0.9604994810053791
single_window_tb2000,197.3,4.0,122,0.9598188900249898,0.08441558441558442,0.8787952174904128
single_window_tb2000,197.3,4.0,123,0.9775939347359959,0.0,0.9775939347359959
single_window_tb2000,197.3,4.0,124,0.9055011937194819,0.17424242424242425,0.7477244705713902
single_window_tb2000,197.3,4.0,125,0.516522692667869,0.3041125541125541,0.35944165734354955
single_window_tb2000,197.3,4.0,126,0.9978185835779345,0.0,0.9978185835779345
single_window_tb2000,197.3,4.0,127,0.7784827471001567,0.15584415584415584,0.6571607605390933
single_window_tb2000,197.3,4.0,128,0.728620581715625,0.36038961038961037,0.4660332941492797
single_window_tb2000,197.3,4.0,129,0.9106955279183022,0.10064935064935066,0.8190346143940576
single_window_tb2000,197.3,4.0,130,0.9918344414677152,0.007575757575757576,0.9843205441838688
single_window_tb2000,197.3,4.0,131,0.9356238044062559,0.14935064935064934,0.7958877816702566
single_window_tb2000,197.3,4.0,132,0.9939364595193827,0.021645021645021644,0.9724226833393095
single_window_tb2000,197.3,4.0,133,0.9201517422394268,0.04004329004329004,0.8833058391410947
single_window_tb2000,197.3,4.0,134,0.5783485703365124,0.44372294372294374,0.32172204020883916
single_window_tb2000,197.3,4.0,135,0.9937669379422508,0.004329004329004329,0.9894649165658774
single_window_tb2000,197.3,4.0,136,0.9688860404228823,0.0,0.9688860404228823
single_window_tb2000,197.3,4.0,137,0.7039660019944747,0.29004329004329005,0.49978538669737593
single_window_tb2000,197.3,4.0,138,0.9290051563715966,0.05194805194805195,0.8807451482483968
single_window_tb2000,197.3,4.0,139,0.9909509846918108,0.0010822510822510823,0.9898785269161702
single_window_tb2000,197.3,4.0,140,0.8554388435241631,0.044372294372294376,0.8174810593418138
single_window_tb2000,197.3,4.0,141,0.9968479781236004,0.0021645021645021645,0.9946902985172723
single_window_tb2000,197.3,4.0,142,0.7526234467272377,0.07467532467532467,0.6964210464846193
single_window_tb2000,197.3,4.0,143,0.8636012830064204,0.11580086580086581,0.7635955067275384
single_window_tb2000,197.3,4.0,144,0.9411685951945551,0.09740259740259741,0.8494963294288517
single_window_tb2000,197.3,4.0,145,0.9823892053908109,0.0,0.9823892053908109
single_window_tb2000,197.3,4.0,146,0.9855755926333716,0.0010822510822510823,0.9845089523816039
single_window_tb2000,197.3,4.0,147,0.9709284818246591,0.07142857142857142,0.901576447408612
single_window_tb2000,197.3,4.0,148,0.8965367265003092,0.09632034632034632,0.8101819985148898
single_window_tb2000,197.3,4.0,149,0.9800571809064668,0.006493506493506494,0.973693173238243
single_window_tb2000,197.3,4.0,150,0.9416089359165039,0.05952380952380952,0.8855607849690929
single_window_tb2000,197.3,4.0,151,0.9516943243938691,0.07792207792207792,0.8775363250904508
single_window_tb2000,197.3,4.0,152,0.9394099744746174,0.04329004329004329,0.8987428760125128
single_window_tb2000,197.3,4.0,153,0.87409541966264,0.12445887445887446,0.7653064875617703
single_window_tb2000,197.3,4.0,154,0.9770505328660204,0.04112554112554113,0.936868800994907
single_window_tb2000,197.3,4.0,155,0.9881726345458104,0.00974025974025974,0.9785475764171174
single_window_tb2000,197.3,4.0,156,0.9914033534572829,0.004329004329004329,0.987111564048377
single_window_tb2000,197.3,4.0,157,0.9088509757167941,0.15584415584415584,0.7672118626180728
single_window_tb2000,197.3,4.0,158,0.9566944151752621,0.02813852813852814,0.9297744424538803
single_window_tb2000,197.3,4.0,159,0.9698256450976267,0.044372294372294376,0.9267922560835545
single_window_tb2000,197.3,4.0,160,0.8447267125318416,0.05735930735930736,0.7962737733931105
single_window_tb2000,197.3,4.0,161,0.996444462357903,0.0,0.996444462357903
single_window_tb2000,197.3,4.0,162,0.9116526375761749,0.0,0.9116526375761749
single_window_tb2000,197.3,4.0,163,0.9789795389113002,0.032467532467532464,0.9471944889466476
single_window_tb2000,197.3,4.0,164,0.9610737640991583,0.015151515151515152,0.9465120404006863
single_window_tb2000,197.3,4.0,165,0.9653301291934858,0.05194805194805195,0.9151831094951229
single_window_tb2000,197.3,4.0,166,0.904169001979154,0.09307359307359307,0.8200147442191894
single_window_tb2000,197.3,4.0,167,0.9767109038370704,0.01406926406926407,0.962969300211657
single_window_tb2000,197.3,4.0,168,0.3269810163334148,0.33766233766233766,0.21657184198706694
single_window_tb2000,197.3,4.0,169,0.5699976427613163,0.5378787878787878,0.26340800157909317
single_window_tb2000,197.3,4.0,170,0.7467352835415371,0.10064935064935066,0.6715768621461227
single_window_tb2000,197.3,4.0,171,0.9675098113322704,0.006493506493506494,0.9612272800898531
single_window_tb2000,197.3,4.0,172,0.6954474928263646,0.024891774891774892,0.6781365703858816
single_window_tb2000,197.3,4.0,173,0.7604869517289043,0.2748917748917749,0.5514353437861103
single_window_tb2000,197.3,4.0,174,0.9639411553903806,0.04112554112554113,0.9242985537617718
single_window_tb2000,197.3,4.0,175,0.8390939311911282,0.09307359307359307,0.7609964440889236
single_window_tb2000,197.3,4.0,176,0.9182290008517585,0.12121212121212122,0.8069285159000302
single_window_tb2000,197.3,4.0,177,0.9441253166121718,0.046536796536796536,0.9001887488477526
single_window_tb2000,197.3,4.0,178,0.904878910665234,0.050865800865800864,0.8588515201876734
single_window_tb2000,197.3,4.0,179,0.9973583536350854,0.0,0.9973583536350854
single_window_tb2000,197.3,4.0,180,0.9869391745890231,0.006493506493506494,0.9805304786501334
single_window_tb2000,197.3,4.0,181,0.9359992511349755,0.011904761904761904,0.9248564029071782
single_window_tb2000,197.3,4.0,182,0.9822954344037739,0.01948051948051948,0.9631598090582458
single_window_tb2000,197.3,4.0,183,0.9340750294238886,0.030303030303030304,0.9057697255019527
single_window_tb2000,197.3,4.0,184,0.5183628623853752,0.6233766233766234,0.19522757154773873
single_window_tb2000,197.3,4.0,185,0.9602901804945303,0.05411255411255411,0.9083264261387657
single_window_tb2000,197.3,4.0,186,0.9489896459274593,0.06168831168831169,0.8904480768605056
single_window_tb2000,197.3,4.0,187,0.956334682037391,0.08333333333333333,0.8766401252009417
single_window_tb2000,197.3,4.0,188,0.885243453656507,0.05627705627705628,0.8354245579961841
single_window_tb2000,197.3,4.0,189,0.852035691964746,0.09523809523809523,0.7708894355871512
single_window_tb2000,197.3,4.0,190,0.9585551350281808,0.06818181818181818,0.8931991030944413
single_window_tb2000,197.3,4.0,191,0.97768636547992,0.004329004329004329,0.973453956971349
single_window_tb2000,197.3,4.0,192,0.9884010139302682,0.0183982683982684,0.9702161467908585
single_window_tb2000,197.3,4.0,193,0.985034341742585,0.006493506493506494,0.9786380148481526
single_window_tb2000,197.3,4.0,194,0.829657825710177,0.26731601731601734,0.607877000006266
single_window_tb2000,197.3,4.0,195,0.981235757520988,0.03896103896103896,0.9430057929422482
single_window_tb2000,197.3,4.0,196,0.9161109215742201,0.07034632034632035,0.8516658892123973
single_window_tb2000,197.3,4.0,197,0.9800184189339805,0.0183982683982684,0.9619877770271864
single_window_tb2000,197.3,4.0,198,0.8884097046153272,0.2067099567099567,0.7047665730335875
single_window_tb2000,197.3,4.0,199,0.9489289269744254,0.048701298701298704,0.9027148558555411
single_window_tb2000,197.3,4.0,200,0.9794493846067758,0.02813852813852814,0.951889120537754
single_window_tb2000,197.3,4.0,201,0.8894533332075987,0.08874458874458875,0.8105191629445866
single_window_tb2000,197.3,4.0,202,0.9613540263163985,0.049783549783549784,0.9134944102876601
single_window_tb2000,197.3,4.0,203,0.9894096630296585,0.0,0.9894096630296585
single_window_tb2000,197.3,4.0,204,0.9782778989735503,0.02813852813852814,0.9507505987859829
single_window_tb2000,197.3,4.0,205,0.9761080511417504,0.031385281385281384,0.9454726252942279
single_window_tb2000,197.3,4.0,206,0.9880935989162727,0.1038961038961039,0.8854345237041924
single_window_tb2000,197.3,4.0,207,0.6892541586425287,0.18398268398268397,0.5624433285892496
single_window_tb2000,197.3,4.0,208,0.9776416184585088,0.08008658008658008,0.8993456446858576
single_window_tb2000,197.3,4.0,209,0.9244124249554875,0.00974025974025974,0.9154084078292977
single_window_tb2000,197.3,4.0,210,0.8752940008376726,0.17207792207792208,0.7246752279662549
single_window_tb2000,197.3,4.0,211,0.9326249730548527,0.0367965367965368,0.8983076039164707
single_window_tb2000,197.3,4.0,212,0.9919499492546691,0.030303030303030304,0.9618908598833155
single_window_tb2000,197.3,4.0,213,0.958421311795989,0.06385281385281386,0.89722341418131
single_window_tb2000,197.3,4.0,214,0.9602038517255719,0.0021645021645021645,0.9581254884101486
single_window_tb2000,197.3,4.0,215,0.9521875451432292,0.04004329004329004,0.9140588230974506
single_window_tb2000,197.3,4.0,216,0.9872357131502465,0.006493506493506494,0.980825091636284
single_window_tb2000,197.3,4.0,217,0.998569038969726,0.005411255411255411,0.993165526854089
single_window_tb2000,197.3,4.0,218,0.981371644348264,0.0010822510822510823,0.9803095538240775
single_window_tb2000,197.3,4.0,219,0.9665456493021183,0.01406926406926407,0.9529470633270885
single_window_tb2000,197.3,4.0,220,0.9911245236738027,0.006493506493506494,0.9846886501434533
single_window_tb2000,197.3,4.0,221,0.7024923245939305,0.5086580086580087,0.34516397766844636
single_window_tb2000,197.3,4.0,222,0.68633993544146,0.2554112554112554,0.5110409908914767
single_window_tb2000,197.3,4.0,223,0.6406154297786093,0.08766233766233766,0.5844575836616533
single_window_tb2000,197.3,4.0,224,0.9092046347768328,0.1341991341991342,0.7871901599799418
single_window_tb2000,197.3,4.0,225,0.9137706598225248,0.14826839826839827,0.7782873477059816
single_window_tb2000,197.3,4.0,226,0.6713890078145122,0.1277056277056277,0.5856488531369013
single_window_tb2000,197.3,4.0,227,0.9326326920390127,0.09307359307359307,0.845829216373044
single_window_tb2000,197.3,4.0,228,0.9795359347962652,0.06277056277056277,0.9180499129151143
single_window_tb2000,197.3,4.0,229,0.9678609143858475,0.10606060606060606,0.8652089992237122
single_window_tb2000,197.3,4.0,230,0.9980458787824384,0.0,0.9980458787824384
single_window_tb2000,197.3,4.0,231,0.5910020255426152,0.25,0.44325151915696137
single_window_tb2000,197.3,4.0,232,0.5975854472353498,0.1277056277056277,0.5212704225884112
single_window_tb2000,197.3,4.0,233,0.9791665725419123,0.03354978354978355,0.9463157459739477
single_window_tb2000,197.3,4.0,234,0.8218505020436274,0.06601731601731602,0.7675941377312234
single_window_tb2000,197.3,4.0,235,0.9225888034135475,0.0735930735930736,0.8546926577077886
single_window_tb2000,197.3,4.0,236,0.7352308295021264,0.47619047619047616,0.38512091069159005
single_window_tb2000,197.3,4.0,237,0.8622484751073289,0.1406926406926407,0.7409364602112761
single_window_tb2000,197.3,4.0,238,0.9599195501582443,0.0367965367965368,0.9245978351091313
single_window_tb2000,197.3,4.0,239,0.35168080167066285,0.4935064935064935,0.17812404240462146
single_window_tb2000,197.3,4.0,240,0.9828151119549666,0.03354978354978355,0.9498418776794212
single_window_tb2000,197.3,4.0,241,0.711376083628559,0.262987012987013,0.5242934122846847
single_window_tb2000,197.3,4.0,242,0.8274087336633839,0.14177489177489178,0.7101029499946574
single_window_tb2000,197.3,4.0,243,0.9623147771875424,0.003246753246753247,0.9591903785603101
single_window_tb2000,197.3,4.0,244,0.9618106663614829,0.044372294372294376,0.9191329203432785
single_window_tb2000,197.3,4.0,245,0.9710045118205789,0.0021645021645021645,0.9689027704530019
single_window_tb2000,197.3,4.0,246,0.990149744373742,0.022727272727272728,0.9676463410925207
single_window_tb2000,197.3,4.0,247,0.8972893143078704,0.11363636363636363,0.7953246195001579
single_window_tb2000,197.3,4.0,248,0.5712581431147498,0.27164502164502163,0.4160787124634487
single_window_tb2000,197.3,4.0,249,0.9484052532538546,0.2012987012987013,0.7574925074689878
single_window_tb2000,197.3,4.0,250,0.9121042849300018,0.24891774891774893,0.6850653395469927
single_window_tb2000,197.3,4.0,251,0.9895258486305923,0.0,0.9895258486305923
single_window_tb2000,197.3,4.0,252,0.9506779574785783,0.08333333333333333,0.8714547943553634
single_window_tb2000,197.3,4.0,253,0.9961565624038399,0.007575757575757576,0.9886099217795684
single_window_tb2000,197.3,4.0,254,0.6639224103193075,0.09740259740259741,0.599254643080414
single_window_tb2000,197.3,4.0,255,0.3132702439343812,0.54004329004329,0.14409075072739397
single_window_tb2000,197.3,4.0,256,0.9380557323164589,0.0670995670995671,0.8751125987627572
single_window_tb2000,197.3,4.0,257,0.9635235471778723,0.0183982683982684,0.9457963823488421
single_window_tb2000,197.3,4.0,258,0.9245470497894042,0.25,0.6934102873420531
single_window_tb2000,197.3,4.0,259,0.9931945675929548,0.025974025974025976,0.9673973060970339
single_window_tb2000,197.3,4.0,260,0.808020820277281,0.13744588744588745,0.6969616815595161
single_window_tb2000,197.3,4.0,261,0.9507187874635926,0.08766233766233766,0.867376556095031
single_window_tb2000,197.3,4.0,262,0.979105002132439,0.00974025974025974,0.9695682650986815
single_window_tb2000,197.3,4.0,263,0.9982404872833861,0.0,0.9982404872833861
single_window_tb2000,197.3,4.0,264,0.9944321990776204,0.007575757575757576,0.9868986218118808
single_window_tb2000,197.3,4.0,265,0.9750693473602842,0.0,0.9750693473602842
single_window_tb2000,197.3,4.0,266,0.996703202282872,0.0,0.996703202282872
single_window_tb2000,197.3,4.0,267,0.8364551708364507,0.025974025974025976,0.8147290625030364
single_window_tb2000,197.3,4.0,268,0.9905977771735717,0.032467532467532464,0.9584355116809233
single_window_tb2000,197.3,4.0,269,0.9851797765490116,0.0,0.9851797765490116
single_window_tb2000,197.3,4.0,270,0.9824615025334434,0.0010822510822510823,0.9813982325090566
single_window_tb2000,197.3,4.0,271,0.9978061460558886,0.004329004329004329,0.9934866389301056
single_window_tb2000,197.3,4.0,272,0.910614694738535,0.05952380952380952,0.8564114390993365
single_window_tb2000,197.3,4.0,273,0.9968468424267596,0.0021645021645021645,0.9946891652786497
single_window_tb2000,197.3,4.0,274,0.9612269696974773,0.045454545454545456,0.9175348347112284
single_window_tb2000,197.3,4.0,275,0.9895973572738268,0.008658008658008658,0.9810294147866074
single_window_tb2000,197.3,4.0,276,0.8405779804138411,0.0854978354978355,0.7687103825213157
single_window_tb2000,197.3,4.0,277,0.8318125141291319,0.08766233766233766,0.7588938846437859
single_window_tb2000,197.3,4.0,278,0.9165111328619665,0.14285714285714285,0.7855809710245428
single_window_tb2000,197.3,4.0,279,0.7307730209433592,0.3398268398268398,0.4824367346054644
single_window_tb2000,197.3,4.0,280,0.9089219376151623,0.07575757575757576,0.840064215068559
single_window_tb2000,197.3,4.0,281,0.9564555383061852,0.02813852813852814,0.9295422872283056
single_window_tb2000,197.3,4.0,282,0.9756017859074446,0.004329004329004329,0.9713784015528669
single_window_tb2000,197.3,4.0,283,0.9021091729948518,0.09848484848484848,0.8132650877756619
single_window_tb2000,197.3,4.0,284,0.9176879279735772,0.10064935064935066,0.8253232339242886
single_window_tb2000,197.3,4.0,285,0.9616539425851517,0.03896103896103896,0.9241869058610549
single_window_tb2000,197.3,4.0,286,0.933237291876726,0.15043290043290045,0.7928476992675648
single_window_tb2000,197.3,4.0,287,0.9545626886347338,0.03896103896103896,0.9173719345320819
single_window_tb2000,197.3,4.0,288,0.9592034808819847,0.10497835497835498,0.858507877369482
single_window_tb2000,197.3,4.0,289,0.7671827498621144,0.07683982683982683,0.7082325602082074
single_window_tb2000,197.3,4.0,290,0.9938860926048556,0.0021645021645021645,0.9917348240061438
single_window_tb2000,197.3,4.0,291,0.8685576791273564,0.19264069264069264,0.70123812622187
single_window_tb2000,197.3,4.0,292,0.9272181621476585,0.07575757575757576,0.856974361984957
single_window_tb2000,197.3,4.0,293,0.9378260694466951,0.032467532467532464,0.9073771710880362
single_window_tb2000,197.3,4.0,294,0.9470088951801572,0.021645021645021644,0.9265108671459547
single_window_tb2000,197.3,4.0,295,0.9816104221698194,0.021645021645021644,0.9603634433349748
single_window_tb2000,197.3,4.0,296,0.9552410311307646,0.020562770562770564,0.9355986289754784
single_window_tb2000,197.3,4.0,297,0.9934115382118502,0.0183982683982684,0.9751344861018919
single_window_tb2000,197.3,4.0,298,0.8990872013680263,0.09415584415584416,0.8144328869535045
single_window_tb2000,197.3,4.0,299,0.9762647177781503,0.06168831168831169,0.9160405955775501
single_window_tb2000,197.3,5.0,0,0.9681474716610352,0.011904761904761904,0.9566219065222133
single_window_tb2000,197.3,5.0,1,0.9941721682713216,0.004329004329004329,0.9898683926510995
single_window_tb2000,197.3,5.0,2,0.950512432165112,0.016233766233766232,0.935082035539055
single_window_tb2000,197.3,5.0,3,0.9734225085961637,0.07034632034632035,0.9049458169741392
single_window_tb2000,197.3,5.0,4,0.9800547323572736,0.04329004329004329,0.9376281205669155
single_window_tb2000,197.3,5.0,5,0.9720585232455651,0.012987012987012988,0.9594343865800382
single_window_tb2000,197.3,5.0,6,0.9573166699406198,0.09740259740259741,0.8640715397515984
single_window_tb2000,197.3,5.0,7,0.9548993956633636,0.09523809523809523,0.8639565960763765
single_window_tb2000,197.3,5.0,8,0.9888260732400752,0.045454545454545456,0.9438794335473446
single_window_tb2000,197.3,5.0,9,0.9910552277971294,0.05844155844155844,0.9331364157830114
single_window_tb2000,197.3,5.0,10,0.9731327848640856,0.004329004329004329,0.968920088825713
single_window_tb2000,197.3,5.0,11,0.99317208304691,0.02813852813852814,0.9652256824416939
single_window_tb2000,197.3,5.0,12,0.9952662269006829,0.0,0.9952662269006829
single_window_tb2000,197.3,5.0,13,0.6405020389277222,0.37337662337662336,0.4013535503670467
single_window_tb2000,197.3,5.0,14,0.9466988923412848,0.021645021645021644,0.9262075743252396
single_window_tb2000,197.3,5.0,15,0.8900143711794539,0.08766233766233766,0.8119936308487875
single_window_tb2000,197.3,5.0,16,0.9954555313930349,0.0010822510822510823,0.994378198566852
single_window_tb2000,197.3,5.0,17,0.9569041894518813,0.04329004329004329,0.9154797656660856
single_window_tb2000,197.3,5.0,18,0.9975595284732447,0.0,0.9975595284732447
single_window_tb2000,197.3,5.0,19,0.9878851988646062,0.0010822510822510823,0.9868160590389952
single_window_tb2000,197.3,5.0,20,0.9928858465342706,0.0021645021645021645,0.9907367429703436
single_window_tb2000,197.3,5.0,21,0.9982344562893513,0.0,0.9982344562893513
single_window_tb2000,197.3,5.0,22,0.9902349193095414,0.022727272727272728,0.9677295802343246
single_window_tb2000,197.3,5.0,23,0.8939826810567499,0.050865800865800864,0.8485095360246425
single_window_tb2000,197.3,5.0,24,0.6342117995231104,0.19047619047619047,0.5134095519948989
single_window_tb2000,197.3,5.0,25,0.9993860530836977,0.0,0.9993860530836977
single_window_tb2000,197.3,5.0,26,0.9405884597430845,0.07034632034632035,0.8744215226399453
single_window_tb2000,197.3,5.0,27,0.9383131287898909,0.14177489177489178,0.805283886504744
single_window_tb2000,197.3,5.0,28,0.995252694683014,0.0,0.995252694683014
single_window_tb2000,197.3,5.0,29,0.9968248429861738,0.0,0.9968248429861738
single_window_tb2000,197.3,5.0,30,0.9634475077278756,0.00974025974025974,0.9540632787565002
single_window_tb2000,197.3,5.0,31,0.8543241419348369,0.11147186147186147,0.7590910395330098
single_window_tb2000,197.3,5.0,32,0.9665846050677838,0.048701298701298704,0.9195106794963008
single_window_tb2000,197.3,5.0,33,0.9802650103716135,0.004329004329004329,0.9760214388981434
single_window_tb2000,197.3,5.0,34,0.9999478413089108,0.0,0.9999478413089108
single_window_tb2000,197.3,5.0,35,0.991049013527068,0.0,0.991049013527068
single_window_tb2000,197.3,5.0,36,0.9772043577199597,0.021645021645021644,0.9560527482455017
single_window_tb2000,197.3,5.0,37,0.9450547349983699,0.03896103896103896,0.908234420647784
single_window_tb2000,197.3,5.0,38,0.9862970118560906,0.011904761904761904,0.9745553807625658
single_window_tb2000,197.3,5.0,39,0.8904341652050534,0.08116883116883117,0.8181586647825653
single_window_tb2000,197.3,5.0,40,0.9330281417023452,0.015151515151515152,0.9188913516765521
single_window_tb2000,197.3,5.0,41,0.9730513413857605,0.027056277056277056,0.9467241947032454
single_window_tb2000,197.3,5.0,42,0.8382078604719119,0.06926406926406926,0.780150173166498
single_window_tb2000,197.3,5.0,43,0.9181396181929382,0.003246753246753247,0.9151586454065975
single_window_tb2000,197.3,5.0,44,0.9384166050362371,0.04004329004329004,0.9008393167393316
single_window_tb2000,197.3,5.0,45,0.9893272600243903,0.0,0.9893272600243903
single_window_tb2000,197.3,5.0,46,0.993896819030572,0.0,0.993896819030572
single_window_tb2000,197.3,5.0,47,0.9672349122619347,0.07034632034632035,0.8991934952738115
single_window_tb2000,197.3,5.0,48,0.8521747532856472,0.09307359307359307,0.7728597870707493
single_window_tb2000,197.3,5.0,49,0.9619073840453718,0.017316017316017316,0.9452509791268372
single_window_tb2000,197.3,5.0,50,0.9682641575384341,0.048701298701298704,0.9211084355803935
single_window_tb2000,197.3,5.0,51,0.9008259791382822,0.1266233766233766,0.7867603519097335
single_window_tb2000,197.3,5.0,52,0.9754434302332432,0.03354978354978355,0.9427175142838595
single_window_tb2000,197.3,5.0,53,0.9664539643032996,0.008658008658008658,0.9580863975127948
single_window_tb2000,197.3,5.0,54,0.9724290419159362,0.006493506493506494,0.9661145676177808
single_window_tb2000,197.3,5.0,55,0.981180575502638,0.020562770562770564,0.9610047844479301
single_window_tb2000,197.3,5.0,56,0.9941513196682737,0.008658008658008658,0.985543948935215
single_window_tb2000,197.3,5.0,57,0.9740306693696902,0.005411255411255411,0.9687599406393347
single_window_tb2000,197.3,5.0,58,0.9970134001160766,0.0010822510822510823,0.9959343812847822
single_window_tb2000,197.3,5.0,59,0.8592869358882542,0.10930735930735931,0.765360550038997
single_window_tb2000,197.3,5.0,60,0.9766136143207025,0.0,0.9766136143207025
single_window_tb2000,197.3,5.0,61,0.9885501287718865,0.0,0.9885501287718865
single_window_tb2000,197.3,5.0,62,0.9933232200910812,0.005411255411255411,0.9879480944412377
single_window_tb2000,197.3,5.0,63,0.929702022610266,0.004329004329004329,0.9256773385297021
single_window_tb2000,197.3,5.0,64,0.9983348959856008,0.0,0.9983348959856008
single_window_tb2000,197.3,5.0,65,0.9948358594099109,0.0,0.9948358594099109
single_window_tb2000,197.3,5.0,66,0.9685994643362875,0.03896103896103896,0.9308618228686399
single_window_tb2000,197.3,5.0,67,0.9774414679204297,0.0010822510822510823,0.9763836308339358
single_window_tb2000,197.3,5.0,68,0.999767383190777,0.0,0.999767383190777
single_window_tb2000,197.3,5.0,69,0.9769535487783209,0.02922077922077922,0.9484062048205127
single_window_tb2000,197.3,5.0,70,0.9842463656284337,0.015151515151515152,0.9693335419067908
single_window_tb2000,197.3,5.0,71,0.9757521959297043,0.004329004329004329,0.9715281604494892
single_window_tb2000,197.3,5.0,72,0.954307739397489,0.07034632034632035,0.8871757014528604
single_window_tb2000,197.3,5.0,73,0.9996352566421868,0.0,0.9996352566421868
single_window_tb2000,197.3,5.0,74,0.990902035523121,0.0,0.990902035523121
single_window_tb2000,197.3,5.0,75,0.9948288361074825,0.0010822510822510823,0.9937521815229505
single_window_tb2000,197.3,5.0,76,0.9691445957089546,0.02813852813852814,0.9418742932322958
single_window_tb2000,197.3,5.0,77,0.981071656113506,0.008658008658008658,0.9725775292207484
single_window_tb2000,197.3,5.0,78,0.9972834272632085,0.0021645021645021645,0.9951248051262752
single_window_tb2000,197.3,5.0,79,0.9922027107462363,0.0,0.9922027107462363
single_window_tb2000,197.3,5.0,80,0.9519291394293473,0.0367965367965368,0.9169014438226397
single_window_tb2000,197.3,5.0,81,0.9945754708155898,0.0010822510822510823,0.9934990904359192
single_window_tb2000,197.3,5.0,82,0.9952857612640371,0.030303030303030304,0.9651255866802785
single_window_tb2000,197.3,5.0,83,0.9642737968916907,0.07683982683982683,0.8901791653123509
single_window_tb2000,197.3,5.0,84,0.942110291930267,0.044372294372294376,0.900306696725569
single_window_tb2000,197.3,5.0,85,0.9996200319940184,0.0,0.9996200319940184
single_window_tb2000,197.3,5.0,86,0.9648718841948631,0.02922077922077922,0.9366775758904677
single_window_tb2000,197.3,5.0,87,0.9782376878952925,0.032467532467532464,0.9464767240025883
single_window_tb2000,197.3,5.0,88,0.9627039544968669,0.03571428571428571,0.9283216704076931
single_window_tb2000,197.3,5.0,89,0.9421584764279793,0.020562770562770564,0.9227850878434213
single_window_tb2000,197.3,5.0,90,0.9026083006518768,0.17965367965367965,0.7404513981538123
single_window_tb2000,197.3,5.0,91,0.9765403422383,0.11796536796536797,0.8613424014331326
single_window_tb2000,197.3,5.0,92,0.8779541759271967,0.07467532467532467,0.8123926627897762
single_window_tb2000,197.3,5.0,93,0.9414350599346102,0.1266233766233766,0.8222273737740589
single_window_tb2000,197.3,5.0,94,0.9446029231890553,0.09307359307359307,0.8566853351000306
single_window_tb2000,197.3,5.0,95,0.9887536949753407,0.0,0.9887536949753407
single_window_tb2000,197.3,5.0,96,0.9701304877764138,0.08874458874458875,0.8840366566101086
single_window_tb2000,197.3,5.0,97,0.9852498633705908,0.012987012987012988,0.9724544105995442
single_window_tb2000,197.3,5.0,98,0.9996494183616352,0.0,0.9996494183616352
single_window_tb2000,197.3,5.0,99,0.9925320210589101,0.010822510822510822,0.9817903325193115
single_window_tb2000,197.3,5.0,100,0.9925308015822905,0.0,0.9925308015822905
single_window_tb2000,197.3,5.0,101,0.9489767205354295,0.024891774891774892,0.9253550056303268
single_window_tb2000,197.3,5.0,102,0.8139438774710354,0.27164502164502163,0.5928400752575831
single_window_tb2000,197.3,5.0,103,0.9975121306125853,0.00974025974025974,0.9877961033663588
single_window_tb2000,197.3,5.0,104,0.9995044252208278,0.0,0.9995044252208278
single_window_tb2000,197.3,5.0,105,0.9794547481599989,0.020562770562770564,0.9593144448969686
single_window_tb2000,197.3,5.0,106,0.9908074375530608,0.0,0.9908074375530608
single_window_tb2000,197.3,5.0,107,0.9525957980289518,0.016233766233766232,0.9371315805284818
single_window_tb2000,197.3,5.0,108,0.9532872048634748,0.01948051948051948,0.934716674898602
single_window_tb2000,197.3,5.0,109,0.9861450255869715,0.020562770562770564,0.9658671516842091
single_window_tb2000,197.3,5.0,110,0.9733931361515318,0.008658008658008658,0.9649654899510856
single_window_tb2000,197.3,5.0,111,0.9648715280128322,0.10497835497835498,0.8635809022365933
single_window_tb2000,197.3,5.0,112,0.9988985567678952,0.0010822510822510823,0.997817497723774
single_window_tb2000,197.3,5.0,113,0.9878476790001095,0.01406926406926407,0.9739493891440473
single_window_tb2000,197.3,5.0,114,0.9442926304052435,0.09307359307359307,0.856403922380513
single_window_tb2000,197.3,5.0,115,0.9932225677973827,0.027056277056277056,0.9663496628245098
single_window_tb2000,197.3,5.0,116,0.9793853211946648,0.004329004329004329,0.9751455578994499
single_window_tb2000,197.3,5.0,117,0.9815425171278709,0.0367965367965368,0.9454251517790098
single_window_tb2000,197.3,5.0,118,0.9563627855163603,0.06168831168831169,0.8973663799163252
single_window_tb2000,197.3,5.0,119,0.9985309028947754,0.011904761904761904,0.9866436302412662
single_window_tb2000,197.3,5.0,120,0.9829035951150064,0.0010822510822510823,0.9818398466354447
single_window_tb2000,197.3,5.0,121,0.7545593994376234,0.0670995670995671,0.7039287903844496
single_window_tb2000,197.3,5.0,122,0.9553160168114415,0.09415584415584416,0.8653674308129616
single_window_tb2000,197.3,5.0,123,0.9850430961326648,0.0735930735930736,0.9125507470666245
single_window_tb2000,197.3,5.0,124,0.9873636103805162,0.0021645021645021645,0.9852264597086969
single_window_tb2000,197.3,5.0,125,0.9825276804347254,0.06601731601731602,0.9176638400597057
single_window_tb2000,197.3,5.0,126,0.9973698111843836,0.0,0.9973698111843836
single_window_tb2000,197.3,5.0,127,0.9985903972145497,0.0,0.9985903972145497
single_window_tb2000,197.3,5.0,128,0.9151761944656982,0.03787878787878788,0.8805104295238158
single_window_tb2000,197.3,5.0,129,0.9697771836501046,0.048701298701298704,0.9225477753554566
single_window_tb2000,197.3,5.0,130,0.9984495090725205,0.0,0.9984495090725205
single_window_tb2000,197.3,5.0,131,0.9837725758710829,0.016233766233766232,0.9678022418472016
single_window_tb2000,197.3,5.0,132,0.9814388930801039,0.010822510822510822,0.9708172600381114
single_window_tb2000,197.3,5.0,133,0.9529338313930217,0.10064935064935066,0.8570216600515163
single_window_tb2000,197.3,5.0,134,0.9831887136311591,0.00974025974025974,0.9736122001866998
single_window_tb2000,197.3,5.0,135,0.7319380932462743,0.22727272727272727,0.5655885265993938
single_window_tb2000,197.3,5.0,136,0.9980499132356774,0.0,0.9980499132356774
single_window_tb2000,197.3,5.0,137,0.9924698036843145,0.017316017316017316,0.9752841793780926
single_window_tb2000,197.3,5.0,138,0.9960200589819959,0.0021645021645021645,0.9938641714084417
single_window_tb2000,197.3,5.0,139,0.9916915674739292,0.004329004329004329,0.9873985303852975
single_window_tb2000,197.3,5.0,140,0.9948628772964361,0.01948051948051948,0.9754824316348173
single_window_tb2000,197.3,5.0,141,0.9991550220207955,0.0,0.9991550220207955
single_window_tb2000,197.3,5.0,142,0.8132136655921589,0.2132034632034632,0.6398336957635277
single_window_tb2000,197.3,5.0,143,0.9894326911963087,0.004329004329004329,0.9851494327928615
single_window_tb2000,197.3,5.0,144,0.9160266354344773,0.03896103896103896,0.8803372860019651
single_window_tb2000,197.3,5.0,145,0.9628738397002006,0.017316017316017316,0.9462006996188118
single_window_tb2000,197.3,5.0,146,0.9489129696371618,0.0183982683982684,0.9314546141351794
single_window_tb2000,197.3,5.0,147,0.9817346644544601,0.0,0.9817346644544601
single_window_tb2000,197.3,5.0,148,0.9879621153307883,0.017316017316017316,0.9708545462341512
single_window_tb2000,197.3,5.0,149,0.998031994888284,0.0021645021645021645,0.9958717524751058
single_window_tb2000,197.3,5.0,150,0.994425562747712,0.0,0.994425562747712
single_window_tb2000,197.3,5.0,151,0.9935877571714786,0.0010822510822510823,0.9925124457459683
single_window_tb2000,197.3,5.0,152,0.9701976876033155,0.06926406926406926,0.9029978477693196
single_window_tb2000,197.3,5.0,153,0.9804266986310503,0.04112554112554113,0.9401061201159205
single_window_tb2000,197.3,5.0,154,0.9957034247834065,0.0,0.9957034247834065
single_window_tb2000,197.3,5.0,155,0.9959681450029693,0.0,0.9959681450029693
single_window_tb2000,197.3,5.0,156,0.9698104004254451,0.003246753246753247,0.9666616653591287
single_window_tb2000,197.3,5.0,157,0.9932135564321803,0.0010822510822510823,0.9921386499858251
single_window_tb2000,197.3,5.0,158,0.9974383958689859,0.0010822510822510823,0.9963589170855778
single_window_tb2000,197.3,5.0,159,0.9266948901839085,0.05627705627705628,0.8745432296973682
single_window_tb2000,197.3,5.0,160,0.9360711098268357,0.11038961038961038,0.8327385847160812
single_window_tb2000,197.3,5.0,161,0.9858643311706922,0.012987012987012988,0.9730608982983455
single_window_tb2000,197.3,5.0,162,0.9942832841267586,0.03354978354978355,0.9609252951571379
single_window_tb2000,197.3,5.0,163,0.7779366399296515,0.07575757575757576,0.7190020459955869
single_window_tb2000,197.3,5.0,164,0.9936923516420859,0.049783549783549784,0.9442228189845794
single_window_tb2000,197.3,5.0,165,0.9420756965494703,0.048701298701298704,0.8961953866525806
single_window_tb2000,197.3,5.0,166,0.9675465623008292,0.031385281385281384,0.937179841189656
single_window_tb2000,197.3,5.0,167,0.9892825570928331,0.02813852813852814,0.9614456020231213
single_window_tb2000,197.3,5.0,168,0.7368132589878168,0.275974025974026,0.5334719375139063
single_window_tb2000,197.3,5.0,169,0.9419955774910665,0.011904761904761904,0.9307813444256967
single_window_tb2000,197.3,5.0,170,0.9997339213100043,0.0,0.9997339213100043
single_window_tb2000,197.3,5.0,171,0.7629866878672862,0.16774891774891776,0.6349964967207176
single_window_tb2000,197.3,5.0,172,0.9743195881987099,0.05952380952380952,0.9163243746154534
single_window_tb2000,197.3,5.0,173,0.9330252368606742,0.08766233766233766,0.8512340634995111
single_window_tb2000,197.3,5.0,174,0.980574376679066,0.07034632034632035,0.911594577453807
single_window_tb2000,197.3,5.0,175,0.9966046692856558,0.017316017316017316,0.9793474455750817
single_window_tb2000,197.3,5.0,176,0.9998463891952942,0.0,0.9998463891952942
single_window_tb2000,197.3,5.0,177,0.9900793952491345,0.022727272727272728,0.9675775908116542
single_window_tb2000,197.3,5.0,178,0.9407900193087522,0.007575757575757576,0.9336628221927767
single_window_tb2000,197.3,5.0,179,0.9758287901884121,0.008658008658008658,0.9673800560742266
single_window_tb2000,197.3,5.0,180,0.9934891614278155,0.0,0.9934891614278155
single_window_tb2000,197.3,5.0,181,0.9400580482742682,0.0367965367965368,0.9054671677100635
single_window_tb2000,197.3,5.0,182,0.8975268847113229,0.005411255411255411,0.8926701374996815
single_window_tb2000,197.3,5.0,183,0.9996952313783067,0.0,0.9996952313783067
single_window_tb2000,197.3,5.0,184,0.9997170544412285,0.0,0.9997170544412285
single_window_tb2000,197.3,5.0,185,0.9956722001209175,0.0,0.9956722001209175
single_window_tb2000,197.3,5.0,186,0.916043217268043,0.13528138528138528,0.7921196218584052
single_window_tb2000,197.3,5.0,187,0.9912713775798359,0.006493506493506494,0.9848345504526941
single_window_tb2000,197.3,5.0,188,0.9860453313398215,0.047619047619047616,0.9390907917522109
single_window_tb2000,197.3,5.0,189,0.9393279362882746,0.09090909090909091,0.8539344875347951
single_window_tb2000,197.3,5.0,190,0.9968561843558483,0.003246753246753247,0.9936196383027449
single_window_tb2000,197.3,5.0,191,0.9927277619502879,0.0010822510822510823,0.9916533812555365
single_window_tb2000,197.3,5.0,192,0.9790026982601174,0.08008658008658008,0.9005977202609305
single_window_tb2000,197.3,5.0,193,0.8674126765226765,0.025974025974025976,0.8448824771324771
single_window_tb2000,197.3,5.0,194,0.9948075744045416,0.007575757575757576,0.9872711533863254
single_window_tb2000,197.3,5.0,195,0.9886209874801395,0.0,0.9886209874801395
single_window_tb2000,197.3,5.0,196,0.9986891572192568,0.0010822510822510823,0.9976083247980237
single_window_tb2000,197.3,5.0,197,0.9085062122057652,0.08766233766233766,0.8288644338630521
single_window_tb2000,197.3,5.0,198,0.9966581044728108,0.0,0.9966581044728108
single_window_tb2000,197.3,5.0,199,0.9990009182118844,0.0,0.9990009182118844
single_window_tb2000,197.3,5.0,200,0.9844515361548424,0.0,0.9844515361548424
single_window_tb2000,197.3,5.0,201,0.993774591661038,0.008658008658008658,0.9851704826423276
single_window_tb2000,197.3,5.0,202,0.9148696122565219,0.01406926406926407,0.9019980700927396
single_window_tb2000,197.3,5.0,203,0.999201840239182,0.0,0.999201840239182
single_window_tb2000,197.3,5.0,204,0.8440481090792338,0.06601731601731602,0.788326318328332
single_window_tb2000,197.3,5.0,205,0.992530308157613,0.010822510822510822,0.9817886381559072
single_window_tb2000,197.3,5.0,206,0.9529879007571312,0.03896103896103896,0.9158585020263339
single_window_tb2000,197.3,5.0,207,0.9922839076839483,0.0,0.9922839076839483
single_window_tb2000,197.3,5.0,208,0.9797082593729425,0.011904761904761904,0.9680450658089789
single_window_tb2000,197.3,5.0,209,0.9953277800595385,0.0010822510822510823,0.9942505854923744
single_window_tb2000,197.3,5.0,210,0.9111898482975278,0.1341991341991342,0.7889089595649591
single_window_tb2000,197.3,5.0,211,0.9516985021387968,0.14502164502164502,0.8136816197939929
single_window_tb2000,197.3,5.0,212,0.9855634153489673,0.005411255411255411,0.9802302799845248
single_window_tb2000,197.3,5.0,213,0.9890312755606357,0.049783549783549784,0.9397937878162751
single_window_tb2000,197.3,5.0,214,0.9017685200208609,0.020562770562770564,0.8832256608429429
single_window_tb2000,197.3,5.0,215,0.9729982286210063,0.049783549783549784,0.9245589228671466
single_window_tb2000,197.3,5.0,216,0.9920909629116552,0.027056277056277056,0.9652486749540888
single_window_tb2000,197.3,5.0,217,0.9908493979062049,0.007575757575757576,0.983342963073582
single_window_tb2000,197.3,5.0,218,0.996923740929981,0.0,0.996923740929981
single_window_tb2000,197.3,5.0,219,0.9865715347702654,0.0021645021645021645,0.9844360985478189
single_window_tb2000,197.3,5.0,220,0.9685680655106986,0.020562770562770564,0.9486516226051757
single_window_tb2000,197.3,5.0,221,0.990266944483704,0.07034632034632035,0.9206053087786815
single_window_tb2000,197.3,5.0,222,0.9934035656882139,0.01406926406926407,0.9794271085951978
single_window_tb2000,197.3,5.0,223,0.9364874288490036,0.13095238095238096,0.8138521703092532
single_window_tb2000,197.3,5.0,224,0.9921488523148315,0.0010822510822510823,0.9910750981456595
single_window_tb2000,197.3,5.0,225,0.988133251327245,0.031385281385281384,0.9571204111881865
single_window_tb2000,197.3,5.0,226,0.9887071320256982,0.006493506493506494,0.9822869558437132
single_window_tb2000,197.3,5.0,227,0.7785703589333969,0.10497835497835498,0.6968373234176615
single_window_tb2000,197.3,5.0,228,0.9940197330968316,0.06385281385281386,0.9305487761133759
single_window_tb2000,197.3,5.0,229,0.9881304017317705,0.01948051948051948,0.9688811081915413
single_window_tb2000,197.3,5.0,230,0.9766208939491287,0.007575757575757576,0.9692222508131504
single_window_tb2000,197.3,5.0,231,0.9752883497269346,0.024891774891774892,0.9510116916709611
single_window_tb2000,197.3,5.0,232,0.9805409828716558,0.10930735930735931,0.8733606373413124
single_window_tb2000,197.3,5.0,233,0.9649180097590799,0.050865800865800864,0.9158366824228497
single_window_tb2000,197.3,5.0,234,0.9948219298139271,0.0021645021645021645,0.9926686355935507
single_window_tb2000,197.3,5.0,235,0.9930791693653139,0.0,0.9930791693653139
single_window_tb2000,197.3,5.0,236,0.9932562474799804,0.010822510822510822,0.9825067209921018
single_window_tb2000,197.3,5.0,237,0.9778582997916107,0.030303030303030304,0.9482262301009559
single_window_tb2000,197.3,5.0,238,0.9604969302686538,0.027056277056277056,0.9345094592116016
single_window_tb2000,197.3,5.0,239,0.9972770648974312,0.003246753246753247,0.9940391523490628
single_window_tb2000,197.3,5.0,240,0.8776429901361561,0.06818181818181818,0.8178036953541455
single_window_tb2000,197.3,5.0,241,0.9945181723756935,0.0021645021645021645,0.9923655356389496
single_window_tb2000,197.3,5.0,242,0.9052902061026376,0.10281385281385282,0.8122138320985786
single_window_tb2000,197.3,5.0,243,0.9326310637630849,0.048701298701298704,0.887210719748649
single_window_tb2000,197.3,5.0,244,0.938331379471373,0.07251082251082251,0.870292199358189
single_window_tb2000,197.3,5.0,245,0.9157985199924917,0.14502164502164502,0.7829879121147927
single_window_tb2000,197.3,5.0,246,0.9643006287150372,0.025974025974025976,0.9392538591380232
single_window_tb2000,197.3,5.0,247,0.9799397331624758,0.08225108225108226,0.8993386295690254
single_window_tb2000,197.3,5.0,248,0.9849675282393537,0.00974025974025974,0.9753736886785809
single_window_tb2000,197.3,5.0,249,0.9802925655378142,0.047619047619047616,0.9336119671788706
single_window_tb2000,197.3,5.0,250,0.9956702035130318,0.0021645021645021645,0.9935150732023975
single_window_tb2000,197.3,5.0,251,0.9903672008312839,0.0010822510822510823,0.9892953748563582
single_window_tb2000,197.3,5.0,252,0.9900614838181557,0.0,0.9900614838181557
single_window_tb2000,197.3,5.0,253,0.950379946166518,0.11796536796536797,0.8382680261100781
single_window_tb2000,197.3,5.0,254,0.9811410427047886,0.015151515151515152,0.9662752693304737
single_window_tb2000,197.3,5.0,255,0.9968161374689806,0.0,0.9968161374689806
single_window_tb2000,197.3,5.0,256,0.99701271395327,0.0,0.99701271395327
single_window_tb2000,197.3,5.0,257,0.9857903037137177,0.008658008658008658,0.9772553227291833
single_window_tb2000,197.3,5.0,258,0.8830603993687254,0.07575757575757576,0.816161884265034
single_window_tb2000,197.3,5.0,259,0.7531575992653115,0.22727272727272727,0.5819854176141043
single_window_tb2000,197.3,5.0,260,0.9438453720687694,0.07142857142857142,0.8764278454924288
single_window_tb2000,197.3,5.0,261,0.9984915244422131,0.0,0.9984915244422131
single_window_tb2000,197.3,5.0,262,0.9751243400550412,0.045454545454545456,0.9308005064161757
single_window_tb2000,197.3,5.0,263,0.9796053093328315,0.0010822510822510823,0.9785451304266272
single_window_tb2000,197.3,5.0,264,0.9995676392728046,0.0,0.9995676392728046
single_window_tb2000,197.3,5.0,265,0.9956171394052787,0.0,0.9956171394052787
single_window_tb2000,197.3,5.0,266,0.9995684917654001,0.0,0.9995684917654001
single_window_tb2000,197.3,5.0,267,0.9989409288089228,0.0,0.9989409288089228
single_window_tb2000,197.3,5.0,268,0.9944728025028385,0.024891774891774892,0.9697186093669454
single_window_tb2000,197.3,5.0,269,0.9454829243868138,0.11796536796536797,0.8339486833065511
single_window_tb2000,197.3,5.0,270,0.9846219352741838,0.0010822510822510823,0.9835563271191251
single_window_tb2000,197.3,5.0,271,0.9994981604439227,0.0,0.9994981604439227
single_window_tb2000,197.3,5.0,272,0.9336886790172759,0.09848484848484848,0.8417344909322412
single_window_tb2000,197.3,5.0,273,0.9138440322859558,0.05952380952380952,0.8594485541736965
single_window_tb2000,197.3,5.0,274,0.9246860897494585,0.17316017316017315,0.7645672863296389
single_window_tb2000,197.3,5.0,275,0.9233950542364062,0.15800865800865802,0.7774906409046797
single_window_tb2000,197.3,5.0,276,0.9950784400873545,0.0,0.9950784400873545
single_window_tb2000,197.3,5.0,277,0.9967972372791091,0.0021645021645021645,0.9946396675014487
single_window_tb2000,197.3,5.0,278,0.9042898025804447,0.031385281385281384,0.8759084126726169
single_window_tb2000,197.3,5.0,279,0.9999610843184725,0.0,0.9999610843184725
single_window_tb2000,197.3,5.0,280,0.9957972676336784,0.004329004329004329,0.9914864569512816
single_window_tb2000,197.3,5.0,281,0.9777271528472097,0.005411255411255411,0.9724364215006338
single_window_tb2000,197.3,5.0,282,0.9939139125683597,0.0183982683982684,0.9756276176401539
single_window_tb2000,197.3,5.0,283,0.9539168102203497,0.0183982683982684,0.9363663927162956
single_window_tb2000,197.3,5.0,284,0.9818553480229629,0.0,0.9818553480229629
single_window_tb2000,197.3,5.0,285,0.97481568379266,0.008658008658008658,0.9663757211624205
single_window_tb2000,197.3,5.0,286,0.904556360237254,0.1406926406926407,0.7772919372601511
single_window_tb2000,197.3,5.0,287,0.9950504867026896,0.007575757575757576,0.9875122254397904
single_window_tb2000,197.3,5.0,288,0.9886291797047047,0.0010822510822510823,0.9875592347050242
single_window_tb2000,197.3,5.0,289,0.9958828219668296,0.010822510822510822,0.985104869348141
single_window_tb2000,197.3,5.0,290,0.9701574423236856,0.027056277056277056,0.9439085937759669
single_window_tb2000,197.3,5.0,291,0.9565189767266646,0.09415584415584416,0.8664571250218813
single_window_tb2000,197.3,5.0,292,0.9160628036093166,0.11363636363636363,0.8119647577446215
single_window_tb2000,197.3,5.0,293,0.9693205289649421,0.03787878787878788,0.9326038422617247
single_window_tb2000,197.3,5.0,294,0.9830715723559792,0.11038961038961038,0.874550684498501
single_window_tb2000,197.3,5.0,295,0.9988464856414948,0.0,0.9988464856414948
single_window_tb2000,197.3,5.0,296,0.9936798135317676,0.010822510822510822,0.9829257029957095
single_window_tb2000,197.3,5.0,297,0.581760685091437,0.5086580086580087,0.2858434534973078
single_window_tb2000,197.3,5.0,298,0.9947397306511092,0.011904761904761904,0.9828975910005008
single_window_tb2000,197.3,5.0,299,0.9621370605119124,0.08441558441558442,0.8809176982609068
single_window_tb2000,197.3,6.0,0,0.9998699648772466,0.0,0.9998699648772466
single_window_tb2000,197.3,6.0,1,0.9995212881172889,0.0,0.9995212881172889
single_window_tb2000,197.3,6.0,2,0.9964714340555852,0.0,0.9964714340555852
single_window_tb2000,197.3,6.0,3,0.9733283100970697,0.012987012987012988,0.9606876826932116
single_window_tb2000,197.3,6.0,4,0.9993125192455693,0.0,0.9993125192455693
single_window_tb2000,197.3,6.0,5,0.9997933381033045,0.0,0.9997933381033045
single_window_tb2000,197.3,6.0,6,0.9964051577818116,0.0010822510822510823,0.9953267972214417
single_window_tb2000,197.3,6.0,7,0.9997127344277913,0.0,0.9997127344277913
single_window_tb2000,197.3,6.0,8,0.978743308154294,0.03571428571428571,0.9437881900059264
single_window_tb2000,197.3,6.0,9,0.978121361380305,0.01948051948051948,0.9590670491456238
single_window_tb2000,197.3,6.0,10,0.999986904560957,0.0,0.999986904560957
single_window_tb2000,197.3,6.0,11,0.9932466587638166,0.0021645021645021645,0.9910967742210378
single_window_tb2000,197.3,6.0,12,0.9552495887216299,0.05627705627705628,0.9014909538585079
single_window_tb2000,197.3,6.0,13,0.9992384198853772,0.0,0.9992384198853772
single_window_tb2000,197.3,6.0,14,0.9985212866043819,0.0,0.9985212866043819
single_window_tb2000,197.3,6.0,15,0.999817597388454,0.0,0.999817597388454
single_window_tb2000,197.3,6.0,16,0.9992871133221273,0.0,0.9992871133221273
single_window_tb2000,197.3,6.0,17,0.9945974707153168,0.0021645021645021645,0.9924446623371451
single_window_tb2000,197.3,6.0,18,0.999206998952743,0.0,0.999206998952743
single_window_tb2000,197.3,6.0,19,0.9986532747581164,0.007575757575757576,0.9910877196463125
single_window_tb2000,197.3,6.0,20,0.9967391180936064,0.008658008658008658,0.988109342179376
single_window_tb2000,197.3,6.0,21,0.9278494621730364,0.08766233766233766,0.8465120093202053
single_window_tb2000,197.3,6.0,22,0.9989972918225538,0.0,0.9989972918225538
single_window_tb2000,197.3,6.0,23,0.9824254236676379,0.06385281385281386,0.9196947959659164
single_window_tb2000,197.3,6.0,24,0.9852122107089771,0.01406926406926407,0.971350999952249
single_window_tb2000,197.3,6.0,25,0.9905894960003845,0.01406926406926407,0.9766526307969158
single_window_tb2000,197.3,6.0,26,0.9930053662861973,0.0,0.9930053662861973
single_window_tb2000,197.3,6.0,27,0.9999713165907717,0.0,0.9999713165907717
single_window_tb2000,197.3,6.0,28,0.9997772531807416,0.0,0.9997772531807416
single_window_tb2000,197.3,6.0,29,0.9963567227578782,0.0,0.9963567227578782
single_window_tb2000,197.3,6.0,30,0.9999795592852923,0.0,0.9999795592852923
single_window_tb2000,197.3,6.0,31,0.9941308131648637,0.004329004329004329,0.9898272165710765
single_window_tb2000,197.3,6.0,32,0.999880827043218,0.0,0.999880827043218
single_window_tb2000,197.3,6.0,33,0.9844546247407903,0.06926406926406926,0.9162672914254109
single_window_tb2000,197.3,6.0,34,0.9989626669711978,0.005411255411255411,0.9935570248339078
single_window_tb2000,197.3,6.0,35,0.9894281427072322,0.0,0.9894281427072322
single_window_tb2000,197.3,6.0,36,0.9999133026343205,0.0,0.9999133026343205
single_window_tb2000,197.3,6.0,37,0.9968277450506935,0.0010822510822510823,0.9957489271447945
single_window_tb2000,197.3,6.0,38,0.9995896846202319,0.0,0.9995896846202319
single_window_tb2000,197.3,6.0,39,0.9985789011554199,0.0,0.9985789011554199
single_window_tb2000,197.3,6.0,40,0.9855310481386064,0.0021645021645021645,0.9833978640517262
single_window_tb2000,197.3,6.0,41,0.9997439379227525,0.0,0.9997439379227525
single_window_tb2000,197.3,6.0,42,0.9951982476782467,0.0,0.9951982476782467
single_window_tb2000,197.3,6.0,43,0.9993956968543124,0.0,0.9993956968543124
single_window_tb2000,197.3,6.0,44,0.9999856487310604,0.0,0.9999856487310604
single_window_tb2000,197.3,6.0,45,0.9936251530911768,0.0,0.9936251530911768
single_window_tb2000,197.3,6.0,46,0.999991359060864,0.0,0.999991359060864
single_window_tb2000,197.3,6.0,47,0.9619286950022534,0.006493506493506494,0.9556824047749661
single_window_tb2000,197.3,6.0,48,0.8118834976804712,0.08874458874458875,0.7398332305702995
single_window_tb2000,197.3,6.0,49,0.9990553568274806,0.0,0.9990553568274806
single_window_tb2000,197.3,6.0,50,0.9985175746653269,0.0,0.9985175746653269
single_window_tb2000,197.3,6.0,51,0.991055722247918,0.010822510822510822,0.9803300109681786
single_window_tb2000,197.3,6.0,52,0.9993231213204842,0.0,0.9993231213204842
single_window_tb2000,197.3,6.0,53,0.9970751638978232,0.004329004329004329,0.9927588211969669
single_window_tb2000,197.3,6.0,54,0.9980036074089055,0.0010822510822510823,0.9969235169246966
single_window_tb2000,197.3,6.0,55,0.9995312321964626,0.0010822510822510823,0.9984494884386741
single_window_tb2000,197.3,6.0,56,0.9365051663335205,0.011904761904761904,0.9253562953057406
single_window_tb2000,197.3,6.0,57,0.9983077595596631,0.0,0.9983077595596631
single_window_tb2000,197.3,6.0,58,0.9908136716008191,0.0,0.9908136716008191
single_window_tb2000,197.3,6.0,59,0.9973397510894272,0.0,0.9973397510894272
single_window_tb2000,197.3,6.0,60,0.9993597673088909,0.0,0.9993597673088909
single_window_tb2000,197.3,6.0,61,0.9820812738098061,0.006493506493506494,0.9757041226811711
single_window_tb2000,197.3,6.0,62,0.9998349872510491,0.00974025974025974,0.9900963347778247
single_window_tb2000,197.3,6.0,63,0.999972003688177,0.0,0.999972003688177
single_window_tb2000,197.3,6.0,64,0.9998032648912147,0.0,0.9998032648912147
single_window_tb2000,197.3,6.0,65,0.9957883257961831,0.006493506493506494,0.9893221678364678
single_window_tb2000,197.3,6.0,66,0.999591307476395,0.0,0.999591307476395
single_window_tb2000,197.3,6.0,67,0.9942816929283894,0.0010822510822510823,0.9932056304901552
single_window_tb2000,197.3,6.0,68,0.9919971816712806,0.021645021645021644,0.9705253812022052
single_window_tb2000,197.3,6.0,69,0.9968428090049483,0.0,0.9968428090049483
single_window_tb2000,197.3,6.0,70,0.9867303712125329,0.004329004329004329,0.9824588111639939
single_window_tb2000,197.3,6.0,71,0.9904560892882156,0.03463203463203463,0.9561545797024765
single_window_tb2000,197.3,6.0,72,0.9955248677378388,0.004329004329004329,0.9912152362757702
single_window_tb2000,197.3,6.0,73,0.9890625252839853,0.0,0.9890625252839853
single_window_tb2000,197.3,6.0,74,0.9989018129666183,0.0,0.9989018129666183
single_window_tb2000,197.3,6.0,75,0.9987466896296865,0.016233766233766232,0.9825332693434903
single_window_tb2000,197.3,6.0,76,0.9853901151213833,0.023809523809523808,0.9619284457137313
single_window_tb2000,197.3,6.0,77,0.9957991491999427,0.0,0.9957991491999427
single_window_tb2000,197.3,6.0,78,0.9995619731984667,0.0,0.9995619731984667
single_window_tb2000,197.3,6.0,79,0.9984870637579969,0.004329004329004329,0.9941646089365337
single_window_tb2000,197.3,6.0,80,0.9982749763061782,0.0,0.9982749763061782
single_window_tb2000,197.3,6.0,81,0.9936835400602211,0.0,0.9936835400602211
single_window_tb2000,197.3,6.0,82,0.9948654063121104,0.0021645021645021645,0.9927120179867596
single_window_tb2000,197.3,6.0,83,0.9999155230851994,0.0,0.9999155230851994
single_window_tb2000,197.3,6.0,84,0.9983995698101783,0.0,0.9983995698101783
single_window_tb2000,197.3,6.0,85,0.9961447227463402,0.010822510822510822,0.9853639357036309
single_window_tb2000,197.3,6.0,86,0.9999185923118028,0.0,0.9999185923118028
single_window_tb2000,197.3,6.0,87,0.9968801980694085,0.0,0.9968801980694085
single_window_tb2000,197.3,6.0,88,0.9983806244316784,0.0010822510822510823,0.9973001259203886
single_window_tb2000,197.3,6.0,89,0.9967168004555902,0.0010822510822510823,0.9956381026195993
single_window_tb2000,197.3,6.0,90,0.9232524071415112,0.032467532467532464,0.8932766796369168
single_window_tb2000,197.3,6.0,91,0.9989192284110472,0.0,0.9989192284110472
single_window_tb2000,197.3,6.0,92,0.996809328484592,0.005411255411255411,0.99141533861184
single_window_tb2000,197.3,6.0,93,0.9894733645742524,0.008658008658008658,0.9809064956168995
single_window_tb2000,197.3,6.0,94,0.998772329253342,0.0010822510822510823,0.9976914068190851
single_window_tb2000,197.3,6.0,95,0.9981026034518111,0.0183982683982684,0.9797392438644942
single_window_tb2000,197.3,6.0,96,0.8818420563273219,0.16666666666666666,0.7348683802727684
single_window_tb2000,197.3,6.0,97,0.9995192006462107,0.0,0.9995192006462107
single_window_tb2000,197.3,6.0,98,0.9750322058622893,0.07142857142857142,0.9053870483006973
single_window_tb2000,197.3,6.0,99,0.9984145121613792,0.0,0.9984145121613792
single_window_tb2000,197.3,6.0,100,0.9947066036794556,0.0,0.9947066036794556
single_window_tb2000,197.3,6.0,101,0.9997136575898561,0.0,0.9997136575898561
single_window_tb2000,197.3,6.0,102,0.9998972146375532,0.0,0.9998972146375532
single_window_tb2000,197.3,6.0,103,0.999657793237014,0.0,0.999657793237014
single_window_tb2000,197.3,6.0,104,0.9986313854331532,0.0,0.9986313854331532
single_window_tb2000,197.3,6.0,105,0.9987092159938686,0.0,0.9987092159938686
single_window_tb2000,197.3,6.0,106,0.9954150071229186,0.0010822510822510823,0.9943377181541708
single_window_tb2000,197.3,6.0,107,0.912953622925703,0.02813852813852814,0.887264451717837
single_window_tb2000,197.3,6.0,108,0.9996152221225383,0.0,0.9996152221225383
single_window_tb2000,197.3,6.0,109,0.9981833920866731,0.0010822510822510823,0.9971031070303021
single_window_tb2000,197.3,6.0,110,0.9996036264578219,0.0,0.9996036264578219
single_window_tb2000,197.3,6.0,111,0.9714587882380035,0.006493506493506494,0.9651506142884061
single_window_tb2000,197.3,6.0,112,0.9983417509058907,0.0021645021645021645,0.996180838025142
single_window_tb2000,197.3,6.0,113,0.9973464606396137,0.024891774891774892,0.972520737052264
single_window_tb2000,197.3,6.0,114,0.9994211075901537,0.0,0.9994211075901537
single_window_tb2000,197.3,6.0,115,0.9965609406033218,0.004329004329004329,0.9922468239773334
single_window_tb2000,197.3,6.0,116,0.9835735092053619,0.05411255411255411,0.930349834464812
single_window_tb2000,197.3,6.0,117,0.9384354823239709,0.09523809523809523,0.8490606744835927
single_window_tb2000,197.3,6.0,118,0.9992875626485189,0.0,0.9992875626485189
single_window_tb2000,197.3,6.0,119,0.9920950148851987,0.024891774891774892,0.9674000091034243
single_window_tb2000,197.3,6.0,120,0.999772398631904,0.0,0.999772398631904
single_window_tb2000,197.3,6.0,121,0.9994979253869499,0.0,0.9994979253869499
single_window_tb2000,197.3,6.0,122,0.9981069714123243,0.0,0.9981069714123243
single_window_tb2000,197.3,6.0,123,0.9935586335066069,0.0,0.9935586335066069
single_window_tb2000,197.3,6.0,124,0.98983067925562,0.017316017316017316,0.9726907540737045
single_window_tb2000,197.3,6.0,125,0.9989702838118187,0.0,0.9989702838118187
single_window_tb2000,197.3,6.0,126,0.9992808365419782,0.0,0.9992808365419782
single_window_tb2000,197.3,6.0,127,0.9971088818632431,0.0,0.9971088818632431
single_window_tb2000,197.3,6.0,128,0.999171083893691,0.0,0.999171083893691
single_window_tb2000,197.3,6.0,129,0.9988519879019649,0.0010822510822510823,0.9977709792570494
single_window_tb2000,197.3,6.0,130,0.9728618969808105,0.046536796536796536,0.9275880208226126
single_window_tb2000,197.3,6.0,131,0.9899604703964523,0.0,0.9899604703964523
single_window_tb2000,197.3,6.0,132,0.9970528614730336,0.0,0.9970528614730336
single_window_tb2000,197.3,6.0,133,0.9995235969446472,0.0,0.9995235969446472
single_window_tb2000,197.3,6.0,134,0.9800140759317623,0.05194805194805195,0.9291042538054369
single_window_tb2000,197.3,6.0,135,0.9941229451824086,0.0010822510822510823,0.9930470545490943
single_window_tb2000,197.3,6.0,136,0.9416406041093849,0.05844155844155844,0.8866096597133819
single_window_tb2000,197.3,6.0,137,0.9870053388578164,0.003246753246753247,0.9838007760693169
single_window_tb2000,197.3,6.0,138,0.9985459883340388,0.0010822510822510823,0.9974653108574868
single_window_tb2000,197.3,6.0,139,0.9999968713647192,0.0,0.9999968713647192
single_window_tb2000,197.3,6.0,140,0.999092024132485,0.0021645021645021645,0.9969294872837134
single_window_tb2000,197.3,6.0,141,0.994068705925504,0.005411255411255411,0.9886895462614049
single_window_tb2000,197.3,6.0,142,0.9960695157582606,0.027056277056277056,0.9691195829725935
single_window_tb2000,197.3,6.0,143,0.9380392388682339,0.031385281385281384,0.9085986134059192
single_window_tb2000,197.3,6.0,144,0.9946635647850284,0.007575757575757576,0.9871282347487782
single_window_tb2000,197.3,6.0,145,0.9999421454909053,0.0,0.9999421454909053
single_window_tb2000,197.3,6.0,146,0.9995237760955864,0.0,0.9995237760955864
single_window_tb2000,197.3,6.0,147,0.9813066969052489,0.0021645021645021645,0.979182656435757
single_window_tb2000,197.3,6.0,148,0.9996442346474772,0.0,0.9996442346474772
single_window_tb2000,197.3,6.0,149,0.9974456282005476,0.0,0.9974456282005476
single_window_tb2000,197.3,6.0,150,0.9971258457918172,0.0,0.9971258457918172
single_window_tb2000,197.3,6.0,151,0.9962596362601825,0.00974025974025974,0.9865558086342717
single_window_tb2000,197.3,6.0,152,0.998905833369365,0.0,0.998905833369365
single_window_tb2000,197.3,6.0,153,0.9858571999365355,0.0021645021645021645,0.9837233098933829
single_window_tb2000,197.3,6.0,154,0.9916274288390036,0.0010822510822510823,0.9905542389809526
single_window_tb2000,197.3,6.0,155,0.9741813765440168,0.012987012987012988,0.9615296703551335
single_window_tb2000,197.3,6.0,156,0.9509451025188917,0.05411255411255411,0.8994870342007699
single_window_tb2000,197.3,6.0,157,0.9886613736252351,0.0010822510822510823,0.9875913937836494
single_window_tb2000,197.3,6.0,158,0.9979301371829914,0.0,0.9979301371829914
single_window_tb2000,197.3,6.0,159,0.9996818286515641,0.0,0.9996818286515641
single_window_tb2000,197.3,6.0,160,0.9934009350479739,0.003246753246753247,0.9901756073367791
single_window_tb2000,197.3,6.0,161,0.9737693247397925,0.005411255411255411,0.9685000102119797
single_window_tb2000,197.3,6.0,162,0.9986022953635084,0.0,0.9986022953635084
single_window_tb2000,197.3,6.0,163,0.9955054750960806,0.004329004329004329,0.9911959275848422
single_window_tb2000,197.3,6.0,164,0.9916809328180463,0.008658008658008658,0.9830949507157255
single_window_tb2000,197.3,6.0,165,0.9950080253035962,0.0010822510822510823,0.9939311767913629
single_window_tb2000,197.3,6.0,166,0.9997366208827733,0.0,0.9997366208827733
single_window_tb2000,197.3,6.0,167,0.9696087983100449,0.046536796536796536,0.9244863109428025
single_window_tb2000,197.3,6.0,168,0.9907679425285825,0.005411255411255411,0.9854066441382763
single_window_tb2000,197.3,6.0,169,0.9978776449544664,0.0,0.9978776449544664
single_window_tb2000,197.3,6.0,170,0.9985028004898873,0.0,0.9985028004898873
single_window_tb2000,197.3,6.0,171,0.9992305204707672,0.0,0.9992305204707672
single_window_tb2000,197.3,6.0,172,0.9885295595765741,0.004329004329004329,0.9842502108338184
single_window_tb2000,197.3,6.0,173,0.9911714207838439,0.0,0.9911714207838439
single_window_tb2000,197.3,6.0,174,0.9967568821322571,0.007575757575757576,0.9892056936312552
single_window_tb2000,197.3,6.0,175,0.9969577235303103,0.0,0.9969577235303103
single_window_tb2000,197.3,6.0,176,0.9998601650434984,0.0,0.9998601650434984
single_window_tb2000,197.3,6.0,177,0.9983283783275683,0.0,0.9983283783275683
single_window_tb2000,197.3,6.0,178,0.9974904688982426,0.0,0.9974904688982426
single_window_tb2000,197.3,6.0,179,0.9644086523216786,0.045454545454545456,0.920571895397966
single_window_tb2000,197.3,6.0,180,0.9286647817568618,0.044372294372294376,0.8874577946875638
single_window_tb2000,197.3,6.0,181,0.9997202222193651,0.0,0.9997202222193651
single_window_tb2000,197.3,6.0,182,0.9293542349528545,0.022727272727272728,0.9082325477948351
single_window_tb2000,197.3,6.0,183,0.9947700952135284,0.0,0.9947700952135284
single_window_tb2000,197.3,6.0,184,0.9246583925273948,0.15584415584415584,0.7805557858997488
single_window_tb2000,197.3,6.0,185,0.893010444588934,0.06926406926406926,0.8311569073013888
single_window_tb2000,197.3,6.0,186,0.9925239860958135,0.003246753246753247,0.9893015056214765
single_window_tb2000,197.3,6.0,187,0.9964019921213123,0.008658008658008658,0.9877751350466689
single_window_tb2000,197.3,6.0,188,0.9983835037305727,0.004329004329004329,0.9940614972209166
single_window_tb2000,197.3,6.0,189,0.9994085264267203,0.0,0.9994085264267203
single_window_tb2000,197.3,6.0,190,0.9998821898666795,0.0,0.9998821898666795
single_window_tb2000,197.3,6.0,191,0.9901142062434566,0.015151515151515152,0.9751124758458285
single_window_tb2000,197.3,6.0,192,0.9927222792665955,0.008658008658008658,0.9841272811777072
single_window_tb2000,197.3,6.0,193,0.9183425833909009,0.025974025974025976,0.8944895292768515
single_window_tb2000,197.3,6.0,194,0.9734743687813014,0.004329004329004329,0.9692601940246725
single_window_tb2000,197.3,6.0,195,0.9994624709585808,0.0,0.9994624709585808
single_window_tb2000,197.3,6.0,196,0.9990383672050408,0.0,0.9990383672050408
single_window_tb2000,197.3,6.0,197,0.9999932531362743,0.0,0.9999932531362743
single_window_tb2000,197.3,6.0,198,0.9992750306534472,0.017316017316017316,0.9819715669191884
single_window_tb2000,197.3,6.0,199,0.9998981349148246,0.0,0.9998981349148246
single_window_tb2000,197.3,6.0,200,0.960417351873704,0.011904761904761904,0.9489838119704457
single_window_tb2000,197.3,6.0,201,0.9885084416610929,0.003246753246753247,0.9852989986686866
single_window_tb2000,197.3,6.0,202,0.9781658909117137,0.011904761904761904,0.9665210588770504
single_window_tb2000,197.3,6.0,203,0.9997865319558268,0.0,0.9997865319558268
single_window_tb2000,197.3,6.0,204,0.9957656447104797,0.008658008658008658,0.9871442971372287
single_window_tb2000,197.3,6.0,205,0.9834001902175579,0.0,0.9834001902175579
single_window_tb2000,197.3,6.0,206,0.9998719059687317,0.0,0.9998719059687317
single_window_tb2000,197.3,6.0,207,0.868494237518378,0.04112554112554113,0.8327769420360204
single_window_tb2000,197.3,6.0,208,0.9698284915204611,0.03896103896103896,0.9320429658768068
single_window_tb2000,197.3,6.0,209,0.9991846339212754,0.004329004329004329,0.9948591593155557
single_window_tb2000,197.3,6.0,210,0.9982883368899538,0.0,0.9982883368899538
single_window_tb2000,197.3,6.0,211,0.9997360096140264,0.0,0.9997360096140264
single_window_tb2000,197.3,6.0,212,0.998095513964286,0.0,0.998095513964286
single_window_tb2000,197.3,6.0,213,0.9791281537831181,0.0,0.9791281537831181
single_window_tb2000,197.3,6.0,214,0.996029537730441,0.0010822510822510823,0.9949515836852781
single_window_tb2000,197.3,6.0,215,0.9978350098324029,0.0,0.9978350098324029
single_window_tb2000,197.3,6.0,216,0.9995039680099224,0.0,0.9995039680099224
single_window_tb2000,197.3,6.0,217,0.9997856025842471,0.0,0.9997856025842471
single_window_tb2000,197.3,6.0,218,0.9995509528422408,0.0,0.9995509528422408
single_window_tb2000,197.3,6.0,219,0.9892497991487893,0.016233766233766232,0.9731905491626076
single_window_tb2000,197.3,6.0,220,0.9999004359618696,0.0,0.9999004359618696
single_window_tb2000,197.3,6.0,221,0.9310432251849805,0.09307359307359307,0.844387686910188
single_window_tb2000,197.3,6.0,222,0.9948263445936192,0.0,0.9948263445936192
single_window_tb2000,197.3,6.0,223,0.9509518578460705,0.021645021645021644,0.9303684842996187
single_window_tb2000,197.3,6.0,224,0.998620322179716,0.0,0.998620322179716
single_window_tb2000,197.3,6.0,225,0.9988045381883415,0.0,0.9988045381883415
single_window_tb2000,197.3,6.0,226,0.9949450805532447,0.0021645021645021645,0.9927915197728264
single_window_tb2000,197.3,6.0,227,0.9998262248252142,0.0,0.9998262248252142
single_window_tb2000,197.3,6.0,228,0.9998589878280101,0.0,0.9998589878280101
single_window_tb2000,197.3,6.0,229,0.9977786162273472,0.0,0.9977786162273472
single_window_tb2000,197.3,6.0,230,0.9993520932656557,0.005411255411255411,0.9939443438432225
single_window_tb2000,197.3,6.0,231,0.9941325988049688,0.003246753246753247,0.9909048955620955
single_window_tb2000,197.3,6.0,232,0.9534501245389511,0.0,0.9534501245389511
single_window_tb2000,197.3,6.0,233,0.9953977947290696,0.0,0.9953977947290696
single_window_tb2000,197.3,6.0,234,0.9140215390458706,0.005411255411255411,0.9090755350467046
single_window_tb2000,197.3,6.0,235,0.9998100481760499,0.0,0.9998100481760499
single_window_tb2000,197.3,6.0,236,0.9979526088040787,0.0010822510822510823,0.996872573513165
single_window_tb2000,197.3,6.0,237,0.9941088494808656,0.003246753246753247,0.9908812233461874
single_window_tb2000,197.3,6.0,238,0.998551946165265,0.0,0.998551946165265
single_window_tb2000,197.3,6.0,239,0.996887369408275,0.0183982683982684,0.9785463680230578
single_window_tb2000,197.3,6.0,240,0.906866969856327,0.11363636363636363,0.8038139050999262
single_window_tb2000,197.3,6.0,241,0.978269508671128,0.017316017316017316,0.961329776919247
single_window_tb2000,197.3,6.0,242,0.999761530924876,0.0,0.999761530924876
single_window_tb2000,197.3,6.0,243,0.9832095677516741,0.015151515151515152,0.96831245308877
single_window_tb2000,197.3,6.0,244,0.9996431753241242,0.011904761904761904,0.9877426613321704
single_window_tb2000,197.3,6.0,245,0.9999864519673155,0.0,0.9999864519673155
single_window_tb2000,197.3,6.0,246,0.9800128419303017,0.05411255411255411,0.9269818439903503
single_window_tb2000,197.3,6.0,247,0.9992486463056736,0.0,0.9992486463056736
single_window_tb2000,197.3,6.0,248,0.9943338701844534,0.0021645021645021645,0.9921816323702014
single_window_tb2000,197.3,6.0,249,0.9778494806919048,0.03787878787878788,0.9408097276353933
single_window_tb2000,197.3,6.0,250,0.987657333963416,0.01406926406926407,0.9737617221219393
single_window_tb2000,197.3,6.0,251,0.999979749110983,0.0,0.999979749110983
single_window_tb2000,197.3,6.0,252,0.9904374551092491,0.012987012987012988,0.9775746310169212
single_window_tb2000,197.3,6.0,253,0.9992755328691324,0.0,0.9992755328691324
single_window_tb2000,197.3,6.0,254,0.9991115498819785,0.0010822510822510823,0.9980302603258291
single_window_tb2000,197.3,6.0,255,0.9996265410445601,0.0,0.9996265410445601
single_window_tb2000,197.3,6.0,256,0.9866975397358477,0.017316017316017316,0.9696118680521101
single_window_tb2000,197.3,6.0,257,0.9980390739399967,0.0,0.9980390739399967
single_window_tb2000,197.3,6.0,258,0.9780689175334363,0.05627705627705628,0.9230260780185676
single_window_tb2000,197.3,6.0,259,0.9974309381560905,0.004329004329004329,0.99311305530693
single_window_tb2000,197.3,6.0,260,0.9992873683064755,0.005411255411255411,0.9938799691273279
single_window_tb2000,197.3,6.0,261,0.9999972177499702,0.0,0.9999972177499702
single_window_tb2000,197.3,6.0,262,0.9979248396118748,0.06601731601731602,0.9320445201136883
single_window_tb2000,197.3,6.0,263,0.9984918221765685,0.0021645021645021645,0.9963305844662297
single_window_tb2000,197.3,6.0,264,0.9880898476072878,0.008658008658008658,0.9795349571518134
single_window_tb2000,197.3,6.0,265,0.9809820212451602,0.045454545454545456,0.9363919293703802
single_window_tb2000,197.3,6.0,266,0.9996787746528991,0.0,0.9996787746528991
single_window_tb2000,197.3,6.0,267,0.994649869649641,0.006493506493506494,0.9881911042623057
single_window_tb2000,197.3,6.0,268,0.9385815513164,0.016233766233766232,0.9233448378210038
single_window_tb2000,197.3,6.0,269,0.9749247486037521,0.0010822510822510823,0.9738696352394622
single_window_tb2000,197.3,6.0,270,0.9999789002168717,0.0,0.9999789002168717
single_window_tb2000,197.3,6.0,271,0.9997172376483477,0.0,0.9997172376483477
single_window_tb2000,197.3,6.0,272,0.9992576416350502,0.004329004329004329,0.9949318509786214
single_window_tb2000,197.3,6.0,273,0.9565682345115294,0.022727272727272728,0.9348280473635401
single_window_tb2000,197.3,6.0,274,0.9974322558869196,0.0,0.9974322558869196
single_window_tb2000,197.3,6.0,275,0.9934446329940566,0.0,0.9934446329940566
single_window_tb2000,197.3,6.0,276,0.9944776152959831,0.008658008658008658,0.9858674194925546
single_window_tb2000,197.3,6.0,277,0.990395202933041,0.007575757575757576,0.982892208971427
single_window_tb2000,197.3,6.0,278,0.992516109632782,0.0,0.992516109632782
single_window_tb2000,197.3,6.0,279,0.9998932709424062,0.0,0.9998932709424062
single_window_tb2000,197.3,6.0,280,0.9972026314039296,0.005411255411255411,0.991806513268627
single_window_tb2000,197.3,6.0,281,0.9655281285029229,0.0010822510822510823,0.9644831846409068
single_window_tb2000,197.3,6.0,282,0.9999763484438094,0.0,0.9999763484438094
single_window_tb2000,197.3,6.0,283,0.9991478778938334,0.011904761904761904,0.9872532602998593
single_window_tb2000,197.3,6.0,284,0.9982971278239371,0.0010822510822510823,0.9972167196769415
single_window_tb2000,197.3,6.0,285,0.9991730103882945,0.0,0.9991730103882945
single_window_tb2000,197.3,6.0,286,0.9999365763759602,0.0,0.9999365763759602
single_window_tb2000,197.3,6.0,287,0.9872639044503039,0.0183982683982684,0.9690999581563048
single_window_tb2000,197.3,6.0,288,0.9471430979738451,0.03354978354978355,0.9153666520461512
single_window_tb2000,197.3,6.0,289,0.9899493275139989,0.0010822510822510823,0.9888779537829231
single_window_tb2000,197.3,6.0,290,0.9738759728766467,0.007575757575757576,0.9664981245972782
single_window_tb2000,197.3,6.0,291,0.999677782510547,0.0,0.999677782510547
single_window_tb2000,197.3,6.0,292,0.9990175601610707,0.0,0.9990175601610707
single_window_tb2000,197.3,6.0,293,0.999952389336826,0.0,0.999952389336826
single_window_tb2000,197.3,6.0,294,0.9871858689706612,0.0,0.9871858689706612
single_window_tb2000,197.3,6.0,295,0.9998310579591023,0.0,0.9998310579591023
single_window_tb2000,197.3,6.0,296,0.9923473765360066,0.0183982683982684,0.9740899031581796
single_window_tb2000,197.3,6.0,297,0.9993073609021662,0.0,0.9993073609021662
single_window_tb2000,197.3,6.0,298,0.983073810364211,0.010822510822510822,0.9724344834122174
single_window_tb2000,197.3,6.0,299,0.9785373454880933,0.10714285714285714,0.8736940584715119
pooled_8window_tb40000,4004.48,0.0,0,0.5561269990725014,0.79004329004329,0.11676259504336071
pooled_8window_tb40000,4004.48,0.0,1,0.6678473585111624,0.24567099567099568,0.5037766329894807
pooled_8window_tb40000,4004.48,0.0,2,0.5909797009888371,0.3495670995670996,0.3843926410111375
pooled_8window_tb40000,4004.48,0.0,3,0.450969503998292,0.4004329004329004,0.27038647750546946
pooled_8window_tb40000,4004.48,0.0,4,0.4609404648148632,0.5357142857142857,0.21400807294975793
pooled_8window_tb40000,4004.48,0.0,5,0.35627730023436477,0.6666666666666666,0.1187591000781216
pooled_8window_tb40000,4004.48,0.0,6,0.46220245816591105,0.6179653679653679,0.17657734603091624
pooled_8window_tb40000,4004.48,0.0,7,0.5348846862232821,0.42207792207792205,0.3091216693108579
pooled_8window_tb40000,4004.48,0.0,8,0.54858154097959,0.551948051948052,0.24579302810124487
pooled_8window_tb40000,4004.48,0.0,9,0.6270560132373851,0.11904761904761904,0.5524064878519821
pooled_8window_tb40000,4004.48,0.0,10,0.7007015778450303,0.43398268398268397,0.39660922642094254
pooled_8window_tb40000,4004.48,0.0,11,0.7154150326437768,0.27164502164502163,0.5210761006160841
pooled_8window_tb40000,4004.48,0.0,12,0.271713958779406,0.7792207792207793,0.05998879609415456
pooled_8window_tb40000,4004.48,0.0,13,0.45553165561627595,0.4675324675324675,0.24255581662684828
pooled_8window_tb40000,4004.48,0.0,14,0.48377895689735173,0.41774891774891776,0.28168082122378274
pooled_8window_tb40000,4004.48,0.0,15,0.41434471781467536,0.6028138528138528,0.16457198207574228
pooled_8window_tb40000,4004.48,0.0,16,0.38052031354274357,0.8744588744588745,0.04777094845341801
pooled_8window_tb40000,4004.48,0.0,17,0.6094323391805858,0.7413419913419913,0.15763455526424247
pooled_8window_tb40000,4004.48,0.0,18,0.4714108582995463,0.35714285714285715,0.30304983747827974
pooled_8window_tb40000,4004.48,0.0,19,0.5622880201709659,0.4816017316017316,0.29148913599771936
pooled_8window_tb40000,4004.48,0.0,20,0.570426997797171,0.3625541125541126,0.36361634383391095
pooled_8window_tb40000,4004.48,0.0,21,0.6936995608645325,0.33225108225108224,0.46321713101019113
pooled_8window_tb40000,4004.48,0.0,22,0.44249438141805975,0.4036796536796537,0.26386840277202483
pooled_8window_tb40000,4004.48,0.0,23,0.28522544906054914,0.724025974025974,0.07871481548748921
pooled_8window_tb40000,4004.48,0.0,24,0.6875424845956993,0.25865800865800864,0.5097041146623962
pooled_8window_tb40000,4004.48,0.0,25,0.32988759158733816,0.8387445887445888,0.053196159249473345
pooled_8window_tb40000,4004.48,0.0,26,0.6741247966563656,0.3484848484848485,0.43920251903369273
pooled_8window_tb40000,4004.48,0.0,27,0.43702291954507594,0.5638528138528138,0.190606316641413
pooled_8window_tb40000,4004.48,0.0,28,0.8086723627482215,0.1829004329004329,0.660765837526956
pooled_8window_tb40000,4004.48,0.0,29,0.4884087661631443,0.38961038961038963,0.298119636489192
pooled_8window_tb40000,4004.48,0.0,30,0.46544964031805774,0.577922077922078,0.196456017017362
pooled_8window_tb40000,4004.48,0.0,31,0.6647269763267623,0.21536796536796537,0.5215660799100678
pooled_8window_tb40000,4004.48,0.0,32,0.4538365212740091,0.5746753246753247,0.19302787106134803
pooled_8window_tb40000,4004.48,0.0,33,0.5631840220363165,0.4015151515151515,0.33705710409749245
pooled_8window_tb40000,4004.48,0.0,34,0.3371352664586817,0.5346320346320347,0.15689195300566355
pooled_8window_tb40000,4004.48,0.0,35,0.47049857112497123,0.288961038961039,0.33454281518301526
pooled_8window_tb40000,4004.48,0.0,36,0.3882161539041026,0.6125541125541125,0.15041275227020426
pooled_8window_tb40000,4004.48,0.0,37,0.5854215378872994,0.5768398268398268,0.24772707934408453
pooled_8window_tb40000,4004.48,0.0,38,0.4995306275521403,0.45454545454545453,0.2724712513920765
pooled_8window_tb40000,4004.48,0.0,39,0.4394628699577299,0.5735930735930735,0.1873900116486424
pooled_8window_tb40000,4004.48,0.0,40,0.5233074320012072,0.6038961038961039,0.20728411267580285
pooled_8window_tb40000,4004.48,0.0,41,0.486705257111693,0.5508658008658008,0.21859597586726473
pooled_8window_tb40000,4004.48,0.0,42,0.5631857923436112,0.6785714285714286,0.18102400468187502
pooled_8window_tb40000,4004.48,0.0,43,0.4473230229191127,0.4134199134199134,0.26239077751315915
pooled_8window_tb40000,4004.48,0.0,44,0.5047754541745068,0.6060606060606061,0.1988509364929875
pooled_8window_tb40000,4004.48,0.0,45,0.7819110458496725,0.3647186147186147,0.4967335323741967
pooled_8window_tb40000,4004.48,0.0,46,0.7562217420799784,0.2619047619047619,0.5581636667733174
pooled_8window_tb40000,4004.48,0.0,47,0.34212355457088695,0.5075757575757576,0.16846993217505796
pooled_8window_tb40000,4004.48,0.0,48,0.7732854325117928,0.30303030303030304,0.5389565135688253
pooled_8window_tb40000,4004.48,0.0,49,0.3325474453816406,0.6796536796536796,0.10653035046857752
pooled_8window_tb40000,4004.48,0.0,50,0.2924665592778336,0.6515151515151515,0.10192016459682081
pooled_8window_tb40000,4004.48,0.0,51,0.3489669098658378,0.8354978354978355,0.057405812012562056
pooled_8window_tb40000,4004.48,0.0,52,0.6362874621439627,0.2792207792207792,0.45862278115571337
pooled_8window_tb40000,4004.48,0.0,53,0.7252507174455811,0.37987012987012986,0.4497496332211233
pooled_8window_tb40000,4004.48,0.0,54,0.3265405652010907,0.5508658008658008,0.1466605352364206
pooled_8window_tb40000,4004.48,0.0,55,0.679552946598306,0.31926406926406925,0.4625961075869421
pooled_8window_tb40000,4004.48,0.0,56,0.41375696872845186,0.46645021645021645,0.22075994110728006
pooled_8window_tb40000,4004.48,0.0,57,0.5100386605369798,0.5270562770562771,0.2412195829595889
pooled_8window_tb40000,4004.48,0.0,58,0.5774730531922637,0.4653679653679654,0.3087355933733531
pooled_8window_tb40000,4004.48,0.0,59,0.4710554065931188,0.31385281385281383,0.32321334175328714
pooled_8window_tb40000,4004.48,0.0,60,0.6337514142341272,0.4751082251082251,0.3326509046575235
pooled_8window_tb40000,4004.48,0.0,61,0.33865657408254024,0.47294372294372294,0.17849107313657692
pooled_8window_tb40000,4004.48,0.0,62,0.5490368538056044,0.4134199134199134,0.32205408524094975
pooled_8window_tb40000,4004.48,0.0,63,0.7384575184753654,0.3354978354978355,0.49070661941977745
pooled_8window_tb40000,4004.48,0.0,64,0.47134909043405604,0.7857142857142857,0.10100337652158345
pooled_8window_tb40000,4004.48,0.0,65,0.44810843956034074,0.2911255411255411,0.3176526276104147
pooled_8window_tb40000,4004.48,0.0,66,0.5950365205885234,0.3203463203463203,0.40441876074631244
pooled_8window_tb40000,4004.48,0.0,67,0.491852820145037,0.7478354978354979,0.12402782153007967
pooled_8window_tb40000,4004.48,0.0,68,0.2869569862929917,0.564935064935065,0.12484492260798989
pooled_8window_tb40000,4004.48,0.0,69,0.3454381171868255,0.3777056277056277,0.2149641963013254
pooled_8window_tb40000,4004.48,0.0,70,0.31429982741493856,0.6331168831168831,0.11531130031781837
pooled_8window_tb40000,4004.48,0.0,71,0.7010392936607419,0.3560606060606061,0.451426817887599
pooled_8window_tb40000,4004.48,0.0,72,0.6674506736201207,0.2554112554112554,0.4969762591457175
pooled_8window_tb40000,4004.48,0.0,73,0.37129148062736045,0.2554112554112554,0.2764594574368225
pooled_8window_tb40000,4004.48,0.0,74,0.6519897613539578,0.3463203463203463,0.42619244140453516
pooled_8window_tb40000,4004.48,0.0,75,0.3522968162599458,0.6385281385281385,0.12734538596409298
pooled_8window_tb40000,4004.48,0.0,76,0.6426404195909508,0.724025974025974,0.177352063848152
pooled_8window_tb40000,4004.48,0.0,77,0.33088929831704106,0.5227272727272727,0.15792443783313323
pooled_8window_tb40000,4004.48,0.0,78,0.4354870350779282,0.6958874458874459,0.1324370745204522
pooled_8window_tb40000,4004.48,0.0,79,0.3153376213974196,0.4448051948051948,0.17507380928233363
pooled_8window_tb40000,4004.48,0.0,80,0.28931928798020945,0.36688311688311687,0.18317292583162614
pooled_8window_tb40000,4004.48,0.0,81,0.569464050742475,0.43398268398268397,0.3223265135696044
pooled_8window_tb40000,4004.48,0.0,82,0.7814031623918158,0.21428571428571427,0.6139596275935696
pooled_8window_tb40000,4004.48,0.0,83,0.6614278967002913,0.43073593073593075,0.3765271360003823
pooled_8window_tb40000,4004.48,0.0,84,0.5823283841909858,0.39826839826839827,0.35040539135301735
pooled_8window_tb40000,4004.48,0.0,85,0.7185576625923534,0.43614718614718617,0.4051607599681993
pooled_8window_tb40000,4004.48,0.0,86,0.2312929021608196,0.6753246753246753,0.0750950981041622
pooled_8window_tb40000,4004.48,0.0,87,0.5369478490682035,0.38203463203463206,0.3318151751276452
pooled_8window_tb40000,4004.48,0.0,88,0.4750221312445429,0.6038961038961039,0.1881581169215397
pooled_8window_tb40000,4004.48,0.0,89,0.6029884620065172,0.44264069264069267,0.3360812315296064
pooled_8window_tb40000,4004.48,0.0,90,0.689533224430072,0.5854978354978355,0.2858130140224216
pooled_8window_tb40000,4004.48,0.0,91,0.372555842559223,0.6428571428571429,0.13305565805686534
pooled_8window_tb40000,4004.48,0.0,92,0.3912267039158651,0.4577922077922078,0.2121261673829528
pooled_8window_tb40000,4004.48,0.0,93,0.5301211691659642,0.32792207792207795,0.3562827338225798
pooled_8window_tb40000,4004.48,0.0,94,0.5295682577889274,0.3181818181818182,0.3610692666742687
pooled_8window_tb40000,4004.48,0.0,95,0.5454691030365044,0.6796536796536796,0.17473902002035208
pooled_8window_tb40000,4004.48,0.0,96,0.6405189027925843,0.19480519480519481,0.5157424931576653
pooled_8window_tb40000,4004.48,0.0,97,0.3306086664550706,0.4004329004329004,0.19822207923821333
pooled_8window_tb40000,4004.48,0.0,98,0.12432824812853538,0.7424242424242424,0.032023942699774266
pooled_8window_tb40000,4004.48,0.0,99,0.6350322861832984,0.7846320346320347,0.13676561141826446
pooled_8window_tb40000,4004.48,0.0,100,0.38064073852701347,0.8257575757575758,0.06632376504637354
pooled_8window_tb40000,4004.48,0.0,101,0.6567255276171686,0.39826839826839827,0.39517250363111006
pooled_8window_tb40000,4004.48,0.0,102,0.32045706786758554,0.3409090909090909,0.21121034018545412
pooled_8window_tb40000,4004.48,0.0,103,0.44647625567906857,0.7478354978354979,0.1125854627415833
pooled_8window_tb40000,4004.48,0.0,104,0.669884102821654,0.21645021645021645,0.524887543769348
pooled_8window_tb40000,4004.48,0.0,105,0.8242009928392553,0.3463203463203463,0.5387634195615911
pooled_8window_tb40000,4004.48,0.0,106,0.7800976980227172,0.33766233766233766,0.5166880857033581
pooled_8window_tb40000,4004.48,0.0,107,0.5460215560046405,0.6168831168831169,0.2091900766511285
pooled_8window_tb40000,4004.48,0.0,108,0.33076332084090937,0.8917748917748918,0.03579689619490361
pooled_8window_tb40000,4004.48,0.0,109,0.40771071403357295,0.7294372294372294,0.11031134037704896
pooled_8window_tb40000,4004.48,0.0,110,0.7211846734518707,0.6082251082251082,0.2825420473913173
pooled_8window_tb40000,4004.48,0.0,111,0.36198840441672764,0.7943722943722944,0.07443484506404571
pooled_8window_tb40000,4004.48,0.0,112,0.7841396691309535,0.3398268398268398,0.5176679633873178
pooled_8window_tb40000,4004.48,0.0,113,0.5422583015066933,0.7413419913419913,0.14025945244599536
pooled_8window_tb40000,4004.48,0.0,114,0.6094756011149897,0.4491341991341991,0.33573926511637425
pooled_8window_tb40000,4004.48,0.0,115,0.4498848674635819,0.7294372294372294,0.12172209617521156
pooled_8window_tb40000,4004.48,0.0,116,0.2931195982688133,0.70995670995671,0.08501737265805405
pooled_8window_tb40000,4004.48,0.0,117,0.8429989128428385,0.5346320346320347,0.3923046888770785
pooled_8window_tb40000,4004.48,0.0,118,0.4663828858693756,0.45670995670995673,0.2533811782537084
pooled_8window_tb40000,4004.48,0.0,119,0.39162882995699727,0.4989177489177489,0.1962382557035603
pooled_8window_tb40000,4004.48,0.0,120,0.6905553086447008,0.2813852813852814,0.4962432088096118
pooled_8window_tb40000,4004.48,0.0,121,0.5171232553631047,0.4329004329004329,0.29326037425353557
pooled_8window_tb40000,4004.48,0.0,122,0.6904153724302059,0.26731601731601734,0.5058562847784084
pooled_8window_tb40000,4004.48,0.0,123,0.42262705060293254,0.25757575757575757,0.3137685678718742
pooled_8window_tb40000,4004.48,0.0,124,0.711656776499097,0.2619047619047619,0.5252704778921906
pooled_8window_tb40000,4004.48,0.0,125,0.7661455374130608,0.4069264069264069,0.4543806866908629
pooled_8window_tb40000,4004.48,0.0,126,0.7669825083353883,0.4935064935064935,0.38847166006597594
pooled_8window_tb40000,4004.48,0.0,127,0.43707261139158404,0.816017316017316,0.08041379213914426
pooled_8window_tb40000,4004.48,0.0,128,0.385407148190772,0.6525974025974026,0.13389144433900194
pooled_8window_tb40000,4004.48,0.0,129,0.5049181850715359,0.2435064935064935,0.38196732831710345
pooled_8window_tb40000,4004.48,0.0,130,0.5314352742499302,0.5854978354978355,0.22028107146939746
pooled_8window_tb40000,4004.48,0.0,131,0.43305184555137866,0.5,0.21652592277568933
pooled_8window_tb40000,4004.48,0.0,132,0.4385854284885823,0.6352813852813853,0.15996026991412576
pooled_8window_tb40000,4004.48,0.0,133,0.19818458374759673,0.4989177489177489,0.09930677735404467
pooled_8window_tb40000,4004.48,0.0,134,0.6773775335626399,0.262987012987013,0.4992360393464911
pooled_8window_tb40000,4004.48,0.0,135,0.8211897457242215,0.3484848484848485,0.5350175616082049
pooled_8window_tb40000,4004.48,0.0,136,0.5411359701005977,0.4621212121212121,0.29106555967532144
pooled_8window_tb40000,4004.48,0.0,137,0.307804367327182,0.8214285714285714,0.054965065594139655
pooled_8window_tb40000,4004.48,0.0,138,0.5300421919446233,0.8181818181818182,0.09637130762629512
pooled_8window_tb40000,4004.48,0.0,139,0.7756375721886328,0.36038961038961037,0.49610584974402816
pooled_8window_tb40000,4004.48,0.0,140,0.58632623492898,0.31493506493506496,0.4016715440584895
pooled_8window_tb40000,4004.48,0.0,141,0.3322461800739115,0.6298701298701299,0.1229742354819023
pooled_8window_tb40000,4004.48,0.0,142,0.3941760722752571,0.7175324675324676,0.1113419424933356
pooled_8window_tb40000,4004.48,0.0,143,0.2659402407990147,0.698051948051948,0.08030013764385834
pooled_8window_tb40000,4004.48,0.0,144,0.6518279898207738,0.288961038961039,0.46347509665827746
pooled_8window_tb40000,4004.48,0.0,145,0.4432407899397849,0.5930735930735931,0.18036638205341896
pooled_8window_tb40000,4004.48,0.0,146,0.5505875392817111,0.5097402597402597,0.2699309039985012
pooled_8window_tb40000,4004.48,0.0,147,0.29924608547268483,0.6796536796536796,0.09586238235921507
pooled_8window_tb40000,4004.48,0.0,148,0.18672928688032264,0.5562770562770563,0.08285606885382282
pooled_8window_tb40000,4004.48,0.0,149,0.646221729977619,0.22943722943722944,0.49795440664942064
pooled_8window_tb40000,4004.48,0.0,150,0.6000963374004379,0.4101731601731602,0.3539529262805613
pooled_8window_tb40000,4004.48,0.0,151,0.6121024017278274,0.24458874458874458,0.46238904372946266
pooled_8window_tb40000,4004.48,0.0,152,0.4179000526574934,0.4902597402597403,0.2130204813870989
pooled_8window_tb40000,4004.48,0.0,153,0.38530260080751233,0.474025974025974,0.20265916016499025
pooled_8window_tb40000,4004.48,0.0,154,0.5523652843348775,0.5508658008658008,0.24808613960927942
pooled_8window_tb40000,4004.48,0.0,155,0.19808772502090238,0.672077922077922,0.0649573383997115
pooled_8window_tb40000,4004.48,0.0,156,0.5754896356238504,0.44372294372294374,0.3201316804227912
pooled_8window_tb40000,4004.48,0.0,157,0.6783809884790838,0.2846320346320346,0.48529202747259137
pooled_8window_tb40000,4004.48,0.0,158,0.4478114933889795,0.6515151515151515,0.15605552042343226
pooled_8window_tb40000,4004.48,0.0,159,0.7838505075454045,0.26082251082251084,0.5794046500579126
pooled_8window_tb40000,4004.48,0.0,160,0.448719384515217,0.43073593073593075,0.255439822786801
pooled_8window_tb40000,4004.48,0.0,161,0.7396359534891384,0.5205627705627706,0.35460901233299597
pooled_8window_tb40000,4004.48,0.0,162,0.41142442313967376,0.5606060606060606,0.1807773980462203
pooled_8window_tb40000,4004.48,0.0,163,0.7113245788125542,0.46320346320346323,0.3818365704448343
pooled_8window_tb40000,4004.48,0.0,164,0.3852552092179738,0.5725108225108225,0.1646924325120126
pooled_8window_tb40000,4004.48,0.0,165,0.6101720677831344,0.2683982683982684,0.44640294136515024
pooled_8window_tb40000,4004.48,0.0,166,0.3396746054334739,0.5670995670995671,0.14704528373743458
pooled_8window_tb40000,4004.48,0.0,167,0.5154602184027203,0.8744588744588745,0.06471145598995189
pooled_8window_tb40000,4004.48,0.0,168,0.41510516685470644,0.6125541125541125,0.16083078975539494
pooled_8window_tb40000,4004.48,0.0,169,0.3469748901329387,0.566017316017316,0.15058109409448964
pooled_8window_tb40000,4004.48,0.0,170,0.7560001655197981,0.23376623376623376,0.5792728540995856
pooled_8window_tb40000,4004.48,0.0,171,0.7619026003211833,0.25216450216450215,0.5697778104133524
pooled_8window_tb40000,4004.48,0.0,172,0.3648656684892976,0.6915584415584416,0.11253973541065995
pooled_8window_tb40000,4004.48,0.0,173,0.4643025174855996,0.35064935064935066,0.3014951412244153
pooled_8window_tb40000,4004.48,0.0,174,0.4052781013602487,0.4696969696969697,0.21492020526679856
pooled_8window_tb40000,4004.48,0.0,175,0.7514683204721337,0.4945887445887446,0.3798005472516087
pooled_8window_tb40000,4004.48,0.0,176,0.15367485107899714,0.7738095238095238,0.03475978774405887
pooled_8window_tb40000,4004.48,0.0,177,0.6144919048850622,0.3268398268398268,0.41365147709795314
pooled_8window_tb40000,4004.48,0.0,178,0.38909389421615453,0.7153679653679653,0.11074858677364574
pooled_8window_tb40000,4004.48,0.0,179,0.3731169334627804,0.5800865800865801,0.15667680755796407
pooled_8window_tb40000,4004.48,0.0,180,0.3706102028871995,0.711038961038961,0.10709190927584661
pooled_8window_tb40000,4004.48,0.0,181,0.6198039114932161,0.3181818181818182,0.42259357601810194
pooled_8window_tb40000,4004.48,0.0,182,0.6177964393598455,0.5183982683982684,0.2975318349730858
pooled_8window_tb40000,4004.48,0.0,183,0.6613692892501879,0.28354978354978355,0.4738381704368229
pooled_8window_tb40000,4004.48,0.0,184,0.5192733903186635,0.7045454545454546,0.15342168350324145
pooled_8window_tb40000,4004.48,0.0,185,0.4988561227118469,0.420995670995671,0.2888398546004741
pooled_8window_tb40000,4004.48,0.0,186,0.3886091191934334,0.538961038961039,0.1791639445632063
pooled_8window_tb40000,4004.48,0.0,187,0.4785713347505751,0.8246753246753247,0.0839053638848411
pooled_8window_tb40000,4004.48,0.0,188,0.49588011824815503,0.5627705627705628,0.2168133850349076
pooled_8window_tb40000,4004.48,0.0,189,0.484154048003544,0.4145021645021645,0.2834711471535902
pooled_8window_tb40000,4004.48,0.0,190,0.6373593660052868,0.10064935064935066,0.5732095596865728
pooled_8window_tb40000,4004.48,0.0,191,0.48469964277063643,0.3961038961038961,0.29270822582902073
pooled_8window_tb40000,4004.48,0.0,192,0.29442041954211173,0.5930735930735931,0.1198074434500368
pooled_8window_tb40000,4004.48,0.0,193,0.17145784345314535,0.672077922077922,0.05622481230119377
pooled_8window_tb40000,4004.48,0.0,194,0.54547316927991,0.683982683982684,0.1723789669152962
pooled_8window_tb40000,4004.48,0.0,195,0.5583835015533094,0.30303030303030304,0.3891763798704884
pooled_8window_tb40000,4004.48,0.0,196,0.5538114371900604,0.29978354978354976,0.38778787863849473
pooled_8window_tb40000,4004.48,0.0,197,0.6154268156358924,0.49134199134199136,0.31304177851609244
pooled_8window_tb40000,4004.48,0.0,198,0.6564627582435352,0.38636363636363635,0.40282941983126025
pooled_8window_tb40000,4004.48,0.0,199,0.8783904545097191,0.29004329004329005,0.6236191971410993
pooled_8window_tb40000,4004.48,0.0,200,0.7483477106635703,0.2846320346320346,0.5353439791651732
pooled_8window_tb40000,4004.48,0.0,201,0.3326945945272499,0.36038961038961037,0.21279491922684493
pooled_8window_tb40000,4004.48,0.0,202,0.4797267364072036,0.35714285714285715,0.3083957591189166
pooled_8window_tb40000,4004.48,0.0,203,0.6596861804550812,0.5432900432900433,0.30128524691779685
pooled_8window_tb40000,4004.48,0.0,204,0.427986966100912,0.5963203463203464,0.17276963025502182
pooled_8window_tb40000,4004.48,0.0,205,0.6386131986096955,0.48484848484848486,0.3289825568595401
pooled_8window_tb40000,4004.48,0.0,206,0.1982201957628426,0.8300865800865801,0.03368027135797217
pooled_8window_tb40000,4004.48,0.0,207,0.5405846170544799,0.3181818181818182,0.36858042071896363
pooled_8window_tb40000,4004.48,0.0,208,0.5070461004071644,0.5595238095238095,0.22334173470315571
pooled_8window_tb40000,4004.48,0.0,209,0.4544490298254097,0.7164502164502164,0.12885892404140406
pooled_8window_tb40000,4004.48,0.0,210,0.4439021121229245,0.5887445887445888,0.18255714567825898
pooled_8window_tb40000,4004.48,0.0,211,0.4322845322846121,0.6244588744588745,0.16234061980818223
pooled_8window_tb40000,4004.48,0.0,212,0.4076555113677409,0.34523809523809523,0.26691729910983036
pooled_8window_tb40000,4004.48,0.0,213,0.2801432871090345,0.6861471861471862,0.08792375894114719
pooled_8window_tb40000,4004.48,0.0,214,0.4815313158787369,0.12878787878787878,0.4195159191367783
pooled_8window_tb40000,4004.48,0.0,215,0.6254301004665058,0.5378787878787878,0.28902451612467317
pooled_8window_tb40000,4004.48,0.0,216,0.4830928441728711,0.6601731601731602,0.16416791457822677
pooled_8window_tb40000,4004.48,0.0,217,0.5815461140610821,0.29545454545454547,0.4097256712703079
pooled_8window_tb40000,4004.48,0.0,218,0.44859635152799965,0.5725108225108225,0.1917700853393505
pooled_8window_tb40000,4004.48,0.0,219,0.4229270428092218,0.5898268398268398,0.1734733216717479
pooled_8window_tb40000,4004.48,0.0,220,0.32112148176829675,0.7196969696969697,0.09001132443505287
pooled_8window_tb40000,4004.48,0.0,221,0.3613223498665574,0.5378787878787878,0.16697472228681823
pooled_8window_tb40000,4004.48,0.0,222,0.6779885171180906,0.16558441558441558,0.565724184738147
pooled_8window_tb40000,4004.48,0.0,223,0.7359795327698325,0.3116883116883117,0.5065833147636509
pooled_8window_tb40000,4004.48,0.0,224,0.4050782751763722,0.45454545454545453,0.22095178645983934
pooled_8window_tb40000,4004.48,0.0,225,0.4305018945698343,0.22186147186147187,0.33499011060141864
pooled_8window_tb40000,4004.48,0.0,226,0.2146632521323928,0.5735930735930735,0.09153389755428872
pooled_8window_tb40000,4004.48,0.0,227,0.3348848487025697,0.6623376623376623,0.11307800086060794
pooled_8window_tb40000,4004.48,0.0,228,0.6112849973142078,0.3181818181818182,0.41678522544150537
pooled_8window_tb40000,4004.48,0.0,229,0.3169230979686082,0.6060606060606061,0.12484849313914867
pooled_8window_tb40000,4004.48,0.0,230,0.4681933218188769,0.41883116883116883,0.2720993656025291
pooled_8window_tb40000,4004.48,0.0,231,0.2261000384707742,0.8463203463203464,0.03474697560914494
pooled_8window_tb40000,4004.48,0.0,232,0.3547160010304056,0.6785714285714286,0.11401585747405894
pooled_8window_tb40000,4004.48,0.0,233,0.45312426292988833,0.8971861471861472,0.046587451275259074
pooled_8window_tb40000,4004.48,0.0,234,0.32869824413365456,0.8084415584415584,0.06296492338923904
pooled_8window_tb40000,4004.48,0.0,235,0.7279337718204816,0.12554112554112554,0.6365481467867415
pooled_8window_tb40000,4004.48,0.0,236,0.47189098916325367,0.45454545454545453,0.25739508499813835
pooled_8window_tb40000,4004.48,0.0,237,0.4266793025808192,0.4686147186147186,0.22673110126318424
pooled_8window_tb40000,4004.48,0.0,238,0.3962599944220389,0.42207792207792205,0.22900739937377573
pooled_8window_tb40000,4004.48,0.0,239,0.6197219116360068,0.6255411255411255,0.23206036950872116
pooled_8window_tb40000,4004.48,0.0,240,0.5410655763394384,0.487012987012987,0.27755961383646516
pooled_8window_tb40000,4004.48,0.0,241,0.5156723124411335,0.5844155844155844,0.21430537659891266
pooled_8window_tb40000,4004.48,0.0,242,0.41557085527105175,0.5876623376623377,0.17135551499812848
pooled_8window_tb40000,4004.48,0.0,243,0.5272024039473253,0.45346320346320346,0.28813551297986933
pooled_8window_tb40000,4004.48,0.0,244,0.18699279725947854,0.49783549783549785,0.09390114494415372
pooled_8window_tb40000,4004.48,0.0,245,0.29133496904273926,0.829004329004329,0.049817018515966247
pooled_8window_tb40000,4004.48,0.0,246,0.4504322779798626,0.20562770562770563,0.3578109221182026
pooled_8window_tb40000,4004.48,0.0,247,0.6288278786299071,0.6385281385281385,0.22730358383375432
pooled_8window_tb40000,4004.48,0.0,248,0.4943845659829295,0.1958874458874459,0.39754083606636
pooled_8window_tb40000,4004.48,0.0,249,0.34537703490964644,0.8138528138528138,0.06429096320828917
pooled_8window_tb40000,4004.48,0.0,250,0.5064086595059667,0.47835497835497837,0.26416555614921644
pooled_8window_tb40000,4004.48,0.0,251,0.46110469125750214,0.5822510822510822,0.19262598574177037
pooled_8window_tb40000,4004.48,0.0,252,0.6856315739803915,0.4458874458874459,0.37991706263848535
pooled_8window_tb40000,4004.48,0.0,253,0.7829400539790154,0.2326839826839827,0.6007624440163657
pooled_8window_tb40000,4004.48,0.0,254,0.6521934214457039,0.4155844155844156,0.38115199954619056
pooled_8window_tb40000,4004.48,0.0,255,0.6648745987468699,0.4329004329004329,0.3770500971248483
pooled_8window_tb40000,4004.48,0.0,256,0.529900846922478,0.41883116883116883,0.30796185584131025
pooled_8window_tb40000,4004.48,0.0,257,0.5183491366414706,0.6655844155844156,0.173344029461271
pooled_8window_tb40000,4004.48,0.0,258,0.597207322407848,0.11147186147186147,0.530635510494419
pooled_8window_tb40000,4004.48,0.0,259,0.21231956296640864,0.6125541125541125,0.08226234149564318
pooled_8window_tb40000,4004.48,0.0,260,0.4931143383793214,0.698051948051948,0.1488949138612886
pooled_8window_tb40000,4004.48,0.0,261,0.6485458309912501,0.3625541125541126,0.41341287278554795
pooled_8window_tb40000,4004.48,0.0,262,0.4148890657081346,0.27380952380952384,0.301288488192812
pooled_8window_tb40000,4004.48,0.0,263,0.4491223793121673,0.6103896103896104,0.1749827451865587
pooled_8window_tb40000,4004.48,0.0,264,0.675843836667434,0.14285714285714285,0.5792947171435149
pooled_8window_tb40000,4004.48,0.0,265,0.6113167646316767,0.31926406926406925,0.41614528674602236
pooled_8window_tb40000,4004.48,0.0,266,0.40049977542215975,0.5346320346320347,0.18637976561853753
pooled_8window_tb40000,4004.48,0.0,267,0.44666021929434774,0.5638528138528138,0.1948095978091149
pooled_8window_tb40000,4004.48,0.0,268,0.5591339668761895,0.5443722943722944,0.2547569264663158
pooled_8window_tb40000,4004.48,0.0,269,0.5966756236164695,0.5692640692640693,0.2570096300858819
pooled_8window_tb40000,4004.48,0.0,270,0.4706296127569021,0.47294372294372294,0.24804829157209016
pooled_8window_tb40000,4004.48,0.0,271,0.470502408109755,0.2564935064935065,0.3498215956400451
pooled_8window_tb40000,4004.48,0.0,272,0.7304978864790443,0.3658008658008658,0.46328112713930736
pooled_8window_tb40000,4004.48,0.0,273,0.29867373934281516,0.8084415584415584,0.05721347604294188
pooled_8window_tb40000,4004.48,0.0,274,0.7418108778431088,0.04329004329004329,0.7096978528282557
pooled_8window_tb40000,4004.48,0.0,275,0.3661843351595949,0.3961038961038961,0.22113729331066448
pooled_8window_tb40000,4004.48,0.0,276,0.417553897804122,0.48593073593073594,0.21465162495341772
pooled_8window_tb40000,4004.48,0.0,277,0.5034626729111068,0.4902597402597403,0.256635193659233
pooled_8window_tb40000,4004.48,0.0,278,0.6129454191247445,0.46645021645021645,0.3270368957018388
pooled_8window_tb40000,4004.48,0.0,279,0.5320103571886623,0.26406926406926406,0.3915227736886259
pooled_8window_tb40000,4004.48,0.0,280,0.518935149135513,0.7673160173160173,0.12074789725555769
pooled_8window_tb40000,4004.48,0.0,281,0.3834461636332985,0.47186147186147187,0.20251269248165546
pooled_8window_tb40000,4004.48,0.0,282,0.6315055942584881,0.4199134199134199,0.3663279204789498
pooled_8window_tb40000,4004.48,0.0,283,0.19571534884520164,0.7283549783549783,0.05316510017331777
pooled_8window_tb40000,4004.48,0.0,284,0.4126246072870135,0.41883116883116883,0.23980456072849163
pooled_8window_tb40000,4004.48,0.0,285,0.4245377801704454,0.6158008658008658,0.1631070475763075
pooled_8window_tb40000,4004.48,0.0,286,0.4697077570510833,0.20238095238095238,0.3746478538383641
pooled_8window_tb40000,4004.48,0.0,287,0.7447716351369486,0.24567099567099568,0.5618028459853389
pooled_8window_tb40000,4004.48,0.0,288,0.6390047755002877,0.31926406926406925,0.43499351059489283
pooled_8window_tb40000,4004.48,0.0,289,0.7922652093549929,0.6190476190476191,0.3018153178495211
pooled_8window_tb40000,4004.48,0.0,290,0.38089739134237655,0.8333333333333334,0.06348289855706274
pooled_8window_tb40000,4004.48,0.0,291,0.6468587602692486,0.4318181818181818,0.3675333865166185
pooled_8window_tb40000,4004.48,0.0,292,0.5211196090637008,0.461038961038961,0.28086316592394267
pooled_8window_tb40000,4004.48,0.0,293,0.31037349460606023,0.6774891774891775,0.10009881103095883
pooled_8window_tb40000,4004.48,0.0,294,0.6010108239992672,0.3474025974025974,0.39221810267484647
pooled_8window_tb40000,4004.48,0.0,295,0.7307270263984106,0.11580086580086581,0.6461082040773826
pooled_8window_tb40000,4004.48,0.0,296,0.6460832237522003,0.30194805194805197,0.45099965294390604
pooled_8window_tb40000,4004.48,0.0,297,0.5623934700220379,0.7337662337662337,0.14972813162924387
pooled_8window_tb40000,4004.48,0.0,298,0.4014273302250416,0.20995670995670995,0.31714496868428615
pooled_8window_tb40000,4004.48,0.0,299,0.3853986257554348,0.45454545454545453,0.21021743223023717
pooled_8window_tb40000,4004.48,1.0,0,0.49521327021829137,0.7348484848484849,0.13130654892151664
pooled_8window_tb40000,4004.48,1.0,1,0.33094477883956097,0.908008658008658,0.030444054330479083
pooled_8window_tb40000,4004.48,1.0,2,0.644014774612619,0.420995670995671,0.3728873424434536
pooled_8window_tb40000,4004.48,1.0,3,0.7571724909392419,0.13203463203463203,0.6571994997113333
pooled_8window_tb40000,4004.48,1.0,4,0.49469597758770056,0.30735930735930733,0.34264656456290954
pooled_8window_tb40000,4004.48,1.0,5,0.5084588656397807,0.7543290043290043,0.12491359577946995
pooled_8window_tb40000,4004.48,1.0,6,0.8273228708983631,0.25,0.6204921531737724
pooled_8window_tb40000,4004.48,1.0,7,0.3757134801735472,0.3971861471861472,0.2264852905375171
pooled_8window_tb40000,4004.48,1.0,8,0.4123702996939079,0.7835497835497836,0.089257640626387
pooled_8window_tb40000,4004.48,1.0,9,0.4892381510095472,0.5411255411255411,0.22449889180524676
pooled_8window_tb40000,4004.48,1.0,10,0.4895315541356245,0.39826839826839827,0.2945666061681896
pooled_8window_tb40000,4004.48,1.0,11,0.7992715027257375,0.4004329004329004,0.4792168966559076
pooled_8window_tb40000,4004.48,1.0,12,0.34756684275164695,0.47294372294372294,0.1831872861688875
pooled_8window_tb40000,4004.48,1.0,13,0.5139880294229138,0.6038961038961039,0.20359266100518011
pooled_8window_tb40000,4004.48,1.0,14,0.521392632872995,0.6287878787878788,0.19354726523315724
pooled_8window_tb40000,4004.48,1.0,15,0.2872128919368463,0.7359307359307359,0.07584409700496808
pooled_8window_tb40000,4004.48,1.0,16,0.6947722011055335,0.41233766233766234,0.4082914558444856
pooled_8window_tb40000,4004.48,1.0,17,0.5529256668603002,0.49242424242424243,0.28065166423969784
pooled_8window_tb40000,4004.48,1.0,18,0.390971051504958,0.5075757575757576,0.1925236238471384
pooled_8window_tb40000,4004.48,1.0,19,0.3416296704074513,0.27813852813852813,0.24660929671187232
pooled_8window_tb40000,4004.48,1.0,20,0.3637281576194309,0.5324675324675324,0.17005472304285082
pooled_8window_tb40000,4004.48,1.0,21,0.26912537205289633,0.525974025974026,0.12757241662247684
pooled_8window_tb40000,4004.48,1.0,22,0.5327274906054833,0.47943722943722944,0.2773180984645427
pooled_8window_tb40000,4004.48,1.0,23,0.5809809909558229,0.3181818181818182,0.3961234029244247
pooled_8window_tb40000,4004.48,1.0,24,0.8781709295554468,0.1764069264069264,0.7232554950126571
pooled_8window_tb40000,4004.48,1.0,25,0.884312593536358,0.22727272727272727,0.6833324586417312
pooled_8window_tb40000,4004.48,1.0,26,0.3738632543160984,0.4145021645021645,0.21889612617425241
pooled_8window_tb40000,4004.48,1.0,27,0.43583802436791746,0.40584415584415584,0.25895570928353534
pooled_8window_tb40000,4004.48,1.0,28,0.4731889076719502,0.4318181818181818,0.26885733390451716
pooled_8window_tb40000,4004.48,1.0,29,0.8066561603206386,0.44696969696969696,0.4461053007833834
pooled_8window_tb40000,4004.48,1.0,30,0.4676817146233328,0.5692640692640693,0.2014473186364572
pooled_8window_tb40000,4004.48,1.0,31,0.23277701103216442,0.9004329004329005,0.02317693183437134
pooled_8window_tb40000,4004.48,1.0,32,0.5364383027613296,0.21536796536796537,0.42090667695017747
pooled_8window_tb40000,4004.48,1.0,33,0.6632220726423902,0.39935064935064934,0.39836390726896814
pooled_8window_tb40000,4004.48,1.0,34,0.18964903975820258,0.5854978354978355,0.07860993747553202
pooled_8window_tb40000,4004.48,1.0,35,0.6085922650124286,0.44696969696969696,0.33656996474172185
pooled_8window_tb40000,4004.48,1.0,36,0.4469367847952306,0.5454545454545454,0.2031530839978321
pooled_8window_tb40000,4004.48,1.0,37,0.3729382788600826,0.4588744588744589,0.20180642795459014
pooled_8window_tb40000,4004.48,1.0,38,0.4460061126129114,0.2824675324675325,0.32002386651770587
pooled_8window_tb40000,4004.48,1.0,39,0.6227146365668369,0.20887445887445888,0.4926454538207335
pooled_8window_tb40000,4004.48,1.0,40,0.409022126633652,0.4069264069264069,0.24258022228922219
pooled_8window_tb40000,4004.48,1.0,41,0.9286806862006816,0.22402597402597402,0.720632090915464
pooled_8window_tb40000,4004.48,1.0,42,0.42113650721554774,0.44047619047619047,0.23563590284679456
pooled_8window_tb40000,4004.48,1.0,43,0.3355599022582456,0.5162337662337663,0.162332550118437
pooled_8window_tb40000,4004.48,1.0,44,0.6605322550249736,0.19913419913419914,0.5289976934182689
pooled_8window_tb40000,4004.48,1.0,45,0.907574508660192,0.16233766233766234,0.7602409845270439
pooled_8window_tb40000,4004.48,1.0,46,0.333552962895562,0.7067099567099567,0.09782776292716158
pooled_8window_tb40000,4004.48,1.0,47,0.4589729372407741,0.1764069264069264,0.37800693207817004
pooled_8window_tb40000,4004.48,1.0,48,0.4607759704986719,0.6320346320346321,0.16954959953414334
pooled_8window_tb40000,4004.48,1.0,49,0.5328774310391106,0.28354978354978355,0.381780150809406
pooled_8window_tb40000,4004.48,1.0,50,0.7767368694798773,0.0854978354978355,0.7103275483879831
pooled_8window_tb40000,4004.48,1.0,51,0.649527944697567,0.3116883116883117,0.4470776762204033
pooled_8window_tb40000,4004.48,1.0,52,0.3810037418724418,0.5974025974025974,0.15339111685773632
pooled_8window_tb40000,4004.48,1.0,53,0.7017043516736109,0.42207792207792205,0.40553043700617775
pooled_8window_tb40000,4004.48,1.0,54,0.5011248225046449,0.6558441558441559,0.1724650363165336
pooled_8window_tb40000,4004.48,1.0,55,0.5424380375023555,0.46645021645021645,0.2894176974985512
pooled_8window_tb40000,4004.48,1.0,56,0.33344756303038847,0.6352813852813853,0.12161453326974123
pooled_8window_tb40000,4004.48,1.0,57,0.4906854784115991,0.7716450216450217,0.11205047180178289
pooled_8window_tb40000,4004.48,1.0,58,0.61740709889355,0.5324675324675324,0.2886578644177637
pooled_8window_tb40000,4004.48,1.0,59,0.49173306860718163,0.698051948051948,0.1484778421443763
pooled_8window_tb40000,4004.48,1.0,60,0.6252540568495067,0.5422077922077922,0.28623643511617025
pooled_8window_tb40000,4004.48,1.0,61,0.7220419913759204,0.43506493506493504,0.4079068392837992
pooled_8window_tb40000,4004.48,1.0,62,0.7220713091714989,0.3647186147186147,0.4587184615624132
pooled_8window_tb40000,4004.48,1.0,63,0.2803386850022239,0.395021645021645,0.16959883648944066
pooled_8window_tb40000,4004.48,1.0,64,0.44977586094163485,0.4264069264069264,0.2579883185054832
pooled_8window_tb40000,4004.48,1.0,65,0.31656408105212724,0.5303030303030303,0.1486891895850901
pooled_8window_tb40000,4004.48,1.0,66,0.7779049376764248,0.15043290043290045,0.6608824416406855
pooled_8window_tb40000,4004.48,1.0,67,0.6072421290903025,0.6937229437229437,0.18598433174519005
pooled_8window_tb40000,4004.48,1.0,68,0.34294541857127225,0.38636363636363635,0.21044377957782615
pooled_8window_tb40000,4004.48,1.0,69,0.40213477916119733,0.18181818181818182,0.32901936476825233
pooled_8window_tb40000,4004.48,1.0,70,0.7659714621459608,0.7294372294372294,0.2072433609702275
pooled_8window_tb40000,4004.48,1.0,71,0.44720142582596606,0.5032467532467533,0.22214876023172989
pooled_8window_tb40000,4004.48,1.0,72,0.5512469473299011,0.4199134199134199,0.3197709564597695
pooled_8window_tb40000,4004.48,1.0,73,0.5264573216714504,0.4025974025974026,0.3145069713881392
pooled_8window_tb40000,4004.48,1.0,74,0.20384958212652537,0.854978354978355,0.029562601736963644
pooled_8window_tb40000,4004.48,1.0,75,0.4183089140838984,0.5573593073593074,0.18516054746787278
pooled_8window_tb40000,4004.48,1.0,76,0.7231270302764472,0.2510822510822511,0.5415626676962138
pooled_8window_tb40000,4004.48,1.0,77,0.26582970464955846,0.5692640692640693,0.11450240524948514
pooled_8window_tb40000,4004.48,1.0,78,0.3251148882205569,0.7326839826839827,0.0869084170892614
pooled_8window_tb40000,4004.48,1.0,79,0.5982120551793393,0.6699134199134199,0.19746177146071264
pooled_8window_tb40000,4004.48,1.0,80,0.6131843243628907,0.3560606060606061,0.3948535422033766
pooled_8window_tb40000,4004.48,1.0,81,0.9220037297589563,0.26515151515151514,0.6775330438380209
pooled_8window_tb40000,4004.48,1.0,82,0.2638496993175321,0.7521645021645021,0.06539132158410699
pooled_8window_tb40000,4004.48,1.0,83,0.6866429182306386,0.6461038961038961,0.24300025352967408
pooled_8window_tb40000,4004.48,1.0,84,0.4214917365432831,0.5205627705627706,0.20207883039899827
pooled_8window_tb40000,4004.48,1.0,85,0.3701353649476625,0.7748917748917749,0.08332051505315348
pooled_8window_tb40000,4004.48,1.0,86,0.6352974735400918,0.36147186147186144,0.40565531319118414
pooled_8window_tb40000,4004.48,1.0,87,0.722081554061767,0.47619047619047616,0.3782331949847351
pooled_8window_tb40000,4004.48,1.0,88,0.3489500737656017,0.7922077922077922,0.07250910623700814
pooled_8window_tb40000,4004.48,1.0,89,0.31966459699392846,0.9794372294372294,0.006573189765026667
pooled_8window_tb40000,4004.48,1.0,90,0.8525229619049498,0.19913419913419914,0.6827564846424923
pooled_8window_tb40000,4004.48,1.0,91,0.23579395640005063,0.9296536796536796,0.016587237192644263
pooled_8window_tb40000,4004.48,1.0,92,0.6408754517397383,0.6341991341991342,0.23443279511691723
pooled_8window_tb40000,4004.48,1.0,93,0.42985647048294645,0.24025974025974026,0.32657926653574504
pooled_8window_tb40000,4004.48,1.0,94,0.5262267675521805,0.3658008658008658,0.3337325603740019
pooled_8window_tb40000,4004.48,1.0,95,0.671559315961032,0.4253246753246753,0.38592856793864505
pooled_8window_tb40000,4004.48,1.0,96,0.5716586895051657,0.5714285714285714,0.24499658121649961
pooled_8window_tb40000,4004.48,1.0,97,0.600243246735052,0.5054112554112554,0.29687355385056147
pooled_8window_tb40000,4004.48,1.0,98,0.6827557364271792,0.43614718614718617,0.3849737431586151
pooled_8window_tb40000,4004.48,1.0,99,0.26424663833653167,0.7435064935064936,0.06777754684605844
pooled_8window_tb40000,4004.48,1.0,100,0.4952314835810921,0.4329004329004329,0.2808455599529137
pooled_8window_tb40000,4004.48,1.0,101,0.6165841404018282,0.26731601731601734,0.45176132364939137
pooled_8window_tb40000,4004.48,1.0,102,0.2372649665798774,0.42424242424242425,0.13660710197023243
pooled_8window_tb40000,4004.48,1.0,103,0.4748913027438108,0.18181818181818182,0.38854742951766336
pooled_8window_tb40000,4004.48,1.0,104,0.3213452104776978,0.39826839826839827,0.19336356820952377
pooled_8window_tb40000,4004.48,1.0,105,0.5986716183502842,0.22186147186147187,0.46584945194140076
pooled_8window_tb40000,4004.48,1.0,106,0.5845811203548512,0.6493506493506493,0.20498299025429847
pooled_8window_tb40000,4004.48,1.0,107,0.32811348227751314,0.6612554112554112,0.1111466666156511
pooled_8window_tb40000,4004.48,1.0,108,0.6011899969164773,0.37554112554112556,0.3754184288103976
pooled_8window_tb40000,4004.48,1.0,109,0.660530687005249,0.5151515151515151,0.32025730279042375
pooled_8window_tb40000,4004.48,1.0,110,0.5747960092575697,0.3181818181818182,0.391906369948343
pooled_8window_tb40000,4004.48,1.0,111,0.472762690076707,0.6547619047619048,0.16321569062172028
pooled_8window_tb40000,4004.48,1.0,112,0.8630524772441032,0.04329004329004329,0.8256908981426269
pooled_8window_tb40000,4004.48,1.0,113,0.2573772772878751,0.6158008658008658,0.09888412709653209
pooled_8window_tb40000,4004.48,1.0,114,0.6661086347011737,0.4253246753246753,0.3827961959159342
pooled_8window_tb40000,4004.48,1.0,115,0.5009360461657195,0.6136363636363636,0.1935434723822098
pooled_8window_tb40000,4004.48,1.0,116,0.28843011504895844,0.37662337662337664,0.1798005911993507
pooled_8window_tb40000,4004.48,1.0,117,0.7612541809571807,0.3917748917748918,0.4630139065994973
pooled_8window_tb40000,4004.48,1.0,118,0.19578072489501697,0.5898268398268398,0.0803039986311812
pooled_8window_tb40000,4004.48,1.0,119,0.4951529303980167,0.2619047619047619,0.365470020055679
pooled_8window_tb40000,4004.48,1.0,120,0.38864716428960416,0.6179653679653679,0.14847667640068213
pooled_8window_tb40000,4004.48,1.0,121,0.6041418502840539,0.18722943722943722,0.49102871164861955
pooled_8window_tb40000,4004.48,1.0,122,0.6454014305441266,0.26082251082251084,0.47706620894116714
pooled_8window_tb40000,4004.48,1.0,123,0.47085447855618007,0.36038961038961037,0.3011634164791152
pooled_8window_tb40000,4004.48,1.0,124,0.4287735893749938,0.6623376623376623,0.14478069251623168
pooled_8window_tb40000,4004.48,1.0,125,0.5724210554240174,0.21428571428571427,0.4497594006902994
pooled_8window_tb40000,4004.48,1.0,126,0.47872627060433803,0.09848484848484848,0.43157898637815323
pooled_8window_tb40000,4004.48,1.0,127,0.7190358045155434,0.36363636363636365,0.45756823923716394
pooled_8window_tb40000,4004.48,1.0,128,0.5982363845939839,0.5822510822510822,0.2499126022221621
pooled_8window_tb40000,4004.48,1.0,129,0.5055845887115786,0.42857142857142855,0.2889054792637592
pooled_8window_tb40000,4004.48,1.0,130,0.5935171879314746,0.6915584415584416,0.18306536640743531
pooled_8window_tb40000,4004.48,1.0,131,0.3911388947176824,0.6374458874458875,0.14180901485976577
pooled_8window_tb40000,4004.48,1.0,132,0.2015734747295742,0.4101731601731602,0.11889344559266012
pooled_8window_tb40000,4004.48,1.0,133,0.34880981869538624,0.10497835497835498,0.31219233772844635
pooled_8window_tb40000,4004.48,1.0,134,0.6736235938066779,0.3712121212121212,0.4235663506511687
pooled_8window_tb40000,4004.48,1.0,135,0.4556547630972488,0.6320346320346321,0.1676651725682517
pooled_8window_tb40000,4004.48,1.0,136,0.4939372019460127,0.5811688311688312,0.20687629562024556
pooled_8window_tb40000,4004.48,1.0,137,0.4975010516402382,0.3365800865800866,0.33005210460548273
pooled_8window_tb40000,4004.48,1.0,138,0.5431354103643861,0.3917748917748918,0.33034859374976727
pooled_8window_tb40000,4004.48,1.0,139,0.7440562050721831,0.3939393939393939,0.45094315458920187
pooled_8window_tb40000,4004.48,1.0,140,0.5254189090160105,0.5854978354978355,0.21778727505750217
pooled_8window_tb40000,4004.48,1.0,141,0.28467367129546906,0.5010822510822511,0.14202874725888662
pooled_8window_tb40000,4004.48,1.0,142,0.3660894525693161,0.3235930735930736,0.24762544140240533
pooled_8window_tb40000,4004.48,1.0,143,0.5358859893481598,0.6796536796536796,0.17166910481283043
pooled_8window_tb40000,4004.48,1.0,144,0.28961912551868335,0.43073593073593075,0.16486976192946692
pooled_8window_tb40000,4004.48,1.0,145,0.677465885379463,0.21212121212121213,0.533761000602001
pooled_8window_tb40000,4004.48,1.0,146,0.4484124895761602,0.3939393939393939,0.27176514519767286
pooled_8window_tb40000,4004.48,1.0,147,0.7045871877370267,0.4025974025974026,0.42092221605069124
pooled_8window_tb40000,4004.48,1.0,148,0.3980840550658396,0.33116883116883117,0.26625102384273686
pooled_8window_tb40000,4004.48,1.0,149,0.5048581604337855,0.6926406926406926,0.1551728545056224
pooled_8window_tb40000,4004.48,1.0,150,0.37210371695432753,0.45670995670995673,0.2021602444925026
pooled_8window_tb40000,4004.48,1.0,151,0.5372375760695826,0.48484848484848486,0.2767587513085728
pooled_8window_tb40000,4004.48,1.0,152,0.5993286497735738,0.4642857142857143,0.32106891952155736
pooled_8window_tb40000,4004.48,1.0,153,0.3014079391325234,0.672077922077922,0.09883831770254826
pooled_8window_tb40000,4004.48,1.0,154,0.7580039314309552,0.5194805194805194,0.36423565536292657
pooled_8window_tb40000,4004.48,1.0,155,0.5398940017866275,0.47835497835497837,0.2816330182480027
pooled_8window_tb40000,4004.48,1.0,156,0.6996419249647317,0.26082251082251084,0.5171595614187356
pooled_8window_tb40000,4004.48,1.0,157,0.4196342311633011,0.9772727272727273,0.009537141617347745
pooled_8window_tb40000,4004.48,1.0,158,0.6372602786189872,0.3777056277056277,0.3965634850713394
pooled_8window_tb40000,4004.48,1.0,159,0.5009023959043607,0.21536796536796537,0.39302406605049944
pooled_8window_tb40000,4004.48,1.0,160,0.7517002844439635,0.4296536796536797,0.428729491235897
pooled_8window_tb40000,4004.48,1.0,161,0.2921490032172811,0.5606060606060606,0.12836850141365383
pooled_8window_tb40000,4004.48,1.0,162,0.6159852169888782,0.14935064935064934,0.5239874248411887
pooled_8window_tb40000,4004.48,1.0,163,0.455215414523278,0.6006493506493507,0.18179057138429608
pooled_8window_tb40000,4004.48,1.0,164,0.6385615841897575,0.6569264069264069,0.21907361708674583
pooled_8window_tb40000,4004.48,1.0,165,0.6513550602816542,0.3939393939393939,0.394760642594942
pooled_8window_tb40000,4004.48,1.0,166,0.5379706479580459,0.34415584415584416,0.3528249054789782
pooled_8window_tb40000,4004.48,1.0,167,0.5728024181359341,0.15367965367965367,0.4847743408899356
pooled_8window_tb40000,4004.48,1.0,168,0.2519307472751139,0.6147186147186147,0.09706422730513047
pooled_8window_tb40000,4004.48,1.0,169,0.3962082674628832,0.36363636363636365,0.25213253384001655
pooled_8window_tb40000,4004.48,1.0,170,0.41753877270152595,0.7586580086580087,0.10076963886627735
pooled_8window_tb40000,4004.48,1.0,171,0.4522554828352477,0.512987012987013,0.22025429358859466
pooled_8window_tb40000,4004.48,1.0,172,0.8542910630793764,0.23809523809523808,0.6508884290128581
pooled_8window_tb40000,4004.48,1.0,173,0.6039731384506304,0.5854978354978355,0.25034817318895175
pooled_8window_tb40000,4004.48,1.0,174,0.5977063173229124,0.3484848484848485,0.38941472189220044
pooled_8window_tb40000,4004.48,1.0,175,0.6294807747352414,0.16666666666666666,0.5245673122793679
pooled_8window_tb40000,4004.48,1.0,176,0.5352938891635547,0.4329004329004329,0.3035649328156955
pooled_8window_tb40000,4004.48,1.0,177,0.5773850137171649,0.70995670995671,0.16746664900021663
pooled_8window_tb40000,4004.48,1.0,178,0.6018507810597369,0.3874458874458874,0.3686661710820466
pooled_8window_tb40000,4004.48,1.0,179,0.49494402840419877,0.4751082251082251,0.25979204954116497
pooled_8window_tb40000,4004.48,1.0,180,0.27973173097543336,0.9502164502164502,0.013926038555054051
pooled_8window_tb40000,4004.48,1.0,181,0.8622135826120914,0.07467532467532467,0.7978275033910586
pooled_8window_tb40000,4004.48,1.0,182,0.9102562720479168,0.10497835497835498,0.8146990659995965
pooled_8window_tb40000,4004.48,1.0,183,0.6641137995627191,0.5800865800865801,0.27887029678607683
pooled_8window_tb40000,4004.48,1.0,184,0.3729227261181092,0.5844155844155844,0.1549808731919415
pooled_8window_tb40000,4004.48,1.0,185,0.47139564018959795,0.5811688311688312,0.19743518696252638
pooled_8window_tb40000,4004.48,1.0,186,0.6205522374287213,0.6396103896103896,0.22364057907333787
pooled_8window_tb40000,4004.48,1.0,187,0.618554548693939,0.5162337662337663,0.2992358044006393
pooled_8window_tb40000,4004.48,1.0,188,0.5801222334519096,0.44264069264069267,0.3233365262204907
pooled_8window_tb40000,4004.48,1.0,189,0.45884161661960676,0.5811688311688312,0.19217717059717293
pooled_8window_tb40000,4004.48,1.0,190,0.6501597062467688,0.4296536796536797,0.37081619609528915
pooled_8window_tb40000,4004.48,1.0,191,0.7231194835001471,0.44696969696969696,0.3999069870872025
pooled_8window_tb40000,4004.48,1.0,192,0.32209127169626883,0.9437229437229437,0.01812634862359954
pooled_8window_tb40000,4004.48,1.0,193,0.5406284557117959,0.15692640692640691,0.4557895746747716
pooled_8window_tb40000,4004.48,1.0,194,0.4834342732586735,0.4231601731601732,0.27886414247497077
pooled_8window_tb40000,4004.48,1.0,195,0.6955882295299405,0.4653679653679654,0.37188375041968674
pooled_8window_tb40000,4004.48,1.0,196,0.6104349094659973,0.27380952380952384,0.4432920175884028
pooled_8window_tb40000,4004.48,1.0,197,0.3379493783525086,0.5346320346320347,0.15727081460127562
pooled_8window_tb40000,4004.48,1.0,198,0.4784690575062353,0.5378787878787878,0.22111070081727544
pooled_8window_tb40000,4004.48,1.0,199,0.46626864469787577,0.3430735930735931,0.306304185423821
pooled_8window_tb40000,4004.48,1.0,200,0.48949836430851595,0.8203463203463204,0.08794018233248228
pooled_8window_tb40000,4004.48,1.0,201,0.6011566307198757,0.27056277056277056,0.43850602717012577
pooled_8window_tb40000,4004.48,1.0,202,0.340640450520744,0.39826839826839827,0.2049741239064217
pooled_8window_tb40000,4004.48,1.0,203,0.694388808328854,0.24134199134199133,0.5268036305611761
pooled_8window_tb40000,4004.48,1.0,204,0.2741804923328167,0.4458874458874459,0.15192685289437463
pooled_8window_tb40000,4004.48,1.0,205,0.8392845491212881,0.1525974025974026,0.7112119068852474
pooled_8window_tb40000,4004.48,1.0,206,0.3850029745989846,0.14502164502164502,0.3291692098844132
pooled_8window_tb40000,4004.48,1.0,207,0.2712734568527442,0.7445887445887446,0.06928629417451042
pooled_8window_tb40000,4004.48,1.0,208,0.5349872029105044,0.6461038961038961,0.1893298867443019
pooled_8window_tb40000,4004.48,1.0,209,0.4516910208739384,0.7002164502164502,0.13540953764294475
pooled_8window_tb40000,4004.48,1.0,210,0.5793021873815305,0.21536796536796537,0.4545390539519584
pooled_8window_tb40000,4004.48,1.0,211,0.8849663098538774,0.20454545454545456,0.7039504737474024
pooled_8window_tb40000,4004.48,1.0,212,0.3625004042888888,0.2922077922077922,0.25657496147720055
pooled_8window_tb40000,4004.48,1.0,213,0.4768918868000287,0.5227272727272727,0.22760749142728642
pooled_8window_tb40000,4004.48,1.0,214,0.6135674595277139,0.5086580086580087,0.3014714573869936
pooled_8window_tb40000,4004.48,1.0,215,0.5732871396262138,0.2792207792207792,0.4132134577825307
pooled_8window_tb40000,4004.48,1.0,216,0.465755889326102,0.37445887445887444,0.2913494632364578
pooled_8window_tb40000,4004.48,1.0,217,0.285645012047917,0.6590909090909091,0.09737898137997171
pooled_8window_tb40000,4004.48,1.0,218,0.3236047214710054,0.6590909090909091,0.11031979141057002
pooled_8window_tb40000,4004.48,1.0,219,0.37322365577373534,0.8106060606060606,0.07068629844199535
pooled_8window_tb40000,4004.48,1.0,220,0.8058377784072734,0.4621212121212121,0.4334430474766395
pooled_8window_tb40000,4004.48,1.0,221,0.7255647930442977,0.1634199134199134,0.6069930573844611
pooled_8window_tb40000,4004.48,1.0,222,0.14483326236223598,0.7229437229437229,0.04012696446399613
pooled_8window_tb40000,4004.48,1.0,223,0.44369991023622324,0.6688311688311688,0.14693958066264537
pooled_8window_tb40000,4004.48,1.0,224,0.3066539116828249,0.8474025974025974,0.04679459041913238
pooled_8window_tb40000,4004.48,1.0,225,0.46817038157801233,0.38852813852813856,0.2862730147094989
pooled_8window_tb40000,4004.48,1.0,226,0.3878568411997664,0.46320346320346323,0.20820020912887893
pooled_8window_tb40000,4004.48,1.0,227,0.6213222258416957,0.13203463203463203,0.5392861743777488
pooled_8window_tb40000,4004.48,1.0,228,0.7430109949019765,0.15043290043290045,0.6312376958853372
pooled_8window_tb40000,4004.48,1.0,229,0.7223223978816848,0.37662337662337664,0.4502788973807905
pooled_8window_tb40000,4004.48,1.0,230,0.8301849952261902,0.36904761904761907,0.5238071993689056
pooled_8window_tb40000,4004.48,1.0,231,0.6729437855251892,0.17316017316017315,0.556416723096585
pooled_8window_tb40000,4004.48,1.0,232,0.681729269605253,0.2792207792207792,0.4913762917284616
pooled_8window_tb40000,4004.48,1.0,233,0.3288172864611242,0.6764069264069265,0.1064029963764893
pooled_8window_tb40000,4004.48,1.0,234,0.1868623912762138,0.7727272727272727,0.042468725290048595
pooled_8window_tb40000,4004.48,1.0,235,0.6232309242488663,0.44805194805194803,0.3439910945529457
pooled_8window_tb40000,4004.48,1.0,236,0.6429460906917808,0.4512987012987013,0.3527853549575031
pooled_8window_tb40000,4004.48,1.0,237,0.5892796468207199,0.3365800865800866,0.39093985227391914
pooled_8window_tb40000,4004.48,1.0,238,0.6099843904801321,0.5173160173160173,0.2944296949720118
pooled_8window_tb40000,4004.48,1.0,239,0.48751051058983674,0.4675324675324675,0.25958351862575724
pooled_8window_tb40000,4004.48,1.0,240,0.4076095406333641,0.8701298701298701,0.05293630397835899
pooled_8window_tb40000,4004.48,1.0,241,0.4489325785402203,0.6017316017316018,0.17879565898571542
pooled_8window_tb40000,4004.48,1.0,242,0.5223394849197845,0.29329004329004327,0.36914251477556204
pooled_8window_tb40000,4004.48,1.0,243,0.36565627338172585,0.8463203463203464,0.05619392945909638
pooled_8window_tb40000,4004.48,1.0,244,0.5079983705872855,0.5465367965367965,0.23035856848059807
pooled_8window_tb40000,4004.48,1.0,245,0.5802270764079868,0.24675324675324675,0.43705416145017184
pooled_8window_tb40000,4004.48,1.0,246,0.4495826631156896,0.2792207792207792,0.3240498415963737
pooled_8window_tb40000,4004.48,1.0,247,0.588691613786832,0.4751082251082251,0.3089993860244735
pooled_8window_tb40000,4004.48,1.0,248,0.1762612873891823,0.41233766233766234,0.10358212018649998
pooled_8window_tb40000,4004.48,1.0,249,0.37223557075805924,0.762987012987013,0.0882246644978517
pooled_8window_tb40000,4004.48,1.0,250,0.4079005413214578,0.329004329004329,0.27369949742348904
pooled_8window_tb40000,4004.48,1.0,251,0.6901747054175766,0.1829004329004329,0.5639414530197732
pooled_8window_tb40000,4004.48,1.0,252,0.5574640709672967,0.31601731601731603,0.38129577148412497
pooled_8window_tb40000,4004.48,1.0,253,0.699061577700887,0.8138528138528138,0.13012834563263265
pooled_8window_tb40000,4004.48,1.0,254,0.6528277204279402,0.6277056277056277,0.243044086393086
pooled_8window_tb40000,4004.48,1.0,255,0.4479296451073022,0.4621212121212121,0.24093185456529131
pooled_8window_tb40000,4004.48,1.0,256,0.48607445896392293,0.525974025974026,0.2304119188595219
pooled_8window_tb40000,4004.48,1.0,257,0.31447390689231725,0.6590909090909091,0.10720701371328999
pooled_8window_tb40000,4004.48,1.0,258,0.7209964890856843,0.12878787878787878,0.628140880642831
pooled_8window_tb40000,4004.48,1.0,259,0.3517207052743315,0.6937229437229437,0.10772398224311236
pooled_8window_tb40000,4004.48,1.0,260,0.3150198033374647,0.6742424242424242,0.1026200874508408
pooled_8window_tb40000,4004.48,1.0,261,0.7317352807003136,0.24783549783549783,0.5503853031241536
pooled_8window_tb40000,4004.48,1.0,262,0.6091429112108201,0.354978354978355,0.39291036264247703
pooled_8window_tb40000,4004.48,1.0,263,0.4216468603419203,0.525974025974026,0.1998715636685726
pooled_8window_tb40000,4004.48,1.0,264,0.39767463947591775,0.4577922077922078,0.21562228828726707
pooled_8window_tb40000,4004.48,1.0,265,0.7007233271210255,0.2510822510822511,0.5247841367616338
pooled_8window_tb40000,4004.48,1.0,266,0.5073324695136521,0.6168831168831169,0.1943676344240615
pooled_8window_tb40000,4004.48,1.0,267,0.874132642186752,0.20346320346320346,0.6962788145556813
pooled_8window_tb40000,4004.48,1.0,268,0.30385593164648445,0.7727272727272727,0.06905816628329192
pooled_8window_tb40000,4004.48,1.0,269,0.4506883102960292,0.24891774891774893,0.33850399063359765
pooled_8window_tb40000,4004.48,1.0,270,0.6236905408797542,0.3116883116883117,0.42929348917697363
pooled_8window_tb40000,4004.48,1.0,271,0.579074729454198,0.6861471861471862,0.18174423327025693
pooled_8window_tb40000,4004.48,1.0,272,0.22826394970659325,0.7770562770562771,0.05089001476142662
pooled_8window_tb40000,4004.48,1.0,273,0.21683795412418144,0.8322510822510822,0.03637433213122092
pooled_8window_tb40000,4004.48,1.0,274,0.6039043110198504,0.4880952380952381,0.3091414925458758
pooled_8window_tb40000,4004.48,1.0,275,0.3904615264565773,0.4837662337662338,0.2015694243720642
pooled_8window_tb40000,4004.48,1.0,276,0.3137658286728165,0.7987012987012987,0.06316065382374877
pooled_8window_tb40000,4004.48,1.0,277,0.332765718105002,0.5551948051948052,0.14801592006618594
pooled_8window_tb40000,4004.48,1.0,278,0.5114206973272666,0.20346320346320346,0.40736540393167553
pooled_8window_tb40000,4004.48,1.0,279,0.3491497193012113,0.9188311688311688,0.028340074618604834
pooled_8window_tb40000,4004.48,1.0,280,0.48075464206903995,0.4675324675324675,0.2559862379848135
pooled_8window_tb40000,4004.48,1.0,281,0.8699285347663916,0.4069264069264069,0.51593164183115
pooled_8window_tb40000,4004.48,1.0,282,0.8213987654520571,0.2813852813852814,0.5902692427058073
pooled_8window_tb40000,4004.48,1.0,283,0.3755156927060255,0.7424242424242424,0.09672373903033989
pooled_8window_tb40000,4004.48,1.0,284,0.5327060757397961,0.2532467532467532,0.3977999916238737
pooled_8window_tb40000,4004.48,1.0,285,0.4243260005627498,0.6320346320346321,0.15613727293434515
pooled_8window_tb40000,4004.48,1.0,286,0.8058113725641223,0.08982683982683982,0.733427883470159
pooled_8window_tb40000,4004.48,1.0,287,0.8087858675707951,0.25216450216450215,0.6048387819171206
pooled_8window_tb40000,4004.48,1.0,288,0.5640608724028041,0.6774891774891775,0.18191573590480048
pooled_8window_tb40000,4004.48,1.0,289,0.7091628517974193,0.23809523809523808,0.5403145537504147
pooled_8window_tb40000,4004.48,1.0,290,0.3906801839409701,0.29545454545454547,0.27525194777659256
pooled_8window_tb40000,4004.48,1.0,291,0.645870115249253,0.1774891774891775,0.5312351597288228
pooled_8window_tb40000,4004.48,1.0,292,0.27734755484011686,0.5086580086580087,0.13627249988897516
pooled_8window_tb40000,4004.48,1.0,293,0.47779379786292886,0.46320346320346323,0.2564780559956848
pooled_8window_tb40000,4004.48,1.0,294,0.30635689171196434,0.4967532467532468,0.15417311108881324
pooled_8window_tb40000,4004.48,1.0,295,0.5185357817989313,0.6038961038961039,0.20539404343983642
pooled_8window_tb40000,4004.48,1.0,296,0.42934789274797913,0.8961038961038961,0.044607573272517326
pooled_8window_tb40000,4004.48,1.0,297,0.4532541268120273,0.7781385281385281,0.1005596277018026
pooled_8window_tb40000,4004.48,1.0,298,0.7436502589087073,0.14826839826839827,0.6333904261484335
pooled_8window_tb40000,4004.48,1.0,299,0.8249128209493335,0.10497835497835498,0.7383148300055182
pooled_8window_tb40000,4004.48,2.0,0,0.5158806865862715,0.5422077922077922,0.23616615846968922
pooled_8window_tb40000,4004.48,2.0,1,0.9064449521665094,0.044372294372294376,0.8662239099166967
pooled_8window_tb40000,4004.48,2.0,2,0.46270283376819166,0.4696969696969697,0.24537271487707132
pooled_8window_tb40000,4004.48,2.0,3,0.9016891204509487,0.10497835497835498,0.8070312798841284
pooled_8window_tb40000,4004.48,2.0,4,0.5993418429138537,0.33116883116883117,0.40085850532549955
pooled_8window_tb40000,4004.48,2.0,5,0.7126383618306403,0.25865800865800864,0.5283087422662215
pooled_8window_tb40000,4004.48,2.0,6,0.4605487735830297,0.42207792207792205,0.26616130421356915
pooled_8window_tb40000,4004.48,2.0,7,0.5471404267499592,0.5367965367965368,0.25343734052920186
pooled_8window_tb40000,4004.48,2.0,8,0.9267777477535369,0.1277056277056277,0.8084230137330637
pooled_8window_tb40000,4004.48,2.0,9,0.7619460389813791,0.12229437229437229,0.668764326421968
pooled_8window_tb40000,4004.48,2.0,10,0.9262801625680145,0.14393939393939395,0.7929519573498912
pooled_8window_tb40000,4004.48,2.0,11,0.836136927711564,0.16558441558441558,0.6976856831878959
pooled_8window_tb40000,4004.48,2.0,12,0.4432613865016642,0.6774891774891775,0.14295659434793934
pooled_8window_tb40000,4004.48,2.0,13,0.4713327011335166,0.3722943722943723,0.29585818902320304
pooled_8window_tb40000,4004.48,2.0,14,0.9076278074242183,0.03463203463203463,0.8761948097645051
pooled_8window_tb40000,4004.48,2.0,15,0.4996602105101983,0.2922077922077922,0.35365560354293263
pooled_8window_tb40000,4004.48,2.0,16,0.2813194341757338,0.37554112554112556,0.17567241722878613
pooled_8window_tb40000,4004.48,2.0,17,0.7699102865059753,0.1634199134199134,0.644091614144068
pooled_8window_tb40000,4004.48,2.0,18,0.23279693669230372,0.4393939393939394,0.13050737360023087
pooled_8window_tb40000,4004.48,2.0,19,0.6896860212165083,0.5508658008658008,0.30976157879312877
pooled_8window_tb40000,4004.48,2.0,20,0.5945908806125801,0.43614718614718617,0.3352617411246258
pooled_8window_tb40000,4004.48,2.0,21,0.6373598901102502,0.3961038961038961,0.38489915441722905
pooled_8window_tb40000,4004.48,2.0,22,0.46475648581188483,0.6439393939393939,0.1654814760087772
pooled_8window_tb40000,4004.48,2.0,23,0.4842687422273082,0.6125541125541125,0.18762793259456315
pooled_8window_tb40000,4004.48,2.0,24,0.4788049393511668,0.41774891774891776,0.27878469412438067
pooled_8window_tb40000,4004.48,2.0,25,0.4422952106081928,0.7954545454545454,0.09046947489713036
pooled_8window_tb40000,4004.48,2.0,26,0.9452741095507015,0.10281385281385282,0.8480868363826098
pooled_8window_tb40000,4004.48,2.0,27,0.42854150813401226,0.3203463203463203,0.2912598128876187
pooled_8window_tb40000,4004.48,2.0,28,0.64056328795502,0.23593073593073594,0.48943472001758026
pooled_8window_tb40000,4004.48,2.0,29,0.6700845730381065,0.42207792207792205,0.38725666883371096
pooled_8window_tb40000,4004.48,2.0,30,0.7418912397511401,0.34523809523809523,0.48576212126562746
pooled_8window_tb40000,4004.48,2.0,31,0.7493521844404888,0.32792207792207795,0.5036230590233155
pooled_8window_tb40000,4004.48,2.0,32,0.734736299609812,0.4523809523809524,0.40235559264346854
pooled_8window_tb40000,4004.48,2.0,33,0.6116852343389524,0.1634199134199134,0.5117236863030413
pooled_8window_tb40000,4004.48,2.0,34,0.9507702077943349,0.025974025974025976,0.9260748777217547
pooled_8window_tb40000,4004.48,2.0,35,0.8782907343412921,0.03571428571428571,0.8469232081148175
pooled_8window_tb40000,4004.48,2.0,36,0.7721176989169196,0.3841991341991342,0.47547074749321133
pooled_8window_tb40000,4004.48,2.0,37,0.5966255082127077,0.4264069264069264,0.3422202590397566
pooled_8window_tb40000,4004.48,2.0,38,0.7215357678777603,0.4556277056277056,0.3927840814312916
pooled_8window_tb40000,4004.48,2.0,39,0.6388341538304833,0.3344155844155844,0.42519805693262686
pooled_8window_tb40000,4004.48,2.0,40,0.5485181291825258,0.47619047619047616,0.28731902004798976
pooled_8window_tb40000,4004.48,2.0,41,0.7087441409315184,0.16017316017316016,0.5952223521243055
pooled_8window_tb40000,4004.48,2.0,42,0.820287845618699,0.2846320346320346,0.5868076471363205
pooled_8window_tb40000,4004.48,2.0,43,0.6347309493438426,0.48917748917748916,0.3242348572405776
pooled_8window_tb40000,4004.48,2.0,44,0.6172913817949004,0.43722943722943725,0.34739341832613446
pooled_8window_tb40000,4004.48,2.0,45,0.6112124273286124,0.7326839826839827,0.1633868718075403
pooled_8window_tb40000,4004.48,2.0,46,0.7951716185089119,0.48917748917748916,0.4061915627015221
pooled_8window_tb40000,4004.48,2.0,47,0.35183521952708896,0.5638528138528138,0.15345194098421738
pooled_8window_tb40000,4004.48,2.0,48,0.5819820584965499,0.6287878787878788,0.2160387944419011
pooled_8window_tb40000,4004.48,2.0,49,0.6366613114750016,0.5811688311688312,0.26665360123465975
pooled_8window_tb40000,4004.48,2.0,50,0.35337889403535944,0.49242424242424243,0.17936655985128092
pooled_8window_tb40000,4004.48,2.0,51,0.8749799669212728,0.10606060606060606,0.7821790613387135
pooled_8window_tb40000,4004.48,2.0,52,0.9687574538956656,0.08225108225108226,0.8890761048739442
pooled_8window_tb40000,4004.48,2.0,53,0.4919064596529534,0.37554112554112556,0.307175354133933
pooled_8window_tb40000,4004.48,2.0,54,0.46510480923619313,0.35714285714285715,0.29899594879469554
pooled_8window_tb40000,4004.48,2.0,55,0.48069101764575495,0.6093073593073594,0.1878024430412527
pooled_8window_tb40000,4004.48,2.0,56,0.45175280264340045,0.36796536796536794,0.28552341638933537
pooled_8window_tb40000,4004.48,2.0,57,0.5873640671387843,0.38961038961038963,0.3585209240976995
pooled_8window_tb40000,4004.48,2.0,58,0.5792420850208394,0.5714285714285714,0.24824660786607405
pooled_8window_tb40000,4004.48,2.0,59,0.5728178907513001,0.70995670995671,0.16614198562916493
pooled_8window_tb40000,4004.48,2.0,60,0.6480444545889626,0.4231601731601732,0.37381785096960723
pooled_8window_tb40000,4004.48,2.0,61,0.6202853170675936,0.11471861471861472,0.5491270447633025
pooled_8window_tb40000,4004.48,2.0,62,0.3223252224263586,0.7251082251082251,0.08860455248516783
pooled_8window_tb40000,4004.48,2.0,63,0.3210583836683506,0.4329004329004329,0.18207207039200834
pooled_8window_tb40000,4004.48,2.0,64,0.7952952063771446,0.33116883116883117,0.5319182224470512
pooled_8window_tb40000,4004.48,2.0,65,0.44486448865119566,0.5627705627705628,0.19450785001632362
pooled_8window_tb40000,4004.48,2.0,66,0.47517587403532685,0.7196969696969697,0.1331932374189931
pooled_8window_tb40000,4004.48,2.0,67,0.7879253425647641,0.1764069264069264,0.6489298546447895
pooled_8window_tb40000,4004.48,2.0,68,0.23002812657889438,0.7575757575757576,0.05576439432215621
pooled_8window_tb40000,4004.48,2.0,69,0.47322042186450064,0.36796536796536794,0.29909169520440304
pooled_8window_tb40000,4004.48,2.0,70,0.7315800301046744,0.11038961038961038,0.6508211956126
pooled_8window_tb40000,4004.48,2.0,71,0.3961308470713537,0.4199134199134199,0.22979018834442164
pooled_8window_tb40000,4004.48,2.0,72,0.6424037514184517,0.3246753246753247,0.4338311048540194
pooled_8window_tb40000,4004.48,2.0,73,0.8652420224238817,0.12987012987012986,0.7528729286025984
pooled_8window_tb40000,4004.48,2.0,74,0.7459236617749918,0.25,0.5594427463312439
pooled_8window_tb40000,4004.48,2.0,75,0.5541425252051537,0.7424242424242424,0.1427336807346608
pooled_8window_tb40000,4004.48,2.0,76,0.44638677056607023,0.724025974025974,0.12319115421466224
pooled_8window_tb40000,4004.48,2.0,77,0.45637466676920635,0.23809523809523808,0.3477140318241572
pooled_8window_tb40000,4004.48,2.0,78,0.4377495630752818,0.45346320346320346,0.23924624388854687
pooled_8window_tb40000,4004.48,2.0,79,0.8149941908004845,0.21103896103896103,0.6429986635211615
pooled_8window_tb40000,4004.48,2.0,80,0.23454394324776368,0.5541125541125541,0.1045801998031154
pooled_8window_tb40000,4004.48,2.0,81,0.4192191719543469,0.8636363636363636,0.0571662507210473
pooled_8window_tb40000,4004.48,2.0,82,0.5504517382108127,0.21103896103896103,0.43428497527671267
pooled_8window_tb40000,4004.48,2.0,83,0.6419920619717917,0.2857142857142857,0.4585657585512798
pooled_8window_tb40000,4004.48,2.0,84,0.9225928737606037,0.08658008658008658,0.8427147028722398
pooled_8window_tb40000,4004.48,2.0,85,0.5302237893751778,0.551948051948052,0.23756780173303418
pooled_8window_tb40000,4004.48,2.0,86,0.5669329491080088,0.3235930735930736,0.38347737358496264
pooled_8window_tb40000,4004.48,2.0,87,0.8194175790899283,0.33225108225108224,0.5471652016217379
pooled_8window_tb40000,4004.48,2.0,88,0.5670882288131303,0.2694805194805195,0.4142689983212802
pooled_8window_tb40000,4004.48,2.0,89,0.39010353027542727,0.5010822510822511,0.19462957516988308
pooled_8window_tb40000,4004.48,2.0,90,0.3040577145308274,0.8690476190476191,0.0398170816647512
pooled_8window_tb40000,4004.48,2.0,91,0.5797958878778758,0.20346320346320346,0.4618287591754509
pooled_8window_tb40000,4004.48,2.0,92,0.2692970278480414,0.5541125541125541,0.12007616393224356
pooled_8window_tb40000,4004.48,2.0,93,0.4817281044866619,0.31385281385281383,0.3305363833815408
pooled_8window_tb40000,4004.48,2.0,94,0.7058120259308074,0.33874458874458874,0.466722021475891
pooled_8window_tb40000,4004.48,2.0,95,0.31628615775063607,0.2077922077922078,0.25056435873751687
pooled_8window_tb40000,4004.48,2.0,96,0.7833314909380956,0.37012987012987014,0.4933971079285408
pooled_8window_tb40000,4004.48,2.0,97,0.5743393129995296,0.33874458874458874,0.37978497861765426
pooled_8window_tb40000,4004.48,2.0,98,0.7581246838186368,0.35064935064935066,0.4922887557263876
pooled_8window_tb40000,4004.48,2.0,99,0.6293686982702642,0.38095238095238093,0.38960919416730644
pooled_8window_tb40000,4004.48,2.0,100,0.7226764554945015,0.3170995670995671,0.4935160643041455
pooled_8window_tb40000,4004.48,2.0,101,0.8679835010865529,0.31601731601731603,0.5936856847258672
pooled_8window_tb40000,4004.48,2.0,102,0.716312419515258,0.25865800865800864,0.5310324755064414
pooled_8window_tb40000,4004.48,2.0,103,0.4117009294036583,0.6482683982683982,0.14480822733353785
pooled_8window_tb40000,4004.48,2.0,104,0.4002747743274342,0.5638528138528138,0.17457871650861037
pooled_8window_tb40000,4004.48,2.0,105,0.7416548397751447,0.2012987012987013,0.5923606837165116
pooled_8window_tb40000,4004.48,2.0,106,0.8018611076021409,0.0670995670995671,0.7480565744080578
pooled_8window_tb40000,4004.48,2.0,107,0.712444886057205,0.3170995670995671,0.4865289211061649
pooled_8window_tb40000,4004.48,2.0,108,0.30499076427359517,0.5670995670995671,0.13203063388467323
pooled_8window_tb40000,4004.48,2.0,109,0.5938489786835451,0.15043290043290045,0.5045145544010637
pooled_8window_tb40000,4004.48,2.0,110,0.48877410434474633,0.8852813852813853,0.056071488160760914
pooled_8window_tb40000,4004.48,2.0,111,0.5921614161527381,0.4264069264069264,0.3396596867542762
pooled_8window_tb40000,4004.48,2.0,112,0.5669229203092034,0.6352813852813853,0.20676734214740425
pooled_8window_tb40000,4004.48,2.0,113,0.642842641827744,0.2857142857142857,0.4591733155912457
pooled_8window_tb40000,4004.48,2.0,114,0.3347563750246676,0.6298701298701299,0.1239033336130263
pooled_8window_tb40000,4004.48,2.0,115,0.2781559620167362,0.8409090909090909,0.04425208486629893
pooled_8window_tb40000,4004.48,2.0,116,0.4126494141854142,0.6471861471861472,0.1455884296801353
pooled_8window_tb40000,4004.48,2.0,117,0.6987181159958904,0.41125541125541126,0.41136650985039436
pooled_8window_tb40000,4004.48,2.0,118,0.7087747459253627,0.24242424242424243,0.5369505650949717
pooled_8window_tb40000,4004.48,2.0,119,0.3353192082159574,0.22835497835497837,0.258747397681794
pooled_8window_tb40000,4004.48,2.0,120,0.430145611537411,0.4816017316017316,0.22298674018010808
pooled_8window_tb40000,4004.48,2.0,121,0.8003039437421239,0.14393939393939395,0.6851086791125758
pooled_8window_tb40000,4004.48,2.0,122,0.5031165692899129,0.262987012987013,0.37080344554808514
pooled_8window_tb40000,4004.48,2.0,123,0.8142223706499425,0.1634199134199134,0.6811622213337722
pooled_8window_tb40000,4004.48,2.0,124,0.2853288472440681,0.5465367965367965,0.12938613311175814
pooled_8window_tb40000,4004.48,2.0,125,0.4728566574836493,0.5075757575757576,0.2328460813366455
pooled_8window_tb40000,4004.48,2.0,126,0.7354585982774031,0.17965367965367965,0.6033307548639303
pooled_8window_tb40000,4004.48,2.0,127,0.6917717094346719,0.1937229437229437,0.5577596574987344
pooled_8window_tb40000,4004.48,2.0,128,0.5916738851774616,0.1396103896103896,0.5090700635455432
pooled_8window_tb40000,4004.48,2.0,129,0.7758039289279753,0.3246753246753247,0.5239195364188924
pooled_8window_tb40000,4004.48,2.0,130,0.7875102622823396,0.19480519480519481,0.6340991722273384
pooled_8window_tb40000,4004.48,2.0,131,0.6603309843576716,0.3430735930735931,0.43378886093626257
pooled_8window_tb40000,4004.48,2.0,132,0.6617741734357792,0.24891774891774893,0.497046835892241
pooled_8window_tb40000,4004.48,2.0,133,0.22038971182407946,0.4090909090909091,0.1302302842596833
pooled_8window_tb40000,4004.48,2.0,134,0.6651891955851537,0.19047619047619047,0.5384864916641721
pooled_8window_tb40000,4004.48,2.0,135,0.8227976655481655,0.3008658008658009,0.5752459869525052
pooled_8window_tb40000,4004.48,2.0,136,0.3541150987932489,0.41883116883116883,0.20580065806490763
pooled_8window_tb40000,4004.48,2.0,137,0.7912275382624812,0.1958874458874459,0.6362359966764324
pooled_8window_tb40000,4004.48,2.0,138,0.6628965558748173,0.21212121212121213,0.5222821349316742
pooled_8window_tb40000,4004.48,2.0,139,0.44420123779296466,0.4145021645021645,0.26007886325324014
pooled_8window_tb40000,4004.48,2.0,140,0.9185646782359447,0.10714285714285714,0.8201470341392364
pooled_8window_tb40000,4004.48,2.0,141,0.9641326505052037,0.08008658008658008,0.886918563776432
pooled_8window_tb40000,4004.48,2.0,142,0.4748521722873991,0.5043290043290043,0.23537044903423032
pooled_8window_tb40000,4004.48,2.0,143,0.7549941558340366,0.1331168831168831,0.6544916870379474
pooled_8window_tb40000,4004.48,2.0,144,0.49256800971631187,0.5227272727272727,0.23508927736460342
pooled_8window_tb40000,4004.48,2.0,145,0.5263700340659123,0.5367965367965368,0.24381642270585546
pooled_8window_tb40000,4004.48,2.0,146,0.5310059225558237,0.07467532467532467,0.49135288288444723
pooled_8window_tb40000,4004.48,2.0,147,0.6014877726949497,0.41883116883116883,0.34956594581946754
pooled_8window_tb40000,4004.48,2.0,148,0.9954240863041766,0.0,0.9954240863041766
pooled_8window_tb40000,4004.48,2.0,149,0.6446212053975359,0.4025974025974026,0.38509838244528116
pooled_8window_tb40000,4004.48,2.0,150,0.7159713306335331,0.23809523809523808,0.5455019661969776
pooled_8window_tb40000,4004.48,2.0,151,0.49319192254054234,0.7813852813852814,0.10781901336925276
pooled_8window_tb40000,4004.48,2.0,152,0.3320937549723157,0.37554112554112556,0.20737889244483348
pooled_8window_tb40000,4004.48,2.0,153,0.57050956792572,0.6904761904761905,0.17658629483415145
pooled_8window_tb40000,4004.48,2.0,154,0.7446316051756128,0.288961038961039,0.5294620829008415
pooled_8window_tb40000,4004.48,2.0,155,0.4930775052232305,0.4696969696969697,0.2614804951941374
pooled_8window_tb40000,4004.48,2.0,156,0.404338267074927,0.8538961038961039,0.059075396163544514
pooled_8window_tb40000,4004.48,2.0,157,0.576117456004718,0.19155844155844157,0.46575729397784016
pooled_8window_tb40000,4004.48,2.0,158,0.73904449315698,0.8333333333333334,0.12317408219282996
pooled_8window_tb40000,4004.48,2.0,159,0.8333660234487976,0.4004329004329004,0.49965884955696316
pooled_8window_tb40000,4004.48,2.0,160,0.5904193216891919,0.5876623376623377,0.24345212290430962
pooled_8window_tb40000,4004.48,2.0,161,0.56123010416488,0.5541125541125541,0.25024545770122353
pooled_8window_tb40000,4004.48,2.0,162,0.6937196305588635,0.26731601731601734,0.5082772617839292
pooled_8window_tb40000,4004.48,2.0,163,0.5905262040703002,0.4145021645021645,0.3457518142879139
pooled_8window_tb40000,4004.48,2.0,164,0.38589535955990606,0.6623376623376623,0.1303023292020462
pooled_8window_tb40000,4004.48,2.0,165,0.6437105369062588,0.2683982683982684,0.4709397434508993
pooled_8window_tb40000,4004.48,2.0,166,0.646074223328493,0.6569264069264069,0.2216510051895371
pooled_8window_tb40000,4004.48,2.0,167,0.4385222016011283,0.7857142857142857,0.09396904320024178
pooled_8window_tb40000,4004.48,2.0,168,0.6077561756203071,0.5844155844155844,0.2525739950629848
pooled_8window_tb40000,4004.48,2.0,169,0.5295836720308978,0.48484848484848486,0.2728158310462201
pooled_8window_tb40000,4004.48,2.0,170,0.5357768620687219,0.07467532467532467,0.4957675509402134
pooled_8window_tb40000,4004.48,2.0,171,0.3022225439624242,0.3268398268398268,0.20344418002665354
pooled_8window_tb40000,4004.48,2.0,172,0.6343754119324732,0.3777056277056277,0.39476824876750227
pooled_8window_tb40000,4004.48,2.0,173,0.6509039540816449,0.2813852813852814,0.46774916180758896
pooled_8window_tb40000,4004.48,2.0,174,0.9842120327812438,0.022727272727272728,0.961843577490761
pooled_8window_tb40000,4004.48,2.0,175,0.3950954498914812,0.6948051948051948,0.12058107886298454
pooled_8window_tb40000,4004.48,2.0,176,0.7506756810517299,0.11363636363636363,0.6653716263867606
pooled_8window_tb40000,4004.48,2.0,177,0.7085638479762129,0.3246753246753247,0.47851065058133857
pooled_8window_tb40000,4004.48,2.0,178,0.6794954229981256,0.3008658008658009,0.47505848837314835
pooled_8window_tb40000,4004.48,2.0,179,0.6742505179107616,0.3225108225108225,0.4567974288010138
pooled_8window_tb40000,4004.48,2.0,180,0.5311865603778966,0.3484848484848485,0.34607609236741743
pooled_8window_tb40000,4004.48,2.0,181,0.21317134737912413,0.7045454545454546,0.06298244354383212
pooled_8window_tb40000,4004.48,2.0,182,0.897719230853602,0.16883116883116883,0.7461562438263705
pooled_8window_tb40000,4004.48,2.0,183,0.6158643997906129,0.33225108225108224,0.41124278644026857
pooled_8window_tb40000,4004.48,2.0,184,0.2589663639814609,0.7142857142857143,0.07399038970898882
pooled_8window_tb40000,4004.48,2.0,185,0.5284965546582368,0.2846320346320346,0.37806950500984254
pooled_8window_tb40000,4004.48,2.0,186,0.7191599373091517,0.30194805194805197,0.5020109951995702
pooled_8window_tb40000,4004.48,2.0,187,0.9693831510369757,0.03787878787878788,0.9326640922855751
pooled_8window_tb40000,4004.48,2.0,188,0.8135923631924886,0.31277056277056275,0.5591246218909418
pooled_8window_tb40000,4004.48,2.0,189,0.6678449461651048,0.23484848484848486,0.511002572444512
pooled_8window_tb40000,4004.48,2.0,190,0.8533257617955163,0.09632034632034632,0.7711331288952988
pooled_8window_tb40000,4004.48,2.0,191,0.7098873255309132,0.11904761904761904,0.6253769296343759
pooled_8window_tb40000,4004.48,2.0,192,0.7653847943687978,0.23809523809523808,0.583150319519084
pooled_8window_tb40000,4004.48,2.0,193,0.8760205033258288,0.025974025974025976,0.8532667240186644
pooled_8window_tb40000,4004.48,2.0,194,0.7139342056811201,0.16558441558441558,0.5957178274676879
pooled_8window_tb40000,4004.48,2.0,195,0.7840243344371014,0.2748917748917749,0.568502493585344
pooled_8window_tb40000,4004.48,2.0,196,0.3946243675312239,0.3344155844155844,0.26265582903863927
pooled_8window_tb40000,4004.48,2.0,197,0.42945652081648666,0.3961038961038961,0.2593471197138523
pooled_8window_tb40000,4004.48,2.0,198,0.5645539121979114,0.6666666666666666,0.18818463739930383
pooled_8window_tb40000,4004.48,2.0,199,0.7985015644173801,0.16558441558441558,0.6662821495300866
pooled_8window_tb40000,4004.48,2.0,200,0.7965616903586297,0.2002164502164502,0.6370769363366097
pooled_8window_tb40000,4004.48,2.0,201,0.660319698407304,0.14177489177489178,0.5667029446287792
pooled_8window_tb40000,4004.48,2.0,202,0.36663327451435185,0.6958874458874459,0.11149778153520873
pooled_8window_tb40000,4004.48,2.0,203,0.5337736515451367,0.32142857142857145,0.3622035492627713
pooled_8window_tb40000,4004.48,2.0,204,0.5214021578039234,0.538961038961039,0.24038670911739324
pooled_8window_tb40000,4004.48,2.0,205,0.7261228274856486,0.4880952380952381,0.3717057331176534
pooled_8window_tb40000,4004.48,2.0,206,0.7299405002405001,0.22294372294372294,0.5672048475894794
pooled_8window_tb40000,4004.48,2.0,207,0.7599723003503807,0.15692640692640691,0.6407125778927993
pooled_8window_tb40000,4004.48,2.0,208,0.366424240750021,0.341991341991342,0.24111032291776271
pooled_8window_tb40000,4004.48,2.0,209,0.8726254798563003,0.20346320346320346,0.6950783043011224
pooled_8window_tb40000,4004.48,2.0,210,0.27091484235316116,0.47835497835497837,0.1413213788032724
pooled_8window_tb40000,4004.48,2.0,211,0.8098770209162662,0.14177489177489178,0.6950567939248908
pooled_8window_tb40000,4004.48,2.0,212,0.4415638759584377,0.5595238095238095,0.19449837393407374
pooled_8window_tb40000,4004.48,2.0,213,0.3616921140393272,0.31601731601731603,0.24739114293599002
pooled_8window_tb40000,4004.48,2.0,214,0.7470638185694098,0.13528138528138528,0.6459999902997386
pooled_8window_tb40000,4004.48,2.0,215,0.37348288049775563,0.5551948051948052,0.16612712541620947
pooled_8window_tb40000,4004.48,2.0,216,0.4517396795112382,0.5324675324675324,0.2112029670442153
pooled_8window_tb40000,4004.48,2.0,217,0.4943800642654024,0.5584415584415584,0.21829769071459326
pooled_8window_tb40000,4004.48,2.0,218,0.7671300887780539,0.1266233766233766,0.6699934866275861
pooled_8window_tb40000,4004.48,2.0,219,0.7135713113516025,0.44047619047619047,0.399260138494349
pooled_8window_tb40000,4004.48,2.0,220,0.7398090948021183,0.2987012987012987,0.5188271573936933
pooled_8window_tb40000,4004.48,2.0,221,0.3688740366364579,0.6731601731601732,0.12056272625996783
pooled_8window_tb40000,4004.48,2.0,222,0.39425307612944854,0.6958874458874459,0.11989730994845783
pooled_8window_tb40000,4004.48,2.0,223,0.7106981626334692,0.41233766233766234,0.41765054362551274
pooled_8window_tb40000,4004.48,2.0,224,0.4567802065969594,0.09632034632034632,0.4127829789052609
pooled_8window_tb40000,4004.48,2.0,225,0.5110482805036829,0.20454545454545456,0.4065156776733841
pooled_8window_tb40000,4004.48,2.0,226,0.7619230942622399,0.6612554112554112,0.25809732522086704
pooled_8window_tb40000,4004.48,2.0,227,0.7862407856695457,0.15043290043290045,0.6679643038426335
pooled_8window_tb40000,4004.48,2.0,228,0.8382665029404265,0.3300865800865801,0.5615659797836839
pooled_8window_tb40000,4004.48,2.0,229,0.5317061803341511,0.19155844155844157,0.4298533730623494
pooled_8window_tb40000,4004.48,2.0,230,0.5699655341446985,0.5735930735930735,0.24303725157252298
pooled_8window_tb40000,4004.48,2.0,231,0.6990294874352737,0.46320346320346323,0.37523660797391317
pooled_8window_tb40000,4004.48,2.0,232,0.4879871471254919,0.26731601731601734,0.3575403664545
pooled_8window_tb40000,4004.48,2.0,233,0.8105881467781983,0.4393939393939394,0.454420627739293
pooled_8window_tb40000,4004.48,2.0,234,0.4966039409768155,0.2132034632034632,0.3907262609200702
pooled_8window_tb40000,4004.48,2.0,235,0.6620913917736775,0.31601731601731603,0.4528590471871906
pooled_8window_tb40000,4004.48,2.0,236,0.4471597692547301,0.2196969696969697,0.3489201229790697
pooled_8window_tb40000,4004.48,2.0,237,0.554029270120438,0.28354978354978355,0.39693439049754325
pooled_8window_tb40000,4004.48,2.0,238,0.5823541439214103,0.1774891774891775,0.4789925859093851
pooled_8window_tb40000,4004.48,2.0,239,0.35178619332130356,0.3235930735930736,0.23795061777685575
pooled_8window_tb40000,4004.48,2.0,240,0.7059755717658279,0.24567099567099568,0.5325378501307165
pooled_8window_tb40000,4004.48,2.0,241,0.45139840204457893,0.24134199134199133,0.34245701280654745
pooled_8window_tb40000,4004.48,2.0,242,0.6094536115773115,0.34523809523809523,0.39904700758038253
pooled_8window_tb40000,4004.48,2.0,243,0.6567604866973318,0.35173160173160173,0.425757068757253
pooled_8window_tb40000,4004.48,2.0,244,0.5346946361996724,0.4945887445887446,0.27024068734334095
pooled_8window_tb40000,4004.48,2.0,245,0.44052724487261874,0.42207792207792205,0.25459042073807187
pooled_8window_tb40000,4004.48,2.0,246,0.4600045309998268,0.44805194805194803,0.2538986047726317
pooled_8window_tb40000,4004.48,2.0,247,0.7242166698390765,0.29004329004329005,0.5141624842147555
pooled_8window_tb40000,4004.48,2.0,248,0.7624057441953809,0.3852813852813853,0.4686650029252991
pooled_8window_tb40000,4004.48,2.0,249,0.7630177995048412,0.33116883116883117,0.5103300866818093
pooled_8window_tb40000,4004.48,2.0,250,0.7430665789657264,0.1699134199134199,0.6168095953102946
pooled_8window_tb40000,4004.48,2.0,251,0.6680597279909964,0.3268398268398268,0.4497112021757574
pooled_8window_tb40000,4004.48,2.0,252,0.3560666061065897,0.2792207792207792,0.2566454108950094
pooled_8window_tb40000,4004.48,2.0,253,0.7130771769145343,0.3874458874458874,0.43679835728747446
pooled_8window_tb40000,4004.48,2.0,254,0.2779598254680023,0.23917748917748918,0.2114780923203524
pooled_8window_tb40000,4004.48,2.0,255,0.37648680395214773,0.3538961038961039,0.24324959086518635
pooled_8window_tb40000,4004.48,2.0,256,0.48031211472952534,0.5681818181818182,0.20740750408774955
pooled_8window_tb40000,4004.48,2.0,257,0.6123528499610096,0.31277056277056275,0.4208269044645466
pooled_8window_tb40000,4004.48,2.0,258,0.8169409477994793,0.13636363636363635,0.7055399094631867
pooled_8window_tb40000,4004.48,2.0,259,0.6548728995713234,0.2510822510822511,0.49044593777419465
pooled_8window_tb40000,4004.48,2.0,260,0.254846292615748,0.3246753246753247,0.1721039898184272
pooled_8window_tb40000,4004.48,2.0,261,0.7887118456682274,0.15043290043290045,0.6700636351185698
pooled_8window_tb40000,4004.48,2.0,262,0.6336610442516809,0.6958874458874459,0.19270427860900685
pooled_8window_tb40000,4004.48,2.0,263,0.9083518403621036,0.21428571428571427,0.7137050174273671
pooled_8window_tb40000,4004.48,2.0,264,0.5169623847905164,0.9816017316017316,0.009511212707184833
pooled_8window_tb40000,4004.48,2.0,265,0.5072929743322887,0.2435064935064935,0.3837638409721535
pooled_8window_tb40000,4004.48,2.0,266,0.7132994805038747,0.18722943722943722,0.5797488201930844
pooled_8window_tb40000,4004.48,2.0,267,0.38430428165271446,0.6222943722943723,0.14515388993159883
pooled_8window_tb40000,4004.48,2.0,268,0.9016440626911779,0.18398268398268397,0.7357571680402036
pooled_8window_tb40000,4004.48,2.0,269,0.3952771144846444,0.7012987012987013,0.11806978744346522
pooled_8window_tb40000,4004.48,2.0,270,0.36222246477351494,0.7316017316017316,0.0972198823201642
pooled_8window_tb40000,4004.48,2.0,271,0.43581233216209175,0.14177489177489178,0.374025085935648
pooled_8window_tb40000,4004.48,2.0,272,0.5214160037964456,0.2857142857142857,0.3724400027117469
pooled_8window_tb40000,4004.48,2.0,273,0.5533605129257961,0.3961038961038961,0.3341722578058379
pooled_8window_tb40000,4004.48,2.0,274,0.8366338591732567,0.26082251082251084,0.618420915384561
pooled_8window_tb40000,4004.48,2.0,275,0.6829539266686109,0.44047619047619047,0.38212898277886564
pooled_8window_tb40000,4004.48,2.0,276,0.7436469047603387,0.14393939393939395,0.6366068199842293
pooled_8window_tb40000,4004.48,2.0,277,0.2747079143625214,0.9069264069264069,0.025568052635472776
pooled_8window_tb40000,4004.48,2.0,278,0.7051702884975257,0.26515151515151514,0.5181933180625757
pooled_8window_tb40000,4004.48,2.0,279,0.9179845766467667,0.20562770562770563,0.7292215143492714
pooled_8window_tb40000,4004.48,2.0,280,0.749141589152253,0.2662337662337662,0.5496948024299
pooled_8window_tb40000,4004.48,2.0,281,0.46148408255313506,0.566017316017316,0.20027610076169608
pooled_8window_tb40000,4004.48,2.0,282,0.7329268302151122,0.12445887445887446,0.6417075818658288
pooled_8window_tb40000,4004.48,2.0,283,0.9282659074107834,0.21428571428571427,0.7293517843941869
pooled_8window_tb40000,4004.48,2.0,284,0.3956463806381455,0.6731601731601732,0.1293129945375757
pooled_8window_tb40000,4004.48,2.0,285,0.5815866992481723,0.7164502164502164,0.16490878268725231
pooled_8window_tb40000,4004.48,2.0,286,0.6194329098443844,0.35714285714285715,0.39820687061424703
pooled_8window_tb40000,4004.48,2.0,287,0.6343780402867494,0.3008658008658009,0.4435153831441992
pooled_8window_tb40000,4004.48,2.0,288,0.5801862925781648,0.5,0.2900931462890824
pooled_8window_tb40000,4004.48,2.0,289,0.4378690283947938,0.6439393939393939,0.155907911625419
pooled_8window_tb40000,4004.48,2.0,290,0.5911577546827949,0.08874458874458875,0.5386957028602957
pooled_8window_tb40000,4004.48,2.0,291,0.32623029199230114,0.7662337662337663,0.07626162669949896
pooled_8window_tb40000,4004.48,2.0,292,0.4902889164645907,0.604978354978355,0.19367473431772253
pooled_8window_tb40000,4004.48,2.0,293,0.5336730120088475,0.24458874458874458,0.4031425999807095
pooled_8window_tb40000,4004.48,2.0,294,0.7431657242839506,0.2987012987012987,0.5211811572900432
pooled_8window_tb40000,4004.48,2.0,295,0.4617225334919115,0.6991341991341992,0.1389165198168305
pooled_8window_tb40000,4004.48,2.0,296,0.33296962006420433,0.45346320346320346,0.1819801494939645
pooled_8window_tb40000,4004.48,2.0,297,0.34901114077492446,0.4945887445887446,0.17639415881156897
pooled_8window_tb40000,4004.48,2.0,298,0.6947278668343089,0.3582251082251082,0.44585890155059
pooled_8window_tb40000,4004.48,2.0,299,0.7487932373233878,0.2727272727272727,0.5445768998715548
pooled_8window_tb40000,4004.48,3.0,0,0.935803798627243,0.09090909090909091,0.8507307260247664
pooled_8window_tb40000,4004.48,3.0,1,0.9258056118465993,0.16233766233766234,0.7755124930403331
pooled_8window_tb40000,4004.48,3.0,2,0.9818819267535039,0.0367965367965368,0.9457520723058641
pooled_8window_tb40000,4004.48,3.0,3,0.9936977764294317,0.0,0.9936977764294317
pooled_8window_tb40000,4004.48,3.0,4,0.6120289414416762,0.27380952380952384,0.4444495884278839
pooled_8window_tb40000,4004.48,3.0,5,0.4489154798008043,0.44696969696969696,0.24826386382923266
pooled_8window_tb40000,4004.48,3.0,6,0.9451696090675276,0.022727272727272728,0.9236884815887202
pooled_8window_tb40000,4004.48,3.0,7,0.803067645262673,0.1461038961038961,0.685736333454815
pooled_8window_tb40000,4004.48,3.0,8,0.9628453786163261,0.007575757575757576,0.9555510954449903
pooled_8window_tb40000,4004.48,3.0,9,0.8416523343218724,0.22727272727272727,0.6503677128850832
pooled_8window_tb40000,4004.48,3.0,10,0.8305624292967652,0.24783549783549783,0.6247195761485409
pooled_8window_tb40000,4004.48,3.0,11,0.627444035887724,0.275974025974026,0.4542857792303976
pooled_8window_tb40000,4004.48,3.0,12,0.6588521544891818,0.1774891774891775,0.5419130275019244
pooled_8window_tb40000,4004.48,3.0,13,0.6163756700998384,0.18181818181818182,0.5043073664453223
pooled_8window_tb40000,4004.48,3.0,14,0.4410962476093745,0.2326839826839827,0.33846021596866505
pooled_8window_tb40000,4004.48,3.0,15,0.7962823386185776,0.10930735930735931,0.7092428189210923
pooled_8window_tb40000,4004.48,3.0,16,0.3099854885875131,0.4707792207792208,0.16405076181741768
pooled_8window_tb40000,4004.48,3.0,17,0.7221244728978593,0.24675324675324675,0.5439379146503356
pooled_8window_tb40000,4004.48,3.0,18,0.4707001422689567,0.8538961038961039,0.06877112468215274
pooled_8window_tb40000,4004.48,3.0,19,0.8620651337972369,0.08008658008658008,0.7930252854195361
pooled_8window_tb40000,4004.48,3.0,20,0.714507828917966,0.22077922077922077,0.5567593472088047
pooled_8window_tb40000,4004.48,3.0,21,0.7091853196611503,0.3712121212121212,0.44592713281723845
pooled_8window_tb40000,4004.48,3.0,22,0.48951867626717727,0.2554112554112554,0.3644900966145216
pooled_8window_tb40000,4004.48,3.0,23,0.9047920966856985,0.0735930735930736,0.8382056653278764
pooled_8window_tb40000,4004.48,3.0,24,0.35739297863591035,0.8809523809523809,0.04254678317094172
pooled_8window_tb40000,4004.48,3.0,25,0.8319316018837715,0.15151515151515152,0.7058813591741091
pooled_8window_tb40000,4004.48,3.0,26,0.8828869719594462,0.12987012987012986,0.7682263262504272
pooled_8window_tb40000,4004.48,3.0,27,0.9786045813537007,0.012987012987012988,0.9658954309465098
pooled_8window_tb40000,4004.48,3.0,28,0.9560338598534065,0.047619047619047616,0.9105084379556252
pooled_8window_tb40000,4004.48,3.0,29,0.8651156240852935,0.10822510822510822,0.7714883920414306
pooled_8window_tb40000,4004.48,3.0,30,0.8251226651353027,0.04112554112554113,0.7911890490366648
pooled_8window_tb40000,4004.48,3.0,31,0.8929272229591072,0.21753246753246752,0.6986865608218988
pooled_8window_tb40000,4004.48,3.0,32,0.5580789126136003,0.14393939393939395,0.4777493721616427
pooled_8window_tb40000,4004.48,3.0,33,0.7727776535561968,0.17857142857142858,0.6347816439925902
pooled_8window_tb40000,4004.48,3.0,34,0.6431027020613705,0.3463203463203463,0.4203831515639262
pooled_8window_tb40000,4004.48,3.0,35,0.8776171633668376,0.14826839826839827,0.7474942722615813
pooled_8window_tb40000,4004.48,3.0,36,0.7274025306946661,0.22294372294372294,0.5652327024229115
pooled_8window_tb40000,4004.48,3.0,37,0.9011106616617738,0.044372294372294376,0.8611263141205046
pooled_8window_tb40000,4004.48,3.0,38,0.7969941668799605,0.09848484848484848,0.7185023171114795
pooled_8window_tb40000,4004.48,3.0,39,0.661717301760046,0.5238095238095238,0.3151034770285933
pooled_8window_tb40000,4004.48,3.0,40,0.6117998665471367,0.24567099567099568,0.4614983841811193
pooled_8window_tb40000,4004.48,3.0,41,0.9284274877513605,0.06818181818181818,0.8651256135864951
pooled_8window_tb40000,4004.48,3.0,42,0.43946687289918585,0.43073593073593075,0.25017270037334605
pooled_8window_tb40000,4004.48,3.0,43,0.6785682921942026,0.538961038961039,0.3128464204271973
pooled_8window_tb40000,4004.48,3.0,44,0.8831345642308039,0.06277056277056277,0.8276997106319006
pooled_8window_tb40000,4004.48,3.0,45,0.9513406017199204,0.1038961038961039,0.8525000197230456
pooled_8window_tb40000,4004.48,3.0,46,0.6404483890500077,0.19047619047619047,0.5184582197071491
pooled_8window_tb40000,4004.48,3.0,47,0.6871798565935004,0.44372294372294374,0.3822623877587221
pooled_8window_tb40000,4004.48,3.0,48,0.9921226985424682,0.022727272727272728,0.9695744553937757
pooled_8window_tb40000,4004.48,3.0,49,0.49979372653052373,0.32792207792207795,0.3359003291942156
pooled_8window_tb40000,4004.48,3.0,50,0.804278443090549,0.2911255411255411,0.5701324461302052
pooled_8window_tb40000,4004.48,3.0,51,0.6405493403594872,0.6904761904761905,0.19826527201603175
pooled_8window_tb40000,4004.48,3.0,52,0.5278074606214387,0.2067099567099567,0.4187044032851889
pooled_8window_tb40000,4004.48,3.0,53,0.8140661204205718,0.4816017316017316,0.4220104671877207
pooled_8window_tb40000,4004.48,3.0,54,0.5116182801963411,0.21103896103896103,0.4036468898951653
pooled_8window_tb40000,4004.48,3.0,55,0.9290834832478665,0.031385281385281384,0.8999239366957148
pooled_8window_tb40000,4004.48,3.0,56,0.6694773918866663,0.3300865800865801,0.44849188915351346
pooled_8window_tb40000,4004.48,3.0,57,0.8483392548251185,0.1038961038961039,0.7602001114666647
pooled_8window_tb40000,4004.48,3.0,58,0.44171319528081265,0.6017316017316018,0.17592040677850546
pooled_8window_tb40000,4004.48,3.0,59,0.7240411501241721,0.3971861471861472,0.4364620353021254
pooled_8window_tb40000,4004.48,3.0,60,0.44424457465167305,0.5995670995670995,0.17789014352934962
pooled_8window_tb40000,4004.48,3.0,61,0.8963726585328229,0.11580086580086581,0.7925719285944982
pooled_8window_tb40000,4004.48,3.0,62,0.4330420752777103,0.6645021645021645,0.14528467893516256
pooled_8window_tb40000,4004.48,3.0,63,0.8898673225178149,0.08008658008658008,0.8186008919265613
pooled_8window_tb40000,4004.48,3.0,64,0.5559519414830713,0.341991341991342,0.36582119093258364
pooled_8window_tb40000,4004.48,3.0,65,0.7311597479946199,0.16233766233766234,0.612464983709779
pooled_8window_tb40000,4004.48,3.0,66,0.9685230005521145,0.016233766233766232,0.9528002245691256
pooled_8window_tb40000,4004.48,3.0,67,0.633777516782217,0.25757575757575757,0.4705317927625551
pooled_8window_tb40000,4004.48,3.0,68,0.9075799707985992,0.2067099567099567,0.7199741543239969
pooled_8window_tb40000,4004.48,3.0,69,0.6753597935981154,0.15151515151515152,0.5730325521438555
pooled_8window_tb40000,4004.48,3.0,70,0.5166736940019943,0.7045454545454546,0.1526535914096801
pooled_8window_tb40000,4004.48,3.0,71,0.7587244440822043,0.275974025974026,0.5493362046439336
pooled_8window_tb40000,4004.48,3.0,72,0.5523975634357619,0.29978354978354976,0.3867978609772056
pooled_8window_tb40000,4004.48,3.0,73,0.42135378921198635,0.420995670995671,0.24396566799611763
pooled_8window_tb40000,4004.48,3.0,74,0.8872017381957312,0.08441558441558442,0.8123080849714163
pooled_8window_tb40000,4004.48,3.0,75,0.23229908759608708,0.2911255411255411,0.16467089001670676
pooled_8window_tb40000,4004.48,3.0,76,0.7193857549555678,0.36904761904761907,0.45389815491244156
pooled_8window_tb40000,4004.48,3.0,77,0.8870273385912171,0.12987012987012986,0.77182898293002
pooled_8window_tb40000,4004.48,3.0,78,0.8817354356999515,0.170995670995671,0.730962493231778
pooled_8window_tb40000,4004.48,3.0,79,0.7393051897322057,0.023809523809523808,0.7217026852147722
pooled_8window_tb40000,4004.48,3.0,80,0.6347549045876087,0.15692640692640691,0.535145098131761
pooled_8window_tb40000,4004.48,3.0,81,0.9043709039924548,0.10714285714285714,0.8074740214218347
pooled_8window_tb40000,4004.48,3.0,82,0.6175888049814771,0.31493506493506496,0.4230884345814664
pooled_8window_tb40000,4004.48,3.0,83,0.8754238041797494,0.18722943722943722,0.7115186979859219
pooled_8window_tb40000,4004.48,3.0,84,0.5256301744165364,0.7987012987012987,0.10580867147345863
pooled_8window_tb40000,4004.48,3.0,85,0.6782573777881029,0.11904761904761904,0.5975124518609478
pooled_8window_tb40000,4004.48,3.0,86,0.8539932546136304,0.09307359307359307,0.774509033946128
pooled_8window_tb40000,4004.48,3.0,87,0.9285079310488391,0.05411255411255411,0.8782639953860232
pooled_8window_tb40000,4004.48,3.0,88,0.5831591011688091,0.4989177489177489,0.292210675152769
pooled_8window_tb40000,4004.48,3.0,89,0.2678172334804678,0.5476190476190477,0.1211554151459259
pooled_8window_tb40000,4004.48,3.0,90,0.8781386155953439,0.05411255411255411,0.8306202922406175
pooled_8window_tb40000,4004.48,3.0,91,0.9756464244494257,0.05303030303030303,0.923907598910441
pooled_8window_tb40000,4004.48,3.0,92,0.8827575670071296,0.11255411255411256,0.7833995724522146
pooled_8window_tb40000,4004.48,3.0,93,0.7635615713702035,0.29653679653679654,0.5371374690374808
pooled_8window_tb40000,4004.48,3.0,94,0.6362788813936678,0.30844155844155846,0.44002403161315334
pooled_8window_tb40000,4004.48,3.0,95,0.6507892376497607,0.06060606060606061,0.6113474656709874
pooled_8window_tb40000,4004.48,3.0,96,0.6357170912252283,0.6461038961038961,0.2249778017647724
pooled_8window_tb40000,4004.48,3.0,97,0.37282186112755256,0.4491341991341991,0.20537481311030767
pooled_8window_tb40000,4004.48,3.0,98,0.5379389369903106,0.19047619047619047,0.43547437756358476
pooled_8window_tb40000,4004.48,3.0,99,0.7100543419884567,0.20238095238095238,0.5663528680146024
pooled_8window_tb40000,4004.48,3.0,100,0.9722598068327687,0.021645021645021644,0.9512152222692888
pooled_8window_tb40000,4004.48,3.0,101,0.9201993340167014,0.047619047619047616,0.8763803181111441
pooled_8window_tb40000,4004.48,3.0,102,0.829295123179789,0.3181818181818182,0.565428493077129
pooled_8window_tb40000,4004.48,3.0,103,0.48614990004095393,0.19480519480519481,0.3914453740589499
pooled_8window_tb40000,4004.48,3.0,104,0.698403616416772,0.237012987012987,0.5328728891491604
pooled_8window_tb40000,4004.48,3.0,105,0.7460523936282675,0.20454545454545456,0.5934507676588491
pooled_8window_tb40000,4004.48,3.0,106,0.30264167418233756,0.8506493506493507,0.045199730559699766
pooled_8window_tb40000,4004.48,3.0,107,0.9233633212667816,0.1764069264069264,0.7604756358052174
pooled_8window_tb40000,4004.48,3.0,108,0.6460523421173175,0.24025974025974026,0.490831974206014
pooled_8window_tb40000,4004.48,3.0,109,0.8946232526554081,0.15043290043290045,0.7600424819637396
pooled_8window_tb40000,4004.48,3.0,110,0.6835318273023121,0.1406926406926407,0.5873639295216837
pooled_8window_tb40000,4004.48,3.0,111,0.8859450713063999,0.1341991341991342,0.7670520097890908
pooled_8window_tb40000,4004.48,3.0,112,0.7057775660463277,0.5432900432900433,0.32233564163587697
pooled_8window_tb40000,4004.48,3.0,113,0.7005649337480746,0.12337662337662338,0.6141315977661693
pooled_8window_tb40000,4004.48,3.0,114,0.8939131742809869,0.2619047619047619,0.6597930572073951
pooled_8window_tb40000,4004.48,3.0,115,0.9501658660715415,0.09848484848484848,0.8565889247160109
pooled_8window_tb40000,4004.48,3.0,116,0.7932716504929327,0.11580086580086581,0.7014101065505692
pooled_8window_tb40000,4004.48,3.0,117,0.5376541706361566,0.3538961038961039,0.34738045440452975
pooled_8window_tb40000,4004.48,3.0,118,0.7590811403357949,0.39285714285714285,0.46087069234673267
pooled_8window_tb40000,4004.48,3.0,119,0.6012169866730699,0.47294372294372294,0.3168751866989015
pooled_8window_tb40000,4004.48,3.0,120,0.9061166001702261,0.18831168831168832,0.7354842533849237
pooled_8window_tb40000,4004.48,3.0,121,0.9142339788414875,0.04220779220779221,0.8756461810332429
pooled_8window_tb40000,4004.48,3.0,122,0.5525558616649905,0.5692640692640693,0.23800566335786388
pooled_8window_tb40000,4004.48,3.0,123,0.9235134936986571,0.012987012987012988,0.9115198119623109
pooled_8window_tb40000,4004.48,3.0,124,0.3620708430587921,0.7467532467532467,0.09169326544995386
pooled_8window_tb40000,4004.48,3.0,125,0.9799579345479641,0.012987012987012988,0.9672312081252633
pooled_8window_tb40000,4004.48,3.0,126,0.9369220781590761,0.08874458874458875,0.8537753136471234
pooled_8window_tb40000,4004.48,3.0,127,0.91400586721913,0.049783549783549784,0.8685034106259698
pooled_8window_tb40000,4004.48,3.0,128,0.7397768313920782,0.16883116883116883,0.6148794442739351
pooled_8window_tb40000,4004.48,3.0,129,0.4776148714144199,0.30303030303030304,0.33288309219792905
pooled_8window_tb40000,4004.48,3.0,130,0.4826115102466569,0.43398268398268397,0.27316647170887615
pooled_8window_tb40000,4004.48,3.0,131,0.9632783211167011,0.020562770562770564,0.9434706500114876
pooled_8window_tb40000,4004.48,3.0,132,0.9374668916911507,0.05952380952380952,0.8816652909952489
pooled_8window_tb40000,4004.48,3.0,133,0.9601839510482588,0.045454545454545456,0.9165392260006108
pooled_8window_tb40000,4004.48,3.0,134,0.49644696127878285,0.10930735930735931,0.4421816549052362
pooled_8window_tb40000,4004.48,3.0,135,0.8107245346809678,0.20454545454545456,0.6448945162234971
pooled_8window_tb40000,4004.48,3.0,136,0.8463648672529268,0.23376623376623376,0.6485133398431517
pooled_8window_tb40000,4004.48,3.0,137,0.6644736766887472,0.37012987012987014,0.41853212103122395
pooled_8window_tb40000,4004.48,3.0,138,0.6105235191149282,0.21536796536796537,0.47903631099385596
pooled_8window_tb40000,4004.48,3.0,139,0.8161480512646482,0.18831168831168832,0.6624578338187079
pooled_8window_tb40000,4004.48,3.0,140,0.5187527325525819,0.1590909090909091,0.4362238887373984
pooled_8window_tb40000,4004.48,3.0,141,0.9537409681457091,0.048701298701298704,0.907292544372379
pooled_8window_tb40000,4004.48,3.0,142,0.7777928899093339,0.17857142857142858,0.6389013024255242
pooled_8window_tb40000,4004.48,3.0,143,0.9812336697537104,0.0854978354978355,0.8973403148721703
pooled_8window_tb40000,4004.48,3.0,144,0.5609414092892564,0.3625541125541126,0.35756979444953685
pooled_8window_tb40000,4004.48,3.0,145,0.4186371821397764,0.1277056277056277,0.3651748580137011
pooled_8window_tb40000,4004.48,3.0,146,0.8788203021627152,0.2532467532467532,0.656261913952677
pooled_8window_tb40000,4004.48,3.0,147,0.956830746475575,0.0010822510822510823,0.9557952153646706
pooled_8window_tb40000,4004.48,3.0,148,0.6581840709641722,0.22294372294372294,0.5114460638011641
pooled_8window_tb40000,4004.48,3.0,149,0.9969833562436458,0.00974025974025974,0.9872724793971168
pooled_8window_tb40000,4004.48,3.0,150,0.8446318647217773,0.2132034632034632,0.6645534260310954
pooled_8window_tb40000,4004.48,3.0,151,0.5192901352746533,0.030303030303030304,0.5035540705693607
pooled_8window_tb40000,4004.48,3.0,152,0.9517836765005995,0.07683982683982683,0.8786487836093196
pooled_8window_tb40000,4004.48,3.0,153,0.9174116370904265,0.04220779220779221,0.8786897173431033
pooled_8window_tb40000,4004.48,3.0,154,0.4011375248285223,0.2846320346320346,0.2869609349693217
pooled_8window_tb40000,4004.48,3.0,155,0.6870657152276245,0.07683982683982683,0.634271704641952
pooled_8window_tb40000,4004.48,3.0,156,0.6213258862467304,0.395021645021645,0.37588871256701545
pooled_8window_tb40000,4004.48,3.0,157,0.9807526770983623,0.005411255411255411,0.9754455738673106
pooled_8window_tb40000,4004.48,3.0,158,0.8861619870931674,0.11363636363636363,0.7854617612871256
pooled_8window_tb40000,4004.48,3.0,159,0.6225071957574437,0.13744588744588745,0.536946141795111
pooled_8window_tb40000,4004.48,3.0,160,0.8025815029687378,0.2813852813852814,0.5767468809212575
pooled_8window_tb40000,4004.48,3.0,161,0.5402710798015612,0.24567099567099568,0.4075421456944677
pooled_8window_tb40000,4004.48,3.0,162,0.8230247918094749,0.17207792207792208,0.681400395816286
pooled_8window_tb40000,4004.48,3.0,163,0.3178410938866678,0.5270562770562771,0.15032095024726605
pooled_8window_tb40000,4004.48,3.0,164,0.7463993346136947,0.5800865800865801,0.31342309721873757
pooled_8window_tb40000,4004.48,3.0,165,0.7556060630203014,0.19155844155844157,0.6108633431560229
pooled_8window_tb40000,4004.48,3.0,166,0.5968899067299771,0.23593073593073594,0.4560652317655453
pooled_8window_tb40000,4004.48,3.0,167,0.90315274219355,0.21212121212121213,0.7115748877888576
pooled_8window_tb40000,4004.48,3.0,168,0.7451514065517307,0.1590909090909091,0.6266045918730463
pooled_8window_tb40000,4004.48,3.0,169,0.22150496491805538,0.6915584415584416,0.06832133658186772
pooled_8window_tb40000,4004.48,3.0,170,0.6941034596526225,0.44696969696969696,0.38386024662607154
pooled_8window_tb40000,4004.48,3.0,171,0.9394847666456939,0.08441558441558442,0.8601776110197588
pooled_8window_tb40000,4004.48,3.0,172,0.8106569279091713,0.05952380952380952,0.7624035393431492
pooled_8window_tb40000,4004.48,3.0,173,0.6300944590734707,0.4274891774891775,0.36073589702366454
pooled_8window_tb40000,4004.48,3.0,174,0.8083455084828803,0.01948051948051948,0.7925985180578892
pooled_8window_tb40000,4004.48,3.0,175,0.8233257467543755,0.07251082251082251,0.7636257196628786
pooled_8window_tb40000,4004.48,3.0,176,0.8645253924962498,0.04004329004329004,0.8299069514547334
pooled_8window_tb40000,4004.48,3.0,177,0.8936568884338691,0.03354978354978355,0.8636748932591398
pooled_8window_tb40000,4004.48,3.0,178,0.842634880338099,0.15043290043290045,0.7158748712829087
pooled_8window_tb40000,4004.48,3.0,179,0.6775194996210435,0.1590909090909091,0.5697323064995139
pooled_8window_tb40000,4004.48,3.0,180,0.9460249220418234,0.08008658008658008,0.8702610213588202
pooled_8window_tb40000,4004.48,3.0,181,0.5414093464737214,0.2878787878787879,0.3855490800646198
pooled_8window_tb40000,4004.48,3.0,182,0.7378178368885687,0.18614718614718614,0.6004751226625581
pooled_8window_tb40000,4004.48,3.0,183,0.8673001628637396,0.1406926406926407,0.7452774126772826
pooled_8window_tb40000,4004.48,3.0,184,0.3136561913560538,0.6439393939393939,0.11168061358889796
pooled_8window_tb40000,4004.48,3.0,185,0.5838349439493686,0.275974025974026,0.4227116639633416
pooled_8window_tb40000,4004.48,3.0,186,0.7841984369818336,0.10606060606060606,0.7010258754837603
pooled_8window_tb40000,4004.48,3.0,187,0.8840905634763254,0.09632034632034632,0.7989346542237356
pooled_8window_tb40000,4004.48,3.0,188,0.6857332263927084,0.21861471861471862,0.5358218500601033
pooled_8window_tb40000,4004.48,3.0,189,0.6716124146963667,0.3170995670995671,0.4586444087374539
pooled_8window_tb40000,4004.48,3.0,190,0.5808234868061575,0.5735930735930735,0.2476671577939676
pooled_8window_tb40000,4004.48,3.0,191,0.8620395802076184,0.2662337662337662,0.6325355361263694
pooled_8window_tb40000,4004.48,3.0,192,0.5653721459553668,0.288961038961039,0.40200162326047184
pooled_8window_tb40000,4004.48,3.0,193,0.8380232039330853,0.14177489177489178,0.7192125548906241
pooled_8window_tb40000,4004.48,3.0,194,0.8424954816825118,0.05844155844155844,0.7932587327530144
pooled_8window_tb40000,4004.48,3.0,195,0.9520895147897238,0.012987012987012988,0.9397247158963508
pooled_8window_tb40000,4004.48,3.0,196,0.8203910460340473,0.2326839826839827,0.6294991900845666
pooled_8window_tb40000,4004.48,3.0,197,0.8309316384149033,0.31926406926406925,0.565645022254301
pooled_8window_tb40000,4004.48,3.0,198,0.8741429826434441,0.08225108225108226,0.8022437762788318
pooled_8window_tb40000,4004.48,3.0,199,0.9279310361820124,0.048701298701298704,0.8827395896147067
pooled_8window_tb40000,4004.48,3.0,200,0.9344102544614362,0.021645021645021644,0.9141849242782882
pooled_8window_tb40000,4004.48,3.0,201,0.9606727359903622,0.09523809523809523,0.8691800944674706
pooled_8window_tb40000,4004.48,3.0,202,0.6348872658622887,0.19047619047619047,0.5139563580789956
pooled_8window_tb40000,4004.48,3.0,203,0.9267916840306347,0.13528138528138528,0.8014140211477025
pooled_8window_tb40000,4004.48,3.0,204,0.7812712910733876,0.23917748917748918,0.5944087853079995
pooled_8window_tb40000,4004.48,3.0,205,0.8673015086400394,0.09199134199134198,0.7875172789491267
pooled_8window_tb40000,4004.48,3.0,206,0.9093165859066437,0.09090909090909091,0.8266514417333124
pooled_8window_tb40000,4004.48,3.0,207,0.4391129271264901,0.5941558441558441,0.17821141522990672
pooled_8window_tb40000,4004.48,3.0,208,0.4650875171878566,0.16883116883116883,0.3865662480522445
pooled_8window_tb40000,4004.48,3.0,209,0.8905278669671368,0.07034632034632035,0.8278825083601412
pooled_8window_tb40000,4004.48,3.0,210,0.9086618222714775,0.11904761904761904,0.8004877958105873
pooled_8window_tb40000,4004.48,3.0,211,0.9900783134264437,0.01948051948051948,0.9707910735545
pooled_8window_tb40000,4004.48,3.0,212,0.4157117582643392,0.551948051948052,0.1862604631184377
pooled_8window_tb40000,4004.48,3.0,213,0.5012650663888933,0.6385281385281385,0.1811932166384095
pooled_8window_tb40000,4004.48,3.0,214,0.5664705049484132,0.1893939393939394,0.4591844244657592
pooled_8window_tb40000,4004.48,3.0,215,0.9269428915204422,0.11796536796536797,0.8175957322393511
pooled_8window_tb40000,4004.48,3.0,216,0.9654742829522023,0.06926406926406926,0.8986016053451233
pooled_8window_tb40000,4004.48,3.0,217,0.29213145075638736,0.6753246753246753,0.09484787362220369
pooled_8window_tb40000,4004.48,3.0,218,0.8759712240330181,0.11580086580086581,0.7745329978733504
pooled_8window_tb40000,4004.48,3.0,219,0.8299639103846994,0.15476190476190477,0.7015171147299245
pooled_8window_tb40000,4004.48,3.0,220,0.8390384728341036,0.19805194805194806,0.672865268798778
pooled_8window_tb40000,4004.48,3.0,221,0.9486411612243895,0.07467532467532467,0.8778010745095811
pooled_8window_tb40000,4004.48,3.0,222,0.774116262851416,0.19047619047619047,0.626665546117813
pooled_8window_tb40000,4004.48,3.0,223,0.7693676530982305,0.13203463203463203,0.6677844781220572
pooled_8window_tb40000,4004.48,3.0,224,0.9683153300384317,0.03463203463203463,0.9347805999938107
pooled_8window_tb40000,4004.48,3.0,225,0.4188426949957096,0.4318181818181818,0.23797880397483498
pooled_8window_tb40000,4004.48,3.0,226,0.4946749882216277,0.4101731601731602,0.2917725850441419
pooled_8window_tb40000,4004.48,3.0,227,0.8916309058256534,0.17857142857142858,0.7324111012139296
pooled_8window_tb40000,4004.48,3.0,228,0.8226639393938429,0.06060606060606061,0.7728055188245191
pooled_8window_tb40000,4004.48,3.0,229,0.731578145095146,0.3116883116883117,0.5035537881823732
pooled_8window_tb40000,4004.48,3.0,230,0.9607354513117694,0.0,0.9607354513117694
pooled_8window_tb40000,4004.48,3.0,231,0.9934169675489697,0.0183982683982684,0.9751398155486098
pooled_8window_tb40000,4004.48,3.0,232,0.8297830710707279,0.22402597402597402,0.643890110343844
pooled_8window_tb40000,4004.48,3.0,233,0.7460116257001044,0.16774891774891776,0.6208689828608012
pooled_8window_tb40000,4004.48,3.0,234,0.462576016763244,0.75,0.115644004190811
pooled_8window_tb40000,4004.48,3.0,235,0.9261503851180143,0.21645021645021645,0.7256849337937687
pooled_8window_tb40000,4004.48,3.0,236,0.9392328774260252,0.023809523809523808,0.9168701898682627
pooled_8window_tb40000,4004.48,3.0,237,0.9777769407509576,0.005411255411255411,0.9724859399893182
pooled_8window_tb40000,4004.48,3.0,238,0.6720868495511719,0.15800865800865802,0.5658913083883244
pooled_8window_tb40000,4004.48,3.0,239,0.6782888327369367,0.5064935064935064,0.3347399434286182
pooled_8window_tb40000,4004.48,3.0,240,0.728492253161884,0.17965367965367965,0.5976159392821516
pooled_8window_tb40000,4004.48,3.0,241,0.4479615051654854,0.36363636363636365,0.28506641237803615
pooled_8window_tb40000,4004.48,3.0,242,0.9703363526054847,0.04220779220779221,0.9293805974630454
pooled_8window_tb40000,4004.48,3.0,243,0.8505347021506288,0.2662337662337662,0.6240936450845523
pooled_8window_tb40000,4004.48,3.0,244,0.6800624676966428,0.17207792207792208,0.5630387313722205
pooled_8window_tb40000,4004.48,3.0,245,0.8901152411202298,0.30303030303030304,0.6203833498716753
pooled_8window_tb40000,4004.48,3.0,246,0.9518903497815203,0.027056277056277056,0.9261357407506351
pooled_8window_tb40000,4004.48,3.0,247,0.39029148430229355,0.2987012987012987,0.2737109110691409
pooled_8window_tb40000,4004.48,3.0,248,0.39015274517943044,0.33116883116883117,0.2609463165810476
pooled_8window_tb40000,4004.48,3.0,249,0.6433834526850662,0.42207792207792205,0.3718255018764344
pooled_8window_tb40000,4004.48,3.0,250,0.7648263520317158,0.25,0.5736197640237868
pooled_8window_tb40000,4004.48,3.0,251,0.9348251985468083,0.0010822510822510823,0.9338134829639654
pooled_8window_tb40000,4004.48,3.0,252,0.8353443433578094,0.3246753246753247,0.5641286474624168
pooled_8window_tb40000,4004.48,3.0,253,0.6204131811563949,0.3712121212121212,0.3901082881513695
pooled_8window_tb40000,4004.48,3.0,254,0.9829749561526635,0.03354978354978355,0.9499963591388837
pooled_8window_tb40000,4004.48,3.0,255,0.9938593476551851,0.0010822510822510823,0.9927837423005799
pooled_8window_tb40000,4004.48,3.0,256,0.7162028957346886,0.2803030303030303,0.5154490537484502
pooled_8window_tb40000,4004.48,3.0,257,0.6071315171195791,0.3354978354978355,0.40344020726344326
pooled_8window_tb40000,4004.48,3.0,258,0.9924613584204176,0.0,0.9924613584204176
pooled_8window_tb40000,4004.48,3.0,259,0.7589104565814986,0.5292207792207793,0.35727927339064053
pooled_8window_tb40000,4004.48,3.0,260,0.9793075775304321,0.047619047619047616,0.9326738833623162
pooled_8window_tb40000,4004.48,3.0,261,0.34036862739019313,0.4675324675324675,0.18123524315581716
pooled_8window_tb40000,4004.48,3.0,262,0.9895058365300914,0.0010822510822510823,0.9884349427676129
pooled_8window_tb40000,4004.48,3.0,263,0.9347324761527249,0.01948051948051948,0.9165234019419576
pooled_8window_tb40000,4004.48,3.0,264,0.8231501582696622,0.16125541125541126,0.690412740972931
pooled_8window_tb40000,4004.48,3.0,265,0.9552421788268464,0.03896103896103896,0.9180249510803459
pooled_8window_tb40000,4004.48,3.0,266,0.45255844944580526,0.4675324675324675,0.2409726808737405
pooled_8window_tb40000,4004.48,3.0,267,0.7052057453326083,0.2012987012987013,0.5632487446487715
pooled_8window_tb40000,4004.48,3.0,268,0.975730755616261,0.00974025974025974,0.9662268846199987
pooled_8window_tb40000,4004.48,3.0,269,0.9347143565900603,0.23809523809523808,0.7121633193067126
pooled_8window_tb40000,4004.48,3.0,270,0.5424068645327546,0.4145021645021645,0.31757804514309546
pooled_8window_tb40000,4004.48,3.0,271,0.5544761529036509,0.12987012987012986,0.4824662629161638
pooled_8window_tb40000,4004.48,3.0,272,0.6402719757671428,0.5811688311688312,0.26816585998039416
pooled_8window_tb40000,4004.48,3.0,273,0.5670742181500266,0.18181818181818182,0.4639698148500217
pooled_8window_tb40000,4004.48,3.0,274,0.7297067416328177,0.4491341991341991,0.40197048862673623
pooled_8window_tb40000,4004.48,3.0,275,0.9336983085892291,0.05844155844155844,0.8791315243210274
pooled_8window_tb40000,4004.48,3.0,276,0.8264994124870821,0.1331168831168831,0.7164783867988667
pooled_8window_tb40000,4004.48,3.0,277,0.5220345349052938,0.23809523809523808,0.397740598023081
pooled_8window_tb40000,4004.48,3.0,278,0.4177173343444207,0.18614718614718614,0.33996042795130343
pooled_8window_tb40000,4004.48,3.0,279,0.6061120263637051,0.2435064935064935,0.45851981215176396
pooled_8window_tb40000,4004.48,3.0,280,0.615497807384783,0.37662337662337664,0.38368694486324134
pooled_8window_tb40000,4004.48,3.0,281,0.6400682710796843,0.3852813852813853,0.39346188092344236
pooled_8window_tb40000,4004.48,3.0,282,0.8625541594920583,0.11904761904761904,0.7598691405049085
pooled_8window_tb40000,4004.48,3.0,283,0.8379163580862787,0.37337662337662336,0.5250579776319864
pooled_8window_tb40000,4004.48,3.0,284,0.5919465360553013,0.5714285714285714,0.25369137259512914
pooled_8window_tb40000,4004.48,3.0,285,0.8193396092280583,0.29978354978354976,0.5737150726954044
pooled_8window_tb40000,4004.48,3.0,286,0.6580544323289256,0.32792207792207795,0.4422638554937909
pooled_8window_tb40000,4004.48,3.0,287,0.6614476288441196,0.3939393939393939,0.40087735081461795
pooled_8window_tb40000,4004.48,3.0,288,0.44594465823862833,0.26731601731601734,0.32673650825492573
pooled_8window_tb40000,4004.48,3.0,289,0.8807472561186642,0.18614718614718614,0.7167986326853197
pooled_8window_tb40000,4004.48,3.0,290,0.8297907894687417,0.1764069264069264,0.6834099467377841
pooled_8window_tb40000,4004.48,3.0,291,0.7677731816045309,0.3625541125541126,0.48941385710505275
pooled_8window_tb40000,4004.48,3.0,292,0.5418908401327878,0.5313852813852814,0.2539380235687198
pooled_8window_tb40000,4004.48,3.0,293,0.6282264217305248,0.27813852813852813,0.45349244945266237
pooled_8window_tb40000,4004.48,3.0,294,0.5935907107708105,0.4512987012987013,0.3257039938969707
pooled_8window_tb40000,4004.48,3.0,295,0.7382566869750892,0.09307359307359307,0.6695444845077108
pooled_8window_tb40000,4004.48,3.0,296,0.9529794040198969,0.031385281385281384,0.9230698772703546
pooled_8window_tb40000,4004.48,3.0,297,0.6563210196025724,0.1937229437229437,0.5291765796579182
pooled_8window_tb40000,4004.48,3.0,298,0.9509486967668545,0.08116883116883117,0.8737613025487656
pooled_8window_tb40000,4004.48,3.0,299,0.6821643793592643,0.4166666666666667,0.39792922129290415
pooled_8window_tb40000,4004.48,4.0,0,0.6860558556923742,0.044372294372294376,0.6556139833077558
pooled_8window_tb40000,4004.48,4.0,1,0.968821239768451,0.07900432900432901,0.8922801677954024
pooled_8window_tb40000,4004.48,4.0,2,0.9629129043448448,0.0,0.9629129043448448
pooled_8window_tb40000,4004.48,4.0,3,0.8228790465859909,0.14502164502164502,0.7035437735962475
pooled_8window_tb40000,4004.48,4.0,4,0.8992821808839491,0.07792207792207792,0.8292082447111738
pooled_8window_tb40000,4004.48,4.0,5,0.8739989045014762,0.07575757575757576,0.8077868662816674
pooled_8window_tb40000,4004.48,4.0,6,0.9668226333266405,0.015151515151515152,0.9521738055489641
pooled_8window_tb40000,4004.48,4.0,7,0.8888332671324857,0.2132034632034632,0.6993309363693908
pooled_8window_tb40000,4004.48,4.0,8,0.8996641619500507,0.12987012987012986,0.7828246603980961
pooled_8window_tb40000,4004.48,4.0,9,0.916726527094238,0.04004329004329004,0.8800177808794255
pooled_8window_tb40000,4004.48,4.0,10,0.8899033140849846,0.19805194805194806,0.7136562291525688
pooled_8window_tb40000,4004.48,4.0,11,0.8934776526177715,0.05844155844155844,0.8412614261660836
pooled_8window_tb40000,4004.48,4.0,12,0.76454887805036,0.1406926406926407,0.6569824774588591
pooled_8window_tb40000,4004.48,4.0,13,0.915516421741164,0.044372294372294376,0.8748928575729954
pooled_8window_tb40000,4004.48,4.0,14,0.4843543428824894,0.030303030303030304,0.469676938552717
pooled_8window_tb40000,4004.48,4.0,15,0.7709242225173818,0.2532467532467532,0.5756901661655773
pooled_8window_tb40000,4004.48,4.0,16,0.6248076490660934,0.17316017316017315,0.516615848362008
pooled_8window_tb40000,4004.48,4.0,17,0.99437256205858,0.05411255411255411,0.940564522986146
pooled_8window_tb40000,4004.48,4.0,18,0.9911613520160871,0.05411255411255411,0.9375270797208444
pooled_8window_tb40000,4004.48,4.0,19,0.9119628623209638,0.1341991341991342,0.7895782357757263
pooled_8window_tb40000,4004.48,4.0,20,0.9815459307211302,0.025974025974025976,0.9560512312218801
pooled_8window_tb40000,4004.48,4.0,21,0.9561275630067737,0.03463203463203463,0.9230149201320802
pooled_8window_tb40000,4004.48,4.0,22,0.9910094617182142,0.008658008658008658,0.9824292932184894
pooled_8window_tb40000,4004.48,4.0,23,0.8590543348604001,0.06060606060606061,0.8069904357779516
pooled_8window_tb40000,4004.48,4.0,24,0.5853891663256316,0.21645021645021645,0.4586815545668369
pooled_8window_tb40000,4004.48,4.0,25,0.9971347731110898,0.007575757575757576,0.9895807217996422
pooled_8window_tb40000,4004.48,4.0,26,0.9912035351305724,0.030303030303030304,0.9611670643690399
pooled_8window_tb40000,4004.48,4.0,27,0.9873876973036815,0.007575757575757576,0.9799074874756233
pooled_8window_tb40000,4004.48,4.0,28,0.7082557672976999,0.08874458874458875,0.6454019005028824
pooled_8window_tb40000,4004.48,4.0,29,0.9833217004288233,0.05627705627705628,0.9279832497553397
pooled_8window_tb40000,4004.48,4.0,30,0.8181327012978442,0.27056277056277056,0.5967764509466958
pooled_8window_tb40000,4004.48,4.0,31,0.8436234802562866,0.08766233766233766,0.7696694738701836
pooled_8window_tb40000,4004.48,4.0,32,0.5819965751158951,0.579004329004329,0.2450180386580987
pooled_8window_tb40000,4004.48,4.0,33,0.9993500907396261,0.0,0.9993500907396261
pooled_8window_tb40000,4004.48,4.0,34,0.7845461551291554,0.09415584415584416,0.7106765496137479
pooled_8window_tb40000,4004.48,4.0,35,0.9720924744237145,0.023809523809523808,0.9489474155088641
pooled_8window_tb40000,4004.48,4.0,36,0.9957904624413689,0.005411255411255411,0.9904019859130065
pooled_8window_tb40000,4004.48,4.0,37,0.9919361294164784,0.0010822510822510823,0.9908626054668934
pooled_8window_tb40000,4004.48,4.0,38,0.9446305131801734,0.11580086580086581,0.8352414818919932
pooled_8window_tb40000,4004.48,4.0,39,0.3955740947602623,0.6634199134199135,0.13314236306324845
pooled_8window_tb40000,4004.48,4.0,40,0.912706832534987,0.06926406926406926,0.8494890432684944
pooled_8window_tb40000,4004.48,4.0,41,0.9580852937557893,0.09307359307359307,0.8689128529949691
pooled_8window_tb40000,4004.48,4.0,42,0.9908407738830477,0.005411255411255411,0.9854790813836806
pooled_8window_tb40000,4004.48,4.0,43,0.8096953921143424,0.2002164502164502,0.6475810549485921
pooled_8window_tb40000,4004.48,4.0,44,0.954405762331569,0.0183982683982684,0.9368463489553389
pooled_8window_tb40000,4004.48,4.0,45,0.8848323160277394,0.08225108225108226,0.8120539004237262
pooled_8window_tb40000,4004.48,4.0,46,0.9520239300977507,0.09956709956709957,0.8572336686594465
pooled_8window_tb40000,4004.48,4.0,47,0.9263881332509984,0.19696969696969696,0.743917743368226
pooled_8window_tb40000,4004.48,4.0,48,0.9343611859652233,0.12121212121212122,0.8211052846361053
pooled_8window_tb40000,4004.48,4.0,49,0.8810695227457237,0.03787878787878788,0.8476956771871735
pooled_8window_tb40000,4004.48,4.0,50,0.6597416598684105,0.19805194805194806,0.5290785389204461
pooled_8window_tb40000,4004.48,4.0,51,0.9749022137547069,0.09199134199134198,0.8852196508010812
pooled_8window_tb40000,4004.48,4.0,52,0.900883779626811,0.1277056277056277,0.7858358510597507
pooled_8window_tb40000,4004.48,4.0,53,0.8760609102313421,0.06168831168831169,0.822018191743045
pooled_8window_tb40000,4004.48,4.0,54,0.8726716498167653,0.28679653679653677,0.6223924428887968
pooled_8window_tb40000,4004.48,4.0,55,0.8722129802428465,0.1266233766233766,0.7617704275497589
pooled_8window_tb40000,4004.48,4.0,56,0.9583077309065398,0.030303030303030304,0.9292681026972507
pooled_8window_tb40000,4004.48,4.0,57,0.9945570070143286,0.0,0.9945570070143286
pooled_8window_tb40000,4004.48,4.0,58,0.6944954947650887,0.24783549783549783,0.5223748580754725
pooled_8window_tb40000,4004.48,4.0,59,0.8300670328425964,0.07142857142857142,0.7707765304966967
pooled_8window_tb40000,4004.48,4.0,60,0.6399066762054221,0.1958874458874459,0.5145569917972171
pooled_8window_tb40000,4004.48,4.0,61,0.5692462021174777,0.3593073593073593,0.36471185243890347
pooled_8window_tb40000,4004.48,4.0,62,0.9873807547375565,0.017316017316017316,0.9702832524910188
pooled_8window_tb40000,4004.48,4.0,63,0.9965317891992018,0.0,0.9965317891992018
pooled_8window_tb40000,4004.48,4.0,64,0.9078977112280073,0.04004329004329004,0.8715424998476651
pooled_8window_tb40000,4004.48,4.0,65,0.9449559344415412,0.007575757575757576,0.9377971773624386
pooled_8window_tb40000,4004.48,4.0,66,0.8736411120168417,0.12445887445887446,0.764908722534226
pooled_8window_tb40000,4004.48,4.0,67,0.9861104458161981,0.0367965367965368,0.9498249965112731
pooled_8window_tb40000,4004.48,4.0,68,0.9941028259375901,0.0,0.9941028259375901
pooled_8window_tb40000,4004.48,4.0,69,0.9976199794088575,0.0,0.9976199794088575
pooled_8window_tb40000,4004.48,4.0,70,0.9321765431919415,0.008658008658008658,0.9241057506101931
pooled_8window_tb40000,4004.48,4.0,71,0.9602869829290005,0.12121212121212122,0.8438885607557883
pooled_8window_tb40000,4004.48,4.0,72,0.8980741410615748,0.16017316017316016,0.754226767817946
pooled_8window_tb40000,4004.48,4.0,73,0.990931466925104,0.007575757575757576,0.9834244103574896
pooled_8window_tb40000,4004.48,4.0,74,0.9944547771957866,0.008658008658008658,0.9858447791248274
pooled_8window_tb40000,4004.48,4.0,75,0.8410460988214906,0.15476190476190477,0.7108842025753075
pooled_8window_tb40000,4004.48,4.0,76,0.9817774247828082,0.008658008658008658,0.9732771873388011
pooled_8window_tb40000,4004.48,4.0,77,0.9578106038091483,0.048701298701298704,0.9111639834937677
pooled_8window_tb40000,4004.48,4.0,78,0.5477149784734734,0.395021645021645,0.33135570667388703
pooled_8window_tb40000,4004.48,4.0,79,0.3983543772546737,0.36688311688311687,0.25220488170344607
pooled_8window_tb40000,4004.48,4.0,80,0.9621397032414974,0.024891774891774892,0.938190338333971
pooled_8window_tb40000,4004.48,4.0,81,0.8299320700176331,0.27705627705627706,0.5999941804889383
pooled_8window_tb40000,4004.48,4.0,82,0.8989994781950225,0.030303030303030304,0.8717570697648703
pooled_8window_tb40000,4004.48,4.0,83,0.8687042784033745,0.09523809523809523,0.7859705376030531
pooled_8window_tb40000,4004.48,4.0,84,0.962380550321061,0.05735930735930736,0.9071790685385759
pooled_8window_tb40000,4004.48,4.0,85,0.9172853890024777,0.050865800865800864,0.870626933068369
pooled_8window_tb40000,4004.48,4.0,86,0.9473368406275366,0.07683982683982683,0.8745436418347281
pooled_8window_tb40000,4004.48,4.0,87,0.8992897049666626,0.047619047619047616,0.8564663856825357
pooled_8window_tb40000,4004.48,4.0,88,0.9957924748073158,0.0,0.9957924748073158
pooled_8window_tb40000,4004.48,4.0,89,0.9424532986446252,0.06060606060606061,0.8853349169085873
pooled_8window_tb40000,4004.48,4.0,90,0.9860043827701599,0.007575757575757576,0.9785346525976587
pooled_8window_tb40000,4004.48,4.0,91,0.9815178853363764,0.030303030303030304,0.951774919114062
pooled_8window_tb40000,4004.48,4.0,92,0.9037948049074436,0.06168831168831169,0.8480412292800363
pooled_8window_tb40000,4004.48,4.0,93,0.928151575289738,0.06926406926406926,0.8638640202913146
pooled_8window_tb40000,4004.48,4.0,94,0.8618944572763914,0.3170995670995671,0.5885880979885313
pooled_8window_tb40000,4004.48,4.0,95,0.9854032793894429,0.006493506493506494,0.9790045567960051
pooled_8window_tb40000,4004.48,4.0,96,0.991962017235675,0.0854978354978355,0.9071514118659582
pooled_8window_tb40000,4004.48,4.0,97,0.9997237063107992,0.0,0.9997237063107992
pooled_8window_tb40000,4004.48,4.0,98,0.9905384545868527,0.0,0.9905384545868527
pooled_8window_tb40000,4004.48,4.0,99,0.9462859834828381,0.016233766233766232,0.9309241980366881
pooled_8window_tb40000,4004.48,4.0,100,0.47718690586374185,0.6764069264069265,0.15441437754681686
pooled_8window_tb40000,4004.48,4.0,101,0.9835629164127081,0.027056277056277056,0.9569513656439661
pooled_8window_tb40000,4004.48,4.0,102,0.6788114287219335,0.18181818181818182,0.5553911689543092
pooled_8window_tb40000,4004.48,4.0,103,0.9796174639976136,0.05627705627705628,0.9244874768462328
pooled_8window_tb40000,4004.48,4.0,104,0.97908156007576,0.016233766233766232,0.9631873789056989
pooled_8window_tb40000,4004.48,4.0,105,0.8999350733536469,0.027056277056277056,0.8755861806763297
pooled_8window_tb40000,4004.48,4.0,106,0.8810777970357813,0.07683982683982683,0.8133759316791358
pooled_8window_tb40000,4004.48,4.0,107,0.7894960911059301,0.15043290043290045,0.6707299042404276
pooled_8window_tb40000,4004.48,4.0,108,0.8831869344539292,0.15692640692640691,0.744591582185726
pooled_8window_tb40000,4004.48,4.0,109,0.9637990033107497,0.05411255411255411,0.911645377590471
pooled_8window_tb40000,4004.48,4.0,110,0.7801778703595248,0.08333333333333333,0.7151630478295644
pooled_8window_tb40000,4004.48,4.0,111,0.9307589838447369,0.22077922077922077,0.7252667406582366
pooled_8window_tb40000,4004.48,4.0,112,0.9942603090205285,0.007575757575757576,0.9867280339521912
pooled_8window_tb40000,4004.48,4.0,113,0.9918959174725078,0.0021645021645021645,0.9897489566121778
pooled_8window_tb40000,4004.48,4.0,114,0.7574305944333826,0.41125541125541126,0.44593316382225123
pooled_8window_tb40000,4004.48,4.0,115,0.9741650541674216,0.0183982683982684,0.9562421040366357
pooled_8window_tb40000,4004.48,4.0,116,0.9818591975090548,0.047619047619047616,0.9351039976276712
pooled_8window_tb40000,4004.48,4.0,117,0.8820569767522299,0.09740259740259741,0.7961423361594803
pooled_8window_tb40000,4004.48,4.0,118,0.9119698094566472,0.08225108225108226,0.8369593056485247
pooled_8window_tb40000,4004.48,4.0,119,0.9662951460352059,0.06168831168831169,0.9066860298836835
pooled_8window_tb40000,4004.48,4.0,120,0.8959572886164863,0.11904761904761904,0.7892957066383331
pooled_8window_tb40000,4004.48,4.0,121,0.9790500144348976,0.045454545454545456,0.9345477410514932
pooled_8window_tb40000,4004.48,4.0,122,0.9716027315158757,0.012987012987012988,0.9589845142234618
pooled_8window_tb40000,4004.48,4.0,123,0.9104209427633171,0.06493506493506493,0.851302699726738
pooled_8window_tb40000,4004.48,4.0,124,0.8056818192749726,0.025974025974025976,0.784755018774324
pooled_8window_tb40000,4004.48,4.0,125,0.8049251096527488,0.21753246753246752,0.6298277643711444
pooled_8window_tb40000,4004.48,4.0,126,0.8575430341122311,0.10281385281385282,0.7693757308214714
pooled_8window_tb40000,4004.48,4.0,127,0.9882865312378945,0.03354978354978355,0.9551297320296966
pooled_8window_tb40000,4004.48,4.0,128,0.9125865744091792,0.06168831168831169,0.8562906493644571
pooled_8window_tb40000,4004.48,4.0,129,0.9829702370832636,0.01406926406926407,0.969140569245512
pooled_8window_tb40000,4004.48,4.0,130,0.8348803475705838,0.2305194805194805,0.6424241635526895
pooled_8window_tb40000,4004.48,4.0,131,0.958213438856784,0.05952380952380952,0.9011769246391182
pooled_8window_tb40000,4004.48,4.0,132,0.9037556780606291,0.05844155844155844,0.8509387877843586
pooled_8window_tb40000,4004.48,4.0,133,0.9603046256956411,0.007575757575757576,0.9530295906524924
pooled_8window_tb40000,4004.48,4.0,134,0.37220475591877655,0.3484848484848485,0.2424970379470817
pooled_8window_tb40000,4004.48,4.0,135,0.9386261873331189,0.017316017316017316,0.9223729200199913
pooled_8window_tb40000,4004.48,4.0,136,0.5130419187821258,0.2077922077922078,0.4064358057884373
pooled_8window_tb40000,4004.48,4.0,137,0.9902000867914609,0.006493506493506494,0.9837702160980099
pooled_8window_tb40000,4004.48,4.0,138,0.9591325726517933,0.06060606060606061,0.9010033258244119
pooled_8window_tb40000,4004.48,4.0,139,0.9588956336335615,0.007575757575757576,0.9516312727727011
pooled_8window_tb40000,4004.48,4.0,140,0.8164481094758471,0.25865800865800864,0.6052672673062287
pooled_8window_tb40000,4004.48,4.0,141,0.8260095449331158,0.0735930735930736,0.7652209637042717
pooled_8window_tb40000,4004.48,4.0,142,0.6326327257713611,0.47619047619047616,0.3313790468326177
pooled_8window_tb40000,4004.48,4.0,143,0.876977393921446,0.12012987012987013,0.7716262134828308
pooled_8window_tb40000,4004.48,4.0,144,0.9949803580089455,0.005411255411255411,0.9895962651625767
pooled_8window_tb40000,4004.48,4.0,145,0.7406060189175483,0.15151515151515152,0.6283929857482228
pooled_8window_tb40000,4004.48,4.0,146,0.6847378492164617,0.04004329004329004,0.6573186929166684
pooled_8window_tb40000,4004.48,4.0,147,0.4359919676679543,0.2694805194805195,0.31850062573146015
pooled_8window_tb40000,4004.48,4.0,148,0.6784204513711378,0.21645021645021645,0.5315761978276015
pooled_8window_tb40000,4004.48,4.0,149,0.9411689810416947,0.08441558441558442,0.8617196514732399
pooled_8window_tb40000,4004.48,4.0,150,0.9619051732086966,0.03463203463203463,0.9285924399373997
pooled_8window_tb40000,4004.48,4.0,151,0.48607278601651105,0.1893939393939394,0.39401354624065665
pooled_8window_tb40000,4004.48,4.0,152,0.9589621622677631,0.012987012987012988,0.9465081082123376
pooled_8window_tb40000,4004.48,4.0,153,0.99552968580929,0.0,0.99552968580929
pooled_8window_tb40000,4004.48,4.0,154,0.9836276040991818,0.0,0.9836276040991818
pooled_8window_tb40000,4004.48,4.0,155,0.9909355297848582,0.007575757575757576,0.9834284424380032
pooled_8window_tb40000,4004.48,4.0,156,0.8569240860031221,0.11471861471861472,0.7586189419378289
pooled_8window_tb40000,4004.48,4.0,157,0.9657308145796236,0.015151515151515152,0.9510985295102354
pooled_8window_tb40000,4004.48,4.0,158,0.9889497023449727,0.020562770562770564,0.9686141565175328
pooled_8window_tb40000,4004.48,4.0,159,0.9885477741229279,0.011904761904761904,0.9767793482405122
pooled_8window_tb40000,4004.48,4.0,160,0.7937452451159115,0.19696969696969696,0.6374014847142925
pooled_8window_tb40000,4004.48,4.0,161,0.8722102819710288,0.0,0.8722102819710288
pooled_8window_tb40000,4004.48,4.0,162,0.9553032987561549,0.05627705627705628,0.9015416412503974
pooled_8window_tb40000,4004.48,4.0,163,0.6650952910954522,0.16017316017316016,0.5585648765044057
pooled_8window_tb40000,4004.48,4.0,164,0.9740502448392707,0.04004329004329004,0.9350460683684342
pooled_8window_tb40000,4004.48,4.0,165,0.8228685465703547,0.1341991341991342,0.7124403000609132
pooled_8window_tb40000,4004.48,4.0,166,0.9217361401419065,0.0735930735930736,0.8539027445470475
pooled_8window_tb40000,4004.48,4.0,167,0.971218802903558,0.13744588744588745,0.837728772634346
pooled_8window_tb40000,4004.48,4.0,168,0.8184228486681842,0.11796536796536797,0.7218772961737772
pooled_8window_tb40000,4004.48,4.0,169,0.983341685672887,0.003246753246753247,0.9801490178622607
pooled_8window_tb40000,4004.48,4.0,170,0.9554772854674382,0.09415584415584416,0.8655135150825171
pooled_8window_tb40000,4004.48,4.0,171,0.8983850616992102,0.047619047619047616,0.8556048206659144
pooled_8window_tb40000,4004.48,4.0,172,0.9898678465600974,0.0,0.9898678465600974
pooled_8window_tb40000,4004.48,4.0,173,0.7900378575863788,0.15584415584415584,0.6669150745859042
pooled_8window_tb40000,4004.48,4.0,174,0.9163417313115292,0.19047619047619047,0.7418004491569522
pooled_8window_tb40000,4004.48,4.0,175,0.8507950850075359,0.0854978354978355,0.7780539467871945
pooled_8window_tb40000,4004.48,4.0,176,0.9831982682964169,0.012987012987012988,0.9704294596172426
pooled_8window_tb40000,4004.48,4.0,177,0.9097003497319505,0.0735930735930736,0.8427527049464822
pooled_8window_tb40000,4004.48,4.0,178,0.946707282804807,0.07034632034632035,0.8801099090144255
pooled_8window_tb40000,4004.48,4.0,179,0.7428448810915115,0.17965367965367965,0.6093900647915214
pooled_8window_tb40000,4004.48,4.0,180,0.9955129236429574,0.00974025974025974,0.9858163691918896
pooled_8window_tb40000,4004.48,4.0,181,0.9017336136073648,0.13636363636363635,0.7787699390245424
pooled_8window_tb40000,4004.48,4.0,182,0.6704419898508628,0.11688311688311688,0.5920786403877749
pooled_8window_tb40000,4004.48,4.0,183,0.9426819523580774,0.06493506493506493,0.8814688385685918
pooled_8window_tb40000,4004.48,4.0,184,0.9918683778295213,0.04112554112554113,0.9510772540659695
pooled_8window_tb40000,4004.48,4.0,185,0.7506743825221562,0.3582251082251082,0.4817639706013405
pooled_8window_tb40000,4004.48,4.0,186,0.9319972537436211,0.08116883116883117,0.8563481260046908
pooled_8window_tb40000,4004.48,4.0,187,0.9943170099199622,0.04329004329004329,0.9512729835165007
pooled_8window_tb40000,4004.48,4.0,188,0.8838484060525086,0.09090909090909091,0.803498550956826
pooled_8window_tb40000,4004.48,4.0,189,0.88465762311115,0.11363636363636363,0.7841283477576102
pooled_8window_tb40000,4004.48,4.0,190,0.7175430779863794,0.09415584415584416,0.6499822037603892
pooled_8window_tb40000,4004.48,4.0,191,0.9905316829317361,0.0,0.9905316829317361
pooled_8window_tb40000,4004.48,4.0,192,0.9412131477043226,0.023809523809523808,0.9188033108542197
pooled_8window_tb40000,4004.48,4.0,193,0.8394051172137653,0.08116883116883117,0.7712715849723882
pooled_8window_tb40000,4004.48,4.0,194,0.9061802400023924,0.170995670995671,0.751227341820165
pooled_8window_tb40000,4004.48,4.0,195,0.9805388293499443,0.03571428571428571,0.9455195854445891
pooled_8window_tb40000,4004.48,4.0,196,0.9676504249301152,0.032467532467532464,0.9362332033414752
pooled_8window_tb40000,4004.48,4.0,197,0.9981148598832366,0.005411255411255411,0.9927138054466389
pooled_8window_tb40000,4004.48,4.0,198,0.9926531121886248,0.005411255411255411,0.9872816126637947
pooled_8window_tb40000,4004.48,4.0,199,0.9913582325079777,0.021645021645021644,0.9699002621073721
pooled_8window_tb40000,4004.48,4.0,200,0.9897043601795589,0.0,0.9897043601795589
pooled_8window_tb40000,4004.48,4.0,201,0.944442305435534,0.11471861471861472,0.8360971924743147
pooled_8window_tb40000,4004.48,4.0,202,0.5736789995508511,0.2792207792207792,0.4134959022736654
pooled_8window_tb40000,4004.48,4.0,203,0.6250834459740422,0.08116883116883117,0.574346153281344
pooled_8window_tb40000,4004.48,4.0,204,0.745867676365757,0.170995670995671,0.6183275325716124
pooled_8window_tb40000,4004.48,4.0,205,0.9990705379523123,0.003246753246753247,0.9958268024394801
pooled_8window_tb40000,4004.48,4.0,206,0.89908072230742,0.011904761904761904,0.8883773803751889
pooled_8window_tb40000,4004.48,4.0,207,0.9764598737301824,0.023809523809523808,0.9532108291175589
pooled_8window_tb40000,4004.48,4.0,208,0.8719708799025281,0.09415584415584416,0.7898697256259914
pooled_8window_tb40000,4004.48,4.0,209,0.8526314665726913,0.08008658008658008,0.7843471283406792
pooled_8window_tb40000,4004.48,4.0,210,0.9292954695446651,0.01948051948051948,0.9111923110470418
pooled_8window_tb40000,4004.48,4.0,211,0.9023133405265131,0.2813852813852814,0.648415647304767
pooled_8window_tb40000,4004.48,4.0,212,0.9191538546218692,0.0183982683982684,0.902243015305233
pooled_8window_tb40000,4004.48,4.0,213,0.9707975449943106,0.012987012987012988,0.9581897846697092
pooled_8window_tb40000,4004.48,4.0,214,0.9135703166448119,0.10606060606060606,0.8166764951824834
pooled_8window_tb40000,4004.48,4.0,215,0.8639345752818324,0.15367965367965367,0.7311654089506417
pooled_8window_tb40000,4004.48,4.0,216,0.9142539344099254,0.06060606060606061,0.8588446050517482
pooled_8window_tb40000,4004.48,4.0,217,0.8773445070535741,0.13095238095238096,0.7624541549394156
pooled_8window_tb40000,4004.48,4.0,218,0.9067318267380282,0.20238095238095238,0.7232265760886654
pooled_8window_tb40000,4004.48,4.0,219,0.9010497271283713,0.13528138528138528,0.7791544718350311
pooled_8window_tb40000,4004.48,4.0,220,0.7146258211333987,0.3116883116883117,0.4918853054554562
pooled_8window_tb40000,4004.48,4.0,221,0.9175865827251847,0.12337662337662338,0.8043778484928568
pooled_8window_tb40000,4004.48,4.0,222,0.9968913069926837,0.0,0.9968913069926837
pooled_8window_tb40000,4004.48,4.0,223,0.9798576170410583,0.0,0.9798576170410583
pooled_8window_tb40000,4004.48,4.0,224,0.9691024825109507,0.012987012987012988,0.9565167359848344
pooled_8window_tb40000,4004.48,4.0,225,0.921800512356473,0.032467532467532464,0.8918719242929511
pooled_8window_tb40000,4004.48,4.0,226,0.9245992825821715,0.027056277056277056,0.8995830682265933
pooled_8window_tb40000,4004.48,4.0,227,0.9979799486267779,0.0010822510822510823,0.9968998837473116
pooled_8window_tb40000,4004.48,4.0,228,0.5456803514114608,0.553030303030303,0.2439025813126984
pooled_8window_tb40000,4004.48,4.0,229,0.8763874482431102,0.16233766233766234,0.7341167585932546
pooled_8window_tb40000,4004.48,4.0,230,0.9426856128573873,0.08116883116883117,0.8661689235020799
pooled_8window_tb40000,4004.48,4.0,231,0.9612165024110999,0.09956709956709957,0.8655109632099948
pooled_8window_tb40000,4004.48,4.0,232,0.8820541535507196,0.13744588744588745,0.7608194376406098
pooled_8window_tb40000,4004.48,4.0,233,0.9278420140833498,0.024891774891774892,0.904746379533656
pooled_8window_tb40000,4004.48,4.0,234,0.8305775627779051,0.05735930735930736,0.7829362090687828
pooled_8window_tb40000,4004.48,4.0,235,0.9744260560495558,0.020562770562770564,0.9543891566286233
pooled_8window_tb40000,4004.48,4.0,236,0.8579473266141854,0.12987012987012986,0.7465255958850704
pooled_8window_tb40000,4004.48,4.0,237,0.9919515219685447,0.022727272727272728,0.9694071691965324
pooled_8window_tb40000,4004.48,4.0,238,0.8940512256114367,0.006493506493506494,0.8882456981724014
pooled_8window_tb40000,4004.48,4.0,239,0.9190335412102117,0.05735930735930736,0.8663184138464225
pooled_8window_tb40000,4004.48,4.0,240,0.9101663125540328,0.004329004329004329,0.9062261986468725
pooled_8window_tb40000,4004.48,4.0,241,0.7574326125128708,0.08333333333333333,0.6943132281367982
pooled_8window_tb40000,4004.48,4.0,242,0.9024845782773081,0.09848484848484848,0.813603521325755
pooled_8window_tb40000,4004.48,4.0,243,0.9962843054455149,0.0010822510822510823,0.9952060756777167
pooled_8window_tb40000,4004.48,4.0,244,0.9683495188394268,0.09740259740259741,0.8740297605109112
pooled_8window_tb40000,4004.48,4.0,245,0.6483730568840226,0.24458874458874458,0.48978830487559283
pooled_8window_tb40000,4004.48,4.0,246,0.9838466324299739,0.0,0.9838466324299739
pooled_8window_tb40000,4004.48,4.0,247,0.7642448354501816,0.1341991341991342,0.6616838402166074
pooled_8window_tb40000,4004.48,4.0,248,0.8354080839247674,0.11580086580086581,0.738667104509237
pooled_8window_tb40000,4004.48,4.0,249,0.8651879213694544,0.08874458874458875,0.7884071751007365
pooled_8window_tb40000,4004.48,4.0,250,0.9848823456756908,0.044372294372294376,0.9411808563112932
pooled_8window_tb40000,4004.48,4.0,251,0.9384461067139539,0.045454545454545456,0.8957894654996833
pooled_8window_tb40000,4004.48,4.0,252,0.9511671040971453,0.09307359307359307,0.8626385641054197
pooled_8window_tb40000,4004.48,4.0,253,0.8987511274228386,0.048701298701298704,0.85498078030809
pooled_8window_tb40000,4004.48,4.0,254,0.9909408212198284,0.07900432900432901,0.9126522065563571
pooled_8window_tb40000,4004.48,4.0,255,0.9957931453446819,0.0,0.9957931453446819
pooled_8window_tb40000,4004.48,4.0,256,0.8860499220567104,0.06493506493506493,0.8285142128322487
pooled_8window_tb40000,4004.48,4.0,257,0.9186985678891293,0.17857142857142858,0.7546452521946418
pooled_8window_tb40000,4004.48,4.0,258,0.6902577784218945,0.28679653679653677,0.4922942380736239
pooled_8window_tb40000,4004.48,4.0,259,0.6994555930106381,0.17532467532467533,0.5768237682620198
pooled_8window_tb40000,4004.48,4.0,260,0.8073514081098858,0.044372294372294376,0.7715273737673476
pooled_8window_tb40000,4004.48,4.0,261,0.9307748974248545,0.07900432900432901,0.8572396511997308
pooled_8window_tb40000,4004.48,4.0,262,0.7288000317497877,0.2305194805194805,0.5607974270282456
pooled_8window_tb40000,4004.48,4.0,263,0.926153187719434,0.09415584415584416,0.8389504525120848
pooled_8window_tb40000,4004.48,4.0,264,0.8153848537505726,0.17316017316017315,0.6741926712829409
pooled_8window_tb40000,4004.48,4.0,265,0.2120992072965569,0.7846320346320347,0.04567937473161776
pooled_8window_tb40000,4004.48,4.0,266,0.9278911732185302,0.03354978354978355,0.8967606251992938
pooled_8window_tb40000,4004.48,4.0,267,0.5561143520633849,0.29653679653679654,0.3912059835943725
pooled_8window_tb40000,4004.48,4.0,268,0.8444094029485318,0.04112554112554113,0.8096826093207784
pooled_8window_tb40000,4004.48,4.0,269,0.6776424527722509,0.24783549783549783,0.5096985981349722
pooled_8window_tb40000,4004.48,4.0,270,0.9846907513710412,0.003246753246753247,0.9814937034769794
pooled_8window_tb40000,4004.48,4.0,271,0.9958277204806626,0.0,0.9958277204806626
pooled_8window_tb40000,4004.48,4.0,272,0.9776685368208565,0.10064935064935066,0.8792668334395366
pooled_8window_tb40000,4004.48,4.0,273,0.8276568918387932,0.07683982683982683,0.7640598795871111
pooled_8window_tb40000,4004.48,4.0,274,0.9709221682456078,0.024891774891774892,0.9467541921962043
pooled_8window_tb40000,4004.48,4.0,275,0.967539612266023,0.09415584415584416,0.8764401033188975
pooled_8window_tb40000,4004.48,4.0,276,0.9899692468534392,0.010822510822510822,0.979255293965415
pooled_8window_tb40000,4004.48,4.0,277,0.9464300305744684,0.08225108225108226,0.8685851362847935
pooled_8window_tb40000,4004.48,4.0,278,0.9274688589066731,0.10064935064935066,0.8341197205102222
pooled_8window_tb40000,4004.48,4.0,279,0.9418493335586114,0.025974025974025976,0.9173857145051411
pooled_8window_tb40000,4004.48,4.0,280,0.9983162859734275,0.011904761904761904,0.9864315682832676
pooled_8window_tb40000,4004.48,4.0,281,0.6201503764252871,0.32575757575757575,0.4181316931958376
pooled_8window_tb40000,4004.48,4.0,282,0.9566943682829313,0.030303030303030304,0.9277036298501152
pooled_8window_tb40000,4004.48,4.0,283,0.9749841332229489,0.0,0.9749841332229489
pooled_8window_tb40000,4004.48,4.0,284,0.9926232779774862,0.020562770562770564,0.9722121932571699
pooled_8window_tb40000,4004.48,4.0,285,0.9679535472778898,0.003246753246753247,0.964810840955559
pooled_8window_tb40000,4004.48,4.0,286,0.9728870971474982,0.13203463203463203,0.844432307264387
pooled_8window_tb40000,4004.48,4.0,287,0.8291019495370933,0.43506493506493504,0.46838876369952676
pooled_8window_tb40000,4004.48,4.0,288,0.989043066059822,0.0010822510822510823,0.9879726731311858
pooled_8window_tb40000,4004.48,4.0,289,0.6134751505821257,0.3344155844155844,0.40831949957576547
pooled_8window_tb40000,4004.48,4.0,290,0.975147574920311,0.025974025974025976,0.9498190664808224
pooled_8window_tb40000,4004.48,4.0,291,0.9579107977097258,0.01948051948051948,0.9392501977543415
pooled_8window_tb40000,4004.48,4.0,292,0.5189989104717474,0.1645021645021645,0.4336224663248799
pooled_8window_tb40000,4004.48,4.0,293,0.9908861161636455,0.027056277056277056,0.9640764268735037
pooled_8window_tb40000,4004.48,4.0,294,0.983002350689125,0.06168831168831169,0.9223625952894712
pooled_8window_tb40000,4004.48,4.0,295,0.9392440881904088,0.08333333333333333,0.8609737475078747
pooled_8window_tb40000,4004.48,4.0,296,0.9962810276892469,0.0,0.9962810276892469
pooled_8window_tb40000,4004.48,4.0,297,0.9865893114124707,0.03354978354978355,0.9534894535620524
pooled_8window_tb40000,4004.48,4.0,298,0.8828864812097079,0.13203463203463203,0.7663148895348331
pooled_8window_tb40000,4004.48,4.0,299,0.9514509039751081,0.01948051948051948,0.9329161461054633
pooled_8window_tb40000,4004.48,5.0,0,0.9970970714736469,0.0,0.9970970714736469
pooled_8window_tb40000,4004.48,5.0,1,0.8897175215725546,0.05627705627705628,0.839646838540333
pooled_8window_tb40000,4004.48,5.0,2,0.9998523333004607,0.0,0.9998523333004607
pooled_8window_tb40000,4004.48,5.0,3,0.965578505898672,0.020562770562770564,0.9457235366215349
pooled_8window_tb40000,4004.48,5.0,4,0.965936654642776,0.00974025974025974,0.9565281807339178
pooled_8window_tb40000,4004.48,5.0,5,0.9919662276605732,0.008658008658008658,0.9833777754730357
pooled_8window_tb40000,4004.48,5.0,6,0.9608724636401627,0.02922077922077922,0.9327950215208072
pooled_8window_tb40000,4004.48,5.0,7,0.9554327167350973,0.012987012987012988,0.9430244996346415
pooled_8window_tb40000,4004.48,5.0,8,0.9853225580564751,0.015151515151515152,0.9703934283889527
pooled_8window_tb40000,4004.48,5.0,9,0.9668050834268549,0.004329004329004329,0.9626197800353967
pooled_8window_tb40000,4004.48,5.0,10,0.9610004158858555,0.0183982683982684,0.94331967230354
pooled_8window_tb40000,4004.48,5.0,11,0.9689940644816413,0.016233766233766232,0.9532636413569393
pooled_8window_tb40000,4004.48,5.0,12,0.9954072616211281,0.0,0.9954072616211281
pooled_8window_tb40000,4004.48,5.0,13,0.5594501289343893,0.5465367965367965,0.2536900476444904
pooled_8window_tb40000,4004.48,5.0,14,0.9923350865939259,0.01948051948051948,0.97300388360833
pooled_8window_tb40000,4004.48,5.0,15,0.9910034351855833,0.017316017316017316,0.9738432025416771
pooled_8window_tb40000,4004.48,5.0,16,0.9875749353367334,0.005411255411255411,0.9822309151238723
pooled_8window_tb40000,4004.48,5.0,17,0.956776675475772,0.1645021645021645,0.7993848414148226
pooled_8window_tb40000,4004.48,5.0,18,0.9496699104113854,0.05194805194805195,0.9003364085718328
pooled_8window_tb40000,4004.48,5.0,19,0.8849634271218829,0.046536796536796536,0.8437800641714057
pooled_8window_tb40000,4004.48,5.0,20,0.9993570118470186,0.0,0.9993570118470186
pooled_8window_tb40000,4004.48,5.0,21,0.9471875957825746,0.007575757575757576,0.9400119321781611
pooled_8window_tb40000,4004.48,5.0,22,0.9923900715643723,0.01406926406926407,0.9784278735878172
pooled_8window_tb40000,4004.48,5.0,23,0.9925744815501472,0.015151515151515152,0.9775354742539328
pooled_8window_tb40000,4004.48,5.0,24,0.999291092566589,0.0,0.999291092566589
pooled_8window_tb40000,4004.48,5.0,25,0.9954711839325926,0.016233766233766232,0.9793109374401804
pooled_8window_tb40000,4004.48,5.0,26,0.9826415728874136,0.0,0.9826415728874136
pooled_8window_tb40000,4004.48,5.0,27,0.9647128740447004,0.00974025974025974,0.9553163200767326
pooled_8window_tb40000,4004.48,5.0,28,0.9999832733974476,0.0,0.9999832733974476
pooled_8window_tb40000,4004.48,5.0,29,0.999514569355747,0.0,0.999514569355747
pooled_8window_tb40000,4004.48,5.0,30,0.9825761946830383,0.030303030303030304,0.9528011584805219
pooled_8window_tb40000,4004.48,5.0,31,0.9969266330517654,0.0,0.9969266330517654
pooled_8window_tb40000,4004.48,5.0,32,0.9625203693649225,0.09740259740259741,0.8687683853358716
pooled_8window_tb40000,4004.48,5.0,33,0.8042414061803093,0.1958874458874459,0.6467006112467205
pooled_8window_tb40000,4004.48,5.0,34,0.9387215260870065,0.09523809523809523,0.8493194759834821
pooled_8window_tb40000,4004.48,5.0,35,0.982605967810419,0.04329004329004329,0.9400689129268511
pooled_8window_tb40000,4004.48,5.0,36,0.992277714629531,0.0,0.992277714629531
pooled_8window_tb40000,4004.48,5.0,37,0.919919141884898,0.010822510822510822,0.9099633070160138
pooled_8window_tb40000,4004.48,5.0,38,0.9749340615572514,0.00974025974025974,0.9654379505680574
pooled_8window_tb40000,4004.48,5.0,39,0.9561639554615236,0.11255411255411256,0.8485437699983218
pooled_8window_tb40000,4004.48,5.0,40,0.5839570735263617,0.2619047619047619,0.43101593522183845
pooled_8window_tb40000,4004.48,5.0,41,0.9333488668470143,0.0021645021645021645,0.9313286312044884
pooled_8window_tb40000,4004.48,5.0,42,0.9985439273229924,0.0,0.9985439273229924
pooled_8window_tb40000,4004.48,5.0,43,0.9348508950133658,0.049783549783549784,0.8883106989412718
pooled_8window_tb40000,4004.48,5.0,44,0.9861798690513097,0.003246753246753247,0.9829779863595847
pooled_8window_tb40000,4004.48,5.0,45,0.9924043461861484,0.003246753246753247,0.9891822541530765
pooled_8window_tb40000,4004.48,5.0,46,0.9989520693952194,0.008658008658008658,0.9903031337294599
pooled_8window_tb40000,4004.48,5.0,47,0.9912315693087396,0.0010822510822510823,0.9901588078700937
pooled_8window_tb40000,4004.48,5.0,48,0.9251176383058412,0.07467532467532467,0.8560341783024829
pooled_8window_tb40000,4004.48,5.0,49,0.9399107796207306,0.05952380952380952,0.8839637094052109
pooled_8window_tb40000,4004.48,5.0,50,0.8474596927543363,0.11580086580086581,0.7493231266020485
pooled_8window_tb40000,4004.48,5.0,51,0.9775715927418891,0.046536796536796536,0.9320785424303076
pooled_8window_tb40000,4004.48,5.0,52,0.9979618714591462,0.0010822510822510823,0.9968818261437141
pooled_8window_tb40000,4004.48,5.0,53,0.998683360659712,0.0,0.998683360659712
pooled_8window_tb40000,4004.48,5.0,54,0.9952300042180438,0.0,0.9952300042180438
pooled_8window_tb40000,4004.48,5.0,55,0.9951243830041869,0.008658008658008658,0.9865085874803411
pooled_8window_tb40000,4004.48,5.0,56,0.9872011733833557,0.01406926406926407,0.9733119793855378
pooled_8window_tb40000,4004.48,5.0,57,0.972143930833496,0.011904761904761904,0.960570788799764
pooled_8window_tb40000,4004.48,5.0,58,0.9520133609282775,0.02813852813852814,0.9252251061835424
pooled_8window_tb40000,4004.48,5.0,59,0.9836186928862412,0.031385281385281384,0.9527475434341838
pooled_8window_tb40000,4004.48,5.0,60,0.9766545746289221,0.021645021645021644,0.9555148652213696
pooled_8window_tb40000,4004.48,5.0,61,0.9974753331382654,0.01406926406926407,0.983441589273766
pooled_8window_tb40000,4004.48,5.0,62,0.9928462600578357,0.0,0.9928462600578357
pooled_8window_tb40000,4004.48,5.0,63,0.9851654136725768,0.0,0.9851654136725768
pooled_8window_tb40000,4004.48,5.0,64,0.9635209036557281,0.06818181818181818,0.8978262965882922
pooled_8window_tb40000,4004.48,5.0,65,0.9754567224724155,0.04004329004329004,0.9363962260097756
pooled_8window_tb40000,4004.48,5.0,66,0.9067837570279998,0.08441558441558442,0.8302370762399219
pooled_8window_tb40000,4004.48,5.0,67,0.9657516098379749,0.005411255411255411,0.9605256812133105
pooled_8window_tb40000,4004.48,5.0,68,0.9220979915396951,0.017316017316017316,0.9061309267511289
pooled_8window_tb40000,4004.48,5.0,69,0.9937513732357891,0.0,0.9937513732357891
pooled_8window_tb40000,4004.48,5.0,70,0.990692231610931,0.046536796536796536,0.9445885887978682
pooled_8window_tb40000,4004.48,5.0,71,0.9982330967298213,0.004329004329004329,0.9939117413327225
pooled_8window_tb40000,4004.48,5.0,72,0.9749176387727915,0.006493506493506494,0.9685870047547864
pooled_8window_tb40000,4004.48,5.0,73,0.9976501004521827,0.0,0.9976501004521827
pooled_8window_tb40000,4004.48,5.0,74,0.9993571273123237,0.0,0.9993571273123237
pooled_8window_tb40000,4004.48,5.0,75,0.9923654796492637,0.03354978354978355,0.9590718326047538
pooled_8window_tb40000,4004.48,5.0,76,0.9946003443243248,0.0,0.9946003443243248
pooled_8window_tb40000,4004.48,5.0,77,0.9820462956536533,0.008658008658008658,0.9735437303233186
pooled_8window_tb40000,4004.48,5.0,78,0.9988663937209241,0.0,0.9988663937209241
pooled_8window_tb40000,4004.48,5.0,79,0.9994760486745657,0.0,0.9994760486745657
pooled_8window_tb40000,4004.48,5.0,80,0.9918131057107312,0.004329004329004329,0.9875195424825463
pooled_8window_tb40000,4004.48,5.0,81,0.9773248307842086,0.03463203463203463,0.9434780833977425
pooled_8window_tb40000,4004.48,5.0,82,0.945604905722066,0.031385281385281384,0.9159268296766765
pooled_8window_tb40000,4004.48,5.0,83,0.9795559561597404,0.031385281385281384,0.9488123168430386
pooled_8window_tb40000,4004.48,5.0,84,0.9977215041454154,0.004329004329004329,0.9934023634348292
pooled_8window_tb40000,4004.48,5.0,85,0.9069764272089164,0.21753246753246752,0.7096796070043794
pooled_8window_tb40000,4004.48,5.0,86,0.9461747130547892,0.032467532467532464,0.9154547548387246
pooled_8window_tb40000,4004.48,5.0,87,0.9990372835814402,0.003246753246753247,0.9957936560373446
pooled_8window_tb40000,4004.48,5.0,88,0.9995797725863935,0.0,0.9995797725863935
pooled_8window_tb40000,4004.48,5.0,89,0.982447958038421,0.02922077922077922,0.953740063160675
pooled_8window_tb40000,4004.48,5.0,90,0.9284272490870227,0.08116883116883117,0.8530678944533358
pooled_8window_tb40000,4004.48,5.0,91,0.9997540007044106,0.0,0.9997540007044106
pooled_8window_tb40000,4004.48,5.0,92,0.9872314100268955,0.0,0.9872314100268955
pooled_8window_tb40000,4004.48,5.0,93,0.9849297540184784,0.0021645021645021645,0.9827978714340229
pooled_8window_tb40000,4004.48,5.0,94,0.8378497492899571,0.1266233766233766,0.7317583849318132
pooled_8window_tb40000,4004.48,5.0,95,0.9054781155049463,0.11147186147186147,0.8045427844475767
pooled_8window_tb40000,4004.48,5.0,96,0.9881852757893281,0.007575757575757576,0.980699023700015
pooled_8window_tb40000,4004.48,5.0,97,0.9111298467827325,0.032467532467532464,0.8815477089001762
pooled_8window_tb40000,4004.48,5.0,98,0.9964118645762504,0.0183982683982684,0.9780796116565574
pooled_8window_tb40000,4004.48,5.0,99,0.8199782056826596,0.26406926406926406,0.603447164355204
pooled_8window_tb40000,4004.48,5.0,100,0.9499430723304225,0.06493506493506493,0.8882584572440314
pooled_8window_tb40000,4004.48,5.0,101,0.9801166188617912,0.010822510822510822,0.9695092961468368
pooled_8window_tb40000,4004.48,5.0,102,0.9916983440825343,0.022727272727272728,0.9691597453533858
pooled_8window_tb40000,4004.48,5.0,103,0.9787735123927982,0.011904761904761904,0.9671214467690744
pooled_8window_tb40000,4004.48,5.0,104,0.9804680830101027,0.04004329004329004,0.9412069151839406
pooled_8window_tb40000,4004.48,5.0,105,0.8609415979510536,0.19805194805194806,0.6904304373178904
pooled_8window_tb40000,4004.48,5.0,106,0.9810085881093082,0.0670995670995671,0.9151833365262161
pooled_8window_tb40000,4004.48,5.0,107,0.9922368013864663,0.020562770562770564,0.9718336636956191
pooled_8window_tb40000,4004.48,5.0,108,0.9965568645724043,0.00974025974025974,0.9868501418655303
pooled_8window_tb40000,4004.48,5.0,109,0.9987906532694336,0.003246753246753247,0.9955478264731042
pooled_8window_tb40000,4004.48,5.0,110,0.9735845165704433,0.004329004329004329,0.9693698649835583
pooled_8window_tb40000,4004.48,5.0,111,0.9405188615554535,0.08333333333333333,0.8621422897591656
pooled_8window_tb40000,4004.48,5.0,112,0.9974676788084028,0.0,0.9974676788084028
pooled_8window_tb40000,4004.48,5.0,113,0.9988303665881872,0.0,0.9988303665881872
pooled_8window_tb40000,4004.48,5.0,114,0.9925348770303699,0.0,0.9925348770303699
pooled_8window_tb40000,4004.48,5.0,115,0.9379033958810484,0.050865800865800864,0.8901961885148046
pooled_8window_tb40000,4004.48,5.0,116,0.9896257474301515,0.007575757575757576,0.9821285826768928
pooled_8window_tb40000,4004.48,5.0,117,0.9919914616654633,0.004329004329004329,0.9876971263335782
pooled_8window_tb40000,4004.48,5.0,118,0.970268001336867,0.08658008658008658,0.8862621137752336
pooled_8window_tb40000,4004.48,5.0,119,0.8701769607942509,0.09199134199134198,0.7901282144008404
pooled_8window_tb40000,4004.48,5.0,120,0.9993490843471151,0.0,0.9993490843471151
pooled_8window_tb40000,4004.48,5.0,121,0.9709494981991367,0.01406926406926407,0.9572889533110536
pooled_8window_tb40000,4004.48,5.0,122,0.9525839474014139,0.05952380952380952,0.8958825219608536
pooled_8window_tb40000,4004.48,5.0,123,0.995442529332415,0.0,0.995442529332415
pooled_8window_tb40000,4004.48,5.0,124,0.9882280436113454,0.06601731601731602,0.9229878805590813
pooled_8window_tb40000,4004.48,5.0,125,0.8685232242772158,0.10173160173160173,0.7801669655303995
pooled_8window_tb40000,4004.48,5.0,126,0.9831047577827967,0.06601731601731602,0.9182028203101229
pooled_8window_tb40000,4004.48,5.0,127,0.9940470149945082,0.0,0.9940470149945082
pooled_8window_tb40000,4004.48,5.0,128,0.99562901607692,0.003246753246753247,0.9923964543364105
pooled_8window_tb40000,4004.48,5.0,129,0.9746897149339558,0.0,0.9746897149339558
pooled_8window_tb40000,4004.48,5.0,130,0.9929043640126107,0.0010822510822510823,0.9918297921900863
pooled_8window_tb40000,4004.48,5.0,131,0.9976033114470946,0.0,0.9976033114470946
pooled_8window_tb40000,4004.48,5.0,132,0.9673444983368906,0.027056277056277056,0.9411717575810225
pooled_8window_tb40000,4004.48,5.0,133,0.9915618795219595,0.0,0.9915618795219595
pooled_8window_tb40000,4004.48,5.0,134,0.9523521047072797,0.044372294372294376,0.9100940567711342
pooled_8window_tb40000,4004.48,5.0,135,0.9528460778712862,0.06277056277056277,0.893035393329582
pooled_8window_tb40000,4004.48,5.0,136,0.9986038080110532,0.0010822510822510823,0.9975230679590932
pooled_8window_tb40000,4004.48,5.0,137,0.9988021185573164,0.01948051948051948,0.9793449344295765
pooled_8window_tb40000,4004.48,5.0,138,0.9926368933287842,0.006493506493506494,0.9861911992162598
pooled_8window_tb40000,4004.48,5.0,139,0.990459414590183,0.004329004329004329,0.9861717114967191
pooled_8window_tb40000,4004.48,5.0,140,0.7731943034648336,0.06926406926406926,0.7196397196750616
pooled_8window_tb40000,4004.48,5.0,141,0.9567368018461084,0.031385281385281384,0.9267093481085141
pooled_8window_tb40000,4004.48,5.0,142,0.9998022479904993,0.0,0.9998022479904993
pooled_8window_tb40000,4004.48,5.0,143,0.9793703473701345,0.020562770562770564,0.9592317796211816
pooled_8window_tb40000,4004.48,5.0,144,0.9858648607389495,0.0010822510822510823,0.9847979074264614
pooled_8window_tb40000,4004.48,5.0,145,0.9919313823593764,0.005411255411255411,0.9865637882989902
pooled_8window_tb40000,4004.48,5.0,146,0.9906754120245551,0.0021645021645021645,0.9885310929509089
pooled_8window_tb40000,4004.48,5.0,147,0.9944012824817623,0.01406926406926407,0.9804107882477114
pooled_8window_tb40000,4004.48,5.0,148,0.9880231647773414,0.004329004329004329,0.9837460082198638
pooled_8window_tb40000,4004.48,5.0,149,0.993672535767655,0.04004329004329004,0.9538826182098593
pooled_8window_tb40000,4004.48,5.0,150,0.9619935392456628,0.13528138528138528,0.8318537206247669
pooled_8window_tb40000,4004.48,5.0,151,0.9949228682254797,0.0,0.9949228682254797
pooled_8window_tb40000,4004.48,5.0,152,0.8259989394418616,0.13528138528138528,0.7142566586732115
pooled_8window_tb40000,4004.48,5.0,153,0.9995936029482915,0.00974025974025974,0.989857301620873
pooled_8window_tb40000,4004.48,5.0,154,0.9496255051723458,0.021645021645021644,0.9290708405582258
pooled_8window_tb40000,4004.48,5.0,155,0.9861962815864487,0.0183982683982684,0.968051977704447
pooled_8window_tb40000,4004.48,5.0,156,0.9997639175687308,0.0,0.9997639175687308
pooled_8window_tb40000,4004.48,5.0,157,0.9124805512440779,0.05411255411255411,0.8631038980382295
pooled_8window_tb40000,4004.48,5.0,158,0.952819432548001,0.04112554112554113,0.9136342177895335
pooled_8window_tb40000,4004.48,5.0,159,0.9993385972245932,0.0,0.9993385972245932
pooled_8window_tb40000,4004.48,5.0,160,0.9450004220216416,0.10606060606060606,0.8447731045344977
pooled_8window_tb40000,4004.48,5.0,161,0.9907043465033715,0.03463203463203463,0.9563942392651594
pooled_8window_tb40000,4004.48,5.0,162,0.9999086893413895,0.0,0.9999086893413895
pooled_8window_tb40000,4004.48,5.0,163,0.9989110556285052,0.0,0.9989110556285052
pooled_8window_tb40000,4004.48,5.0,164,0.8906733331406439,0.015151515151515152,0.8771782826385129
pooled_8window_tb40000,4004.48,5.0,165,0.7460902680294382,0.24567099567099568,0.562797529022206
pooled_8window_tb40000,4004.48,5.0,166,0.8475644131904765,0.030303030303030304,0.8218806430937954
pooled_8window_tb40000,4004.48,5.0,167,0.9878189638241636,0.02813852813852814,0.9600231921148257
pooled_8window_tb40000,4004.48,5.0,168,0.9924785274964613,0.0021645021645021645,0.9903303055754733
pooled_8window_tb40000,4004.48,5.0,169,0.8195384362428315,0.12229437229437229,0.719313497611403
pooled_8window_tb40000,4004.48,5.0,170,0.9997137212356451,0.0,0.9997137212356451
pooled_8window_tb40000,4004.48,5.0,171,0.9819996727408121,0.023809523809523808,0.9586187281517451
pooled_8window_tb40000,4004.48,5.0,172,0.9928886639673874,0.031385281385281384,0.9617265738645149
pooled_8window_tb40000,4004.48,5.0,173,0.917313421522236,0.2067099567099567,0.7276956038699124
pooled_8window_tb40000,4004.48,5.0,174,0.9675837226273836,0.0183982683982684,0.9497818576006892
pooled_8window_tb40000,4004.48,5.0,175,0.9989949455987299,0.0010822510822510823,0.9979137822376923
pooled_8window_tb40000,4004.48,5.0,176,0.8711502003053335,0.02813852813852814,0.8466373158811574
pooled_8window_tb40000,4004.48,5.0,177,0.9748444351783091,0.010822510822510822,0.9642941707283273
pooled_8window_tb40000,4004.48,5.0,178,0.8112106204578087,0.2597402597402597,0.6005065631960402
pooled_8window_tb40000,4004.48,5.0,179,0.983313479428865,0.005411255411255411,0.9779925190423452
pooled_8window_tb40000,4004.48,5.0,180,0.7976739523358325,0.16883116883116883,0.6630017266167959
pooled_8window_tb40000,4004.48,5.0,181,0.9372057866806025,0.12554112554112554,0.8195479173570637
pooled_8window_tb40000,4004.48,5.0,182,0.9995642292503144,0.0,0.9995642292503144
pooled_8window_tb40000,4004.48,5.0,183,0.9692984366856977,0.015151515151515152,0.9546120967359144
pooled_8window_tb40000,4004.48,5.0,184,0.9917939985793485,0.03463203463203463,0.9574461544727043
pooled_8window_tb40000,4004.48,5.0,185,0.9787236943113239,0.030303030303030304,0.9490654005443141
pooled_8window_tb40000,4004.48,5.0,186,0.9941185725603003,0.0,0.9941185725603003
pooled_8window_tb40000,4004.48,5.0,187,0.9999639740071347,0.0021645021645021645,0.9977995498209721
pooled_8window_tb40000,4004.48,5.0,188,0.9911059479237989,0.044372294372294376,0.9471283030483922
pooled_8window_tb40000,4004.48,5.0,189,0.9843982008909852,0.003246753246753247,0.9812021028361443
pooled_8window_tb40000,4004.48,5.0,190,0.9604786976713408,0.07575757575757576,0.8877151599689664
pooled_8window_tb40000,4004.48,5.0,191,0.6926048185903075,0.07142857142857142,0.643133045833857
pooled_8window_tb40000,4004.48,5.0,192,0.6281358003345272,0.20454545454545456,0.49965347753882844
pooled_8window_tb40000,4004.48,5.0,193,0.9961281410628132,0.00974025974025974,0.9864255942342793
pooled_8window_tb40000,4004.48,5.0,194,0.9749751709499141,0.044372294372294376,0.9317132856588465
pooled_8window_tb40000,4004.48,5.0,195,0.9736953962374053,0.005411255411255411,0.9684264817556012
pooled_8window_tb40000,4004.48,5.0,196,0.9393616646688298,0.08766233766233766,0.8570150252335752
pooled_8window_tb40000,4004.48,5.0,197,0.9983292306558281,0.003246753246753247,0.9950879019848676
pooled_8window_tb40000,4004.48,5.0,198,0.9483937736765982,0.06601731601731602,0.8857833622109353
pooled_8window_tb40000,4004.48,5.0,199,0.9974193148761482,0.0,0.9974193148761482
pooled_8window_tb40000,4004.48,5.0,200,0.9913590305379837,0.004329004329004329,0.9870674330031872
pooled_8window_tb40000,4004.48,5.0,201,0.9224521670139765,0.03896103896103896,0.8865124721952501
pooled_8window_tb40000,4004.48,5.0,202,0.987785675915234,0.0,0.987785675915234
pooled_8window_tb40000,4004.48,5.0,203,0.898645743481108,0.03896103896103896,0.8636335716571688
pooled_8window_tb40000,4004.48,5.0,204,0.9646368099402303,0.02922077922077922,0.93644937068873
pooled_8window_tb40000,4004.48,5.0,205,0.8735723168671825,0.12121212121212122,0.767684763307524
pooled_8window_tb40000,4004.48,5.0,206,0.9843577365409436,0.025974025974025976,0.9587900031242957
pooled_8window_tb40000,4004.48,5.0,207,0.8856715047482951,0.08008658008658008,0.8147411028528689
pooled_8window_tb40000,4004.48,5.0,208,0.9049126488375503,0.047619047619047616,0.8618215703214764
pooled_8window_tb40000,4004.48,5.0,209,0.9964403322443247,0.0,0.9964403322443247
pooled_8window_tb40000,4004.48,5.0,210,0.9995845885455718,0.0,0.9995845885455718
pooled_8window_tb40000,4004.48,5.0,211,0.8690892218567856,0.10064935064935066,0.7816159560205507
pooled_8window_tb40000,4004.48,5.0,212,0.9141388326721791,0.08225108225108226,0.8389499243571514
pooled_8window_tb40000,4004.48,5.0,213,0.981969152622749,0.01406926406926407,0.968153569306628
pooled_8window_tb40000,4004.48,5.0,214,0.9995338784531836,0.0,0.9995338784531836
pooled_8window_tb40000,4004.48,5.0,215,0.9917728686865531,0.004329004329004329,0.98747947964462
pooled_8window_tb40000,4004.48,5.0,216,0.9816139029901809,0.03787878787878788,0.9444315581799468
pooled_8window_tb40000,4004.48,5.0,217,0.9973590746064093,0.0,0.9973590746064093
pooled_8window_tb40000,4004.48,5.0,218,0.9991503180496782,0.0,0.9991503180496782
pooled_8window_tb40000,4004.48,5.0,219,0.9713694631080183,0.049783549783549784,0.9230112430831602
pooled_8window_tb40000,4004.48,5.0,220,0.9851322639153366,0.016233766233766232,0.9691398570335941
pooled_8window_tb40000,4004.48,5.0,221,0.998500558051614,0.0,0.998500558051614
pooled_8window_tb40000,4004.48,5.0,222,0.9671690168966952,0.003246753246753247,0.9640288577509267
pooled_8window_tb40000,4004.48,5.0,223,0.9504535581481636,0.015151515151515152,0.9360527466610702
pooled_8window_tb40000,4004.48,5.0,224,0.9983239079327872,0.0010822510822510823,0.9972434708029898
pooled_8window_tb40000,4004.48,5.0,225,0.9692943799689818,0.0,0.9692943799689818
pooled_8window_tb40000,4004.48,5.0,226,0.9872304016075701,0.007575757575757576,0.9797513834135734
pooled_8window_tb40000,4004.48,5.0,227,0.9318665717826281,0.30303030303030304,0.6494827621515287
pooled_8window_tb40000,4004.48,5.0,228,0.8601713467434751,0.288961038961039,0.6116153407039644
pooled_8window_tb40000,4004.48,5.0,229,0.9950554247487625,0.021645021645021644,0.9735174285420793
pooled_8window_tb40000,4004.48,5.0,230,0.9689641678335268,0.07251082251082251,0.8987037790404031
pooled_8window_tb40000,4004.48,5.0,231,0.9417934285379044,0.18831168831168832,0.7644427179690783
pooled_8window_tb40000,4004.48,5.0,232,0.9990270094306057,0.0,0.9990270094306057
pooled_8window_tb40000,4004.48,5.0,233,0.9916629505111124,0.01406926406926407,0.977710982592666
pooled_8window_tb40000,4004.48,5.0,234,0.9993322778960295,0.0,0.9993322778960295
pooled_8window_tb40000,4004.48,5.0,235,0.7747251954741969,0.1764069264069264,0.6380583049305887
pooled_8window_tb40000,4004.48,5.0,236,0.9842341761836997,0.06493506493506493,0.9203228660419009
pooled_8window_tb40000,4004.48,5.0,237,0.997134399392959,0.0,0.997134399392959
pooled_8window_tb40000,4004.48,5.0,238,0.9866872612546802,0.01948051948051948,0.967466080840628
pooled_8window_tb40000,4004.48,5.0,239,0.9231541683114551,0.03896103896103896,0.887187122792827
pooled_8window_tb40000,4004.48,5.0,240,0.9965921859611683,0.004329004329004329,0.9922779340738905
pooled_8window_tb40000,4004.48,5.0,241,0.9904807879088365,0.0,0.9904807879088365
pooled_8window_tb40000,4004.48,5.0,242,0.8735335177738576,0.13636363636363635,0.7544153108046951
pooled_8window_tb40000,4004.48,5.0,243,0.9445679496482258,0.07575757575757576,0.8730097716445723
pooled_8window_tb40000,4004.48,5.0,244,0.9828631261314809,0.06493506493506493,0.9190408452138522
pooled_8window_tb40000,4004.48,5.0,245,0.9966362295359604,0.007575757575757576,0.9890859550697789
pooled_8window_tb40000,4004.48,5.0,246,0.9987998419236633,0.0010822510822510823,0.9977188897137892
pooled_8window_tb40000,4004.48,5.0,247,0.9963697854557478,0.0021645021645021645,0.9942131408984843
pooled_8window_tb40000,4004.48,5.0,248,0.982068834076916,0.07467532467532467,0.9087325250387047
pooled_8window_tb40000,4004.48,5.0,249,0.9995575172352531,0.0010822510822510823,0.998475745030453
pooled_8window_tb40000,4004.48,5.0,250,0.9985653700671709,0.0,0.9985653700671709
pooled_8window_tb40000,4004.48,5.0,251,0.9789059078120449,0.08008658008658008,0.9005086814288291
pooled_8window_tb40000,4004.48,5.0,252,0.9894273503967606,0.022727272727272728,0.9669403651604705
pooled_8window_tb40000,4004.48,5.0,253,0.994799617214425,0.023809523809523808,0.971113912042653
pooled_8window_tb40000,4004.48,5.0,254,0.9678777637503395,0.05952380952380952,0.9102659920985335
pooled_8window_tb40000,4004.48,5.0,255,0.9997417034858682,0.0,0.9997417034858682
pooled_8window_tb40000,4004.48,5.0,256,0.9910821429167928,0.0,0.9910821429167928
pooled_8window_tb40000,4004.48,5.0,257,0.9924305880679296,0.0,0.9924305880679296
pooled_8window_tb40000,4004.48,5.0,258,0.9866658250571726,0.09307359307359307,0.8948332915561803
pooled_8window_tb40000,4004.48,5.0,259,0.9408423663584873,0.03896103896103896,0.9041861702665982
pooled_8window_tb40000,4004.48,5.0,260,0.9775255499533075,0.008658008658008658,0.9690621252783871
pooled_8window_tb40000,4004.48,5.0,261,0.9926016932234117,0.016233766233766232,0.9764880293723823
pooled_8window_tb40000,4004.48,5.0,262,0.9976431555985628,0.007575757575757576,0.9900852529046342
pooled_8window_tb40000,4004.48,5.0,263,0.9901556391882018,0.0,0.9901556391882018
pooled_8window_tb40000,4004.48,5.0,264,0.9942091582675712,0.0021645021645021645,0.9920571903925332
pooled_8window_tb40000,4004.48,5.0,265,0.9994670048022736,0.0,0.9994670048022736
pooled_8window_tb40000,4004.48,5.0,266,0.9626154907634032,0.07251082251082251,0.8928154497664897
pooled_8window_tb40000,4004.48,5.0,267,0.9016644511146834,0.2067099567099567,0.7152814314578603
pooled_8window_tb40000,4004.48,5.0,268,0.7669819972083954,0.031385281385281384,0.7429100514085648
pooled_8window_tb40000,4004.48,5.0,269,0.9995749447794152,0.0,0.9995749447794152
pooled_8window_tb40000,4004.48,5.0,270,0.9908792266989537,0.005411255411255411,0.9855173261215784
pooled_8window_tb40000,4004.48,5.0,271,0.8551664698329926,0.14177489177489178,0.7339253361229038
pooled_8window_tb40000,4004.48,5.0,272,0.962022013237998,0.047619047619047616,0.9162114411790456
pooled_8window_tb40000,4004.48,5.0,273,0.8804628263624619,0.18831168831168832,0.7146613850344657
pooled_8window_tb40000,4004.48,5.0,274,0.9806964922697269,0.008658008658008658,0.9722056135487769
pooled_8window_tb40000,4004.48,5.0,275,0.9993534069156375,0.0010822510822510823,0.9982718556094516
pooled_8window_tb40000,4004.48,5.0,276,0.9787269332426299,0.03354978354978355,0.9458908564779962
pooled_8window_tb40000,4004.48,5.0,277,0.984225648026908,0.024891774891774892,0.9597265247535111
pooled_8window_tb40000,4004.48,5.0,278,0.9959031051390586,0.008658008658008658,0.9872805674322268
pooled_8window_tb40000,4004.48,5.0,279,0.9559992077045667,0.022727272727272728,0.9342719529840083
pooled_8window_tb40000,4004.48,5.0,280,0.9638058705250709,0.07575757575757576,0.8907902742731716
pooled_8window_tb40000,4004.48,5.0,281,0.8382394150511112,0.07683982683982683,0.7738292435482661
pooled_8window_tb40000,4004.48,5.0,282,0.9973490354733786,0.0183982683982684,0.9789995402319852
pooled_8window_tb40000,4004.48,5.0,283,0.9957076198208663,0.0,0.9957076198208663
pooled_8window_tb40000,4004.48,5.0,284,0.988792095873121,0.00974025974025974,0.979161004030201
pooled_8window_tb40000,4004.48,5.0,285,0.9788949719060509,0.004329004329004329,0.9746573313350291
pooled_8window_tb40000,4004.48,5.0,286,0.9891304870992783,0.016233766233766232,0.9730731739970173
pooled_8window_tb40000,4004.48,5.0,287,0.9941028040517979,0.020562770562770564,0.9736612961762738
pooled_8window_tb40000,4004.48,5.0,288,0.8896081521465298,0.07467532467532467,0.823176374551172
pooled_8window_tb40000,4004.48,5.0,289,0.9856354772495836,0.004329004329004329,0.9813686570017499
pooled_8window_tb40000,4004.48,5.0,290,0.9936829176711989,0.012987012987012988,0.98077794471443
pooled_8window_tb40000,4004.48,5.0,291,0.9717700557642024,0.0183982683982684,0.9538911694568524
pooled_8window_tb40000,4004.48,5.0,292,0.9996675712684328,0.0,0.9996675712684328
pooled_8window_tb40000,4004.48,5.0,293,0.9936718140281037,0.0,0.9936718140281037
pooled_8window_tb40000,4004.48,5.0,294,0.9703057677604464,0.022727272727272728,0.948253363947709
pooled_8window_tb40000,4004.48,5.0,295,0.8306292764596309,0.11796536796536797,0.7326437882192632
pooled_8window_tb40000,4004.48,5.0,296,0.9986415312282132,0.0,0.9986415312282132
pooled_8window_tb40000,4004.48,5.0,297,0.9945149106119386,0.0,0.9945149106119386
pooled_8window_tb40000,4004.48,5.0,298,0.9997234153963412,0.0,0.9997234153963412
pooled_8window_tb40000,4004.48,5.0,299,0.889745618583496,0.04220779220779221,0.8521914203965302
pooled_8window_tb40000,4004.48,6.0,0,0.9859548041141737,0.008658008658008658,0.9774183988837479
pooled_8window_tb40000,4004.48,6.0,1,0.9902757669480572,0.004329004329004329,0.985988858866031
pooled_8window_tb40000,4004.48,6.0,2,0.9951017863398273,0.0,0.9951017863398273
pooled_8window_tb40000,4004.48,6.0,3,0.9999387871595335,0.0,0.9999387871595335
pooled_8window_tb40000,4004.48,6.0,4,0.9993318723107507,0.0,0.9993318723107507
pooled_8window_tb40000,4004.48,6.0,5,0.9916607899768365,0.0,0.9916607899768365
pooled_8window_tb40000,4004.48,6.0,6,0.9928874256698178,0.0,0.9928874256698178
pooled_8window_tb40000,4004.48,6.0,7,0.9937805167158001,0.006493506493506494,0.9873273964773859
pooled_8window_tb40000,4004.48,6.0,8,0.9947103005667982,0.0,0.9947103005667982
pooled_8window_tb40000,4004.48,6.0,9,0.9974561084174903,0.0,0.9974561084174903
pooled_8window_tb40000,4004.48,6.0,10,0.9998651825312965,0.0,0.9998651825312965
pooled_8window_tb40000,4004.48,6.0,11,0.9997402334955208,0.0,0.9997402334955208
pooled_8window_tb40000,4004.48,6.0,12,0.9998479445321047,0.0,0.9998479445321047
pooled_8window_tb40000,4004.48,6.0,13,0.9987459006267226,0.0,0.9987459006267226
pooled_8window_tb40000,4004.48,6.0,14,0.9995925027658005,0.0,0.9995925027658005
pooled_8window_tb40000,4004.48,6.0,15,0.9995995578932855,0.0010822510822510823,0.9985177401899377
pooled_8window_tb40000,4004.48,6.0,16,0.9968603285802685,0.0010822510822510823,0.9957814754108093
pooled_8window_tb40000,4004.48,6.0,17,0.8814499852353215,0.14393939393939395,0.7545746085726616
pooled_8window_tb40000,4004.48,6.0,18,0.9955067584521593,0.0010822510822510823,0.9944293701854361
pooled_8window_tb40000,4004.48,6.0,19,0.9619011046812729,0.07575757575757576,0.8890298088720855
pooled_8window_tb40000,4004.48,6.0,20,0.9848187899059465,0.0,0.9848187899059465
pooled_8window_tb40000,4004.48,6.0,21,0.9978854361214822,0.0010822510822510823,0.9968054735282771
pooled_8window_tb40000,4004.48,6.0,22,0.9998770062200826,0.0,0.9998770062200826
pooled_8window_tb40000,4004.48,6.0,23,0.9963049948960209,0.01406926406926407,0.9822877168293019
pooled_8window_tb40000,4004.48,6.0,24,0.9999146750680601,0.0,0.9999146750680601
pooled_8window_tb40000,4004.48,6.0,25,0.9854982586938169,0.003246753246753247,0.982298589022733
pooled_8window_tb40000,4004.48,6.0,26,0.9996544385030864,0.0,0.9996544385030864
pooled_8window_tb40000,4004.48,6.0,27,0.9985684790798752,0.006493506493506494,0.9920842681767592
pooled_8window_tb40000,4004.48,6.0,28,0.9986970636399664,0.0,0.9986970636399664
pooled_8window_tb40000,4004.48,6.0,29,0.9867021924140966,0.0367965367965368,0.9503949688837078
pooled_8window_tb40000,4004.48,6.0,30,0.9807942348739241,0.005411255411255411,0.9754869067631345
pooled_8window_tb40000,4004.48,6.0,31,0.9980394345688886,0.0,0.9980394345688886
pooled_8window_tb40000,4004.48,6.0,32,0.9917042601083456,0.006493506493506494,0.985264622055694
pooled_8window_tb40000,4004.48,6.0,33,0.9975836038380153,0.011904761904761904,0.9857076085542295
pooled_8window_tb40000,4004.48,6.0,34,0.9996121045209846,0.0,0.9996121045209846
pooled_8window_tb40000,4004.48,6.0,35,0.9987633416817667,0.0,0.9987633416817667
pooled_8window_tb40000,4004.48,6.0,36,0.9921295690765064,0.0,0.9921295690765064
pooled_8window_tb40000,4004.48,6.0,37,0.9997165668323208,0.0,0.9997165668323208
pooled_8window_tb40000,4004.48,6.0,38,0.9980605744549854,0.0010822510822510823,0.9969804223181293
pooled_8window_tb40000,4004.48,6.0,39,0.9999765260180908,0.0,0.9999765260180908
pooled_8window_tb40000,4004.48,6.0,40,0.999701317605471,0.0,0.999701317605471
pooled_8window_tb40000,4004.48,6.0,41,0.9926089426643674,0.005411255411255411,0.9872376821521143
pooled_8window_tb40000,4004.48,6.0,42,0.9677342541598115,0.0,0.9677342541598115
pooled_8window_tb40000,4004.48,6.0,43,0.9933208701679048,0.048701298701298704,0.9449448537636238
pooled_8window_tb40000,4004.48,6.0,44,0.965039422533497,0.008658008658008658,0.9566841028578822
pooled_8window_tb40000,4004.48,6.0,45,0.9972633697301673,0.0010822510822510823,0.9961840803689874
pooled_8window_tb40000,4004.48,6.0,46,0.981430964618123,0.09307359307359307,0.8900856583874318
pooled_8window_tb40000,4004.48,6.0,47,0.9922688664339745,0.008658008658008658,0.9836777939973167
pooled_8window_tb40000,4004.48,6.0,48,0.9991160569460111,0.0,0.9991160569460111
pooled_8window_tb40000,4004.48,6.0,49,0.99931265900804,0.0,0.99931265900804
pooled_8window_tb40000,4004.48,6.0,50,0.9883485865938195,0.0854978354978355,0.9038469217227029
pooled_8window_tb40000,4004.48,6.0,51,0.9990190018995504,0.0,0.9990190018995504
pooled_8window_tb40000,4004.48,6.0,52,0.9994733841715222,0.0,0.9994733841715222
pooled_8window_tb40000,4004.48,6.0,53,0.8594009582541859,0.06818181818181818,0.8008054383732188
pooled_8window_tb40000,4004.48,6.0,54,0.9999269134290437,0.0,0.9999269134290437
pooled_8window_tb40000,4004.48,6.0,55,0.9988524490607577,0.0,0.9988524490607577
pooled_8window_tb40000,4004.48,6.0,56,0.9999558826730374,0.0,0.9999558826730374
pooled_8window_tb40000,4004.48,6.0,57,0.9411207874406032,0.05627705627705628,0.8881572799223009
pooled_8window_tb40000,4004.48,6.0,58,0.9933890425770139,0.0,0.9933890425770139
pooled_8window_tb40000,4004.48,6.0,59,0.9681318315123694,0.02813852813852814,0.9408900267295538
pooled_8window_tb40000,4004.48,6.0,60,0.9998817253288194,0.0,0.9998817253288194
pooled_8window_tb40000,4004.48,6.0,61,0.9998613602251706,0.0,0.9998613602251706
pooled_8window_tb40000,4004.48,6.0,62,0.9997889120701737,0.0,0.9997889120701737
pooled_8window_tb40000,4004.48,6.0,63,0.9997052491237225,0.0,0.9997052491237225
pooled_8window_tb40000,4004.48,6.0,64,0.9967178709842627,0.0,0.9967178709842627
pooled_8window_tb40000,4004.48,6.0,65,0.9996741280849527,0.0,0.9996741280849527
pooled_8window_tb40000,4004.48,6.0,66,0.9995509289253032,0.0,0.9995509289253032
pooled_8window_tb40000,4004.48,6.0,67,0.996935494144736,0.0,0.996935494144736
pooled_8window_tb40000,4004.48,6.0,68,0.9919504201195939,0.05627705627705628,0.9361263705024739
pooled_8window_tb40000,4004.48,6.0,69,0.9987720870175792,0.0,0.9987720870175792
pooled_8window_tb40000,4004.48,6.0,70,0.997969751855304,0.0,0.997969751855304
pooled_8window_tb40000,4004.48,6.0,71,0.9968377260892736,0.0,0.9968377260892736
pooled_8window_tb40000,4004.48,6.0,72,0.9908999290039585,0.005411255411255411,0.9855379164011232
pooled_8window_tb40000,4004.48,6.0,73,0.9873975950829534,0.00974025974025974,0.9777800860399377
pooled_8window_tb40000,4004.48,6.0,74,0.9996415005073548,0.004329004329004329,0.9953140481242061
pooled_8window_tb40000,4004.48,6.0,75,0.9811194492078876,0.07251082251082251,0.9099776709644586
pooled_8window_tb40000,4004.48,6.0,76,0.98324024998965,0.0,0.98324024998965
pooled_8window_tb40000,4004.48,6.0,77,0.9973616061943487,0.0,0.9973616061943487
pooled_8window_tb40000,4004.48,6.0,78,0.9966678443174033,0.012987012987012988,0.9837241060795149
pooled_8window_tb40000,4004.48,6.0,79,0.9998972305907945,0.0,0.9998972305907945
pooled_8window_tb40000,4004.48,6.0,80,0.9996822490985436,0.0,0.9996822490985436
pooled_8window_tb40000,4004.48,6.0,81,0.9997193934925317,0.0,0.9997193934925317
pooled_8window_tb40000,4004.48,6.0,82,0.9994829382220425,0.0,0.9994829382220425
pooled_8window_tb40000,4004.48,6.0,83,0.9998960136972598,0.0,0.9998960136972598
pooled_8window_tb40000,4004.48,6.0,84,0.9978264070590347,0.0,0.9978264070590347
pooled_8window_tb40000,4004.48,6.0,85,0.995752681915596,0.0021645021645021645,0.9935973730802808
pooled_8window_tb40000,4004.48,6.0,86,0.999577230875698,0.020562770562770564,0.9790231536174315
pooled_8window_tb40000,4004.48,6.0,87,0.997584864760833,0.0,0.997584864760833
pooled_8window_tb40000,4004.48,6.0,88,0.9997367439272565,0.0,0.9997367439272565
pooled_8window_tb40000,4004.48,6.0,89,0.9998434387455268,0.0,0.9998434387455268
pooled_8window_tb40000,4004.48,6.0,90,0.9988543375503963,0.021645021645021644,0.9772341137938942
pooled_8window_tb40000,4004.48,6.0,91,0.9974285071720034,0.015151515151515152,0.9823159540330336
pooled_8window_tb40000,4004.48,6.0,92,0.9990918444475696,0.00974025974025974,0.9893604303782751
pooled_8window_tb40000,4004.48,6.0,93,0.9724779112546554,0.022727272727272728,0.9503761405443224
pooled_8window_tb40000,4004.48,6.0,94,0.9974113896464971,0.0021645021645021645,0.9952524905347082
pooled_8window_tb40000,4004.48,6.0,95,0.9975193418751801,0.0,0.9975193418751801
pooled_8window_tb40000,4004.48,6.0,96,0.9664244993645825,0.003246753246753247,0.9632867574835287
pooled_8window_tb40000,4004.48,6.0,97,0.9965715927245771,0.0,0.9965715927245771
pooled_8window_tb40000,4004.48,6.0,98,0.9847364067803555,0.07034632034632035,0.9154638240523001
pooled_8window_tb40000,4004.48,6.0,99,0.9997991855819713,0.0010822510822510823,0.9987171518313415
pooled_8window_tb40000,4004.48,6.0,100,0.9938825925744965,0.0,0.9938825925744965
pooled_8window_tb40000,4004.48,6.0,101,0.9938284410117558,0.01406926406926407,0.9798460062356164
pooled_8window_tb40000,4004.48,6.0,102,0.9947722565470485,0.0021645021645021645,0.9926190698445657
pooled_8window_tb40000,4004.48,6.0,103,0.9998085188813155,0.0,0.9998085188813155
pooled_8window_tb40000,4004.48,6.0,104,0.9999413367867666,0.0,0.9999413367867666
pooled_8window_tb40000,4004.48,6.0,105,0.9997325619869467,0.0,0.9997325619869467
pooled_8window_tb40000,4004.48,6.0,106,0.9851897643927776,0.015151515151515152,0.9702626467504628
pooled_8window_tb40000,4004.48,6.0,107,0.998899055451971,0.0021645021645021645,0.996736936284326
pooled_8window_tb40000,4004.48,6.0,108,0.9975473062971935,0.003246753246753247,0.994308516341683
pooled_8window_tb40000,4004.48,6.0,109,0.9999994539854868,0.0,0.9999994539854868
pooled_8window_tb40000,4004.48,6.0,110,0.9854236499971046,0.03787878787878788,0.9480969965881234
pooled_8window_tb40000,4004.48,6.0,111,0.9989282488556473,0.0,0.9989282488556473
pooled_8window_tb40000,4004.48,6.0,112,0.999956739877174,0.0,0.999956739877174
pooled_8window_tb40000,4004.48,6.0,113,0.997297110217591,0.007575757575757576,0.989741829079579
pooled_8window_tb40000,4004.48,6.0,114,0.99999343455401,0.0,0.99999343455401
pooled_8window_tb40000,4004.48,6.0,115,0.9841843620168296,0.003246753246753247,0.9809889582440476
pooled_8window_tb40000,4004.48,6.0,116,0.9941582735936938,0.0,0.9941582735936938
pooled_8window_tb40000,4004.48,6.0,117,0.9971242226035901,0.04329004329004329,0.9539586718415299
pooled_8window_tb40000,4004.48,6.0,118,0.9961525365917148,0.007575757575757576,0.98860592646602
pooled_8window_tb40000,4004.48,6.0,119,0.9991774656716237,0.0,0.9991774656716237
pooled_8window_tb40000,4004.48,6.0,120,0.9995219093551247,0.0,0.9995219093551247
pooled_8window_tb40000,4004.48,6.0,121,0.979078838986358,0.02813852813852814,0.9515290015257029
pooled_8window_tb40000,4004.48,6.0,122,0.9994709774328393,0.0,0.9994709774328393
pooled_8window_tb40000,4004.48,6.0,123,0.9974270450241091,0.016233766233766232,0.9812350475399514
pooled_8window_tb40000,4004.48,6.0,124,0.9995775740764457,0.0,0.9995775740764457
pooled_8window_tb40000,4004.48,6.0,125,0.9999964913788049,0.0,0.9999964913788049
pooled_8window_tb40000,4004.48,6.0,126,0.9999973203819095,0.0,0.9999973203819095
pooled_8window_tb40000,4004.48,6.0,127,0.9952117944670442,0.0,0.9952117944670442
pooled_8window_tb40000,4004.48,6.0,128,0.9388542078309493,0.08225108225108226,0.8616324331608712
pooled_8window_tb40000,4004.48,6.0,129,0.9973627691269704,0.007575757575757576,0.9898069905729783
pooled_8window_tb40000,4004.48,6.0,130,0.9984180799586597,0.0,0.9984180799586597
pooled_8window_tb40000,4004.48,6.0,131,0.9657577510141706,0.020562770562770564,0.9458990959608489
pooled_8window_tb40000,4004.48,6.0,132,0.9958520113269862,0.0,0.9958520113269862
pooled_8window_tb40000,4004.48,6.0,133,0.968161156554769,0.05735930735930736,0.9126281032026015
pooled_8window_tb40000,4004.48,6.0,134,0.996670098368525,0.007575757575757576,0.9891195673202786
pooled_8window_tb40000,4004.48,6.0,135,0.9959252940214777,0.0,0.9959252940214777
pooled_8window_tb40000,4004.48,6.0,136,0.9972679815651437,0.0021645021645021645,0.9951093928604573
pooled_8window_tb40000,4004.48,6.0,137,0.9994480269928386,0.0,0.9994480269928386
pooled_8window_tb40000,4004.48,6.0,138,0.9968570400493965,0.03571428571428571,0.9612550029047752
pooled_8window_tb40000,4004.48,6.0,139,0.9994339704974142,0.0,0.9994339704974142
pooled_8window_tb40000,4004.48,6.0,140,0.9938475126278389,0.004329004329004329,0.9895451424433028
pooled_8window_tb40000,4004.48,6.0,141,0.8744684759486292,0.12445887445887446,0.7656331136822955
pooled_8window_tb40000,4004.48,6.0,142,0.9993278314486506,0.0,0.9993278314486506
pooled_8window_tb40000,4004.48,6.0,143,0.9987822583522409,0.0,0.9987822583522409
pooled_8window_tb40000,4004.48,6.0,144,0.9999377822512713,0.0,0.9999377822512713
pooled_8window_tb40000,4004.48,6.0,145,0.9921513371359065,0.0,0.9921513371359065
pooled_8window_tb40000,4004.48,6.0,146,0.9954803944848062,0.0,0.9954803944848062
pooled_8window_tb40000,4004.48,6.0,147,0.9997012012100402,0.0021645021645021645,0.9975373457961657
pooled_8window_tb40000,4004.48,6.0,148,0.9906535483585789,0.007575757575757576,0.9831485972346503
pooled_8window_tb40000,4004.48,6.0,149,0.9915650352243505,0.0021645021645021645,0.9894187905593627
pooled_8window_tb40000,4004.48,6.0,150,0.999764310991923,0.0,0.999764310991923
pooled_8window_tb40000,4004.48,6.0,151,0.9983058874001988,0.0,0.9983058874001988
pooled_8window_tb40000,4004.48,6.0,152,0.9998628793930124,0.0,0.9998628793930124
pooled_8window_tb40000,4004.48,6.0,153,0.9633244370561721,0.07900432900432901,0.8872176362930763
pooled_8window_tb40000,4004.48,6.0,154,0.9930414669079037,0.0,0.9930414669079037
pooled_8window_tb40000,4004.48,6.0,155,0.9970085885569192,0.0010822510822510823,0.9959295749329398
pooled_8window_tb40000,4004.48,6.0,156,0.9991671130280164,0.0,0.9991671130280164
pooled_8window_tb40000,4004.48,6.0,157,0.9696309530273435,0.01406926406926407,0.9559889590994696
pooled_8window_tb40000,4004.48,6.0,158,0.9168546030416951,0.04112554112554113,0.8791484613581622
pooled_8window_tb40000,4004.48,6.0,159,0.999996818362643,0.0,0.999996818362643
pooled_8window_tb40000,4004.48,6.0,160,0.9999980369328427,0.0,0.9999980369328427
pooled_8window_tb40000,4004.48,6.0,161,0.9792945433085183,0.044372294372294376,0.9358409975556511
pooled_8window_tb40000,4004.48,6.0,162,0.9663359643452717,0.0,0.9663359643452717
pooled_8window_tb40000,4004.48,6.0,163,0.9958645893385695,0.006493506493506494,0.9893979361610463
pooled_8window_tb40000,4004.48,6.0,164,0.9976283395694513,0.0,0.9976283395694513
pooled_8window_tb40000,4004.48,6.0,165,0.9975029268392657,0.0,0.9975029268392657
pooled_8window_tb40000,4004.48,6.0,166,0.9880476977915469,0.010822510822510822,0.977354540889041
pooled_8window_tb40000,4004.48,6.0,167,0.9999553200435696,0.0021645021645021645,0.9977909145889299
pooled_8window_tb40000,4004.48,6.0,168,0.9983548888820473,0.0,0.9983548888820473
pooled_8window_tb40000,4004.48,6.0,169,0.9995080048459523,0.0010822510822510823,0.9984262862259891
pooled_8window_tb40000,4004.48,6.0,170,0.9972795198532004,0.0010822510822510823,0.9962002130135323
pooled_8window_tb40000,4004.48,6.0,171,0.9994212860185597,0.0,0.9994212860185597
pooled_8window_tb40000,4004.48,6.0,172,0.9998656728709833,0.0,0.9998656728709833
pooled_8window_tb40000,4004.48,6.0,173,0.9967888394880622,0.0,0.9967888394880622
pooled_8window_tb40000,4004.48,6.0,174,0.9999095074493275,0.0,0.9999095074493275
pooled_8window_tb40000,4004.48,6.0,175,0.9987895268822031,0.0,0.9987895268822031
pooled_8window_tb40000,4004.48,6.0,176,0.9858367495555239,0.007575757575757576,0.9783682893316185
pooled_8window_tb40000,4004.48,6.0,177,0.9844037783031206,0.003246753246753247,0.9812076621397988
pooled_8window_tb40000,4004.48,6.0,178,0.9999316097173182,0.0,0.9999316097173182
pooled_8window_tb40000,4004.48,6.0,179,0.9974987146221441,0.0,0.9974987146221441
pooled_8window_tb40000,4004.48,6.0,180,0.9985905780373843,0.0,0.9985905780373843
pooled_8window_tb40000,4004.48,6.0,181,0.9961859250458672,0.0,0.9961859250458672
pooled_8window_tb40000,4004.48,6.0,182,0.9919789666339967,0.008658008658008658,0.9833904041523169
pooled_8window_tb40000,4004.48,6.0,183,0.9824071196049267,0.0,0.9824071196049267
pooled_8window_tb40000,4004.48,6.0,184,0.9979874890695419,0.0,0.9979874890695419
pooled_8window_tb40000,4004.48,6.0,185,0.9996733128244404,0.0,0.9996733128244404
pooled_8window_tb40000,4004.48,6.0,186,0.9979698066966658,0.0,0.9979698066966658
pooled_8window_tb40000,4004.48,6.0,187,0.9971914662140983,0.0,0.9971914662140983
pooled_8window_tb40000,4004.48,6.0,188,0.9999950223011811,0.0,0.9999950223011811
pooled_8window_tb40000,4004.48,6.0,189,0.9915302874122421,0.004329004329004329,0.9872379485056957
pooled_8window_tb40000,4004.48,6.0,190,0.9859895804812394,0.003246753246753247,0.982788315609547
pooled_8window_tb40000,4004.48,6.0,191,0.9987034366697932,0.0,0.9987034366697932
pooled_8window_tb40000,4004.48,6.0,192,0.994381025335966,0.0,0.994381025335966
pooled_8window_tb40000,4004.48,6.0,193,0.9963800730653556,0.0,0.9963800730653556
pooled_8window_tb40000,4004.48,6.0,194,0.9976975909231466,0.005411255411255411,0.9922987944354672
pooled_8window_tb40000,4004.48,6.0,195,0.9734830035395636,0.023809523809523808,0.9503048367886217
pooled_8window_tb40000,4004.48,6.0,196,0.9797039299792337,0.0021645021645021645,0.9775833587022225
pooled_8window_tb40000,4004.48,6.0,197,0.9904206509957747,0.0,0.9904206509957747
pooled_8window_tb40000,4004.48,6.0,198,0.9983484979659696,0.0,0.9983484979659696
pooled_8window_tb40000,4004.48,6.0,199,0.9943235498621624,0.007575757575757576,0.9867907956965399
pooled_8window_tb40000,4004.48,6.0,200,0.9990515381102312,0.0,0.9990515381102312
pooled_8window_tb40000,4004.48,6.0,201,0.9997680784194863,0.0021645021645021645,0.9976040782497472
pooled_8window_tb40000,4004.48,6.0,202,0.9999709076425252,0.0,0.9999709076425252
pooled_8window_tb40000,4004.48,6.0,203,0.9916553815612873,0.022727272727272728,0.9691177592530762
pooled_8window_tb40000,4004.48,6.0,204,0.9999491161250699,0.0,0.9999491161250699
pooled_8window_tb40000,4004.48,6.0,205,0.9999816807672782,0.0,0.9999816807672782
pooled_8window_tb40000,4004.48,6.0,206,0.9837804089830671,0.0010822510822510823,0.9827157115707477
pooled_8window_tb40000,4004.48,6.0,207,0.9958444758776565,0.0,0.9958444758776565
pooled_8window_tb40000,4004.48,6.0,208,0.9996693054910777,0.0,0.9996693054910777
pooled_8window_tb40000,4004.48,6.0,209,0.9985491963751935,0.005411255411255411,0.9931457916329034
pooled_8window_tb40000,4004.48,6.0,210,0.9765207210175247,0.006493506493506494,0.9701796773745539
pooled_8window_tb40000,4004.48,6.0,211,0.9605748223061747,0.07142857142857142,0.8919623349985909
pooled_8window_tb40000,4004.48,6.0,212,0.9988206806629754,0.0,0.9988206806629754
pooled_8window_tb40000,4004.48,6.0,213,0.9999299382580068,0.0,0.9999299382580068
pooled_8window_tb40000,4004.48,6.0,214,0.9950633946215445,0.0,0.9950633946215445
pooled_8window_tb40000,4004.48,6.0,215,0.9992733485249712,0.0,0.9992733485249712
pooled_8window_tb40000,4004.48,6.0,216,0.9999877937764542,0.0,0.9999877937764542
pooled_8window_tb40000,4004.48,6.0,217,0.9704741163360315,0.0010822510822510823,0.9694238196733301
pooled_8window_tb40000,4004.48,6.0,218,0.9994717485170764,0.0010822510822510823,0.9983900691355644
pooled_8window_tb40000,4004.48,6.0,219,0.999559311197884,0.0,0.999559311197884
pooled_8window_tb40000,4004.48,6.0,220,0.9986269027838002,0.0,0.9986269027838002
pooled_8window_tb40000,4004.48,6.0,221,0.9987713177517595,0.003246753246753247,0.9955285537330849
pooled_8window_tb40000,4004.48,6.0,222,0.9994264737739255,0.0,0.9994264737739255
pooled_8window_tb40000,4004.48,6.0,223,0.9969554855568432,0.003246753246753247,0.9937186170972431
pooled_8window_tb40000,4004.48,6.0,224,0.9988425060643302,0.0,0.9988425060643302
pooled_8window_tb40000,4004.48,6.0,225,0.9748371324071328,0.007575757575757576,0.9674520026161696
pooled_8window_tb40000,4004.48,6.0,226,0.9973151544549061,0.0010822510822510823,0.9962358090496519
pooled_8window_tb40000,4004.48,6.0,227,0.9999277375793697,0.0010822510822510823,0.9988455647032015
pooled_8window_tb40000,4004.48,6.0,228,0.9998822175757889,0.0,0.9998822175757889
pooled_8window_tb40000,4004.48,6.0,229,0.8721193705211645,0.07900432900432901,0.8032181648414621
pooled_8window_tb40000,4004.48,6.0,230,0.9921660034785099,0.005411255411255411,0.9867971398233232
pooled_8window_tb40000,4004.48,6.0,231,0.9842940639567207,0.0010822510822510823,0.9832288106407502
pooled_8window_tb40000,4004.48,6.0,232,0.9735408515803154,0.02922077922077922,0.9450932292938776
pooled_8window_tb40000,4004.48,6.0,233,0.9999101766358809,0.0,0.9999101766358809
pooled_8window_tb40000,4004.48,6.0,234,0.9872386148976912,0.004329004329004329,0.9829648546600388
pooled_8window_tb40000,4004.48,6.0,235,0.9135327811305926,0.06926406926406926,0.8502577833033653
pooled_8window_tb40000,4004.48,6.0,236,0.9661215086661612,0.005411255411255411,0.9608935784244612
pooled_8window_tb40000,4004.48,6.0,237,0.9902006673552293,0.011904761904761904,0.978412564172429
pooled_8window_tb40000,4004.48,6.0,238,0.9799096858676074,0.003246753246753247,0.9767281609134918
pooled_8window_tb40000,4004.48,6.0,239,0.9980528158735401,0.0,0.9980528158735401
pooled_8window_tb40000,4004.48,6.0,240,0.9979600902736012,0.0,0.9979600902736012
pooled_8window_tb40000,4004.48,6.0,241,0.9944671922739219,0.024891774891774892,0.969713138786584
pooled_8window_tb40000,4004.48,6.0,242,0.9998598150844095,0.0,0.9998598150844095
pooled_8window_tb40000,4004.48,6.0,243,0.9761421493962366,0.02813852813852814,0.9486749460582472
pooled_8window_tb40000,4004.48,6.0,244,0.9995934332882012,0.0,0.9995934332882012
pooled_8window_tb40000,4004.48,6.0,245,0.999977711975995,0.0,0.999977711975995
pooled_8window_tb40000,4004.48,6.0,246,0.999742968814914,0.006493506493506494,0.9932511313550769
pooled_8window_tb40000,4004.48,6.0,247,0.9998723778217109,0.0,0.9998723778217109
pooled_8window_tb40000,4004.48,6.0,248,0.9983410931049116,0.008658008658008658,0.9896974472771634
pooled_8window_tb40000,4004.48,6.0,249,0.9999774318464841,0.0,0.9999774318464841
pooled_8window_tb40000,4004.48,6.0,250,0.9946882933041097,0.023809523809523808,0.9710052387016308
pooled_8window_tb40000,4004.48,6.0,251,0.9998919427618179,0.0,0.9998919427618179
pooled_8window_tb40000,4004.48,6.0,252,0.9977303102743068,0.005411255411255411,0.9923313367338614
pooled_8window_tb40000,4004.48,6.0,253,0.9943260566293827,0.0,0.9943260566293827
pooled_8window_tb40000,4004.48,6.0,254,0.9892832305128577,0.007575757575757576,0.98178866058473
pooled_8window_tb40000,4004.48,6.0,255,0.9967675138090069,0.0183982683982684,0.9784287175592741
pooled_8window_tb40000,4004.48,6.0,256,0.9994216038487357,0.005411255411255411,0.9940134782867837
pooled_8window_tb40000,4004.48,6.0,257,0.9998310414211038,0.0,0.9998310414211038
pooled_8window_tb40000,4004.48,6.0,258,0.9977785469396573,0.0,0.9977785469396573
pooled_8window_tb40000,4004.48,6.0,259,0.9832842952779779,0.05844155844155844,0.9258196286708233
pooled_8window_tb40000,4004.48,6.0,260,0.998580149234661,0.0,0.998580149234661
pooled_8window_tb40000,4004.48,6.0,261,0.9485522575174626,0.023809523809523808,0.925967679957523
pooled_8window_tb40000,4004.48,6.0,262,0.9973018068726199,0.0,0.9973018068726199
pooled_8window_tb40000,4004.48,6.0,263,0.994980513551372,0.01948051948051948,0.9755977762743973
pooled_8window_tb40000,4004.48,6.0,264,0.9999845910996827,0.0,0.9999845910996827
pooled_8window_tb40000,4004.48,6.0,265,0.9840775830933947,0.027056277056277056,0.9574521073603484
pooled_8window_tb40000,4004.48,6.0,266,0.976038204388587,0.0021645021645021645,0.9739255675825511
pooled_8window_tb40000,4004.48,6.0,267,0.9978947547860184,0.0,0.9978947547860184
pooled_8window_tb40000,4004.48,6.0,268,0.999617242790321,0.0,0.999617242790321
pooled_8window_tb40000,4004.48,6.0,269,0.9980035022233508,0.0,0.9980035022233508
pooled_8window_tb40000,4004.48,6.0,270,0.9868726742051668,0.004329004329004329,0.9826004981263565
pooled_8window_tb40000,4004.48,6.0,271,0.9146111943148673,0.0735930735930736,0.8473021453826043
pooled_8window_tb40000,4004.48,6.0,272,0.9955388366832776,0.0,0.9955388366832776
pooled_8window_tb40000,4004.48,6.0,273,0.9896961322745671,0.008658008658008658,0.9811273345925362
pooled_8window_tb40000,4004.48,6.0,274,0.9934949124880452,0.0,0.9934949124880452
pooled_8window_tb40000,4004.48,6.0,275,0.927438293648483,0.12337662337662338,0.8130140885879559
pooled_8window_tb40000,4004.48,6.0,276,0.9998039421387211,0.0,0.9998039421387211
pooled_8window_tb40000,4004.48,6.0,277,0.9995940295836777,0.0010822510822510823,0.998512217863349
pooled_8window_tb40000,4004.48,6.0,278,0.9955860606555471,0.016233766233766232,0.9794239492812687
pooled_8window_tb40000,4004.48,6.0,279,0.9977634696961616,0.011904761904761904,0.9858853331521598
pooled_8window_tb40000,4004.48,6.0,280,0.989519981543603,0.0,0.989519981543603
pooled_8window_tb40000,4004.48,6.0,281,0.9993944532784017,0.0010822510822510823,0.9983128575497454
pooled_8window_tb40000,4004.48,6.0,282,0.9874096901584448,0.016233766233766232,0.971380312071457
pooled_8window_tb40000,4004.48,6.0,283,0.9995985700623795,0.0,0.9995985700623795
pooled_8window_tb40000,4004.48,6.0,284,0.9967226153090316,0.005411255411255411,0.99132909466342
pooled_8window_tb40000,4004.48,6.0,285,0.9468854591628519,0.0010822510822510823,0.9458606913499051
pooled_8window_tb40000,4004.48,6.0,286,0.9890148269947147,0.0,0.9890148269947147
pooled_8window_tb40000,4004.48,6.0,287,0.9999988104090602,0.0,0.9999988104090602
pooled_8window_tb40000,4004.48,6.0,288,0.9988623599726615,0.0,0.9988623599726615
pooled_8window_tb40000,4004.48,6.0,289,0.9996221984650858,0.0,0.9996221984650858
pooled_8window_tb40000,4004.48,6.0,290,0.9374948652390018,0.0183982683982684,0.9202465830863362
pooled_8window_tb40000,4004.48,6.0,291,0.999928083498634,0.0,0.999928083498634
pooled_8window_tb40000,4004.48,6.0,292,0.997668154160261,0.00974025974025974,0.9879506072041546
pooled_8window_tb40000,4004.48,6.0,293,0.9993021528883619,0.0010822510822510823,0.9982206570519025
pooled_8window_tb40000,4004.48,6.0,294,0.9999455451406076,0.0,0.9999455451406076
pooled_8window_tb40000,4004.48,6.0,295,0.9984994887139309,0.021645021645021644,0.9768869456681748
pooled_8window_tb40000,4004.48,6.0,296,0.9993489593934554,0.0,0.9993489593934554
pooled_8window_tb40000,4004.48,6.0,297,0.927711121303296,0.00974025974025974,0.9186749740178743
pooled_8window_tb40000,4004.48,6.0,298,0.972547277779937,0.07575757575757576,0.8988694537056993
pooled_8window_tb40000,4004.48,6.0,299,0.9975951849458284,0.0,0.9975951849458284
pooled_x4,16017.92,0.0,0,0.5885545682408055,0.6677489177489178,0.1955478922618261
pooled_x4,16017.92,0.0,1,0.21565157676236363,0.6558441558441559,0.07421775044419007
pooled_x4,16017.92,0.0,2,0.3972006028672084,0.3106060606060606,0.27382768834027243
pooled_x4,16017.92,0.0,3,0.1886265066127678,0.24025974025974026,0.14330715112788203
pooled_x4,16017.92,0.0,4,0.7788155987307275,0.37012987012987014,0.4905526823174063
pooled_x4,16017.92,0.0,5,0.7486202061164249,0.30303030303030304,0.5217655982023568
pooled_x4,16017.92,0.0,6,0.616704695311502,0.4707792207792208,0.32637293940186635
pooled_x4,16017.92,0.0,7,0.5341412162887521,0.7088744588744589,0.15550215062951767
pooled_x4,16017.92,0.0,8,0.14668073621000532,0.6774891774891775,0.047306124881581806
pooled_x4,16017.92,0.0,9,0.3534698792233363,0.5205627705627706,0.16946661958434844
pooled_x4,16017.92,0.0,10,0.22155246594232375,0.7348484848484849,0.058744972030161595
pooled_x4,16017.92,0.0,11,0.5806233420660316,0.4686147186147186,0.30853469800262073
pooled_x4,16017.92,0.0,12,0.4162590157358483,0.5876623376623377,0.17163926947549588
pooled_x4,16017.92,0.0,13,0.3045188375501302,0.6222943722943723,0.11501847868505999
pooled_x4,16017.92,0.0,14,0.723537632519126,0.3939393939393939,0.43850765607219755
pooled_x4,16017.92,0.0,15,0.5738369688311408,0.22077922077922077,0.4471456899982915
pooled_x4,16017.92,0.0,16,0.6720652591740627,0.5162337662337663,0.32512247927576404
pooled_x4,16017.92,0.0,17,0.30605030093576924,0.43506493506493504,0.17289854663254497
pooled_x4,16017.92,0.0,18,0.5113439601306515,0.7380952380952381,0.13392341812945632
pooled_x4,16017.92,0.0,19,0.35924072939479823,0.36038961038961037,0.22977410289212744
pooled_x4,16017.92,0.0,20,0.6261905909080415,0.6818181818181818,0.1992424607434678
pooled_x4,16017.92,0.0,21,0.582540791996919,0.17857142857142858,0.4785156505688977
pooled_x4,16017.92,0.0,22,0.3831198592027195,0.5681818181818182,0.16543812101935612
pooled_x4,16017.92,0.0,23,0.5745031127247459,0.3906926406926407,0.350048974528173
pooled_x4,16017.92,0.0,24,0.6871358998998679,0.40476190476190477,0.40900946422611184
pooled_x4,16017.92,0.0,25,0.6024306542593977,0.25216450216450215,0.45051902823944134
pooled_x4,16017.92,0.0,26,0.3177954754446854,0.7608225108225108,0.07600952388882626
pooled_x4,16017.92,0.0,27,0.31540907755070724,0.44372294372294374,0.17545483318296917
pooled_x4,16017.92,0.0,28,0.4671765983369829,0.4090909090909091,0.276058899017308
pooled_x4,16017.92,0.0,29,0.47424413862441317,0.9891774891774892,0.005132512322775045
pooled_x4,16017.92,0.0,30,0.5494183010371225,0.5865800865800865,0.22714046644608316
pooled_x4,16017.92,0.0,31,0.2922847194042074,0.5465367965367965,0.13254036518437545
pooled_x4,16017.92,0.0,32,0.5253162049789597,0.6136363636363636,0.20296307919641624
pooled_x4,16017.92,0.0,33,0.8176799793449876,0.13852813852813853,0.7044082938945997
pooled_x4,16017.92,0.0,34,0.4382081017036856,0.553030303030303,0.19586574242816254
pooled_x4,16017.92,0.0,35,0.3085737254559171,0.3354978354978355,0.20504790847395357
pooled_x4,16017.92,0.0,36,0.6213893509336635,0.7207792207792207,0.1735048187671918
pooled_x4,16017.92,0.0,37,0.4595347779883853,0.5692640692640693,0.19793814030235646
pooled_x4,16017.92,0.0,38,0.5851465073649674,0.2813852813852814,0.4204948927384614
pooled_x4,16017.92,0.0,39,0.21980240148713748,0.933982683982684,0.014510764600341317
pooled_x4,16017.92,0.0,40,0.3463772859434713,0.275974025974026,0.25078615183569514
pooled_x4,16017.92,0.0,41,0.23401483172123022,0.696969696969697,0.07091358537006975
pooled_x4,16017.92,0.0,42,0.4264309615313483,0.553030303030303,0.19060171765416328
pooled_x4,16017.92,0.0,43,0.5732416721924284,0.4458874458874459,0.31764040710229796
pooled_x4,16017.92,0.0,44,0.3030453333340639,0.6428571428571429,0.1082304761907371
pooled_x4,16017.92,0.0,45,0.33085225396182016,0.6525974025974026,0.11493893238284011
pooled_x4,16017.92,0.0,46,0.37171415173179223,0.70995670995671,0.10781319552393973
pooled_x4,16017.92,0.0,47,0.1736769108071456,0.7846320346320347,0.037404442911928536
pooled_x4,16017.92,0.0,48,0.4514652995185404,0.3777056277056277,0.2809443151765809
pooled_x4,16017.92,0.0,49,0.4769761517618151,0.3777056277056277,0.29681957496000405
pooled_x4,16017.92,0.0,50,0.3249961646194529,0.7067099567099567,0.09531813919033737
pooled_x4,16017.92,0.0,51,0.872551078385523,0.16774891774891776,0.7261815793057005
pooled_x4,16017.92,0.0,52,0.49396552020246287,0.15692640692640691,0.4164492859715569
pooled_x4,16017.92,0.0,53,0.44675866265817704,0.8127705627705628,0.08364637298686646
pooled_x4,16017.92,0.0,54,0.9003736868391023,0.13203463203463203,0.7814931784036364
pooled_x4,16017.92,0.0,55,0.4932959915872728,0.19696969696969696,0.39613162960796144
pooled_x4,16017.92,0.0,56,0.44952617360923325,0.7597402597402597,0.1080030417113093
pooled_x4,16017.92,0.0,57,0.4344610394726364,0.25432900432900435,0.32396499588381655
pooled_x4,16017.92,0.0,58,0.20500849722058806,0.512987012987013,0.09984180059444224
pooled_x4,16017.92,0.0,59,0.8127007017874466,0.3106060606060606,0.560270938353467
pooled_x4,16017.92,0.0,60,0.4511774868660115,0.36688311688311687,0.2856480842171177
pooled_x4,16017.92,0.0,61,0.6498678694159069,0.4751082251082251,0.3411102994228516
pooled_x4,16017.92,0.0,62,0.39164582418406935,0.4383116883116883,0.21998288176572725
pooled_x4,16017.92,0.0,63,0.8281478532598574,0.17532467532467533,0.6829530997662461
pooled_x4,16017.92,0.0,64,0.4862522660092193,0.3961038961038961,0.29364584895361945
pooled_x4,16017.92,0.0,65,0.43229214927272464,0.6298701298701299,0.160004237068476
pooled_x4,16017.92,0.0,66,0.6036862268868858,0.5367965367965368,0.27962955098223713
pooled_x4,16017.92,0.0,67,0.39803958370270626,0.19696969696969696,0.31963784751883983
pooled_x4,16017.92,0.0,68,0.5289143689085323,0.43506493506493504,0.2988022733444306
pooled_x4,16017.92,0.0,69,0.5722561062328247,0.29004329004329005,0.4062770624336937
pooled_x4,16017.92,0.0,70,0.4038293176454574,0.7229437229437229,0.11188344731302717
pooled_x4,16017.92,0.0,71,0.4221389728611465,0.48917748917748916,0.2156380900329666
pooled_x4,16017.92,0.0,72,0.5867889549045129,0.2803030303030303,0.42231023269642975
pooled_x4,16017.92,0.0,73,0.4849768073440294,0.5454545454545454,0.22044400333819522
pooled_x4,16017.92,0.0,74,0.48577182961759113,0.6331168831168831,0.17822148294411624
pooled_x4,16017.92,0.0,75,0.35434754951482106,0.8863636363636364,0.04026676699032058
pooled_x4,16017.92,0.0,76,0.41284976748298796,0.3463203463203463,0.2698714930300051
pooled_x4,16017.92,0.0,77,0.3330096094495427,0.7424242424242424,0.08577520243397312
pooled_x4,16017.92,0.0,78,0.5609556960153895,0.5227272727272727,0.26772885491643594
pooled_x4,16017.92,0.0,79,0.4167840157333529,0.9047619047619048,0.03969371578412884
pooled_x4,16017.92,0.0,80,0.5861977071014386,0.4090909090909091,0.34638955419630457
pooled_x4,16017.92,0.0,81,0.7653944062589695,0.30735930735930733,0.5301433116945243
pooled_x4,16017.92,0.0,82,0.8178908242273124,0.27813852813852813,0.5904038741987201
pooled_x4,16017.92,0.0,83,0.28823363730865936,0.3906926406926407,0.17562287641209437
pooled_x4,16017.92,0.0,84,0.5108798092898836,0.3906926406926407,0.3112828275218663
pooled_x4,16017.92,0.0,85,0.4033880778100089,0.8463203463203464,0.06199254009634334
pooled_x4,16017.92,0.0,86,0.39082899688085154,0.8463203463203464,0.0600624648886157
pooled_x4,16017.92,0.0,87,0.6738156314136919,0.44372294372294374,0.3748281759162745
pooled_x4,16017.92,0.0,88,0.3029089223689705,0.3582251082251082,0.19439934087099514
pooled_x4,16017.92,0.0,89,0.5305548776183632,0.08008658008658008,0.48806455192165443
pooled_x4,16017.92,0.0,90,0.6780035577899531,0.18831168831168832,0.5503275631411957
pooled_x4,16017.92,0.0,91,0.4623209021102695,0.6158008658008658,0.17762329031292823
pooled_x4,16017.92,0.0,92,0.12655952101763523,0.7792207792207793,0.02794171243246492
pooled_x4,16017.92,0.0,93,0.4830227225386431,0.6861471861471862,0.1515980406236001
pooled_x4,16017.92,0.0,94,0.5817621360359265,0.3625541125541126,0.3708418810878363
pooled_x4,16017.92,0.0,95,0.6190103773026681,0.8073593073593074,0.11924658783536245
pooled_x4,16017.92,0.0,96,0.47590596070762053,0.8798701298701299,0.05717052125383751
pooled_x4,16017.92,0.0,97,0.37114182721187083,0.7132034632034632,0.10644219070470323
pooled_x4,16017.92,0.0,98,0.35394116143249893,0.3593073593073593,0.226767497368008
pooled_x4,16017.92,0.0,99,0.6543670085351987,0.4069264069264069,0.3880877929407888
pooled_x4,16017.92,0.0,100,0.6780352737895972,0.4491341991341991,0.3735064441113691
pooled_x4,16017.92,0.0,101,0.6503303680354349,0.2878787878787879,0.4631140499646279
pooled_x4,16017.92,0.0,102,0.43182019180885284,0.37445887445887444,0.2701212888154946
pooled_x4,16017.92,0.0,103,0.5937537941338786,0.25865800865800864,0.4401746201100724
pooled_x4,16017.92,0.0,104,0.28249179553875853,0.4772727272727273,0.14766616584980558
pooled_x4,16017.92,0.0,105,0.6605176437567326,0.12337662337662338,0.5790252071893436
pooled_x4,16017.92,0.0,106,0.33693155508905037,0.45995670995670995,0.1819576255296928
pooled_x4,16017.92,0.0,107,0.4075345934753489,0.170995670995671,0.33784794221008363
pooled_x4,16017.92,0.0,108,0.2678766644046377,0.4577922077922078,0.14524481479082627
pooled_x4,16017.92,0.0,109,0.8764409320623208,0.11796536796536797,0.773051255011679
pooled_x4,16017.92,0.0,110,0.9081741432986784,0.09848484848484848,0.8187327503980509
pooled_x4,16017.92,0.0,111,0.4514580938773224,0.3495670995670996,0.29364319742453543
pooled_x4,16017.92,0.0,112,0.845108980231738,0.5119047619047619,0.41249366892263406
pooled_x4,16017.92,0.0,113,0.5010252169338528,0.8820346320346321,0.05910362407553024
pooled_x4,16017.92,0.0,114,0.7625456125504791,0.37554112554112556,0.47617837493682513
pooled_x4,16017.92,0.0,115,0.17908385366898677,0.6103896103896104,0.06977293000090394
pooled_x4,16017.92,0.0,116,0.5779473527149029,0.43398268398268397,0.32712820938300247
pooled_x4,16017.92,0.0,117,0.34911770145098364,0.6948051948051948,0.10654890888439113
pooled_x4,16017.92,0.0,118,0.34167883388884335,0.7153679653679653,0.09725274168048248
pooled_x4,16017.92,0.0,119,0.6507193970274947,0.3041125541125541,0.45282745918688216
pooled_x4,16017.92,0.0,120,0.3334217881502763,0.6287878787878788,0.12377020923760257
pooled_x4,16017.92,0.0,121,0.37432892106532456,0.31926406926406925,0.2548191464827805
pooled_x4,16017.92,0.0,122,0.3965181177462583,0.7391774891774892,0.10342085105719508
pooled_x4,16017.92,0.0,123,0.41567894812217293,0.26731601731601734,0.30456130722804226
pooled_x4,16017.92,0.0,124,0.5072969513132864,0.6125541125541125,0.19655011750016943
pooled_x4,16017.92,0.0,125,0.47058791131990774,0.7164502164502164,0.1334351003959046
pooled_x4,16017.92,0.0,126,0.29464233546163854,0.8387445887445888,0.047512670978121355
pooled_x4,16017.92,0.0,127,0.25153601905220946,0.8961038961038961,0.02613361236906073
pooled_x4,16017.92,0.0,128,0.45655000920511246,0.3495670995670996,0.29695514667994866
pooled_x4,16017.92,0.0,129,0.49018075961602126,0.6212121212121212,0.1856745301575838
pooled_x4,16017.92,0.0,130,0.6427262055171027,0.44805194805194803,0.35475147707112814
pooled_x4,16017.92,0.0,131,0.8597848697826604,0.1829004329004329,0.7025298448981695
pooled_x4,16017.92,0.0,132,0.5039284531800157,0.4772727272727273,0.26341714598046273
pooled_x4,16017.92,0.0,133,0.33396114432346696,0.4069264069264069,0.19806353581088734
pooled_x4,16017.92,0.0,134,0.5793535676067856,0.27813852813852813,0.41821301904082897
pooled_x4,16017.92,0.0,135,0.33506061091936834,0.5119047619047619,0.16354148866302504
pooled_x4,16017.92,0.0,136,0.5345401668526918,0.42857142857142855,0.30545152391582386
pooled_x4,16017.92,0.0,137,0.546813981259012,0.2662337662337662,0.40123363559914527
pooled_x4,16017.92,0.0,138,0.5189475441801478,0.6915584415584416,0.16006498927634427
pooled_x4,16017.92,0.0,139,0.3776678990766621,0.7067099567099567,0.11076623446945391
pooled_x4,16017.92,0.0,140,0.33939920112306476,0.5173160173160173,0.16382255811784296
pooled_x4,16017.92,0.0,141,0.14642148618958584,0.8614718614718615,0.020283495922366866
pooled_x4,16017.92,0.0,142,0.43489114359259995,0.8982683982683982,0.04424217261656322
pooled_x4,16017.92,0.0,143,0.3964270746323321,0.5735930735930735,0.169039250438462
pooled_x4,16017.92,0.0,144,0.5518468471640765,0.41883116883116883,0.320716187150551
pooled_x4,16017.92,0.0,145,0.3178484582129033,0.6948051948051948,0.09700569828575621
pooled_x4,16017.92,0.0,146,0.20144277407935363,0.7911255411255411,0.04207625042999486
pooled_x4,16017.92,0.0,147,0.5062790734090966,0.3430735930735931,0.33258809259666844
pooled_x4,16017.92,0.0,148,0.48424189464649203,0.32142857142857145,0.32859271422440534
pooled_x4,16017.92,0.0,149,0.3386320966757709,0.6385281385281385,0.12240597433951027
pooled_x4,16017.92,0.0,150,0.6883110577878357,0.3344155844155844,0.4581291131380076
pooled_x4,16017.92,0.0,151,0.3291921019285607,0.7987012987012987,0.06626594259600897
pooled_x4,16017.92,0.0,152,0.6062174620545093,0.3008658008658009,0.4238273598346461
pooled_x4,16017.92,0.0,153,0.31608912221722796,0.6471861471861472,0.111520621042009
pooled_x4,16017.92,0.0,154,0.8574934319351097,0.237012987012987,0.6542563522881519
pooled_x4,16017.92,0.0,155,0.32093278868262975,0.5010822510822511,0.16011906448343322
pooled_x4,16017.92,0.0,156,0.7379549615474031,0.3841991341991342,0.4544333042429355
pooled_x4,16017.92,0.0,157,0.6780259636607816,0.37337662337662336,0.4248669187874378
pooled_x4,16017.92,0.0,158,0.5469962178560807,0.4935064935064935,0.2770500324206123
pooled_x4,16017.92,0.0,159,0.6428814019094857,0.43506493506493504,0.3631862465332809
pooled_x4,16017.92,0.0,160,0.8589341722784802,0.09523809523809523,0.7771309177757678
pooled_x4,16017.92,0.0,161,0.5021693430327843,0.5963203463203464,0.20271554648401355
pooled_x4,16017.92,0.0,162,0.7348665934031227,0.38095238095238093,0.45491741496383786
pooled_x4,16017.92,0.0,163,0.4931334169405462,0.6525974025974026,0.17131582991116376
pooled_x4,16017.92,0.0,164,0.46356666116493406,0.3712121212121212,0.29148509755067825
pooled_x4,16017.92,0.0,165,0.3819349464616836,0.3939393939393939,0.2314757251282931
pooled_x4,16017.92,0.0,166,0.5952114993561681,0.31601731601731603,0.40711435886698943
pooled_x4,16017.92,0.0,167,0.31029966147841426,0.30303030303030304,0.21626946103040995
pooled_x4,16017.92,0.0,168,0.6698089455265331,0.3409090909090909,0.44146498682430596
pooled_x4,16017.92,0.0,169,0.4087802546212399,0.6612554112554112,0.1384720992385802
pooled_x4,16017.92,0.0,170,0.3930588615530565,0.39826839826839827,0.23651593833712056
pooled_x4,16017.92,0.0,171,0.5279581290979564,0.7467532467532467,0.13370368204428768
pooled_x4,16017.92,0.0,172,0.48776115415634136,0.43722943722943725,0.27449761922218346
pooled_x4,16017.92,0.0,173,0.4351438512436655,0.7305194805194806,0.11726279108189686
pooled_x4,16017.92,0.0,174,0.2816761791317849,0.7164502164502164,0.07986921962394766
pooled_x4,16017.92,0.0,175,0.3252488511727084,0.47619047619047616,0.17036844585237107
pooled_x4,16017.92,0.0,176,0.3872813402911021,0.5995670995670995,0.15508019037630713
pooled_x4,16017.92,0.0,177,0.347568897553349,0.8755411255411255,0.043258033786401674
pooled_x4,16017.92,0.0,178,0.314883168080192,0.6341991341991342,0.11518453550985379
pooled_x4,16017.92,0.0,179,0.43257571977737486,0.7510822510822511,0.10767577440345909
pooled_x4,16017.92,0.0,180,0.40239098115653793,0.2727272727272727,0.29264798629566396
pooled_x4,16017.92,0.0,181,0.33942031317858823,0.683982683982684,0.10726269637245428
pooled_x4,16017.92,0.0,182,0.4446696475562799,0.4025974025974026,0.26564680243621913
pooled_x4,16017.92,0.0,183,0.6146922639502598,0.579004329004329,0.25878278211758776
pooled_x4,16017.92,0.0,184,0.7655293306373285,0.19155844155844157,0.618885725093165
pooled_x4,16017.92,0.0,185,0.6217034875459116,0.354978354978355,0.40101220625255773
pooled_x4,16017.92,0.0,186,0.8913206278148293,0.1396103896103896,0.7668830076978239
pooled_x4,16017.92,0.0,187,0.7247331086364874,0.2132034632034632,0.5702174999769766
pooled_x4,16017.92,0.0,188,0.47724781639046493,0.6461038961038961,0.1688961428135087
pooled_x4,16017.92,0.0,189,0.4045967318496555,0.6818181818181818,0.12873532377034494
pooled_x4,16017.92,0.0,190,0.4672785968285542,0.5844155844155844,0.19419370257810048
pooled_x4,16017.92,0.0,191,0.5228912321492102,0.4880952380952381,0.267670511695429
pooled_x4,16017.92,0.0,192,0.5719332697387031,0.5173160173160173,0.27606302846694974
pooled_x4,16017.92,0.0,193,0.4594700047070014,0.2132034632034632,0.3615094084653572
pooled_x4,16017.92,0.0,194,0.429560932068036,0.9199134199134199,0.03440206598813276
pooled_x4,16017.92,0.0,195,0.3284466576683551,0.6071428571428571,0.1290326155125681
pooled_x4,16017.92,0.0,196,0.5377750986208722,0.8452380952380952,0.08322709859608737
pooled_x4,16017.92,0.0,197,0.5013965642215464,0.22077922077922077,0.3906986214713349
pooled_x4,16017.92,0.0,198,0.5085621679204615,0.5205627705627706,0.2438236367843771
pooled_x4,16017.92,0.0,199,0.5377556079122099,0.5432900432900433,0.24559834041012185
pooled_x4,16017.92,0.0,200,0.5617276733572066,0.6071428571428571,0.22067872881890263
pooled_x4,16017.92,0.0,201,0.44951036902501235,0.4393939393939394,0.2519982371806887
pooled_x4,16017.92,0.0,202,0.6158576280389508,0.36904761904761907,0.38857683673886184
pooled_x4,16017.92,0.0,203,0.38037723834646353,0.4523809523809524,0.20830182099925384
pooled_x4,16017.92,0.0,204,0.7460748366803978,0.18073593073593072,0.6112323066743085
pooled_x4,16017.92,0.0,205,0.43811477251239245,0.30952380952380953,0.3025078191156995
pooled_x4,16017.92,0.0,206,0.5448388100209403,0.329004329004329,0.36558448291448375
pooled_x4,16017.92,0.0,207,0.6613283012182128,0.4015151515151515,0.3957949681533244
pooled_x4,16017.92,0.0,208,0.602648490802586,0.37554112554112556,0.37632919826092215
pooled_x4,16017.92,0.0,209,0.44565539934026116,0.9718614718614719,0.012540086994422928
pooled_x4,16017.92,0.0,210,0.24100007626797776,0.7067099567099567,0.07068292280153893
pooled_x4,16017.92,0.0,211,0.38728320314093967,0.8354978354978355,0.06370892519201604
pooled_x4,16017.92,0.0,212,0.4372098539272631,0.4458874458874459,0.24226346884281244
pooled_x4,16017.92,0.0,213,0.6643360125537181,0.42207792207792205,0.3839344488135124
pooled_x4,16017.92,0.0,214,0.51556237732097,0.1958874458874459,0.41457018003190554
pooled_x4,16017.92,0.0,215,0.3740261545455432,0.7207792207792207,0.10443587432115818
pooled_x4,16017.92,0.0,216,0.2995939812299473,0.5811688311688312,0.12547929733332205
pooled_x4,16017.92,0.0,217,0.2778168362807313,0.5811688311688312,0.11635835026043614
pooled_x4,16017.92,0.0,218,0.19386182448473016,0.5270562770562771,0.09168573300847085
pooled_x4,16017.92,0.0,219,0.1734723819537088,0.33874458874458874,0.11470955127025548
pooled_x4,16017.92,0.0,220,0.7364446842950578,0.14502164502164502,0.6296442647111425
pooled_x4,16017.92,0.0,221,0.3524575464865949,0.24567099567099568,0.26586895010947686
pooled_x4,16017.92,0.0,222,0.6314159331003906,0.5995670995670995,0.25283971347093565
pooled_x4,16017.92,0.0,223,0.6556451035803488,0.43722943722943725,0.36897776391967685
pooled_x4,16017.92,0.0,224,0.6233723370842634,0.5075757575757576,0.3069636508369479
pooled_x4,16017.92,0.0,225,0.5702801303409804,0.6103896103896104,0.22218706376921313
pooled_x4,16017.92,0.0,226,0.7478108102281593,0.1634199134199134,0.6256036323661982
pooled_x4,16017.92,0.0,227,0.4990788253213067,0.4945887445887446,0.2522400556548163
pooled_x4,16017.92,0.0,228,0.21485869410174413,0.8961038961038961,0.02232298120537602
pooled_x4,16017.92,0.0,229,0.3989319101018971,0.36147186147186144,0.25472924995683904
pooled_x4,16017.92,0.0,230,0.581834365487276,0.43614718614718617,0.3280689441762671
pooled_x4,16017.92,0.0,231,0.6122650265140904,0.18073593073593072,0.501606737090007
pooled_x4,16017.92,0.0,232,0.4069342843575857,0.5573593073593074,0.1801256734872863
pooled_x4,16017.92,0.0,233,0.4521847225623381,0.47943722943722944,0.23539053198320847
pooled_x4,16017.92,0.0,234,0.3663889392995958,0.6829004329004329,0.1161817740419714
pooled_x4,16017.92,0.0,235,0.5835156931685334,0.2532467532467532,0.4357422384050736
pooled_x4,16017.92,0.0,236,0.419079195390369,0.8701298701298701,0.05442586953121677
pooled_x4,16017.92,0.0,237,0.38442343220408104,0.6536796536796536,0.13313365617457354
pooled_x4,16017.92,0.0,238,0.33278094738472025,0.841991341991342,0.052582270907109485
pooled_x4,16017.92,0.0,239,0.5688308477413997,0.5119047619047619,0.27764362806425463
pooled_x4,16017.92,0.0,240,0.6248955451977387,0.45995670995670995,0.3374706461619823
pooled_x4,16017.92,0.0,241,0.8028258341165599,0.14502164502164502,0.6863987109871021
pooled_x4,16017.92,0.0,242,0.28598382097440955,0.8365800865800865,0.04673545126313404
pooled_x4,16017.92,0.0,243,0.6298235999593746,0.4166666666666667,0.3673970999763018
pooled_x4,16017.92,0.0,244,0.7620678025947677,0.3538961038961039,0.49237497635181415
pooled_x4,16017.92,0.0,245,0.6408769071350433,0.5054112554112554,0.3169705049358385
pooled_x4,16017.92,0.0,246,0.2191279192228393,0.6677489177489178,0.0728054883132161
pooled_x4,16017.92,0.0,247,0.5127114776879541,0.20562770562770563,0.4072837928819895
pooled_x4,16017.92,0.0,248,0.12894453204187095,0.44047619047619047,0.07214753578533256
pooled_x4,16017.92,0.0,249,0.4414467697761388,0.43073593073593075,0.2512997845262435
pooled_x4,16017.92,0.0,250,0.6849098446974619,0.4015151515151515,0.4099081646295416
pooled_x4,16017.92,0.0,251,0.5165430253165987,0.5270562770562771,0.2442957814538459
pooled_x4,16017.92,0.0,252,0.542944409440969,0.47186147186147187,0.28674986126319574
pooled_x4,16017.92,0.0,253,0.567710436586422,0.6623376623376623,0.19169443313307755
pooled_x4,16017.92,0.0,254,0.5062286470460609,0.40476190476190477,0.30132657562265525
pooled_x4,16017.92,0.0,255,0.743934320233724,0.47835497835497837,0.3880696345807954
pooled_x4,16017.92,0.0,256,0.5478458490632543,0.5021645021645021,0.27273711100551623
pooled_x4,16017.92,0.0,257,0.48213505104199716,0.5714285714285714,0.20662930758942738
pooled_x4,16017.92,0.0,258,0.5342938763956988,0.6082251082251082,0.2093229256009123
pooled_x4,16017.92,0.0,259,0.39411224266770367,0.3777056277056277,0.245253830664426
pooled_x4,16017.92,0.0,260,0.5325104433097989,0.44047619047619047,0.2979522718519113
pooled_x4,16017.92,0.0,261,0.2533748714845989,0.9296536796536796,0.01782398987716335
pooled_x4,16017.92,0.0,262,0.35371008633113943,0.47835497835497837,0.1845111056402697
pooled_x4,16017.92,0.0,263,0.5183466259197759,0.6601731601731602,0.17614809582122254
pooled_x4,16017.92,0.0,264,0.862112671911036,0.1699134199134199,0.7156281594759357
pooled_x4,16017.92,0.0,265,0.4193930512589312,0.6742424242424242,0.13662046366768216
pooled_x4,16017.92,0.0,266,0.5952970568614095,0.474025974025974,0.31311078964788425
pooled_x4,16017.92,0.0,267,0.33164559742380095,0.6590909090909091,0.11306099912175034
pooled_x4,16017.92,0.0,268,0.44049633646986397,0.6082251082251082,0.17257540454771728
pooled_x4,16017.92,0.0,269,0.47240203244502876,0.7619047619047619,0.11247667439167354
pooled_x4,16017.92,0.0,270,0.572379231797225,0.8106060606060606,0.10840515753735326
pooled_x4,16017.92,0.0,271,0.2984153372941086,0.6807359307359307,0.09527329491532686
pooled_x4,16017.92,0.0,272,0.352939236559828,0.788961038961039,0.0744839297934702
pooled_x4,16017.92,0.0,273,0.3915748229503036,0.4274891774891775,0.22418082396180802
pooled_x4,16017.92,0.0,274,0.4652210410397008,0.24783549783549783,0.349922752730078
pooled_x4,16017.92,0.0,275,0.39984977961805535,0.30735930735930733,0.2769522283068782
pooled_x4,16017.92,0.0,276,0.4725570677750606,0.39285714285714285,0.2869096482920011
pooled_x4,16017.92,0.0,277,0.3404220452650594,0.5378787878787878,0.15731624819067141
pooled_x4,16017.92,0.0,278,0.35212401362476353,0.5313852813852814,0.1650104955622539
pooled_x4,16017.92,0.0,279,0.4779971357309259,0.46320346320346323,0.25658720705902516
pooled_x4,16017.92,0.0,280,0.561872234976978,0.6861471861471862,0.17634518197329396
pooled_x4,16017.92,0.0,281,0.3366750500954296,0.33225108225108224,0.22481440033428576
pooled_x4,16017.92,0.0,282,0.37945050160364613,0.8095238095238095,0.07227628601974212
pooled_x4,16017.92,0.0,283,0.33300215691366286,0.6655844155844156,0.1113611109159327
pooled_x4,16017.92,0.0,284,0.45940164741649325,0.7316017316017316,0.12330260666589862
pooled_x4,16017.92,0.0,285,0.3127553609654382,0.7023809523809523,0.0930819526682852
pooled_x4,16017.92,0.0,286,0.3124448185302335,0.5443722943722944,0.1423585158021951
pooled_x4,16017.92,0.0,287,0.37926691937165324,0.8917748917748918,0.04104620339520057
pooled_x4,16017.92,0.0,288,0.5654449494754391,0.21645021645021645,0.4430542677707986
pooled_x4,16017.92,0.0,289,0.3971464207869043,0.8376623376623377,0.06447182155631563
pooled_x4,16017.92,0.0,290,0.3711513128384492,0.577922077922078,0.15665477489934543
pooled_x4,16017.92,0.0,291,0.2913937301737729,0.3787878787878788,0.18101731722916195
pooled_x4,16017.92,0.0,292,0.5148842837109372,0.1038961038961039,0.4613898126760346
pooled_x4,16017.92,0.0,293,0.36799292135416917,0.6147186147186147,0.1417808225130782
pooled_x4,16017.92,0.0,294,0.18724998285990252,0.566017316017316,0.08126325013725208
pooled_x4,16017.92,0.0,295,0.49575126319859486,0.7251082251082251,0.13627794464550116
pooled_x4,16017.92,0.0,296,0.6804545883803794,0.5205627705627706,0.3262352626109395
pooled_x4,16017.92,0.0,297,0.14947066173043716,0.9155844155844156,0.012617653262958977
pooled_x4,16017.92,0.0,298,0.6419617146898099,0.3365800865800866,0.4258901851784129
pooled_x4,16017.92,0.0,299,0.5607508066020714,0.30194805194805197,0.3914331929202771
pooled_x4,16017.92,1.0,0,0.794224129288551,0.5335497835497836,0.3704660170166293
pooled_x4,16017.92,1.0,1,0.8918825086658504,0.3625541125541126,0.5685268372339675
pooled_x4,16017.92,1.0,2,0.4598336235146537,0.6298701298701299,0.17019815935282634
pooled_x4,16017.92,1.0,3,0.7165604435180433,0.4036796536796537,0.42729957183814055
pooled_x4,16017.92,1.0,4,0.6394707071640346,0.27056277056277056,0.4664537409399993
pooled_x4,16017.92,1.0,5,0.8035655719496467,0.23484848484848486,0.6148494149008661
pooled_x4,16017.92,1.0,6,0.5141354137015222,0.8008658008658008,0.10238194385398278
pooled_x4,16017.92,1.0,7,0.3584105118963066,0.4090909090909091,0.21178802975690844
pooled_x4,16017.92,1.0,8,0.4812011427950147,0.4199134199134199,0.27913832525771415
pooled_x4,16017.92,1.0,9,0.480308516344327,0.7424242424242424,0.12371582996747815
pooled_x4,16017.92,1.0,10,0.5810459791301945,0.5335497835497836,0.27102902273280716
pooled_x4,16017.92,1.0,11,0.7076882440792751,0.23376623376623376,0.5422546285802238
pooled_x4,16017.92,1.0,12,0.6592737965152488,0.17532467532467533,0.5436868321911467
pooled_x4,16017.92,1.0,13,0.4668772695040086,0.672077922077922,0.1530993643503405
pooled_x4,16017.92,1.0,14,0.39514211970682167,0.5064935064935064,0.1950052019332367
pooled_x4,16017.92,1.0,15,0.386888166200134,0.6222943722943723,0.1461298376665008
pooled_x4,16017.92,1.0,16,0.8671835387756116,0.1937229437229437,0.6991901908959206
pooled_x4,16017.92,1.0,17,0.31523735720068025,0.8170995670995671,0.05765704909839282
pooled_x4,16017.92,1.0,18,0.6233464981385846,0.3268398268398268,0.41961203662575713
pooled_x4,16017.92,1.0,19,0.8968502780666439,0.24458874458874458,0.677490794470257
pooled_x4,16017.92,1.0,20,0.4791552464039778,0.11796536796536797,0.422631521449396
pooled_x4,16017.92,1.0,21,0.3624647294047346,0.5746753246753247,0.15416519335071505
pooled_x4,16017.92,1.0,22,0.24368088827782147,0.4393939393939394,0.13660898282241504
pooled_x4,16017.92,1.0,23,0.8829496342196317,0.13528138528138528,0.7635029845687076
pooled_x4,16017.92,1.0,24,0.6392848627923415,0.5173160173160173,0.3085725636421908
pooled_x4,16017.92,1.0,25,0.5083012383981744,0.24567099567099568,0.38342636706009475
pooled_x4,16017.92,1.0,26,0.44047637368482107,0.48268398268398266,0.22786548335643345
pooled_x4,16017.92,1.0,27,0.515055981548482,0.6038961038961039,0.20401568100297013
pooled_x4,16017.92,1.0,28,0.5063381389501945,0.4837662337662338,0.26138884445805494
pooled_x4,16017.92,1.0,29,0.6785658546083219,0.44805194805194803,0.3745331015695283
pooled_x4,16017.92,1.0,30,0.5833641950969363,0.26082251082251084,0.43120968100780027
pooled_x4,16017.92,1.0,31,0.5809552683140581,0.420995670995671,0.3363756153117111
pooled_x4,16017.92,1.0,32,0.26615941430793477,0.341991341991342,0.17513519902513455
pooled_x4,16017.92,1.0,33,0.4438753842306721,0.7803030303030303,0.09751807683855676
pooled_x4,16017.92,1.0,34,0.5082631145766545,0.11255411255411256,0.45105601077148993
pooled_x4,16017.92,1.0,35,0.406521257484572,0.6352813852813853,0.14826586988344237
pooled_x4,16017.92,1.0,36,0.511461970482727,0.3777056277056277,0.3182799058739914
pooled_x4,16017.92,1.0,37,0.747960579497678,0.26082251082251084,0.5528756231568334
pooled_x4,16017.92,1.0,38,0.6396554643973027,0.5638528138528138,0.2789839309005552
pooled_x4,16017.92,1.0,39,0.8588107514809524,0.10714285714285714,0.766795313822279
pooled_x4,16017.92,1.0,40,0.33690022860955815,0.237012987012987,0.2570504991014486
pooled_x4,16017.92,1.0,41,0.7303570755559998,0.33874458874458874,0.4829525683600821
pooled_x4,16017.92,1.0,42,0.6454986273340909,0.6742424242424242,0.2102760679951963
pooled_x4,16017.92,1.0,43,0.5970111895595381,0.07467532467532467,0.5524291851443778
pooled_x4,16017.92,1.0,44,0.6283972656171144,0.2727272727272727,0.4570161931760832
pooled_x4,16017.92,1.0,45,0.6590423927789772,0.3917748917748918,0.40084613067292774
pooled_x4,16017.92,1.0,46,0.5372814633198827,0.21428571428571427,0.42214972117990784
pooled_x4,16017.92,1.0,47,0.530765094377973,0.5898268398268398,0.21770559607061882
pooled_x4,16017.92,1.0,48,0.3990046145444796,0.4523809523809524,0.21850252701245315
pooled_x4,16017.92,1.0,49,0.5496832042251749,0.4577922077922078,0.298042516576637
pooled_x4,16017.92,1.0,50,0.6423326422998413,0.29978354978354976,0.4497718826493478
pooled_x4,16017.92,1.0,51,0.5489583025783258,0.44264069264069267,0.3059670192941967
pooled_x4,16017.92,1.0,52,0.5991188068330746,0.3225108225108225,0.40589650765963714
pooled_x4,16017.92,1.0,53,0.4452877929362573,0.46645021645021645,0.23758320553850093
pooled_x4,16017.92,1.0,54,0.49650999437387366,0.19047619047619047,0.40193666211218343
pooled_x4,16017.92,1.0,55,0.5876936193310698,0.6471861471861472,0.2073464501103125
pooled_x4,16017.92,1.0,56,0.6580369014878537,0.6948051948051948,0.20082944396057875
pooled_x4,16017.92,1.0,57,0.42011911514250155,0.3538961038961039,0.2714405971212916
pooled_x4,16017.92,1.0,58,0.3649731264437125,0.5995670995670995,0.14614724760191952
pooled_x4,16017.92,1.0,59,0.7893782401095593,0.08766233766233766,0.7201794982817732
pooled_x4,16017.92,1.0,60,0.5241905861207609,0.43722943722943725,0.29499903115021175
pooled_x4,16017.92,1.0,61,0.3372156488642517,0.45995670995670995,0.18211104846673334
pooled_x4,16017.92,1.0,62,0.482901503221112,0.45346320346320346,0.2639234406132701
pooled_x4,16017.92,1.0,63,0.521230573371723,0.5108225108225108,0.2549742631645225
pooled_x4,16017.92,1.0,64,0.37989843099080534,0.6341991341991342,0.13896717497282707
pooled_x4,16017.92,1.0,65,0.4636089754046788,0.5119047619047619,0.2262853332332361
pooled_x4,16017.92,1.0,66,0.6368188983191274,0.3841991341991342,0.39215362894327216
pooled_x4,16017.92,1.0,67,0.2894911225191364,0.5140692640692641,0.14067263421113876
pooled_x4,16017.92,1.0,68,0.5452243226836483,0.6266233766233766,0.20357401658642713
pooled_x4,16017.92,1.0,69,0.6886428848329433,0.4090909090909091,0.40692534103764827
pooled_x4,16017.92,1.0,70,0.5880250113439482,0.2976190476190476,0.41301756749158264
pooled_x4,16017.92,1.0,71,0.6224077126369595,0.5432900432900433,0.28425979949436897
pooled_x4,16017.92,1.0,72,0.45131807220416803,0.2564935064935065,0.3355579173206314
pooled_x4,16017.92,1.0,73,0.7738892050943242,0.22077922077922077,0.6030305494241488
pooled_x4,16017.92,1.0,74,0.3414611739893737,0.48268398268398266,0.17664333459623446
pooled_x4,16017.92,1.0,75,0.42538333424974956,0.7121212121212122,0.12245883864765517
pooled_x4,16017.92,1.0,76,0.7091093847824824,0.48268398268398266,0.36683364277708513
pooled_x4,16017.92,1.0,77,0.5629335446596379,0.6168831168831169,0.21566934503193916
pooled_x4,16017.92,1.0,78,0.3593258744745622,0.8225108225108225,0.06377645391106948
pooled_x4,16017.92,1.0,79,0.446070056976305,0.5854978354978355,0.18489700413628224
pooled_x4,16017.92,1.0,80,0.24765186784672316,0.18506493506493507,0.20182019100495946
pooled_x4,16017.92,1.0,81,0.33706368957840227,0.8441558441558441,0.05252940616806271
pooled_x4,16017.92,1.0,82,0.31989705171912197,0.3582251082251082,0.20530189574614646
pooled_x4,16017.92,1.0,83,0.797752417209934,0.341991341991342,0.5249279974714717
pooled_x4,16017.92,1.0,84,0.6677228592187452,0.5508658008658008,0.29989717161880874
pooled_x4,16017.92,1.0,85,0.574561268944244,0.4621212121212121,0.30904431890182815
pooled_x4,16017.92,1.0,86,0.8128868953276738,0.31926406926406925,0.5533613172739251
pooled_x4,16017.92,1.0,87,0.9306203243500626,0.2067099567099567,0.7382518373902552
pooled_x4,16017.92,1.0,88,0.3795072510023532,0.6428571428571429,0.13553830392941185
pooled_x4,16017.92,1.0,89,0.5778147001716836,0.7781385281385281,0.1281948198432848
pooled_x4,16017.92,1.0,90,0.49893047512498045,0.3939393939393939,0.3023821061363518
pooled_x4,16017.92,1.0,91,0.5447300298991608,0.2077922077922078,0.4315393743356987
pooled_x4,16017.92,1.0,92,0.5594801859997678,0.1590909090909091,0.4704719745907138
pooled_x4,16017.92,1.0,93,0.49338066658023,0.36904761904761907,0.3112997062946689
pooled_x4,16017.92,1.0,94,0.18028489511891926,0.8885281385281385,0.02009669285416525
pooled_x4,16017.92,1.0,95,0.21635002965776656,0.8138528138528138,0.04027294924365352
pooled_x4,16017.92,1.0,96,0.5291226288077927,0.1525974025974026,0.4483798899962139
pooled_x4,16017.92,1.0,97,0.6356090696172871,0.17316017316017315,0.5255468930601811
pooled_x4,16017.92,1.0,98,0.4317209382487549,0.43722943722943725,0.24295983537808719
pooled_x4,16017.92,1.0,99,0.74972332252301,0.07142857142857142,0.6961716566285093
pooled_x4,16017.92,1.0,100,0.3472780941198472,0.3560606060606061,0.22362604545596224
pooled_x4,16017.92,1.0,101,0.5538404449925017,0.5173160173160173,0.26732991176045
pooled_x4,16017.92,1.0,102,0.7753446231483458,0.19805194805194806,0.6217861101222124
pooled_x4,16017.92,1.0,103,0.5685243097839557,0.24891774891774893,0.4270085183875165
pooled_x4,16017.92,1.0,104,0.4134016420056921,0.5909090909090909,0.16911885354778314
pooled_x4,16017.92,1.0,105,0.6747946531694673,0.2694805194805195,0.4929506394906823
pooled_x4,16017.92,1.0,106,0.6598787508838543,0.525974025974026,0.3127996676267621
pooled_x4,16017.92,1.0,107,0.9328108775068131,0.08658008658008658,0.8520480309694267
pooled_x4,16017.92,1.0,108,0.388368447407382,0.5898268398268398,0.15929831338462966
pooled_x4,16017.92,1.0,109,0.7010238940495164,0.20238095238095238,0.5591500107299714
pooled_x4,16017.92,1.0,110,0.4564572269291476,0.6277056277056277,0.16993645677881689
pooled_x4,16017.92,1.0,111,0.41089021244841584,0.3333333333333333,0.27392680829894395
pooled_x4,16017.92,1.0,112,0.247346746852094,0.8582251082251082,0.03506755826582718
pooled_x4,16017.92,1.0,113,0.3903393328823955,0.4329004329004329,0.2213612666995403
pooled_x4,16017.92,1.0,114,0.5846893656264593,0.7002164502164502,0.17528025354819185
pooled_x4,16017.92,1.0,115,0.6845138162159992,0.2987012987012987,0.48004865033329813
pooled_x4,16017.92,1.0,116,0.699792156564635,0.5963203463203464,0.2824918554097498
pooled_x4,16017.92,1.0,117,0.3559002522624317,0.9653679653679653,0.012325549861902414
pooled_x4,16017.92,1.0,118,0.3838243394036497,0.5476190476190477,0.17363482020641294
pooled_x4,16017.92,1.0,119,0.5188065701937141,0.5303030303030303,0.24368187387886575
pooled_x4,16017.92,1.0,120,0.20084780529290303,0.18722943722943722,0.1632431837391452
pooled_x4,16017.92,1.0,121,0.4844259187121534,0.4686147186147186,0.2574168031251811
pooled_x4,16017.92,1.0,122,0.5989746181735713,0.16558441558441558,0.49979375607340204
pooled_x4,16017.92,1.0,123,0.4893013999587514,0.7651515151515151,0.11491169241455526
pooled_x4,16017.92,1.0,124,0.729148873391263,0.4772727272727273,0.3811460019999784
pooled_x4,16017.92,1.0,125,0.6940705550319245,0.20454545454545456,0.5521015778663035
pooled_x4,16017.92,1.0,126,0.6159613505465962,0.4686147186147186,0.32731279558266096
pooled_x4,16017.92,1.0,127,0.2970773222649239,0.36796536796536794,0.187763156063545
pooled_x4,16017.92,1.0,128,0.5370880329452201,0.6363636363636364,0.1953047392528073
pooled_x4,16017.92,1.0,129,0.45768823157523825,0.645021645021645,0.16246941553753044
pooled_x4,16017.92,1.0,130,0.4330220057537079,0.5952380952380952,0.1752708118526913
pooled_x4,16017.92,1.0,131,0.5103958985989451,0.18398268398268397,0.41649189128095737
pooled_x4,16017.92,1.0,132,0.37925172475965047,0.41125541125541126,0.2232824007242964
pooled_x4,16017.92,1.0,133,0.4792178054381796,0.4556277056277056,0.2608728962504376
pooled_x4,16017.92,1.0,134,0.22135112430668785,0.8885281385281385,0.024674421865355903
pooled_x4,16017.92,1.0,135,0.386018812180722,0.5313852813852814,0.18089409705005693
pooled_x4,16017.92,1.0,136,0.6638557588627602,0.09740259740259741,0.599194483648855
pooled_x4,16017.92,1.0,137,0.7943995549692894,0.43614718614718617,0.44792442439285685
pooled_x4,16017.92,1.0,138,0.5520491745326095,0.13852813852813853,0.47557483000861167
pooled_x4,16017.92,1.0,139,0.8427800490459587,0.24025974025974026,0.6402939333660855
pooled_x4,16017.92,1.0,140,0.36869375006628247,0.6753246753246753,0.11970576300853326
pooled_x4,16017.92,1.0,141,0.7127260302895984,0.5346320346320347,0.33167986258065724
pooled_x4,16017.92,1.0,142,0.6777150474629509,0.6244588744588745,0.25450987172039385
pooled_x4,16017.92,1.0,143,0.7025840252222046,0.5324675324675324,0.32848084296103075
pooled_x4,16017.92,1.0,144,0.45491197967402186,0.525974025974026,0.21564009426106232
pooled_x4,16017.92,1.0,145,0.6790198791426063,0.5703463203463204,0.2917433896316176
pooled_x4,16017.92,1.0,146,0.6714377262927036,0.4274891774891775,0.3844053649446323
pooled_x4,16017.92,1.0,147,0.7366692216322193,0.27056277056277056,0.5373539560390863
pooled_x4,16017.92,1.0,148,0.18806810268674445,0.5411255411255411,0.08629964885192602
pooled_x4,16017.92,1.0,149,0.38500353588102165,0.6525974025974026,0.13375122837425102
pooled_x4,16017.92,1.0,150,0.7377389127948423,0.26406926406926406,0.5429247410178493
pooled_x4,16017.92,1.0,151,0.3902398493354214,0.5465367965367965,0.17695941219863806
pooled_x4,16017.92,1.0,152,0.33677584822897344,0.5887445887445888,0.1385008899642964
pooled_x4,16017.92,1.0,153,0.2070256947814269,0.5995670995670995,0.08289989942546316
pooled_x4,16017.92,1.0,154,0.6406537254694983,0.5108225108225108,0.3133933808573736
pooled_x4,16017.92,1.0,155,0.4080391096329341,0.7305194805194806,0.1099585912322517
pooled_x4,16017.92,1.0,156,0.5911994385405599,0.2911255411255411,0.4190861820823233
pooled_x4,16017.92,1.0,157,0.7902475817408985,0.14826839826839827,0.6730788385607003
pooled_x4,16017.92,1.0,158,0.5057869639048902,0.803030303030303,0.09962470501156931
pooled_x4,16017.92,1.0,159,0.4332164321384391,0.6948051948051948,0.13221540461367948
pooled_x4,16017.92,1.0,160,0.5261345403933425,0.5357142857142857,0.24427675089690903
pooled_x4,16017.92,1.0,161,0.584125584591378,0.4880952380952381,0.29901666830272916
pooled_x4,16017.92,1.0,162,0.7439417038667706,0.18181818181818182,0.6086795758909941
pooled_x4,16017.92,1.0,163,0.5491099231499531,0.5735930735930735,0.2341442745899151
pooled_x4,16017.92,1.0,164,0.6702814603372649,0.45670995670995673,0.36415724360314605
pooled_x4,16017.92,1.0,165,0.3092236298152845,0.6341991341991342,0.11311427151251749
pooled_x4,16017.92,1.0,166,0.562120615692461,0.8571428571428571,0.08030294509892302
pooled_x4,16017.92,1.0,167,0.6123866472307163,0.39826839826839827,0.36849239811718426
pooled_x4,16017.92,1.0,168,0.18752219160600708,0.7305194805194806,0.050533577608112286
pooled_x4,16017.92,1.0,169,0.5029951344975183,0.7597402597402597,0.12084948036628688
pooled_x4,16017.92,1.0,170,0.7735669634634301,0.18398268398268397,0.6312440372850935
pooled_x4,16017.92,1.0,171,0.45734273439960377,0.4577922077922078,0.24797479430108382
pooled_x4,16017.92,1.0,172,0.3611729335218692,0.8679653679653679,0.047687335378428626
pooled_x4,16017.92,1.0,173,0.45005523596299934,0.5064935064935064,0.22210518138433735
pooled_x4,16017.92,1.0,174,0.7963525986138014,0.12337662337662338,0.6981013039796311
pooled_x4,16017.92,1.0,175,0.6105466671104124,0.591991341991342,0.24910832629937824
pooled_x4,16017.92,1.0,176,0.5609508116975634,0.5238095238095238,0.26711943414169687
pooled_x4,16017.92,1.0,177,0.22656126301168206,0.7662337662337663,0.05296237317156203
pooled_x4,16017.92,1.0,178,0.5190510436286409,0.4393939393939394,0.29098316082211684
pooled_x4,16017.92,1.0,179,0.2926845093139566,0.7445887445887446,0.07475491796330494
pooled_x4,16017.92,1.0,180,0.49232351107012806,0.8474025974025974,0.07512728902693513
pooled_x4,16017.92,1.0,181,0.4578247381484223,0.801948051948052,0.09067308125666804
pooled_x4,16017.92,1.0,182,0.5080716634889347,0.7186147186147186,0.1429638879947219
pooled_x4,16017.92,1.0,183,0.6635293492516101,0.22835497835497837,0.5120091190653658
pooled_x4,16017.92,1.0,184,0.46729905066248134,0.8084415584415584,0.08951507788664417
pooled_x4,16017.92,1.0,185,0.5233772313869477,0.3398268398268398,0.3455196008074005
pooled_x4,16017.92,1.0,186,0.34552013715205876,0.7976190476190477,0.06992669442363092
pooled_x4,16017.92,1.0,187,0.36047790324545215,0.26406926406926406,0.2652867686221942
pooled_x4,16017.92,1.0,188,0.5020972215815763,0.2597402597402597,0.37168235883311496
pooled_x4,16017.92,1.0,189,0.37975595383059374,0.6374458874458875,0.13768208282819144
pooled_x4,16017.92,1.0,190,0.5528654401815547,0.11363636363636363,0.4900398219791053
pooled_x4,16017.92,1.0,191,0.6001539629739352,0.54004329004329,0.2760448422769724
pooled_x4,16017.92,1.0,192,0.6916948893360548,0.3841991341991342,0.4259463117231766
pooled_x4,16017.92,1.0,193,0.233830322738592,0.4989177489177489,0.11716822448914295
pooled_x4,16017.92,1.0,194,0.5911252985464948,0.4707792207792208,0.3128357911138917
pooled_x4,16017.92,1.0,195,0.41602916162998493,0.5194805194805194,0.19991011662739538
pooled_x4,16017.92,1.0,196,0.7807450003722898,0.23484848484848486,0.5973882199818278
pooled_x4,16017.92,1.0,197,0.6215879228295973,0.25757575757575757,0.46148194270682225
pooled_x4,16017.92,1.0,198,0.8568959504388751,0.21861471861471862,0.6695658833515886
pooled_x4,16017.92,1.0,199,0.6379363207283716,0.45670995670995673,0.3465844513048079
pooled_x4,16017.92,1.0,200,0.5542981788061038,0.395021645021645,0.3353384003816147
pooled_x4,16017.92,1.0,201,0.4053074629390508,0.2326839826839827,0.31099890825085175
pooled_x4,16017.92,1.0,202,0.5748723330114252,0.3787878787878788,0.35711766141618834
pooled_x4,16017.92,1.0,203,0.5414085374161317,0.14177489177489178,0.4646504006179572
pooled_x4,16017.92,1.0,204,0.6148283627719312,0.35714285714285715,0.3952468046390986
pooled_x4,16017.92,1.0,205,0.8157239059254622,0.2196969696969697,0.6365118356842622
pooled_x4,16017.92,1.0,206,0.3330307038223395,0.54004329004329,0.15317970684469082
pooled_x4,16017.92,1.0,207,0.6087571056488834,0.4166666666666667,0.3551083116285153
pooled_x4,16017.92,1.0,208,0.3796218329272242,0.724025974025974,0.10476576558056512
pooled_x4,16017.92,1.0,209,0.487484408015562,0.19155844155844157,0.39410265453206145
pooled_x4,16017.92,1.0,210,0.6609596815202674,0.4329004329004329,0.3748299492604114
pooled_x4,16017.92,1.0,211,0.5026390680172894,0.5281385281385281,0.23717601044971665
pooled_x4,16017.92,1.0,212,0.6292242093439626,0.3722943722943723,0.3949675772938293
pooled_x4,16017.92,1.0,213,0.5760883316883477,0.5854978354978355,0.238789860429261
pooled_x4,16017.92,1.0,214,0.3802605685073177,0.6244588744588745,0.14280348189614636
pooled_x4,16017.92,1.0,215,0.3629715078552161,0.9101731601731602,0.03260458349781702
pooled_x4,16017.92,1.0,216,0.5211120420047007,0.4642857142857143,0.2791671653596611
pooled_x4,16017.92,1.0,217,0.6639315580297702,0.15692640692640691,0.5597431641831071
pooled_x4,16017.92,1.0,218,0.586487952577748,0.7272727272727273,0.15995125979393127
pooled_x4,16017.92,1.0,219,0.6996394148705535,0.7045454545454546,0.2067116453026635
pooled_x4,16017.92,1.0,220,0.6508456375414404,0.12878787878787878,0.5670246084641337
pooled_x4,16017.92,1.0,221,0.3534819352889328,0.46320346320346323,0.18974787868323667
pooled_x4,16017.92,1.0,222,0.31268345186427715,0.4036796536796537,0.1864595043043471
pooled_x4,16017.92,1.0,223,0.4732151937832161,0.42424242424242425,0.2724572327842759
pooled_x4,16017.92,1.0,224,0.3879689940015528,0.6277056277056277,0.14443867309148722
pooled_x4,16017.92,1.0,225,0.7154672134890564,0.5854978354978355,0.2965627086215461
pooled_x4,16017.92,1.0,226,0.3781360986972147,0.24567099567099568,0.28523902683112407
pooled_x4,16017.92,1.0,227,0.789185699301101,0.1590909090909091,0.6636334289577441
pooled_x4,16017.92,1.0,228,0.4693975993488834,0.5681818181818182,0.20269441790065418
pooled_x4,16017.92,1.0,229,0.5056659874037617,0.4155844155844156,0.29551908354765294
pooled_x4,16017.92,1.0,230,0.42739921989702767,0.4199134199134199,0.247928551801739
pooled_x4,16017.92,1.0,231,0.2686389256718716,0.5422077922077922,0.1229808068822529
pooled_x4,16017.92,1.0,232,0.7608140325718666,0.4383116883116883,0.42734034946406796
pooled_x4,16017.92,1.0,233,0.3912427812733789,0.45995670995670995,0.21128803880456287
pooled_x4,16017.92,1.0,234,0.26748696032619224,0.5811688311688312,0.11203187624051557
pooled_x4,16017.92,1.0,235,0.551207240907604,0.5692640692640693,0.2374247639407212
pooled_x4,16017.92,1.0,236,0.6412291273236257,0.3560606060606061,0.412912695625062
pooled_x4,16017.92,1.0,237,0.40552184450465967,0.6785714285714286,0.13034630716221202
pooled_x4,16017.92,1.0,238,0.7824372944355598,0.33116883116883117,0.5233184501744328
pooled_x4,16017.92,1.0,239,0.3149103787051145,0.7186147186147186,0.08861114552308418
pooled_x4,16017.92,1.0,240,0.5924190186835382,0.6482683982683982,0.20837249033782462
pooled_x4,16017.92,1.0,241,0.5870010564215155,0.7846320346320347,0.126421223190348
pooled_x4,16017.92,1.0,242,0.3764062118838831,0.5865800865800865,0.15561382352775258
pooled_x4,16017.92,1.0,243,0.47407399849151227,0.18722943722943722,0.3853133905488374
pooled_x4,16017.92,1.0,244,0.5779238026121423,0.34415584415584416,0.37902794846640503
pooled_x4,16017.92,1.0,245,0.43232063178269536,0.45995670995670995,0.23347185634152057
pooled_x4,16017.92,1.0,246,0.6639264129419046,0.33116883116883117,0.4440546787858193
pooled_x4,16017.92,1.0,247,0.5065754705989985,0.5183982683982684,0.24396762382743978
pooled_x4,16017.92,1.0,248,0.18487915357455914,0.854978354978355,0.026811478981591915
pooled_x4,16017.92,1.0,249,0.6695663291041177,0.4145021645021645,0.39202963641269234
pooled_x4,16017.92,1.0,250,0.7648820963551711,0.35714285714285715,0.49170991908546713
pooled_x4,16017.92,1.0,251,0.5132194311140555,0.512987012987013,0.24994452813996212
pooled_x4,16017.92,1.0,252,0.47871241287625305,0.3528138528138528,0.30981604209956637
pooled_x4,16017.92,1.0,253,0.5738198598831217,0.8571428571428571,0.08197426569758884
pooled_x4,16017.92,1.0,254,0.45156613837814996,0.6363636363636364,0.16420586850114544
pooled_x4,16017.92,1.0,255,0.26600934919216074,0.6147186147186147,0.10248845055455545
pooled_x4,16017.92,1.0,256,0.6202265638583931,0.27705627705627706,0.4483889011443795
pooled_x4,16017.92,1.0,257,0.6698927937648547,0.4989177489177489,0.3356713890834715
pooled_x4,16017.92,1.0,258,0.6296902392491058,0.22510822510822512,0.48794178712376596
pooled_x4,16017.92,1.0,259,0.4251464139049799,0.711038961038961,0.1228507494725429
pooled_x4,16017.92,1.0,260,0.31504758501906616,0.6623376623376623,0.10637970403241195
pooled_x4,16017.92,1.0,261,0.6709009096193362,0.16883116883116883,0.5576319248784094
pooled_x4,16017.92,1.0,262,0.5999245087934183,0.685064935064935,0.18893726413299214
pooled_x4,16017.92,1.0,263,0.47070116693493347,0.4696969696969697,0.24961425519276773
pooled_x4,16017.92,1.0,264,0.30877604624577715,0.698051948051948,0.09323432565213402
pooled_x4,16017.92,1.0,265,0.26215392311264174,0.4101731601731602,0.15462542001773782
pooled_x4,16017.92,1.0,266,0.35634304385666893,0.6915584415584416,0.10991100378695956
pooled_x4,16017.92,1.0,267,0.670473176215684,0.3268398268398268,0.4513358394006012
pooled_x4,16017.92,1.0,268,0.4524139933492045,0.33225108225108224,0.3020989544333974
pooled_x4,16017.92,1.0,269,0.5726325951721073,0.4707792207792208,0.30304906822419964
pooled_x4,16017.92,1.0,270,0.5386713027400234,0.5487012987012987,0.24310165935345213
pooled_x4,16017.92,1.0,271,0.873227987462166,0.20995670995670995,0.6898879121724906
pooled_x4,16017.92,1.0,272,0.22620857995169363,0.9199134199134199,0.01811627155457287
pooled_x4,16017.92,1.0,273,0.7133241742302421,0.41883116883116883,0.4145617765818615
pooled_x4,16017.92,1.0,274,0.519935973066372,0.5411255411255411,0.23858533829019665
pooled_x4,16017.92,1.0,275,0.5525183756898998,0.6222943722943723,0.2086892999088474
pooled_x4,16017.92,1.0,276,0.7903859776168163,0.2077922077922078,0.6261499303198155
pooled_x4,16017.92,1.0,277,0.5808651684478997,0.6028138528138528,0.23071159829045368
pooled_x4,16017.92,1.0,278,0.8471165567862653,0.25432900432900435,0.6316702463482
pooled_x4,16017.92,1.0,279,0.5675092243529805,0.16558441558441558,0.4735385410997272
pooled_x4,16017.92,1.0,280,0.48265735254721115,0.30303030303030304,0.336397548745026
pooled_x4,16017.92,1.0,281,0.3306596511836144,0.48268398268398266,0.17105553383741093
pooled_x4,16017.92,1.0,282,0.6046204828045209,0.35064935064935066,0.3926107031198187
pooled_x4,16017.92,1.0,283,0.5434044603724077,0.6222943722943723,0.20524692280299814
pooled_x4,16017.92,1.0,284,0.2643192716138604,0.28354978354978355,0.18937159935971382
pooled_x4,16017.92,1.0,285,0.7522450136312613,0.19480519480519481,0.605703777209587
pooled_x4,16017.92,1.0,286,0.66072371339757,0.25865800865800864,0.48982223341702974
pooled_x4,16017.92,1.0,287,0.6719069567886891,0.4199134199134199,0.38976420869993217
pooled_x4,16017.92,1.0,288,0.47523755455268823,0.6125541125541125,0.18412883607127967
pooled_x4,16017.92,1.0,289,0.5074414044822212,0.30952380952380953,0.35037620785677176
pooled_x4,16017.92,1.0,290,0.6236441499872216,0.5746753246753247,0.26525124561144814
pooled_x4,16017.92,1.0,291,0.291836101404095,0.8701298701298701,0.03790079239014222
pooled_x4,16017.92,1.0,292,0.7162686751263264,0.44264069264069267,0.399219012651578
pooled_x4,16017.92,1.0,293,0.6577790320902377,0.803030303030303,0.12956253662383474
pooled_x4,16017.92,1.0,294,0.5426044715374233,0.4935064935064935,0.2748256414280456
pooled_x4,16017.92,1.0,295,0.6006535105243019,0.3268398268398268,0.404336021153805
pooled_x4,16017.92,1.0,296,0.6768247517607763,0.30952380952380953,0.4673313762157741
pooled_x4,16017.92,1.0,297,0.4699648798190532,0.5573593073593074,0.20802557991990558
pooled_x4,16017.92,1.0,298,0.42041510238779634,0.46320346320346323,0.2256773709787305
pooled_x4,16017.92,1.0,299,0.3206903865242687,0.6352813852813853,0.11696175352670836
pooled_x4,16017.92,2.0,0,0.5624917878212239,0.4134199134199134,0.3299464816007612
pooled_x4,16017.92,2.0,1,0.6981261141253032,0.17532467532467533,0.5757273798306072
pooled_x4,16017.92,2.0,2,0.6527249603893395,0.38095238095238093,0.40406783262197205
pooled_x4,16017.92,2.0,3,0.9628634855794832,0.08441558441558442,0.8815828017318645
pooled_x4,16017.92,2.0,4,0.9477561624824101,0.044372294372294376,0.9057020470475845
pooled_x4,16017.92,2.0,5,0.7340984354250905,0.3235930735930736,0.49654926638601893
pooled_x4,16017.92,2.0,6,0.44151338384113753,0.9826839826839827,0.007645253399846523
pooled_x4,16017.92,2.0,7,0.5251258862906938,0.4523809523809524,0.28756893773061803
pooled_x4,16017.92,2.0,8,0.9029252584592093,0.24675324675324675,0.680125519358885
pooled_x4,16017.92,2.0,9,0.39032385867690067,0.3560606060606061,0.25134490899648904
pooled_x4,16017.92,2.0,10,0.624781270228936,0.5681818181818182,0.26979191214431325
pooled_x4,16017.92,2.0,11,0.6532374265134079,0.18073593073593072,0.535173952240963
pooled_x4,16017.92,2.0,12,0.8915706320352433,0.1764069264069264,0.7342913971632253
pooled_x4,16017.92,2.0,13,0.6074702921839369,0.15043290043290045,0.5160867742038857
pooled_x4,16017.92,2.0,14,0.515776509759409,0.4383116883116883,0.2897056369752525
pooled_x4,16017.92,2.0,15,0.4947442487081718,0.24025974025974026,0.3758771240185461
pooled_x4,16017.92,2.0,16,0.9181010542998013,0.06818181818181818,0.8555032551429967
pooled_x4,16017.92,2.0,17,0.3114714491773251,0.46645021645021645,0.1661855242904992
pooled_x4,16017.92,2.0,18,0.46485673470821093,0.30735930735930733,0.321978690706986
pooled_x4,16017.92,2.0,19,0.584281164747843,0.4675324675324675,0.3111107500605398
pooled_x4,16017.92,2.0,20,0.515314377147845,0.2683982683982684,0.3770048906406312
pooled_x4,16017.92,2.0,21,0.36650323715345534,0.4166666666666667,0.21379355500618225
pooled_x4,16017.92,2.0,22,0.6031969718102117,0.6861471861471862,0.18931506691013136
pooled_x4,16017.92,2.0,23,0.4164383688059622,0.38203463203463206,0.25734448981407404
pooled_x4,16017.92,2.0,24,0.7418667863486428,0.05519480519480519,0.7009195935956333
pooled_x4,16017.92,2.0,25,0.8876055222714464,0.022727272727272728,0.8674326694925499
pooled_x4,16017.92,2.0,26,0.4624251007255832,0.36904761904761907,0.2917682183149513
pooled_x4,16017.92,2.0,27,0.6729140637294643,0.4015151515151515,0.40272887147445213
pooled_x4,16017.92,2.0,28,0.5316907870873637,0.6666666666666666,0.1772302623624546
pooled_x4,16017.92,2.0,29,0.6300408656365261,0.6829004329004329,0.19978568574837893
pooled_x4,16017.92,2.0,30,0.5893039563981632,0.30844155844155846,0.4075381256909375
pooled_x4,16017.92,2.0,31,0.3506875607747416,0.09090909090909091,0.31880687343158326
pooled_x4,16017.92,2.0,32,0.6240690802883353,0.2196969696969697,0.48696299446741315
pooled_x4,16017.92,2.0,33,0.5422326488623506,0.44696969696969696,0.2998710861132696
pooled_x4,16017.92,2.0,34,0.8182813987074401,0.1396103896103896,0.7040408138229598
pooled_x4,16017.92,2.0,35,0.5493837690233204,0.4588744588744589,0.29728558929833354
pooled_x4,16017.92,2.0,36,0.6234334035913098,0.5119047619047619,0.30429487556242507
pooled_x4,16017.92,2.0,37,0.3598576655251083,0.935064935064935,0.023367380878253793
pooled_x4,16017.92,2.0,38,0.6143907523258065,0.3170995670995671,0.41956771073331595
pooled_x4,16017.92,2.0,39,0.8158794936421512,0.22727272727272727,0.6304523359962078
pooled_x4,16017.92,2.0,40,0.37189490763031047,0.5054112554112554,0.18393503548382237
pooled_x4,16017.92,2.0,41,0.43561022954601286,0.40584415584415584,0.2588203636588323
pooled_x4,16017.92,2.0,42,0.5205258017503719,0.6125541125541125,0.20167558119765494
pooled_x4,16017.92,2.0,43,0.3547426877927876,0.6612554112554112,0.1201671658865179
pooled_x4,16017.92,2.0,44,0.40885046655283586,0.3344155844155844,0.2721244988419849
pooled_x4,16017.92,2.0,45,0.22152199741785095,0.7911255411255411,0.04627028733944289
pooled_x4,16017.92,2.0,46,0.9562310831189049,0.10606060606060606,0.8548126349093241
pooled_x4,16017.92,2.0,47,0.7158704684117685,0.1893939393939394,0.580288940303479
pooled_x4,16017.92,2.0,48,0.47545110589990597,0.22727272727272727,0.3673940363772001
pooled_x4,16017.92,2.0,49,0.37534403757136864,0.13528138528138528,0.3245669762116056
pooled_x4,16017.92,2.0,50,0.7463592182406631,0.17965367965367965,0.6122730383402842
pooled_x4,16017.92,2.0,51,0.8605817348450342,0.06060606060606061,0.8084252660665473
pooled_x4,16017.92,2.0,52,0.9472976934535907,0.22077922077922077,0.7381540468469538
pooled_x4,16017.92,2.0,53,0.5691765514058134,0.3041125541125541,0.396082816616816
pooled_x4,16017.92,2.0,54,0.29363905757251796,0.762987012987013,0.06959627013894094
pooled_x4,16017.92,2.0,55,0.646470183762488,0.046536796536796536,0.6163855323536276
pooled_x4,16017.92,2.0,56,0.8416621911595009,0.25,0.6312466433696257
pooled_x4,16017.92,2.0,57,0.7237089066713632,0.24242424242424243,0.5482643232358813
pooled_x4,16017.92,2.0,58,0.8489202334213812,0.1774891774891775,0.6982460794374997
pooled_x4,16017.92,2.0,59,0.6012503475149713,0.6168831168831169,0.2303491591128786
pooled_x4,16017.92,2.0,60,0.7467977632370888,0.16125541125541126,0.6263725828016709
pooled_x4,16017.92,2.0,61,0.7015045561670661,0.2857142857142857,0.5010746829764758
pooled_x4,16017.92,2.0,62,0.34384077698498294,0.525974025974026,0.16298945922015426
pooled_x4,16017.92,2.0,63,0.41266967189919407,0.5021645021645021,0.20544161155154683
pooled_x4,16017.92,2.0,64,0.6689432266385466,0.2943722943722944,0.47202487420815187
pooled_x4,16017.92,2.0,65,0.5060071600458169,0.3560606060606061,0.32583794396889726
pooled_x4,16017.92,2.0,66,0.5367796251964045,0.696969696969697,0.16266049248375894
pooled_x4,16017.92,2.0,67,0.8855763642531391,0.07142857142857142,0.8223209096636293
pooled_x4,16017.92,2.0,68,0.8988483782904799,0.1893939393939394,0.728611943008192
pooled_x4,16017.92,2.0,69,0.2970922535464526,0.4329004329004329,0.16848088837482808
pooled_x4,16017.92,2.0,70,0.674536690003882,0.37012987012987014,0.4248705125349127
pooled_x4,16017.92,2.0,71,0.5812657331226067,0.4004329004329004,0.3485078096860651
pooled_x4,16017.92,2.0,72,0.9057441303588636,0.21428571428571427,0.7116561024248214
pooled_x4,16017.92,2.0,73,0.740312954445621,0.2857142857142857,0.5287949674611578
pooled_x4,16017.92,2.0,74,0.43304978954905043,0.4577922077922078,0.23480297030743966
pooled_x4,16017.92,2.0,75,0.35366632026767136,0.7326839826839827,0.09454067219276495
pooled_x4,16017.92,2.0,76,0.9949742767361669,0.031385281385281384,0.9637467290896854
pooled_x4,16017.92,2.0,77,0.5509842592208732,0.4231601731601732,0.3178296646804388
pooled_x4,16017.92,2.0,78,0.8221480372729726,0.21428571428571427,0.6459734578573356
pooled_x4,16017.92,2.0,79,0.40107046778376937,0.8398268398268398,0.06424072427705398
pooled_x4,16017.92,2.0,80,0.6543258883378411,0.4090909090909091,0.386647115835997
pooled_x4,16017.92,2.0,81,0.4725037799621964,0.7186147186147186,0.1329556090802717
pooled_x4,16017.92,2.0,82,0.7032609743939944,0.3560606060606061,0.45285744563249636
pooled_x4,16017.92,2.0,83,0.576592376947849,0.43506493506493504,0.32573725191209657
pooled_x4,16017.92,2.0,84,0.7868847362511172,0.2067099567099567,0.624227826484923
pooled_x4,16017.92,2.0,85,0.4115528727161271,0.6309523809523809,0.15188260778809454
pooled_x4,16017.92,2.0,86,0.8563927745108797,0.3344155844155844,0.57000168433354
pooled_x4,16017.92,2.0,87,0.6176501364408636,0.1396103896103896,0.5314197602494444
pooled_x4,16017.92,2.0,88,0.8181538742962728,0.08333333333333333,0.7499743847715834
pooled_x4,16017.92,2.0,89,0.5012412964741473,0.42857142857142855,0.286423597985227
pooled_x4,16017.92,2.0,90,0.6975981113955245,0.44047619047619047,0.39032275280463874
pooled_x4,16017.92,2.0,91,0.5684079888937301,0.13744588744588745,0.49028264842889924
pooled_x4,16017.92,2.0,92,0.589810126517632,0.6493506493506493,0.20681653786981902
pooled_x4,16017.92,2.0,93,0.3473326641374419,0.14935064935064934,0.29545830520782396
pooled_x4,16017.92,2.0,94,0.8736926280836605,0.20346320346320346,0.6959283271315738
pooled_x4,16017.92,2.0,95,0.695152377778632,0.23593073593073594,0.5311445657053184
pooled_x4,16017.92,2.0,96,0.7172335981341654,0.288961038961039,0.5099810324395527
pooled_x4,16017.92,2.0,97,0.5144587948059012,0.9112554112554112,0.045655434171086494
pooled_x4,16017.92,2.0,98,0.5589867014333398,0.7305194805194806,0.15063602668495843
pooled_x4,16017.92,2.0,99,0.4451905780099384,0.2748917748917749,0.3228113498556912
pooled_x4,16017.92,2.0,100,0.8883953994362193,0.03571428571428571,0.8566669923134972
pooled_x4,16017.92,2.0,101,0.2577216129898278,0.4383116883116883,0.14475921768584485
pooled_x4,16017.92,2.0,102,0.663114932094259,0.27705627705627706,0.47939477774779765
pooled_x4,16017.92,2.0,103,0.67369268044612,0.3354978354978355,0.44767024436571173
pooled_x4,16017.92,2.0,104,0.535315041188775,0.2694805194805195,0.3910580658034883
pooled_x4,16017.92,2.0,105,0.8220861262374339,0.15584415584415584,0.6939688078627688
pooled_x4,16017.92,2.0,106,0.8305856876920825,0.288961038961039,0.5905787844304093
pooled_x4,16017.92,2.0,107,0.39545393270347373,0.5086580086580087,0.1943031227785466
pooled_x4,16017.92,2.0,108,0.6895371475195916,0.45021645021645024,0.37909618067094425
pooled_x4,16017.92,2.0,109,0.9619929720763332,0.1038961038961039,0.8620456503021686
pooled_x4,16017.92,2.0,110,0.5516423697366282,0.461038961038961,0.2973137447281827
pooled_x4,16017.92,2.0,111,0.563860071024283,0.5097402597402597,0.27643789196320373
pooled_x4,16017.92,2.0,112,0.6417277518014094,0.5562770562770563,0.28474932709802797
pooled_x4,16017.92,2.0,113,0.5687180239560548,0.2619047619047619,0.41976806530089755
pooled_x4,16017.92,2.0,114,0.28870150195657807,0.670995670995671,0.09498404393376593
pooled_x4,16017.92,2.0,115,0.25372400682283414,0.4696969696969697,0.13455060967877566
pooled_x4,16017.92,2.0,116,0.25127591502310564,0.9274891774891775,0.018220223275484938
pooled_x4,16017.92,2.0,117,0.6775705536479666,0.30735930735930733,0.4693129375916652
pooled_x4,16017.92,2.0,118,0.345561116624132,0.827922077922078,0.059463438899607125
pooled_x4,16017.92,2.0,119,0.3440399867319928,0.5292207792207793,0.16196687687058103
pooled_x4,16017.92,2.0,120,0.5622824664888657,0.3170995670995671,0.38398293977756953
pooled_x4,16017.92,2.0,121,0.5818012015912015,0.5714285714285714,0.24934337211051497
pooled_x4,16017.92,2.0,122,0.3021215887736472,0.948051948051948,0.01569462798824142
pooled_x4,16017.92,2.0,123,0.7389505343516577,0.06926406926406926,0.6877678133576035
pooled_x4,16017.92,2.0,124,0.7355831408524178,0.354978354978355,0.474467047562815
pooled_x4,16017.92,2.0,125,0.6440668595024083,0.5335497835497836,0.3004251260233095
pooled_x4,16017.92,2.0,126,0.2745711511761182,0.4231601731601732,0.15838357529964392
pooled_x4,16017.92,2.0,127,0.46775848104339085,0.33874458874458874,0.3093078267505539
pooled_x4,16017.92,2.0,128,0.742111083199209,0.24025974025974026,0.5638116671058926
pooled_x4,16017.92,2.0,129,0.6043670859536593,0.5335497835497836,0.28190715805847094
pooled_x4,16017.92,2.0,130,0.5257692042423159,0.05303030303030303,0.4978875040173446
pooled_x4,16017.92,2.0,131,0.3446781849327887,0.4805194805194805,0.17905360256248762
pooled_x4,16017.92,2.0,132,0.5763830599283342,0.4329004329004329,0.32686658376888217
pooled_x4,16017.92,2.0,133,0.6662260752812039,0.4264069264069264,0.3821426622283962
pooled_x4,16017.92,2.0,134,0.6336809379478464,0.24134199134199133,0.48074711850805235
pooled_x4,16017.92,2.0,135,0.6008590729678754,0.21103896103896103,0.47405439847790176
pooled_x4,16017.92,2.0,136,0.4426774429255862,0.5010822510822511,0.22085963332109873
pooled_x4,16017.92,2.0,137,0.402976838062519,0.6785714285714286,0.12952826937723824
pooled_x4,16017.92,2.0,138,0.7261444883772487,0.6699134199134199,0.23969055081716542
pooled_x4,16017.92,2.0,139,0.4859341696514061,0.4166666666666667,0.2834615989633202
pooled_x4,16017.92,2.0,140,0.643408443007418,0.2564935064935065,0.47837835535291784
pooled_x4,16017.92,2.0,141,0.6586306216730319,0.2911255411255411,0.4668864255366189
pooled_x4,16017.92,2.0,142,0.7087832814056606,0.35714285714285715,0.4556463951893532
pooled_x4,16017.92,2.0,143,0.8715607266100731,0.2911255411255411,0.6178271384519458
pooled_x4,16017.92,2.0,144,0.4835575767274433,0.685064935064935,0.15228923682650003
pooled_x4,16017.92,2.0,145,0.5111865594447582,0.3106060606060606,0.35240891598085605
pooled_x4,16017.92,2.0,146,0.5208538461342144,0.39826839826839827,0.313414219102406
pooled_x4,16017.92,2.0,147,0.8684931308917736,0.22294372294372294,0.6748680389397115
pooled_x4,16017.92,2.0,148,0.6296350616304479,0.4512987012987013,0.345481576024499
pooled_x4,16017.92,2.0,149,0.5622334055851828,0.5422077922077922,0.2573860720373726
pooled_x4,16017.92,2.0,150,0.5855465302870404,0.4880952380952381,0.29974405717074687
pooled_x4,16017.92,2.0,151,0.4791723858303192,0.38961038961038963,0.29248184589642856
pooled_x4,16017.92,2.0,152,0.6902822090467746,0.24134199134199133,0.5236881261274773
pooled_x4,16017.92,2.0,153,0.9693807622863048,0.1774891774891775,0.7973261681142767
pooled_x4,16017.92,2.0,154,0.4114028461493284,0.6915584415584416,0.12689373501359155
pooled_x4,16017.92,2.0,155,0.677971683882371,0.49783549783549785,0.34045331311842003
pooled_x4,16017.92,2.0,156,0.6639848047695021,0.21212121212121213,0.5231395431517288
pooled_x4,16017.92,2.0,157,0.5684380039219076,0.3787878787878788,0.3531205781939123
pooled_x4,16017.92,2.0,158,0.6459125367468971,0.19805194805194806,0.5179883005729986
pooled_x4,16017.92,2.0,159,0.9068531265078617,0.11904761904761904,0.7988944209712114
pooled_x4,16017.92,2.0,160,0.17358275650666066,0.8701298701298701,0.022543215130735157
pooled_x4,16017.92,2.0,161,0.3105881648935315,0.5833333333333334,0.1294117353723048
pooled_x4,16017.92,2.0,162,0.7632367456140112,0.1461038961038961,0.651724883430146
pooled_x4,16017.92,2.0,163,0.8899843054846336,0.05194805194805195,0.8437513545503669
pooled_x4,16017.92,2.0,164,0.5995507272975018,0.4880952380952381,0.3069128723070545
pooled_x4,16017.92,2.0,165,0.7962703961621427,0.25,0.597202797121607
pooled_x4,16017.92,2.0,166,0.2838409877553458,0.19696969696969696,0.22793291440959584
pooled_x4,16017.92,2.0,167,0.2555037751326178,0.6038961038961039,0.10120604079928366
pooled_x4,16017.92,2.0,168,0.40300416247195103,0.6742424242424242,0.13128165898707497
pooled_x4,16017.92,2.0,169,0.8246910354115425,0.24025974025974026,0.6265509814490291
pooled_x4,16017.92,2.0,170,0.48494051417813255,0.41125541125541126,0.2855061035853941
pooled_x4,16017.92,2.0,171,0.6762837529120146,0.2261904761904762,0.5233148088009637
pooled_x4,16017.92,2.0,172,0.4783240597360817,0.41883116883116883,0.2779870347167488
pooled_x4,16017.92,2.0,173,0.6557901080900239,0.5508658008658008,0.2945377649971428
pooled_x4,16017.92,2.0,174,0.6865507846046125,0.6655844155844156,0.22959328186452949
pooled_x4,16017.92,2.0,175,0.4738792657406787,0.3874458874458874,0.2902766930835759
pooled_x4,16017.92,2.0,176,0.4642524918895867,0.5194805194805194,0.2230823662326586
pooled_x4,16017.92,2.0,177,0.7151246875412978,0.461038961038961,0.3854243445839462
pooled_x4,16017.92,2.0,178,0.5399429245420193,0.4837662337662338,0.27873676948760084
pooled_x4,16017.92,2.0,179,0.48351980529016,0.5465367965367965,0.21925843984478033
pooled_x4,16017.92,2.0,180,0.5132635308552019,0.2857142857142857,0.3666168077537157
pooled_x4,16017.92,2.0,181,0.6706059577375831,0.2683982683982684,0.49061647990325347
pooled_x4,16017.92,2.0,182,0.8558069696131319,0.18722943722943722,0.6955747123154351
pooled_x4,16017.92,2.0,183,0.45874853622346434,0.7456709956709957,0.11667305845510184
pooled_x4,16017.92,2.0,184,0.6672000358919086,0.6277056277056277,0.2483948185571608
pooled_x4,16017.92,2.0,185,0.6649323331612786,0.1645021645021645,0.555549525108774
pooled_x4,16017.92,2.0,186,0.5606734813450864,0.26515151515151514,0.412010058261162
pooled_x4,16017.92,2.0,187,0.899586028956765,0.2922077922077922,0.6367199815343337
pooled_x4,16017.92,2.0,188,0.9402271333488451,0.10606060606060606,0.8405060737512403
pooled_x4,16017.92,2.0,189,0.6929514722244302,0.10930735930735931,0.6172067766674307
pooled_x4,16017.92,2.0,190,0.6838028186714947,0.40476190476190477,0.40702548730446114
pooled_x4,16017.92,2.0,191,0.7016658761560145,0.13203463203463203,0.6090216803864974
pooled_x4,16017.92,2.0,192,0.6948196562413281,0.4296536796536797,0.39628783424153674
pooled_x4,16017.92,2.0,193,0.6841548336392504,0.2002164502164502,0.5471757814495737
pooled_x4,16017.92,2.0,194,0.6682629527621783,0.5898268398268398,0.2741035271611099
pooled_x4,16017.92,2.0,195,0.9158365433522571,0.25757575757575757,0.6799392518827363
pooled_x4,16017.92,2.0,196,0.2878689960172317,0.4155844155844156,0.168235127542538
pooled_x4,16017.92,2.0,197,0.5722398617715376,0.3712121212121212,0.35981748884119413
pooled_x4,16017.92,2.0,198,0.5063186375794744,0.5205627705627706,0.24274800481353587
pooled_x4,16017.92,2.0,199,0.4287974035698105,0.9307359307359307,0.02970025306111241
pooled_x4,16017.92,2.0,200,0.6290339650331288,0.09848484848484848,0.5670836502950176
pooled_x4,16017.92,2.0,201,0.9272484499197378,0.12229437229437229,0.8138511827758736
pooled_x4,16017.92,2.0,202,0.7152095354980628,0.13095238095238096,0.6215511439447451
pooled_x4,16017.92,2.0,203,0.6621337803812402,0.22835497835497837,0.5109322352941821
pooled_x4,16017.92,2.0,204,0.6602493529590463,0.6764069264069265,0.21365211746185586
pooled_x4,16017.92,2.0,205,0.47152771782381064,0.7034632034632035,0.13982531892177935
pooled_x4,16017.92,2.0,206,0.6089025145505864,0.11904761904761904,0.5364141199612309
pooled_x4,16017.92,2.0,207,0.7854250634566442,0.288961038961039,0.5584678210941724
pooled_x4,16017.92,2.0,208,0.6067211012616238,0.6363636363636364,0.22062585500422685
pooled_x4,16017.92,2.0,209,0.6877125351807265,0.2532467532467532,0.5135515684791139
pooled_x4,16017.92,2.0,210,0.5252676792831347,0.5270562770562771,0.24842205178217514
pooled_x4,16017.92,2.0,211,0.37847795173626814,0.5454545454545454,0.17203543260739462
pooled_x4,16017.92,2.0,212,0.2800339935261926,0.6471861471861472,0.09879987217482554
pooled_x4,16017.92,2.0,213,0.9680416990341002,0.07034632034632035,0.8999435275652511
pooled_x4,16017.92,2.0,214,0.7694436953737853,0.23376623376623376,0.5895737406110823
pooled_x4,16017.92,2.0,215,0.7753667460753372,0.16125541125541126,0.6503346625631887
pooled_x4,16017.92,2.0,216,0.6461696057567197,0.9047619047619048,0.061539962453020916
pooled_x4,16017.92,2.0,217,0.5804379928665265,0.47186147186147187,0.3065516672282088
pooled_x4,16017.92,2.0,218,0.5202162082832705,0.6904761904761905,0.16101930256386945
pooled_x4,16017.92,2.0,219,0.5707299928573948,0.33116883116883117,0.38172200820981594
pooled_x4,16017.92,2.0,220,0.3455259990883568,0.8809523809523809,0.041134047510518676
pooled_x4,16017.92,2.0,221,0.625799248839826,0.5335497835497836,0.2919041950757197
pooled_x4,16017.92,2.0,222,0.7801918617890907,0.420995670995671,0.45173446542983065
pooled_x4,16017.92,2.0,223,0.3592368703925691,0.5205627705627706,0.1722315298527144
pooled_x4,16017.92,2.0,224,0.7028044224220943,0.3333333333333333,0.4685362816147296
pooled_x4,16017.92,2.0,225,0.46385731129214186,0.49567099567099565,0.2339366959546949
pooled_x4,16017.92,2.0,226,0.9446034641010368,0.08982683982683982,0.8597527200313549
pooled_x4,16017.92,2.0,227,0.8232173185026668,0.25865800865800864,0.6102855662059814
pooled_x4,16017.92,2.0,228,0.709233851114429,0.22943722943722944,0.5465092012916379
pooled_x4,16017.92,2.0,229,0.5606815926865178,0.2922077922077922,0.3968460623560419
pooled_x4,16017.92,2.0,230,0.4030105721691156,0.4166666666666667,0.2350895004319841
pooled_x4,16017.92,2.0,231,0.3201029013203872,0.5021645021645021,0.15935858723742222
pooled_x4,16017.92,2.0,232,0.4193879375284628,0.36147186147186144,0.2677909990712046
pooled_x4,16017.92,2.0,233,0.9602394759779207,0.09199134199134198,0.8719057579496488
pooled_x4,16017.92,2.0,234,0.8939340118705641,0.18722943722943722,0.7265632499077853
pooled_x4,16017.92,2.0,235,0.7068016866127558,0.23160173160173161,0.5431051920942171
pooled_x4,16017.92,2.0,236,0.49036429823557115,0.6082251082251082,0.19211241987151165
pooled_x4,16017.92,2.0,237,0.6505272447071191,0.09848484848484848,0.5864601675768725
pooled_x4,16017.92,2.0,238,0.6001811133250514,0.3593073593073593,0.38453162239007627
pooled_x4,16017.92,2.0,239,0.6955481617981747,0.6666666666666666,0.23184938726605825
pooled_x4,16017.92,2.0,240,0.7344715973922132,0.683982683982684,0.23210574289883792
pooled_x4,16017.92,2.0,241,0.5178470862226461,0.29653679653679654,0.36428637017826837
pooled_x4,16017.92,2.0,242,0.5314441371612955,0.36904761904761907,0.3353159436851031
pooled_x4,16017.92,2.0,243,0.6452965831300341,0.12878787878787878,0.562190204999651
pooled_x4,16017.92,2.0,244,0.23407705435376297,0.8744588744588745,0.029386296866922616
pooled_x4,16017.92,2.0,245,0.9030029186075317,0.420995670995671,0.5228425989773046
pooled_x4,16017.92,2.0,246,0.3150263181989099,0.5313852813852814,0.14762596945901296
pooled_x4,16017.92,2.0,247,0.628160443654537,0.685064935064935,0.19782975011198084
pooled_x4,16017.92,2.0,248,0.7472090739273715,0.2002164502164502,0.597605525576112
pooled_x4,16017.92,2.0,249,0.6496780049780397,0.3116883116883117,0.44718096446540395
pooled_x4,16017.92,2.0,250,0.7016570364520713,0.7348484848484849,0.1860454263319886
pooled_x4,16017.92,2.0,251,0.5096380307610947,0.5108225108225108,0.2493034522770723
pooled_x4,16017.92,2.0,252,0.6011305182911799,0.44372294372294374,0.3343951151533187
pooled_x4,16017.92,2.0,253,0.48510860051451943,0.4134199134199134,0.28455504489055145
pooled_x4,16017.92,2.0,254,0.5182762116585561,0.40476190476190477,0.30849774503485483
pooled_x4,16017.92,2.0,255,0.4244683158385125,0.43398268398268397,0.24025641686530527
pooled_x4,16017.92,2.0,256,0.8512110203946117,0.12121212121212122,0.7480339270134466
pooled_x4,16017.92,2.0,257,0.43660847679588094,0.5768398268398268,0.18475531864414443
pooled_x4,16017.92,2.0,258,0.4143364976998324,0.6147186147186147,0.15963613980642896
pooled_x4,16017.92,2.0,259,0.7883726692563214,0.20887445887445888,0.6237017545739946
pooled_x4,16017.92,2.0,260,0.9009005525700952,0.11796536796536797,0.7946254873859606
pooled_x4,16017.92,2.0,261,0.603126483835033,0.4036796536796537,0.35965659371547964
pooled_x4,16017.92,2.0,262,0.7210115078535111,0.49134199134199136,0.36674827780427505
pooled_x4,16017.92,2.0,263,0.6280554525379127,0.6103896103896104,0.24469692956022576
pooled_x4,16017.92,2.0,264,0.42857892533020403,0.79004329004329,0.08998302111911212
pooled_x4,16017.92,2.0,265,0.2830476149580723,0.27705627705627706,0.2046274965281302
pooled_x4,16017.92,2.0,266,0.6534124025887577,0.3409090909090909,0.4306581744334994
pooled_x4,16017.92,2.0,267,0.6072979114480463,0.19913419913419914,0.48636412821596786
pooled_x4,16017.92,2.0,268,0.5330254768594441,0.23160173160173161,0.40957585343095815
pooled_x4,16017.92,2.0,269,0.5127198360749242,0.37662337662337664,0.3196175601506021
pooled_x4,16017.92,2.0,270,0.3425891532712487,0.6093073593073594,0.13384706096419996
pooled_x4,16017.92,2.0,271,0.8449771313234813,0.09848484848484848,0.7617596865719263
pooled_x4,16017.92,2.0,272,0.5463730985531406,0.36904761904761907,0.34473540742043396
pooled_x4,16017.92,2.0,273,0.6723072268857884,0.13852813852813853,0.5791737582262853
pooled_x4,16017.92,2.0,274,0.6389473578117375,0.5681818181818182,0.2759090863277957
pooled_x4,16017.92,2.0,275,0.4828885024138779,0.8452380952380952,0.07473274442119539
pooled_x4,16017.92,2.0,276,0.7598410437634813,0.10930735930735931,0.6767848257763475
pooled_x4,16017.92,2.0,277,0.4617910622625333,0.39935064935064934,0.2773745016836645
pooled_x4,16017.92,2.0,278,0.7802081485123601,0.5854978354978355,0.3233979663205995
pooled_x4,16017.92,2.0,279,0.3831911558730909,0.5876623376623377,0.15800414544117708
pooled_x4,16017.92,2.0,280,0.8938932670231099,0.05627705627705628,0.8435875853291687
pooled_x4,16017.92,2.0,281,0.6272933515161078,0.5670995670995671,0.27155556342688647
pooled_x4,16017.92,2.0,282,0.2257878173802048,0.4025974025974026,0.13488622856479768
pooled_x4,16017.92,2.0,283,0.29542117820041214,0.5941558441558441,0.11989495868523221
pooled_x4,16017.92,2.0,284,0.8595006594588521,0.15692640692640691,0.7246223092190972
pooled_x4,16017.92,2.0,285,0.7859785911804958,0.12337662337662338,0.6890072065543308
pooled_x4,16017.92,2.0,286,0.9359562987328239,0.05735930735930736,0.8822704937189282
pooled_x4,16017.92,2.0,287,0.8413287577335742,0.046536796536796536,0.8021760125143711
pooled_x4,16017.92,2.0,288,0.6424170191885104,0.341991341991342,0.4227159606781539
pooled_x4,16017.92,2.0,289,0.35828760086089373,0.5346320346320347,0.1667355718292038
pooled_x4,16017.92,2.0,290,0.7886025590845889,0.09199134199134198,0.716057951376591
pooled_x4,16017.92,2.0,291,0.389239119501673,0.18506493506493507,0.3172046071263634
pooled_x4,16017.92,2.0,292,0.4581384242896023,0.42207792207792205,0.2647683101413935
pooled_x4,16017.92,2.0,293,0.8151511009890671,0.15800865800865802,0.6863501694475045
pooled_x4,16017.92,2.0,294,0.4960943902626818,0.5995670995670995,0.19865251558137695
pooled_x4,16017.92,2.0,295,0.4219276514519714,0.2597402597402597,0.3123360536722386
pooled_x4,16017.92,2.0,296,0.4314567830006656,0.5551948051948052,0.1919142184126337
pooled_x4,16017.92,2.0,297,0.7847902753210563,0.13203463203463203,0.681170780094683
pooled_x4,16017.92,2.0,298,0.5648283170530427,0.2748917748917749,0.40956165846919756
pooled_x4,16017.92,2.0,299,0.6035518558655684,0.1893939393939394,0.4892427922546652
pooled_x4,16017.92,3.0,0,0.8263759575758586,0.022727272727272728,0.8075946858127709
pooled_x4,16017.92,3.0,1,0.4639144288181171,0.3777056277056277,0.28869133827967247
pooled_x4,16017.92,3.0,2,0.6298606640204638,0.1699134199134199,0.5228388845278092
pooled_x4,16017.92,3.0,3,0.8848836800328728,0.14285714285714285,0.7584717257424625
pooled_x4,16017.92,3.0,4,0.8245751891749793,0.08874458874458875,0.7513986031226543
pooled_x4,16017.92,3.0,5,0.8409987712035132,0.12987012987012986,0.7317781515666932
pooled_x4,16017.92,3.0,6,0.6633935041218979,0.15584415584415584,0.5600075034795242
pooled_x4,16017.92,3.0,7,0.9484986383981115,0.22835497835497837,0.7319042523569844
pooled_x4,16017.92,3.0,8,0.8034861191865895,0.37987012987012986,0.4982657427423331
pooled_x4,16017.92,3.0,9,0.9768249378336776,0.04329004329004329,0.9345381439880639
pooled_x4,16017.92,3.0,10,0.890424485039778,0.27813852813852813,0.6427631293523073
pooled_x4,16017.92,3.0,11,0.7459281982040353,0.2976190476190476,0.5239257582623581
pooled_x4,16017.92,3.0,12,0.5698943007616489,0.40476190476190477,0.33922279807241007
pooled_x4,16017.92,3.0,13,0.49273330758358924,0.48268398268398266,0.25489883227809057
pooled_x4,16017.92,3.0,14,0.9557185424562554,0.1038961038961039,0.8564231094737873
pooled_x4,16017.92,3.0,15,0.5387763842265033,0.3484848484848485,0.35102097760211576
pooled_x4,16017.92,3.0,16,0.4033354554346608,0.4491341991341991,0.222183708675587
pooled_x4,16017.92,3.0,17,0.5391602351913972,0.15476190476190477,0.45571877022130003
pooled_x4,16017.92,3.0,18,0.8939403472849905,0.20995670995670995,0.7062515730714752
pooled_x4,16017.92,3.0,19,0.8477422704162194,0.1331168831168831,0.7348934616919824
pooled_x4,16017.92,3.0,20,0.9797188906355808,0.048701298701298704,0.9320053082994324
pooled_x4,16017.92,3.0,21,0.39747127116935993,0.5573593073593074,0.17593695877518203
pooled_x4,16017.92,3.0,22,0.9229727104113635,0.03787878787878788,0.8880116228957816
pooled_x4,16017.92,3.0,23,0.860845831044049,0.12878787878787878,0.7499793225004973
pooled_x4,16017.92,3.0,24,0.8003967367983642,0.22727272727272727,0.6184883875260087
pooled_x4,16017.92,3.0,25,0.889373029290216,0.11580086580086581,0.7863828624784702
pooled_x4,16017.92,3.0,26,0.5326477039129804,0.25,0.39948577793473533
pooled_x4,16017.92,3.0,27,0.6119393841930476,0.048701298701298704,0.5821371414563732
pooled_x4,16017.92,3.0,28,0.48630675234468235,0.553030303030303,0.21736438172982017
pooled_x4,16017.92,3.0,29,0.8256301490270237,0.13095238095238096,0.7175119152258659
pooled_x4,16017.92,3.0,30,0.838322425156576,0.25,0.628741818867432
pooled_x4,16017.92,3.0,31,0.8056980039348192,0.12012987012987013,0.7089096073582338
pooled_x4,16017.92,3.0,32,0.8549625628573785,0.06060606060606061,0.8031466499569313
pooled_x4,16017.92,3.0,33,0.7736770651999154,0.5043290043290043,0.38348928123545595
pooled_x4,16017.92,3.0,34,0.9463891046053214,0.05519480519480519,0.8941533423381446
pooled_x4,16017.92,3.0,35,0.8683199513777196,0.13095238095238096,0.7546113863163515
pooled_x4,16017.92,3.0,36,0.8705968071841097,0.05952380952380952,0.818775568661246
pooled_x4,16017.92,3.0,37,0.8401507781385027,0.09523809523809523,0.7601364183157882
pooled_x4,16017.92,3.0,38,0.9420921628994656,0.015151515151515152,0.9278180392191707
pooled_x4,16017.92,3.0,39,0.841794297779641,0.21428571428571427,0.6614098053982893
pooled_x4,16017.92,3.0,40,0.7142205599708171,0.2857142857142857,0.510157542836298
pooled_x4,16017.92,3.0,41,0.7274676027079333,0.1958874458874459,0.584965832047613
pooled_x4,16017.92,3.0,42,0.8741477656450813,0.11688311688311688,0.7719746501800718
pooled_x4,16017.92,3.0,43,0.8937910301814201,0.16017316017316016,0.7506296963428377
pooled_x4,16017.92,3.0,44,0.9052562318853393,0.11471861471861472,0.80140649099806
pooled_x4,16017.92,3.0,45,0.9029784121400125,0.19264069264069264,0.7290280253857677
pooled_x4,16017.92,3.0,46,0.8327352355678064,0.010822510822510822,0.8237229494685877
pooled_x4,16017.92,3.0,47,0.9705738059194191,0.10714285714285714,0.8665837552851957
pooled_x4,16017.92,3.0,48,0.5969835310780113,0.354978354978355,0.3850672992667692
pooled_x4,16017.92,3.0,49,0.7427099734935119,0.3365800865800866,0.4927285863111719
pooled_x4,16017.92,3.0,50,0.9923696046880435,0.027056277056277056,0.9655197777213756
pooled_x4,16017.92,3.0,51,0.9867946948931743,0.00974025974025974,0.9771830582546044
pooled_x4,16017.92,3.0,52,0.5447414834333938,0.4090909090909091,0.3218926947560963
pooled_x4,16017.92,3.0,53,0.681875389385243,0.27056277056277056,0.49738529485460364
pooled_x4,16017.92,3.0,54,0.870130384571704,0.07900432900432901,0.8013863173923378
pooled_x4,16017.92,3.0,55,0.9089929044847802,0.024891774891774892,0.8863664577281245
pooled_x4,16017.92,3.0,56,0.6420950218239619,0.06493506493506493,0.600400539887341
pooled_x4,16017.92,3.0,57,0.8757665042873468,0.11471861471861472,0.7752997840985386
pooled_x4,16017.92,3.0,58,0.38580507553291016,0.6168831168831169,0.1478084380288422
pooled_x4,16017.92,3.0,59,0.9188823143678202,0.2196969696969697,0.7170066543930718
pooled_x4,16017.92,3.0,60,0.6685090907099914,0.4155844155844156,0.39068713093441054
pooled_x4,16017.92,3.0,61,0.8393333281909463,0.1341991341991342,0.7266955222432435
pooled_x4,16017.92,3.0,62,0.7302094690883273,0.13744588744588745,0.6298451805880918
pooled_x4,16017.92,3.0,63,0.23012960840079072,0.3246753246753247,0.15541220307585868
pooled_x4,16017.92,3.0,64,0.4842776163043775,0.8300865800865801,0.08228526597379573
pooled_x4,16017.92,3.0,65,0.5042106202347929,0.46645021645021645,0.2690214672897759
pooled_x4,16017.92,3.0,66,0.9523519665648216,0.05303030303030303,0.9018484531863841
pooled_x4,16017.92,3.0,67,0.980187086553047,0.03896103896103896,0.9419979792847465
pooled_x4,16017.92,3.0,68,0.8708698185788467,0.21861471861471862,0.6804848582401811
pooled_x4,16017.92,3.0,69,0.7336304805742994,0.31926406926406925,0.49940862800999386
pooled_x4,16017.92,3.0,70,0.9056599545341808,0.2748917748917749,0.6567014821838756
pooled_x4,16017.92,3.0,71,0.5543454054053538,0.37012987012987014,0.34916561249558004
pooled_x4,16017.92,3.0,72,0.8751701998536081,0.20454545454545456,0.6961581135199155
pooled_x4,16017.92,3.0,73,0.7794127842923624,0.15692640692640691,0.6571023365408553
pooled_x4,16017.92,3.0,74,0.7743480428419747,0.05519480519480519,0.7316080534643332
pooled_x4,16017.92,3.0,75,0.8606334263871811,0.24242424242424243,0.6519950199902887
pooled_x4,16017.92,3.0,76,0.8273184351658806,0.3008658008658009,0.5784066115986567
pooled_x4,16017.92,3.0,77,0.5884362821937363,0.3961038961038961,0.3553543782079057
pooled_x4,16017.92,3.0,78,0.7185924979603517,0.40476190476190477,0.4277336297383046
pooled_x4,16017.92,3.0,79,0.9203526307285486,0.15584415584415584,0.7769210519137097
pooled_x4,16017.92,3.0,80,0.6363982270692535,0.1406926406926407,0.5468616799707654
pooled_x4,16017.92,3.0,81,0.8924353382336817,0.06493506493506493,0.8344849915951309
pooled_x4,16017.92,3.0,82,0.9190321561644095,0.0735930735930736,0.8513977550614009
pooled_x4,16017.92,3.0,83,0.7837291186973612,0.11904761904761904,0.6904280331381515
pooled_x4,16017.92,3.0,84,0.8691783241575645,0.06277056277056277,0.8146195116022195
pooled_x4,16017.92,3.0,85,0.7609110808016897,0.4816017316017316,0.39445498669265083
pooled_x4,16017.92,3.0,86,0.8128887808188747,0.07683982683982683,0.7504265476607145
pooled_x4,16017.92,3.0,87,0.8286497163161106,0.1331168831168831,0.7183424488844206
pooled_x4,16017.92,3.0,88,0.9401946958086583,0.07900432900432901,0.8659152447328661
pooled_x4,16017.92,3.0,89,0.865578163553689,0.16883116883116883,0.7194415904861831
pooled_x4,16017.92,3.0,90,0.48150503103436054,0.43398268398268397,0.27254018531490326
pooled_x4,16017.92,3.0,91,0.537573139226986,0.046536796536796536,0.5125562074231328
pooled_x4,16017.92,3.0,92,0.8463918000569962,0.17965367965367965,0.6943343987480554
pooled_x4,16017.92,3.0,93,0.9291800087887421,0.0183982683982684,0.9120847055967414
pooled_x4,16017.92,3.0,94,0.966064720221194,0.016233766233766232,0.9503818513864344
pooled_x4,16017.92,3.0,95,0.885316807194828,0.1471861471861472,0.7550104373046801
pooled_x4,16017.92,3.0,96,0.8304996117647749,0.2662337662337662,0.6093925722689583
pooled_x4,16017.92,3.0,97,0.8090385874322548,0.22402597402597402,0.6277929298581457
pooled_x4,16017.92,3.0,98,0.4089914744779055,0.6168831168831169,0.15669153892335339
pooled_x4,16017.92,3.0,99,0.6006461050252062,0.35714285714285715,0.38612963894477537
pooled_x4,16017.92,3.0,100,0.9730237079304878,0.06168831168831169,0.912999518155555
pooled_x4,16017.92,3.0,101,0.634704721836256,0.5292207792207793,0.29880579437096466
pooled_x4,16017.92,3.0,102,0.5135010548725406,0.33116883116883117,0.3434455107264395
pooled_x4,16017.92,3.0,103,0.8816911996334778,0.2597402597402597,0.6526804984299771
pooled_x4,16017.92,3.0,104,0.8826051581992127,0.25865800865800864,0.6543122655481177
pooled_x4,16017.92,3.0,105,0.8116246161394609,0.16774891774891776,0.6754754651636855
pooled_x4,16017.92,3.0,106,0.9144693385840263,0.07575757575757576,0.8451913583882668
pooled_x4,16017.92,3.0,107,0.6492593351853201,0.28679653679653677,0.4630540063713484
pooled_x4,16017.92,3.0,108,0.8349211785693098,0.1958874458874459,0.6713706013820316
pooled_x4,16017.92,3.0,109,0.595228591945399,0.45346320346320346,0.3253143278489464
pooled_x4,16017.92,3.0,110,0.9273647582119985,0.06493506493506493,0.8671462674190116
pooled_x4,16017.92,3.0,111,0.6604969215258619,0.29004329004329005,0.46892422134303613
pooled_x4,16017.92,3.0,112,0.6415532969578949,0.5335497835497836,0.29925267423036006
pooled_x4,16017.92,3.0,113,0.5000148966752946,0.33766233766233766,0.3311786977979224
pooled_x4,16017.92,3.0,114,0.859051936066545,0.12878787878787878,0.7484164594519142
pooled_x4,16017.92,3.0,115,0.5740732854993065,0.27164502164502163,0.41812913543401864
pooled_x4,16017.92,3.0,116,0.7722658815370039,0.09415584415584416,0.6995525355481302
pooled_x4,16017.92,3.0,117,0.5137029286835969,0.341991341991342,0.3380209747182109
pooled_x4,16017.92,3.0,118,0.8628907266860593,0.1331168831168831,0.7480254026791489
pooled_x4,16017.92,3.0,119,0.8189915570394612,0.19155844155844157,0.6621068107234606
pooled_x4,16017.92,3.0,120,0.9255468800990856,0.21861471861471862,0.7232087093414933
pooled_x4,16017.92,3.0,121,0.8372626601261165,0.12229437229437229,0.7348701486604766
pooled_x4,16017.92,3.0,122,0.8856669477939029,0.16883116883116883,0.7361387618027245
pooled_x4,16017.92,3.0,123,0.8751866539867432,0.1461038961038961,0.7473184740211477
pooled_x4,16017.92,3.0,124,0.977541852673491,0.010822510822510822,0.9669623953934748
pooled_x4,16017.92,3.0,125,0.6188350552580565,0.4686147186147186,0.3288398399693785
pooled_x4,16017.92,3.0,126,0.6476743409850675,0.2012987012987013,0.5172983372802812
pooled_x4,16017.92,3.0,127,0.6264453109321331,0.5735930735930735,0.2671206195966022
pooled_x4,16017.92,3.0,128,0.8388027576286126,0.10281385281385282,0.7525622143659305
pooled_x4,16017.92,3.0,129,0.6422294611170956,0.3787878787878788,0.39896072584546843
pooled_x4,16017.92,3.0,130,0.93230253347144,0.14393939393939395,0.7981074718353994
pooled_x4,16017.92,3.0,131,0.9192560762800863,0.12012987012987013,0.8088259632204656
pooled_x4,16017.92,3.0,132,0.8729820784785391,0.3560606060606061,0.5621475505354229
pooled_x4,16017.92,3.0,133,0.5964438274131265,0.2976190476190476,0.41893078354017216
pooled_x4,16017.92,3.0,134,0.7358384668127811,0.16774891774891776,0.6124023603669141
pooled_x4,16017.92,3.0,135,0.6400382135278057,0.11471861471861472,0.5666139163049189
pooled_x4,16017.92,3.0,136,0.9750581367123781,0.10497835497835498,0.8726981375120527
pooled_x4,16017.92,3.0,137,0.5997671423016484,0.4101731601731602,0.3537587581757558
pooled_x4,16017.92,3.0,138,0.6441118156207039,0.329004329004329,0.43219623991865413
pooled_x4,16017.92,3.0,139,0.3763158293274829,0.47835497835497837,0.19630327893489913
pooled_x4,16017.92,3.0,140,0.28562672066374756,0.08116883116883117,0.2624427335968849
pooled_x4,16017.92,3.0,141,0.3503663077162261,0.5476190476190477,0.15849904396686418
pooled_x4,16017.92,3.0,142,0.6273614942116903,0.10064935064935066,0.5642179671968773
pooled_x4,16017.92,3.0,143,0.8595756962173169,0.0021645021645021645,0.8577151427623011
pooled_x4,16017.92,3.0,144,0.8731290847245395,0.3235930735930736,0.5905905605550186
pooled_x4,16017.92,3.0,145,0.533925822442229,0.5681818181818182,0.23055887787278068
pooled_x4,16017.92,3.0,146,0.8180037918322214,0.023809523809523808,0.7985275110743113
pooled_x4,16017.92,3.0,147,0.7766252841826884,0.09199134199134198,0.7051824820663156
pooled_x4,16017.92,3.0,148,0.8613001677776655,0.2813852813852814,0.618942977710357
pooled_x4,16017.92,3.0,149,0.7186836118004798,0.2813852813852814,0.5164566214670114
pooled_x4,16017.92,3.0,150,0.9397335351282278,0.0670995670995671,0.8766778217321779
pooled_x4,16017.92,3.0,151,0.6260973207611654,0.3722943722943723,0.39300481173319907
pooled_x4,16017.92,3.0,152,0.5283380849999465,0.5454545454545454,0.2401536749999757
pooled_x4,16017.92,3.0,153,0.8740426334224514,0.07792207792207792,0.805935415233689
pooled_x4,16017.92,3.0,154,0.591957419098894,0.21645021645021645,0.46382810760562687
pooled_x4,16017.92,3.0,155,0.8700593587447529,0.06385281385281386,0.8145036204699256
pooled_x4,16017.92,3.0,156,0.6034669901156002,0.604978354978355,0.23838252315172523
pooled_x4,16017.92,3.0,157,0.6714950641817996,0.12445887445887446,0.5879215442890431
pooled_x4,16017.92,3.0,158,0.4575909564088815,0.4588744588744589,0.24761415390090988
pooled_x4,16017.92,3.0,159,0.639898236447189,0.34523809523809523,0.41898098814994517
pooled_x4,16017.92,3.0,160,0.4794870319418265,0.1331168831168831,0.4156592127547652
pooled_x4,16017.92,3.0,161,0.695673233329578,0.2510822510822511,0.5210020318875195
pooled_x4,16017.92,3.0,162,0.8132780341688235,0.22943722943722944,0.6266817752469722
pooled_x4,16017.92,3.0,163,0.9588102162542191,0.07034632034632035,0.8913614456302751
pooled_x4,16017.92,3.0,164,0.9677976837499276,0.05194805194805195,0.917522479399282
pooled_x4,16017.92,3.0,165,0.8843958576357673,0.1893939393939394,0.7168966421744477
pooled_x4,16017.92,3.0,166,0.939168220090945,0.0735930735930736,0.8700519441535162
pooled_x4,16017.92,3.0,167,0.5280331939954888,0.5346320346320347,0.24572973313642874
pooled_x4,16017.92,3.0,168,0.8861985579309339,0.06818181818181818,0.8257759289810976
pooled_x4,16017.92,3.0,169,0.94799022823974,0.030303030303030304,0.9192632516264145
pooled_x4,16017.92,3.0,170,0.7895332543403966,0.18398268398268397,0.6442728071132674
pooled_x4,16017.92,3.0,171,0.9225035175473449,0.10714285714285714,0.8236638549529866
pooled_x4,16017.92,3.0,172,0.8465204409051081,0.2803030303030303,0.6092381961059491
pooled_x4,16017.92,3.0,173,0.8630100301221204,0.29329004329004327,0.6098977810278622
pooled_x4,16017.92,3.0,174,0.9657596030507835,0.044372294372294376,0.922906633651344
pooled_x4,16017.92,3.0,175,0.4927988104789005,0.5422077922077922,0.22559945544650964
pooled_x4,16017.92,3.0,176,0.3452150412503524,0.10173160173160173,0.3100957621621131
pooled_x4,16017.92,3.0,177,0.4579095611584521,0.5119047619047619,0.2235034762797207
pooled_x4,16017.92,3.0,178,0.8590788868864553,0.2683982683982684,0.6285036012286188
pooled_x4,16017.92,3.0,179,0.8622341105674596,0.17965367965367965,0.7073305798810978
pooled_x4,16017.92,3.0,180,0.44881585303309046,0.3365800865800866,0.2977533743606975
pooled_x4,16017.92,3.0,181,0.47205747887735483,0.35173160173160173,0.30601994572244107
pooled_x4,16017.92,3.0,182,0.3534682794295052,0.37445887445887444,0.2211089453574178
pooled_x4,16017.92,3.0,183,0.5170553325406668,0.24675324675324675,0.38947025048517764
pooled_x4,16017.92,3.0,184,0.6104026419465446,0.6601731601731602,0.20743120083464825
pooled_x4,16017.92,3.0,185,0.8501658785390998,0.03354978354978355,0.8216429973327014
pooled_x4,16017.92,3.0,186,0.926615635234325,0.08225108225108226,0.8504004964055277
pooled_x4,16017.92,3.0,187,0.6018085216394824,0.35064935064935066,0.3907847543113522
pooled_x4,16017.92,3.0,188,0.9397669444875002,0.032467532467532464,0.9092550307054386
pooled_x4,16017.92,3.0,189,0.8214958921370115,0.2943722943722944,0.5796702615512245
pooled_x4,16017.92,3.0,190,0.9280147982645787,0.09199134199134198,0.8426454715843956
pooled_x4,16017.92,3.0,191,0.6910888234711811,0.02813852813852814,0.671642601165715
pooled_x4,16017.92,3.0,192,0.9395679828208748,0.2662337662337662,0.6894232601218109
pooled_x4,16017.92,3.0,193,0.8595768981931107,0.17207792207792208,0.7116626916858546
pooled_x4,16017.92,3.0,194,0.9579987885798007,0.06385281385281386,0.8968278702613935
pooled_x4,16017.92,3.0,195,0.9640620112794522,0.031385281385281384,0.9338046537825863
pooled_x4,16017.92,3.0,196,0.5951382669584713,0.28354978354978355,0.42638694018020346
pooled_x4,16017.92,3.0,197,0.6496469381652323,0.23376623376623376,0.49778142015258064
pooled_x4,16017.92,3.0,198,0.734367138954261,0.01406926406926407,0.7240351337525235
pooled_x4,16017.92,3.0,199,0.6558599436286765,0.20562770562770563,0.5209969682071954
pooled_x4,16017.92,3.0,200,0.6444860990385172,0.2857142857142857,0.4603472135989408
pooled_x4,16017.92,3.0,201,0.91480284313291,0.0021645021645021645,0.9128227503988562
pooled_x4,16017.92,3.0,202,0.4525226755509059,0.2132034632034632,0.3560432739453556
pooled_x4,16017.92,3.0,203,0.6080107133779643,0.2803030303030303,0.43758346796141373
pooled_x4,16017.92,3.0,204,0.6207732076823206,0.14826839826839827,0.5287321584913272
pooled_x4,16017.92,3.0,205,0.763191882215106,0.4231601731601732,0.44023947318252327
pooled_x4,16017.92,3.0,206,0.8095837391915297,0.12012987012987013,0.7123285497431966
pooled_x4,16017.92,3.0,207,0.6926186213794755,0.4264069264069264,0.3972812438648507
pooled_x4,16017.92,3.0,208,0.9835083289639045,0.007575757575757576,0.9760575082899355
pooled_x4,16017.92,3.0,209,0.8649439020359946,0.2196969696969697,0.674918347800814
pooled_x4,16017.92,3.0,210,0.40761034960604436,0.5454545454545454,0.1852774316391111
pooled_x4,16017.92,3.0,211,0.49146969445513916,0.37554112554112556,0.3069026122301031
pooled_x4,16017.92,3.0,212,0.8164844159860508,0.2532467532467532,0.609712388561012
pooled_x4,16017.92,3.0,213,0.9612555467031375,0.06601731601731602,0.8977960355030387
pooled_x4,16017.92,3.0,214,0.9308945458736476,0.13636363636363635,0.8039543805272411
pooled_x4,16017.92,3.0,215,0.6176015859088282,0.5551948051948052,0.27471239373217354
pooled_x4,16017.92,3.0,216,0.8580096075470649,0.19696969696969696,0.6890077151514309
pooled_x4,16017.92,3.0,217,0.6875091885006474,0.08658008658008658,0.6279845834356562
pooled_x4,16017.92,3.0,218,0.6228424865607101,0.7229437229437229,0.17256242051898463
pooled_x4,16017.92,3.0,219,0.8107681926971799,0.2619047619047619,0.598424142228871
pooled_x4,16017.92,3.0,220,0.6983890704424596,0.2846320346320346,0.499605168357647
pooled_x4,16017.92,3.0,221,0.8846251932884825,0.18181818181818182,0.7237842490542129
pooled_x4,16017.92,3.0,222,0.9750136803790294,0.06060606060606061,0.9159219421742397
pooled_x4,16017.92,3.0,223,0.4987030508953785,0.6547619047619048,0.17217129138054732
pooled_x4,16017.92,3.0,224,0.6739372319186553,0.31493506493506496,0.46169076602219566
pooled_x4,16017.92,3.0,225,0.8261049721724324,0.15476190476190477,0.6982553931457465
pooled_x4,16017.92,3.0,226,0.9836203389953664,0.011904761904761904,0.9719105730549454
pooled_x4,16017.92,3.0,227,0.4047535121697061,0.5346320346320347,0.18835931843395412
pooled_x4,16017.92,3.0,228,0.9081364058104724,0.05844155844155844,0.8550634989773929
pooled_x4,16017.92,3.0,229,0.6852875476741566,0.6190476190476191,0.2610619229234882
pooled_x4,16017.92,3.0,230,0.5506902602711786,0.30844155844155846,0.3808344981745488
pooled_x4,16017.92,3.0,231,0.35795011019050094,0.6547619047619048,0.12357801423243485
pooled_x4,16017.92,3.0,232,0.7172813804841,0.4653679653679654,0.3834816038518889
pooled_x4,16017.92,3.0,233,0.8178502280481881,0.4253246753246753,0.4699983453393808
pooled_x4,16017.92,3.0,234,0.728188595117705,0.3787878787878788,0.452359581815544
pooled_x4,16017.92,3.0,235,0.8994588355729766,0.03354978354978355,0.8692821863275628
pooled_x4,16017.92,3.0,236,0.8372548479909984,0.1958874458874459,0.6732471342611599
pooled_x4,16017.92,3.0,237,0.6563431019541535,0.275974025974026,0.4752094536875851
pooled_x4,16017.92,3.0,238,0.725272117459849,0.1645021645021645,0.6059632842846358
pooled_x4,16017.92,3.0,239,0.8294753558943364,0.38852813852813856,0.5072008399137446
pooled_x4,16017.92,3.0,240,0.7900930681795986,0.24134199134199133,0.5994104337596305
pooled_x4,16017.92,3.0,241,0.5889581788427377,0.47294372294372294,0.3104141050826983
pooled_x4,16017.92,3.0,242,0.9214015693016065,0.08658008658008658,0.8416265416564459
pooled_x4,16017.92,3.0,243,0.7921330863169,0.341991341991342,0.5212304290916397
pooled_x4,16017.92,3.0,244,0.5689964965119133,0.32142857142857145,0.38610476549022693
pooled_x4,16017.92,3.0,245,0.924529582335788,0.022727272727272728,0.903517546373611
pooled_x4,16017.92,3.0,246,0.8045127686316811,0.07900432900432901,0.7409527771705202
pooled_x4,16017.92,3.0,247,0.7837323215787454,0.0735930735930736,0.7260550511595303
pooled_x4,16017.92,3.0,248,0.8963864462325074,0.13528138528138528,0.7751220460387158
pooled_x4,16017.92,3.0,249,0.9911563437870575,0.03787878787878788,0.9536125428860327
pooled_x4,16017.92,3.0,250,0.7606986350676037,0.16774891774891776,0.6330922623019343
pooled_x4,16017.92,3.0,251,0.9863938647481941,0.005411255411255411,0.9810562356099463
pooled_x4,16017.92,3.0,252,0.9480314567440332,0.022727272727272728,0.926485287272578
pooled_x4,16017.92,3.0,253,0.7701779331711833,0.31601731601731603,0.5267883698746622
pooled_x4,16017.92,3.0,254,0.6552674624346007,0.24242424242424243,0.49641474426863685
pooled_x4,16017.92,3.0,255,0.5215186920697841,0.4199134199134199,0.3025259945339873
pooled_x4,16017.92,3.0,256,0.4536115157406642,0.5681818181818182,0.19587769997892315
pooled_x4,16017.92,3.0,257,0.7333210991055051,0.11363636363636363,0.6499891560253341
pooled_x4,16017.92,3.0,258,0.977414258360832,0.027056277056277056,0.9509690673878658
pooled_x4,16017.92,3.0,259,0.7705824608805919,0.12337662337662338,0.6755105988238955
pooled_x4,16017.92,3.0,260,0.8015702390890608,0.027056277056277056,0.7798827326202009
pooled_x4,16017.92,3.0,261,0.8459370241546382,0.16233766233766234,0.7086095851684957
pooled_x4,16017.92,3.0,262,0.3332115543101244,0.5108225108225108,0.1629995915023552
pooled_x4,16017.92,3.0,263,0.8954029765245519,0.2435064935064935,0.6773665374357812
pooled_x4,16017.92,3.0,264,0.5133303767567897,0.3961038961038961,0.30999821453494447
pooled_x4,16017.92,3.0,265,0.7867193917741021,0.26406926406926406,0.5789709809592959
pooled_x4,16017.92,3.0,266,0.6345612600484545,0.3528138528138528,0.4106792570443461
pooled_x4,16017.92,3.0,267,0.6886280832996388,0.7272727272727273,0.18780765908171965
pooled_x4,16017.92,3.0,268,0.6117873373184806,0.24458874458874458,0.4621510405284626
pooled_x4,16017.92,3.0,269,0.9340743434939733,0.04329004329004329,0.8936382247280005
pooled_x4,16017.92,3.0,270,0.8326983530617451,0.13852813852813853,0.7173462002566549
pooled_x4,16017.92,3.0,271,0.7512828168094059,0.14177489177489178,0.6447697767639166
pooled_x4,16017.92,3.0,272,0.8517711243630706,0.046536796536796536,0.8121324248526679
pooled_x4,16017.92,3.0,273,0.6418720584020461,0.3939393939393939,0.3890133687285128
pooled_x4,16017.92,3.0,274,0.883282253366249,0.10281385281385282,0.7924686017755632
pooled_x4,16017.92,3.0,275,0.9325760642996325,0.08441558441558442,0.8538521108197934
pooled_x4,16017.92,3.0,276,0.9561706942028916,0.06277056277056277,0.8961513216230563
pooled_x4,16017.92,3.0,277,0.8716942490139443,0.04220779220779221,0.8349019592828363
pooled_x4,16017.92,3.0,278,0.7398243466072274,0.06601731601731602,0.6909831289199537
pooled_x4,16017.92,3.0,279,0.7097341641273,0.32142857142857145,0.4816053256578107
pooled_x4,16017.92,3.0,280,0.5047170471660802,0.12229437229437229,0.44299299269663533
pooled_x4,16017.92,3.0,281,0.9135309401466148,0.23484848484848486,0.6989895829909705
pooled_x4,16017.92,3.0,282,0.8479182222053767,0.18831168831168832,0.6882453102316369
pooled_x4,16017.92,3.0,283,0.6752843731395295,0.17424242424242425,0.5576211869106721
pooled_x4,16017.92,3.0,284,0.4410127211114958,0.4491341991341991,0.24293882580709025
pooled_x4,16017.92,3.0,285,0.8491941653342376,0.1471861471861472,0.7242045479257351
pooled_x4,16017.92,3.0,286,0.4389416469768107,0.2662337662337662,0.3220805591453222
pooled_x4,16017.92,3.0,287,0.7666024751817131,0.27813852813852813,0.5533807910673189
pooled_x4,16017.92,3.0,288,0.5481035077759124,0.43398268398268397,0.3102360763709981
pooled_x4,16017.92,3.0,289,0.6947921361852543,0.4675324675324675,0.36995425433240814
pooled_x4,16017.92,3.0,290,0.8702107914561266,0.3430735930735931,0.571664448499858
pooled_x4,16017.92,3.0,291,0.8965274517407096,0.08116883116883117,0.8237573663721455
pooled_x4,16017.92,3.0,292,0.9571961316025595,0.05303030303030303,0.906435730684242
pooled_x4,16017.92,3.0,293,0.921341588284656,0.03896103896103896,0.885445162767072
pooled_x4,16017.92,3.0,294,0.47121308710011395,0.341991341991342,0.3100622910788628
pooled_x4,16017.92,3.0,295,0.5947351952955394,0.10173160173160173,0.5342318312719673
pooled_x4,16017.92,3.0,296,0.9801833639034836,0.003246753246753247,0.9770009503843164
pooled_x4,16017.92,3.0,297,0.951127765430836,0.032467532467532464,0.9202469938259388
pooled_x4,16017.92,3.0,298,0.5625141360193647,0.5335497835497836,0.2623848405025392
pooled_x4,16017.92,3.0,299,0.6406580157720134,0.22402597402597402,0.49713397977114027
pooled_x4,16017.92,4.0,0,0.8713838849460789,0.05952380952380952,0.8195157965564314
pooled_x4,16017.92,4.0,1,0.8806266675599885,0.2597402597402597,0.6518924681937578
pooled_x4,16017.92,4.0,2,0.9977947625607717,0.003246753246753247,0.9945551691758341
pooled_x4,16017.92,4.0,3,0.44675906086020595,0.45021645021645024,0.24562078237768895
pooled_x4,16017.92,4.0,4,0.9757607486150567,0.07575757575757576,0.9018394797805827
pooled_x4,16017.92,4.0,5,0.8995463760559972,0.11904761904761904,0.7924575217636165
pooled_x4,16017.92,4.0,6,0.9904514784048806,0.0021645021645021645,0.9883076440360389
pooled_x4,16017.92,4.0,7,0.9122513859269524,0.09307359307359307,0.8273448716523659
pooled_x4,16017.92,4.0,8,0.8074386414013923,0.10606060606060606,0.7218012097376083
pooled_x4,16017.92,4.0,9,0.9663826133891055,0.021645021645021644,0.9454652408049257
pooled_x4,16017.92,4.0,10,0.9979653892517089,0.01948051948051948,0.9785245050455068
pooled_x4,16017.92,4.0,11,0.8257081373315458,0.28679653679653677,0.5888979031401392
pooled_x4,16017.92,4.0,12,0.9982054131643924,0.0,0.9982054131643924
pooled_x4,16017.92,4.0,13,0.39686114942149375,0.25,0.2976458620661203
pooled_x4,16017.92,4.0,14,0.9728963361342631,0.017316017316017316,0.9560496463310724
pooled_x4,16017.92,4.0,15,0.8815996818833229,0.17857142857142858,0.7241711672613009
pooled_x4,16017.92,4.0,16,0.8806190910723939,0.15151515151515152,0.7471919560614252
pooled_x4,16017.92,4.0,17,0.9997827484829818,0.0,0.9997827484829818
pooled_x4,16017.92,4.0,18,0.9676404755607673,0.04004329004329004,0.9288929673402604
pooled_x4,16017.92,4.0,19,0.9400495728388635,0.025974025974025976,0.9156327008170748
pooled_x4,16017.92,4.0,20,0.8052545857999617,0.0735930735930736,0.745993425806025
pooled_x4,16017.92,4.0,21,0.926058791432668,0.06385281385281386,0.8669273318065561
pooled_x4,16017.92,4.0,22,0.9748239093564546,0.01406926406926407,0.9611088543546862
pooled_x4,16017.92,4.0,23,0.902559514861454,0.0183982683982684,0.8859539826616221
pooled_x4,16017.92,4.0,24,0.1402936847858619,0.43722943722943725,0.07895315594009546
pooled_x4,16017.92,4.0,25,0.975122605655176,0.04329004329004329,0.9329095058432636
pooled_x4,16017.92,4.0,26,0.953717758964963,0.05519480519480519,0.9010774930480657
pooled_x4,16017.92,4.0,27,0.9716544052991455,0.032467532467532464,0.9401071843478745
pooled_x4,16017.92,4.0,28,0.9177986453551794,0.14935064935064934,0.780724821698237
pooled_x4,16017.92,4.0,29,0.9091550567974437,0.08658008658008658,0.8304403332651975
pooled_x4,16017.92,4.0,30,0.9967652848782881,0.0,0.9967652848782881
pooled_x4,16017.92,4.0,31,0.9459090178198569,0.05627705627705628,0.8926760427910339
pooled_x4,16017.92,4.0,32,0.8573779428024405,0.09848484848484848,0.7729392060112911
pooled_x4,16017.92,4.0,33,0.8874493231633862,0.010822510822510822,0.8778448932590205
pooled_x4,16017.92,4.0,34,0.9873011566277219,0.017316017316017316,0.9702050327034324
pooled_x4,16017.92,4.0,35,0.9362896657873976,0.06277056277056277,0.8775182365496604
pooled_x4,16017.92,4.0,36,0.932456126571421,0.05519480519480519,0.8809893923126088
pooled_x4,16017.92,4.0,37,0.9739261738754343,0.010822510822510822,0.9633858473183409
pooled_x4,16017.92,4.0,38,0.7779521744729607,0.19047619047619047,0.6297708079066825
pooled_x4,16017.92,4.0,39,0.9692118593009179,0.023809523809523808,0.9461353864604198
pooled_x4,16017.92,4.0,40,0.9007995311095015,0.01406926406926407,0.8881259446328527
pooled_x4,16017.92,4.0,41,0.9851616332123225,0.02922077922077922,0.9563744426314429
pooled_x4,16017.92,4.0,42,0.9934800326752515,0.01406926406926407,0.9795024997480023
pooled_x4,16017.92,4.0,43,0.9696218764106592,0.10606060606060606,0.8667831925489227
pooled_x4,16017.92,4.0,44,0.9864644408202972,0.04329004329004329,0.9437603524730982
pooled_x4,16017.92,4.0,45,0.9409532271813614,0.1331168831168831,0.8156964664202062
pooled_x4,16017.92,4.0,46,0.9914844512334542,0.0021645021645021645,0.9893383809926891
pooled_x4,16017.92,4.0,47,0.7670743810301683,0.09632034632034632,0.6931895109958772
pooled_x4,16017.92,4.0,48,0.973742230639984,0.010822510822510822,0.9632038948105469
pooled_x4,16017.92,4.0,49,0.990974005784931,0.003246753246753247,0.9877565577142007
pooled_x4,16017.92,4.0,50,0.9703365102198535,0.05411255411255411,0.9178291233031948
pooled_x4,16017.92,4.0,51,0.925366329738854,0.14177489177489178,0.7941726184879991
pooled_x4,16017.92,4.0,52,0.9829301308440224,0.09956709956709957,0.8850626286387734
pooled_x4,16017.92,4.0,53,0.980005341338227,0.012987012987012988,0.9672779992429253
pooled_x4,16017.92,4.0,54,0.8970366676300144,0.13636363636363635,0.774713485680467
pooled_x4,16017.92,4.0,55,0.967423563178251,0.003246753246753247,0.9642825775835163
pooled_x4,16017.92,4.0,56,0.907186401259203,0.04220779220779221,0.8688960661411197
pooled_x4,16017.92,4.0,57,0.5730095175541043,0.38961038961038963,0.34975905616938835
pooled_x4,16017.92,4.0,58,0.8405270400335296,0.11255411255411256,0.7459222649648207
pooled_x4,16017.92,4.0,59,0.802649890769161,0.09956709956709957,0.7227323691774264
pooled_x4,16017.92,4.0,60,0.9804434205483081,0.027056277056277056,0.9539162717239492
pooled_x4,16017.92,4.0,61,0.7282633715745398,0.19696969696969696,0.5848175559613729
pooled_x4,16017.92,4.0,62,0.8717058150149635,0.09307359307359307,0.7905730227083759
pooled_x4,16017.92,4.0,63,0.8731328484096068,0.17857142857142858,0.7172162683364627
pooled_x4,16017.92,4.0,64,0.9383985264988307,0.08874458874458875,0.8551207351861638
pooled_x4,16017.92,4.0,65,0.8474826666456357,0.11471861471861472,0.7502606291300107
pooled_x4,16017.92,4.0,66,0.9918950254475732,0.02922077922077922,0.9629110798987804
pooled_x4,16017.92,4.0,67,0.9640416875905878,0.12012987012987013,0.8482314848605498
pooled_x4,16017.92,4.0,68,0.9974768582573594,0.01406926406926407,0.9834430929355568
pooled_x4,16017.92,4.0,69,0.8654521548392742,0.06493506493506493,0.809253962966594
pooled_x4,16017.92,4.0,70,0.9860686544735001,0.0,0.9860686544735001
pooled_x4,16017.92,4.0,71,0.906279264197372,0.10714285714285714,0.8091779144619393
pooled_x4,16017.92,4.0,72,0.7643119935865236,0.5140692640692641,0.37140268952418726
pooled_x4,16017.92,4.0,73,0.9859332656168219,0.005411255411255411,0.9805981288981162
pooled_x4,16017.92,4.0,74,0.9077885973281833,0.06277056277056277,0.8508061961971934
pooled_x4,16017.92,4.0,75,0.4709805869378278,0.09090909090909091,0.4281641699434798
pooled_x4,16017.92,4.0,76,0.9018108271284148,0.025974025974025976,0.8783871692809234
pooled_x4,16017.92,4.0,77,0.8910624601153921,0.19264069264069264,0.7194075706126435
pooled_x4,16017.92,4.0,78,0.9438103045321686,0.023809523809523808,0.921338630614736
pooled_x4,16017.92,4.0,79,0.5232995449423815,0.21428571428571427,0.41116392816901404
pooled_x4,16017.92,4.0,80,0.7985169462392935,0.044372294372294376,0.763084917239498
pooled_x4,16017.92,4.0,81,0.8026042985754333,0.20995670995670995,0.6340921406494224
pooled_x4,16017.92,4.0,82,0.9706796047026324,0.0,0.9706796047026324
pooled_x4,16017.92,4.0,83,0.9194921357529369,0.016233766233766232,0.9045653153673372
pooled_x4,16017.92,4.0,84,0.84941567095667,0.19696969696969696,0.6821065236470228
pooled_x4,16017.92,4.0,85,0.884793727981334,0.1396103896103896,0.7612673308930309
pooled_x4,16017.92,4.0,86,0.9837764424104781,0.050865800865800864,0.9337358657943607
pooled_x4,16017.92,4.0,87,0.9980025152267092,0.0010822510822510823,0.9969224259245157
pooled_x4,16017.92,4.0,88,0.8785502861987986,0.05952380952380952,0.826255626306013
pooled_x4,16017.92,4.0,89,0.7691402934474874,0.2943722943722944,0.5427267005711707
pooled_x4,16017.92,4.0,90,0.9712200189617057,0.0,0.9712200189617057
pooled_x4,16017.92,4.0,91,0.9884918832199908,0.05844155844155844,0.9307228770577836
pooled_x4,16017.92,4.0,92,0.8917897792340437,0.023809523809523808,0.8705566892522807
pooled_x4,16017.92,4.0,93,0.26226897435412255,0.4015151515151515,0.15696400737860366
pooled_x4,16017.92,4.0,94,0.570605658193081,0.45021645021645024,0.31370960428797084
pooled_x4,16017.92,4.0,95,0.9798485961680832,0.031385281385281384,0.949095772262375
pooled_x4,16017.92,4.0,96,0.9330658475921367,0.09740259740259741,0.8421828104890066
pooled_x4,16017.92,4.0,97,0.7315159601464294,0.3647186147186147,0.4647184725172662
pooled_x4,16017.92,4.0,98,0.7680126005831738,0.18722943722943722,0.6242180335908696
pooled_x4,16017.92,4.0,99,0.9879824027484088,0.017316017316017316,0.9708744823544969
pooled_x4,16017.92,4.0,100,0.968507118410532,0.025974025974025976,0.9433510893609078
pooled_x4,16017.92,4.0,101,0.8094001311663154,0.04220779220779221,0.7752371386170878
pooled_x4,16017.92,4.0,102,0.9365068375440542,0.05411255411255411,0.8858300606206746
pooled_x4,16017.92,4.0,103,0.8713257056560922,0.18506493506493507,0.7100738705184388
pooled_x4,16017.92,4.0,104,0.9415919004110257,0.15151515151515152,0.7989264609548097
pooled_x4,16017.92,4.0,105,0.6974185393636677,0.43722943722943725,0.3924866238843152
pooled_x4,16017.92,4.0,106,0.9925226042049172,0.005411255411255411,0.98715181089212
pooled_x4,16017.92,4.0,107,0.7080573238792505,0.3560606060606061,0.4559460040131537
pooled_x4,16017.92,4.0,108,0.7806171971990623,0.08658008658008658,0.713031292679663
pooled_x4,16017.92,4.0,109,0.8439925601097327,0.12121212121212122,0.7416904316115832
pooled_x4,16017.92,4.0,110,0.7986489489461488,0.08658008658008658,0.7295018537992961
pooled_x4,16017.92,4.0,111,0.885011970714719,0.23484848484848486,0.6771682503195956
pooled_x4,16017.92,4.0,112,0.8000936591300232,0.12445887445887446,0.7005149028530181
pooled_x4,16017.92,4.0,113,0.4944709097573127,0.3225108225108225,0.3349986899438071
pooled_x4,16017.92,4.0,114,0.9868527014776578,0.04329004329004329,0.9441318053097939
pooled_x4,16017.92,4.0,115,0.8806337473938877,0.03354978354978355,0.8510886757821879
pooled_x4,16017.92,4.0,116,0.9908582958917497,0.017316017316017316,0.9737005764823687
pooled_x4,16017.92,4.0,117,0.8751206417966143,0.12121212121212122,0.7690454124879338
pooled_x4,16017.92,4.0,118,0.5492947903370364,0.36796536796536794,0.3471733306892092
pooled_x4,16017.92,4.0,119,0.9807279609018575,0.0010822510822510823,0.9796665670047776
pooled_x4,16017.92,4.0,120,0.9877963209433014,0.0183982683982684,0.9696225791077644
pooled_x4,16017.92,4.0,121,0.9783372675867354,0.003246753246753247,0.9751608478867785
pooled_x4,16017.92,4.0,122,0.9374249487783611,0.01406926406926407,0.9242360696288819
pooled_x4,16017.92,4.0,123,0.9865261320916567,0.007575757575757576,0.9790524492727806
pooled_x4,16017.92,4.0,124,0.7191842359076683,0.044372294372294376,0.6872723812840597
pooled_x4,16017.92,4.0,125,0.8951023691348214,0.18181818181818182,0.7323564838375811
pooled_x4,16017.92,4.0,126,0.9556712207854388,0.022727272727272728,0.9339514203130425
pooled_x4,16017.92,4.0,127,0.9234470719382919,0.15043290043290045,0.7845302505103453
pooled_x4,16017.92,4.0,128,0.9708426093460862,0.0010822510822510823,0.9697919138814259
pooled_x4,16017.92,4.0,129,0.5337646920494942,0.14285714285714285,0.45751259318528076
pooled_x4,16017.92,4.0,130,0.7638925009781576,0.15476190476190477,0.6456710424934428
pooled_x4,16017.92,4.0,131,0.9451946046600659,0.03354978354978355,0.9134835302612975
pooled_x4,16017.92,4.0,132,0.9787620900695432,0.021645021645021644,0.9575767634446612
pooled_x4,16017.92,4.0,133,0.8695873459507166,0.1341991341991342,0.7528894770136074
pooled_x4,16017.92,4.0,134,0.8751526439528406,0.06818181818181818,0.8154831455015107
pooled_x4,16017.92,4.0,135,0.8602909492401796,0.37012987012987014,0.5418715719240093
pooled_x4,16017.92,4.0,136,0.9069725177837611,0.2554112554112554,0.6753215283931034
pooled_x4,16017.92,4.0,137,0.9024380988336352,0.22077922077922077,0.7031985185716638
pooled_x4,16017.92,4.0,138,0.9542041195862713,0.09848484848484848,0.8602294714451991
pooled_x4,16017.92,4.0,139,0.8230488717641422,0.2987012987012987,0.5772031048735543
pooled_x4,16017.92,4.0,140,0.7608967112218581,0.5303030303030303,0.357390879513297
pooled_x4,16017.92,4.0,141,0.9319936004007443,0.11580086580086581,0.8240679345534719
pooled_x4,16017.92,4.0,142,0.9989887633250369,0.0,0.9989887633250369
pooled_x4,16017.92,4.0,143,0.8768993819961048,0.07683982683982683,0.809518585327573
pooled_x4,16017.92,4.0,144,0.8500487694444283,0.10497835497835498,0.7608120479767773
pooled_x4,16017.92,4.0,145,0.9369011670185294,0.16017316017316016,0.7868347463272498
pooled_x4,16017.92,4.0,146,0.9905794116910709,0.00974025974025974,0.9809309109278462
pooled_x4,16017.92,4.0,147,0.8085606317212082,0.14393939393939395,0.692176904428004
pooled_x4,16017.92,4.0,148,0.9483463780099568,0.09090909090909091,0.8621330709181425
pooled_x4,16017.92,4.0,149,0.9085945485693391,0.18831168831168832,0.7374955751374506
pooled_x4,16017.92,4.0,150,0.8371216087294252,0.11147186147186147,0.7438061047260369
pooled_x4,16017.92,4.0,151,0.6785418702490575,0.1406926406926407,0.5830760227031945
pooled_x4,16017.92,4.0,152,0.9604665347758142,0.0183982683982684,0.942795613681454
pooled_x4,16017.92,4.0,153,0.8670809819471599,0.024891774891774892,0.845497797331592
pooled_x4,16017.92,4.0,154,0.9901500786194047,0.006493506493506494,0.9837205326543437
pooled_x4,16017.92,4.0,155,0.5943138935575574,0.5443722943722944,0.2707858757442983
pooled_x4,16017.92,4.0,156,0.9676579514767691,0.1038961038961039,0.8671220604142477
pooled_x4,16017.92,4.0,157,0.9763340873310481,0.03571428571428571,0.9414650127835107
pooled_x4,16017.92,4.0,158,0.919803007978988,0.048701298701298704,0.8750074069410503
pooled_x4,16017.92,4.0,159,0.9830991811065395,0.0021645021645021645,0.9809712608011141
pooled_x4,16017.92,4.0,160,0.8133346795239269,0.06060606060606061,0.7640416686436889
pooled_x4,16017.92,4.0,161,0.990582261827988,0.021645021645021644,0.9691410873295467
pooled_x4,16017.92,4.0,162,0.9877097177899534,0.0,0.9877097177899534
pooled_x4,16017.92,4.0,163,0.7893955126591417,0.06385281385281386,0.7389903879330709
pooled_x4,16017.92,4.0,164,0.9566780816645963,0.020562770562770564,0.9370061297688957
pooled_x4,16017.92,4.0,165,0.8003740191750526,0.11580086580086581,0.7076900147900628
pooled_x4,16017.92,4.0,166,0.7169713668099261,0.07034632034632035,0.6665350693611759
pooled_x4,16017.92,4.0,167,0.9393759468331058,0.17424242424242425,0.7756968045818827
pooled_x4,16017.92,4.0,168,0.9133937754465733,0.20887445887445888,0.7226091448608712
pooled_x4,16017.92,4.0,169,0.9473771840540431,0.2196969696969697,0.7392412875573215
pooled_x4,16017.92,4.0,170,0.9614604077242513,0.023809523809523808,0.9385684932546263
pooled_x4,16017.92,4.0,171,0.9183141508758297,0.19264069264069264,0.7414094767893603
pooled_x4,16017.92,4.0,172,0.8286359043699549,0.11255411255411256,0.7353695255231202
pooled_x4,16017.92,4.0,173,0.9862723773080435,0.003246753246753247,0.9830701942648356
pooled_x4,16017.92,4.0,174,0.9734833369510498,0.03354978354978355,0.9408231817070211
pooled_x4,16017.92,4.0,175,0.8546587651359693,0.29978354978354976,0.5984461266698833
pooled_x4,16017.92,4.0,176,0.7067086462023976,0.0367965367965368,0.6807042154979803
pooled_x4,16017.92,4.0,177,0.8940920322766723,0.16125541125541126,0.7499148539117112
pooled_x4,16017.92,4.0,178,0.7687699167314306,0.2857142857142857,0.549121369093879
pooled_x4,16017.92,4.0,179,0.9252981474349669,0.12445887445887446,0.8101365814663292
pooled_x4,16017.92,4.0,180,0.7013604048880926,0.24783549783549783,0.5275383997805458
pooled_x4,16017.92,4.0,181,0.9457261197437222,0.14502164502164502,0.8085753621185504
pooled_x4,16017.92,4.0,182,0.9975811120817166,0.0021645021645021645,0.9954218456053493
pooled_x4,16017.92,4.0,183,0.9983039987952408,0.012987012987012988,0.9853390117979
pooled_x4,16017.92,4.0,184,0.9268116309048005,0.12121212121212122,0.8144708271587641
pooled_x4,16017.92,4.0,185,0.8431326647186825,0.10281385281385282,0.7564469470257444
pooled_x4,16017.92,4.0,186,0.9834736262573456,0.004329004329004329,0.9792161646718159
pooled_x4,16017.92,4.0,187,0.9726652100095515,0.010822510822510822,0.9621385302475434
pooled_x4,16017.92,4.0,188,0.7948736074236091,0.27380952380952384,0.5772296434861923
pooled_x4,16017.92,4.0,189,0.9910861564727294,0.015151515151515152,0.9760696995564759
pooled_x4,16017.92,4.0,190,0.9780298557544441,0.06818181818181818,0.9113460019530049
pooled_x4,16017.92,4.0,191,0.3879009282630702,0.38852813852813856,0.23719050267168254
pooled_x4,16017.92,4.0,192,0.955500699712153,0.12445887445887446,0.8365801580813115
pooled_x4,16017.92,4.0,193,0.9301075655019283,0.06060606060606061,0.873737410016963
pooled_x4,16017.92,4.0,194,0.7961311925668302,0.17207792207792208,0.659134591248512
pooled_x4,16017.92,4.0,195,0.9248434455433642,0.05194805194805195,0.8767996301904621
pooled_x4,16017.92,4.0,196,0.931141762303938,0.11147186147186147,0.8273456567657284
pooled_x4,16017.92,4.0,197,0.7605778292039547,0.16883116883116883,0.632168585312378
pooled_x4,16017.92,4.0,198,0.9643420205460965,0.021645021645021644,0.9434688166381723
pooled_x4,16017.92,4.0,199,0.9365444906016366,0.11147186147186147,0.8321461328830558
pooled_x4,16017.92,4.0,200,0.8687569676114366,0.0,0.8687569676114366
pooled_x4,16017.92,4.0,201,0.9072438039159403,0.27813852813852813,0.6549043476319613
pooled_x4,16017.92,4.0,202,0.5359914728143774,0.237012987012987,0.4089545328291516
pooled_x4,16017.92,4.0,203,0.9116688599974505,0.07467532467532467,0.8435896918807578
pooled_x4,16017.92,4.0,204,0.9534366438560524,0.05519480519480519,0.9008118940328287
pooled_x4,16017.92,4.0,205,0.9779026792997283,0.0021645021645021645,0.9757860068337116
pooled_x4,16017.92,4.0,206,0.9645723662121126,0.017316017316017316,0.9478698144162319
pooled_x4,16017.92,4.0,207,0.9941964078525533,0.005411255411255411,0.9888165571607104
pooled_x4,16017.92,4.0,208,0.9386778309775219,0.14177489177489178,0.8055968830791935
pooled_x4,16017.92,4.0,209,0.561560998767439,0.15476190476190477,0.47465274895819254
pooled_x4,16017.92,4.0,210,0.9472208780438817,0.11147186147186147,0.841632403543319
pooled_x4,16017.92,4.0,211,0.8982493018202287,0.06168831168831169,0.8428378189157341
pooled_x4,16017.92,4.0,212,0.827510763809288,0.1331168831168831,0.7173551101853244
pooled_x4,16017.92,4.0,213,0.9636009191386983,0.015151515151515152,0.9490009052123544
pooled_x4,16017.92,4.0,214,0.9975560601072622,0.0010822510822510823,0.9964764539816049
pooled_x4,16017.92,4.0,215,0.9891174793153386,0.0,0.9891174793153386
pooled_x4,16017.92,4.0,216,0.9777630918353436,0.06926406926406926,0.9100392413186098
pooled_x4,16017.92,4.0,217,0.8396954611374132,0.17424242424242425,0.69338488836347
pooled_x4,16017.92,4.0,218,0.9260716359032285,0.08441558441558442,0.8478967575477612
pooled_x4,16017.92,4.0,219,0.9929928571302755,0.0,0.9929928571302755
pooled_x4,16017.92,4.0,220,0.9967892009382121,0.0,0.9967892009382121
pooled_x4,16017.92,4.0,221,0.7739728869558162,0.3625541125541126,0.49336583378460586
pooled_x4,16017.92,4.0,222,0.8991531931575614,0.19480519480519481,0.7239934802047897
pooled_x4,16017.92,4.0,223,0.9351064423529314,0.07900432900432901,0.8612289853272128
pooled_x4,16017.92,4.0,224,0.9323940724519008,0.025974025974025976,0.9081760445960072
pooled_x4,16017.92,4.0,225,0.8319279343060999,0.09956709956709957,0.749095282838393
pooled_x4,16017.92,4.0,226,0.9924727497520875,0.047619047619047616,0.9452121426210357
pooled_x4,16017.92,4.0,227,0.9031528500215431,0.09956709956709957,0.8132285402791384
pooled_x4,16017.92,4.0,228,0.9893240395763677,0.004329004329004329,0.9850412515262537
pooled_x4,16017.92,4.0,229,0.9515185800934185,0.15800865800865802,0.8011704061825536
pooled_x4,16017.92,4.0,230,0.9536969820757335,0.044372294372294376,0.9113792588451003
pooled_x4,16017.92,4.0,231,0.9347932553552032,0.046536796536796536,0.8912909718267684
pooled_x4,16017.92,4.0,232,0.6006433002381748,0.11796536796536797,0.5297881923096456
pooled_x4,16017.92,4.0,233,0.995066743471307,0.004329004329004329,0.9907590952311714
pooled_x4,16017.92,4.0,234,0.9336910526231216,0.12987012987012986,0.8124324743603785
pooled_x4,16017.92,4.0,235,0.6037721212327831,0.461038961038961,0.32540964975533115
pooled_x4,16017.92,4.0,236,0.8795524721825969,0.15151515151515152,0.7462869460943247
pooled_x4,16017.92,4.0,237,0.5212738542902683,0.05627705627705628,0.49193809625661683
pooled_x4,16017.92,4.0,238,0.8291599546003868,0.14285714285714285,0.7107085325146173
pooled_x4,16017.92,4.0,239,0.9292437606882279,0.022727272727272728,0.90812458430895
pooled_x4,16017.92,4.0,240,0.9593476235292766,0.011904761904761904,0.9479268184872615
pooled_x4,16017.92,4.0,241,0.9802355838582438,0.08766233766233766,0.8943058411174237
pooled_x4,16017.92,4.0,242,0.9805969601842938,0.0,0.9805969601842938
pooled_x4,16017.92,4.0,243,0.9387241889310645,0.006493506493506494,0.932628577314629
pooled_x4,16017.92,4.0,244,0.6747540728759468,0.23809523809523808,0.5140983412388166
pooled_x4,16017.92,4.0,245,0.9871624762949174,0.0,0.9871624762949174
pooled_x4,16017.92,4.0,246,0.8142289028272135,0.21428571428571427,0.6397512807928106
pooled_x4,16017.92,4.0,247,0.698977334711483,0.29329004329004327,0.4939742419551931
pooled_x4,16017.92,4.0,248,0.9980247631113843,0.0,0.9980247631113843
pooled_x4,16017.92,4.0,249,0.9481556075049254,0.012987012987012988,0.9358418983165497
pooled_x4,16017.92,4.0,250,0.8122980523097236,0.2857142857142857,0.5802128945069455
pooled_x4,16017.92,4.0,251,0.9629408626997426,0.0735930735930736,0.8920750849253025
pooled_x4,16017.92,4.0,252,0.9845892910655752,0.0,0.9845892910655752
pooled_x4,16017.92,4.0,253,0.882100361837131,0.030303030303030304,0.8553700478420665
pooled_x4,16017.92,4.0,254,0.9965325135768883,0.027056277056277056,0.9695700537939639
pooled_x4,16017.92,4.0,255,0.6495544408551277,0.2662337662337662,0.47662111569239896
pooled_x4,16017.92,4.0,256,0.8386094333996079,0.2727272727272727,0.6098977697451694
pooled_x4,16017.92,4.0,257,0.9397721559564256,0.1038961038961039,0.8421334904025112
pooled_x4,16017.92,4.0,258,0.5726280780641165,0.30844155844155846,0.396005781258626
pooled_x4,16017.92,4.0,259,0.9658465046661275,0.045454545454545456,0.9219443908176672
pooled_x4,16017.92,4.0,260,0.9284602236089016,0.06277056277056277,0.8701802528628882
pooled_x4,16017.92,4.0,261,0.7090377797377747,0.18398268398268397,0.5785871059764959
pooled_x4,16017.92,4.0,262,0.9810742128190818,0.05303030303030303,0.9290475500180699
pooled_x4,16017.92,4.0,263,0.5473956523975465,0.170995670995671,0.4537933655157149
pooled_x4,16017.92,4.0,264,0.7620668980126739,0.1331168831168831,0.6606229278226752
pooled_x4,16017.92,4.0,265,0.7955865551543554,0.21212121212121213,0.6268257707276739
pooled_x4,16017.92,4.0,266,0.9900215702609079,0.008658008658008658,0.9814499549339736
pooled_x4,16017.92,4.0,267,0.8755556280853194,0.14285714285714285,0.7504762526445595
pooled_x4,16017.92,4.0,268,0.8920637448262396,0.07792207792207792,0.8225522841904287
pooled_x4,16017.92,4.0,269,0.9485794781481094,0.02813852813852814,0.9218878478106085
pooled_x4,16017.92,4.0,270,0.42484949961466417,0.577922077922078,0.1793195939932024
pooled_x4,16017.92,4.0,271,0.9390513229711819,0.06168831168831169,0.8811228322684141
pooled_x4,16017.92,4.0,272,0.9837619181238418,0.032467532467532464,0.951821596106834
pooled_x4,16017.92,4.0,273,0.9945116539347615,0.032467532467532464,0.9622223145212953
pooled_x4,16017.92,4.0,274,0.9574264420741754,0.016233766233766232,0.9418838050275167
pooled_x4,16017.92,4.0,275,0.8235662547082441,0.10606060606060606,0.7362183186028243
pooled_x4,16017.92,4.0,276,0.9533828617988043,0.0367965367965368,0.918301674243437
pooled_x4,16017.92,4.0,277,0.4537602158036037,0.30952380952380953,0.31331062519772634
pooled_x4,16017.92,4.0,278,0.8848197154046474,0.2326839826839827,0.6789363400669859
pooled_x4,16017.92,4.0,279,0.6754870557443964,0.2846320346320346,0.48322180070026627
pooled_x4,16017.92,4.0,280,0.9969460055946948,0.011904761904761904,0.9850776007661866
pooled_x4,16017.92,4.0,281,0.9941685951413655,0.0,0.9941685951413655
pooled_x4,16017.92,4.0,282,0.7967198192524924,0.15476190476190477,0.6734179424634161
pooled_x4,16017.92,4.0,283,0.9713043804169144,0.0367965367965368,0.935563743042266
pooled_x4,16017.92,4.0,284,0.9831876605955361,0.044372294372294376,0.9395613682963835
pooled_x4,16017.92,4.0,285,0.6476450414993086,0.2532467532467532,0.48363103748324987
pooled_x4,16017.92,4.0,286,0.8656385119581312,0.024891774891774892,0.8440912329808185
pooled_x4,16017.92,4.0,287,0.8675885228550784,0.03354978354978355,0.8384811157030141
pooled_x4,16017.92,4.0,288,0.9374175084465475,0.16558441558441558,0.782195778151827
pooled_x4,16017.92,4.0,289,0.9205842536905728,0.032467532467532464,0.8906951545447751
pooled_x4,16017.92,4.0,290,0.850803285434155,0.14826839826839827,0.7246560450613418
pooled_x4,16017.92,4.0,291,0.5899800724696073,0.5119047619047619,0.2879664639434988
pooled_x4,16017.92,4.0,292,0.9729842068595432,0.010822510822510822,0.9624540747506737
pooled_x4,16017.92,4.0,293,0.9761214997540107,0.048701298701298704,0.928583115025731
pooled_x4,16017.92,4.0,294,0.8885892440959873,0.07792207792207792,0.8193485237768194
pooled_x4,16017.92,4.0,295,0.760436258355039,0.38636363636363635,0.4666313403542285
pooled_x4,16017.92,4.0,296,0.9702062177599063,0.023809523809523808,0.9471060697180038
pooled_x4,16017.92,4.0,297,0.8719919874085696,0.12987012987012986,0.758746274758106
pooled_x4,16017.92,4.0,298,0.9051015632311507,0.06385281385281386,0.8473082815962611
pooled_x4,16017.92,4.0,299,0.8629629706226103,0.15043290043290045,0.7331449479856591
pooled_x4,16017.92,5.0,0,0.9858157995773079,0.0,0.9858157995773079
pooled_x4,16017.92,5.0,1,0.995798613665726,0.011904761904761904,0.9839438682649435
pooled_x4,16017.92,5.0,2,0.9944188152617058,0.0,0.9944188152617058
pooled_x4,16017.92,5.0,3,0.919718039669854,0.030303030303030304,0.8918477960434948
pooled_x4,16017.92,5.0,4,0.9012599975984719,0.050865800865800864,0.8554166860323158
pooled_x4,16017.92,5.0,5,0.998931047016733,0.0,0.998931047016733
pooled_x4,16017.92,5.0,6,0.9843627358834242,0.0010822510822510823,0.9832974082471866
pooled_x4,16017.92,5.0,7,0.9882489789742228,0.007575757575757576,0.9807622442850241
pooled_x4,16017.92,5.0,8,0.960520130292786,0.020562770562770564,0.940769175232653
pooled_x4,16017.92,5.0,9,0.9995154786704553,0.0,0.9995154786704553
pooled_x4,16017.92,5.0,10,0.9536482866431402,0.044372294372294376,0.9113327241405765
pooled_x4,16017.92,5.0,11,0.9820802921230786,0.032467532467532464,0.9501945683528488
pooled_x4,16017.92,5.0,12,0.9528797481376123,0.06168831168831169,0.8940982052330194
pooled_x4,16017.92,5.0,13,0.8439050691702985,0.21103896103896103,0.6658082201570862
pooled_x4,16017.92,5.0,14,0.9910838989680714,0.0,0.9910838989680714
pooled_x4,16017.92,5.0,15,0.9997466354594413,0.0,0.9997466354594413
pooled_x4,16017.92,5.0,16,0.892123623314041,0.09307359307359307,0.8090904722263705
pooled_x4,16017.92,5.0,17,0.9998417802853607,0.0,0.9998417802853607
pooled_x4,16017.92,5.0,18,0.9970974939461149,0.0,0.9970974939461149
pooled_x4,16017.92,5.0,19,0.9992164121096303,0.0,0.9992164121096303
pooled_x4,16017.92,5.0,20,0.9781283708135883,0.01948051948051948,0.9590739220315054
pooled_x4,16017.92,5.0,21,0.7221777661063169,0.16774891774891776,0.6010332274196512
pooled_x4,16017.92,5.0,22,0.8140631829407889,0.13095238095238096,0.707459670889019
pooled_x4,16017.92,5.0,23,0.9325980325342973,0.044372294372294376,0.8912165181036629
pooled_x4,16017.92,5.0,24,0.8484744144875542,0.15367965367965367,0.71808116031306
pooled_x4,16017.92,5.0,25,0.9509650293357453,0.08982683982683982,0.8655428459646773
pooled_x4,16017.92,5.0,26,0.99679568946364,0.0010822510822510823,0.9957169062499347
pooled_x4,16017.92,5.0,27,0.9982664770789029,0.0,0.9982664770789029
pooled_x4,16017.92,5.0,28,0.9910302752060354,0.003246753246753247,0.9878126444423794
pooled_x4,16017.92,5.0,29,0.9928165682446747,0.0,0.9928165682446747
pooled_x4,16017.92,5.0,30,0.9972705319124191,0.0,0.9972705319124191
pooled_x4,16017.92,5.0,31,0.8908956505263282,0.05844155844155844,0.8388303203007637
pooled_x4,16017.92,5.0,32,0.977928197844918,0.00974025974025974,0.9684029231905844
pooled_x4,16017.92,5.0,33,0.8372298646463563,0.10930735930735931,0.7457144790086052
pooled_x4,16017.92,5.0,34,0.9976118860709605,0.012987012987012988,0.9846558875505584
pooled_x4,16017.92,5.0,35,0.9997592016469533,0.0,0.9997592016469533
pooled_x4,16017.92,5.0,36,0.9903430739362777,0.04220779220779221,0.9485428792571491
pooled_x4,16017.92,5.0,37,0.993737705272649,0.0,0.993737705272649
pooled_x4,16017.92,5.0,38,0.9627749642156062,0.0010822510822510823,0.9617329999686195
pooled_x4,16017.92,5.0,39,0.9691607879994293,0.0,0.9691607879994293
pooled_x4,16017.92,5.0,40,0.9625808766379085,0.05194805194805195,0.912576675254121
pooled_x4,16017.92,5.0,41,0.7128565968491609,0.23593073593073594,0.5446718153414585
pooled_x4,16017.92,5.0,42,0.9955474220119065,0.008658008658008658,0.9869279638126691
pooled_x4,16017.92,5.0,43,0.961996446922984,0.0,0.961996446922984
pooled_x4,16017.92,5.0,44,0.872249245900238,0.09740259740259741,0.787289903767098
pooled_x4,16017.92,5.0,45,0.9758090151647979,0.09956709956709957,0.8786505417934112
pooled_x4,16017.92,5.0,46,0.9662596318621484,0.12121212121212122,0.849137252242494
pooled_x4,16017.92,5.0,47,0.9680203136283423,0.0,0.9680203136283423
pooled_x4,16017.92,5.0,48,0.997574193304897,0.006493506493506494,0.9910964388029172
pooled_x4,16017.92,5.0,49,0.9992002941138892,0.0010822510822510823,0.9981189085141988
pooled_x4,16017.92,5.0,50,0.9561865616795867,0.1461038961038961,0.8164839796160107
pooled_x4,16017.92,5.0,51,0.9925468593010938,0.004329004329004329,0.9882501196504397
pooled_x4,16017.92,5.0,52,0.9689663374579044,0.006493506493506494,0.9626743482536323
pooled_x4,16017.92,5.0,53,0.9869804294900238,0.07034632034632035,0.9175499880215697
pooled_x4,16017.92,5.0,54,0.936885028887636,0.03354978354978355,0.9054527389574232
pooled_x4,16017.92,5.0,55,0.963164875847968,0.025974025974025976,0.9381476063454233
pooled_x4,16017.92,5.0,56,0.9489684563519772,0.044372294372294376,0.9068605486567055
pooled_x4,16017.92,5.0,57,0.985938362793236,0.0,0.985938362793236
pooled_x4,16017.92,5.0,58,0.9781422543132051,0.0021645021645021645,0.9760250632865531
pooled_x4,16017.92,5.0,59,0.999821169215805,0.0,0.999821169215805
pooled_x4,16017.92,5.0,60,0.8767813720655605,0.007575757575757576,0.8701390889438517
pooled_x4,16017.92,5.0,61,0.9519369169262667,0.005411255411255411,0.9467857431333756
pooled_x4,16017.92,5.0,62,0.9179979242459773,0.10714285714285714,0.8196410037910512
pooled_x4,16017.92,5.0,63,0.936757594470508,0.0183982683982684,0.9195228768233233
pooled_x4,16017.92,5.0,64,0.9992450463645026,0.0,0.9992450463645026
pooled_x4,16017.92,5.0,65,0.9630113542090099,0.05411255411255411,0.9109003501933708
pooled_x4,16017.92,5.0,66,0.9998952435286699,0.0,0.9998952435286699
pooled_x4,16017.92,5.0,67,0.9881448752503263,0.007575757575757576,0.9806589292257026
pooled_x4,16017.92,5.0,68,0.9741433386877487,0.0183982683982684,0.9562207880841862
pooled_x4,16017.92,5.0,69,0.9723662798953774,0.004329004329004329,0.9681569020603324
pooled_x4,16017.92,5.0,70,0.9886270468001499,0.0,0.9886270468001499
pooled_x4,16017.92,5.0,71,0.996599793093016,0.0010822510822510823,0.9955212218883699
pooled_x4,16017.92,5.0,72,0.9551600796694211,0.006493506493506494,0.9489577414897495
pooled_x4,16017.92,5.0,73,0.985637840872534,0.005411255411255411,0.9803043027725744
pooled_x4,16017.92,5.0,74,0.9815214509658668,0.06818181818181818,0.9145995338545578
pooled_x4,16017.92,5.0,75,0.9928290759277958,0.0,0.9928290759277958
pooled_x4,16017.92,5.0,76,0.9938160672357802,0.006493506493506494,0.9873627161498336
pooled_x4,16017.92,5.0,77,0.6558313955189609,0.3268398268398268,0.4414795757714217
pooled_x4,16017.92,5.0,78,0.9942511815862736,0.0,0.9942511815862736
pooled_x4,16017.92,5.0,79,0.8367642850672,0.17532467532467533,0.6900588584645091
pooled_x4,16017.92,5.0,80,0.9926554576294866,0.0,0.9926554576294866
pooled_x4,16017.92,5.0,81,0.8022432949619243,0.07467532467532467,0.7423355164420403
pooled_x4,16017.92,5.0,82,0.9627085159438532,0.003246753246753247,0.9595828389440355
pooled_x4,16017.92,5.0,83,0.8682759035532646,0.06493506493506493,0.8118943513744812
pooled_x4,16017.92,5.0,84,0.9947970579961876,0.06060606060606061,0.9345063272085399
pooled_x4,16017.92,5.0,85,0.9980780717169423,0.0,0.9980780717169423
pooled_x4,16017.92,5.0,86,0.9756762922483243,0.015151515151515152,0.9608933181233497
pooled_x4,16017.92,5.0,87,0.9780048801172301,0.010822510822510822,0.9674204117176929
pooled_x4,16017.92,5.0,88,0.9930524073465228,0.0010822510822510823,0.9919776753039399
pooled_x4,16017.92,5.0,89,0.9520394618386094,0.005411255411255411,0.9468877331490065
pooled_x4,16017.92,5.0,90,0.9886269223783812,0.0,0.9886269223783812
pooled_x4,16017.92,5.0,91,0.8254865744411571,0.046536796536796536,0.7870710736825318
pooled_x4,16017.92,5.0,92,0.9415321930661363,0.03463203463203463,0.9089250175486944
pooled_x4,16017.92,5.0,93,0.9986327943396762,0.003246753246753247,0.9953904800723395
pooled_x4,16017.92,5.0,94,0.9299656501813971,0.02922077922077922,0.9027913292345381
pooled_x4,16017.92,5.0,95,0.9615317514789244,0.07034632034632035,0.8938915308662295
pooled_x4,16017.92,5.0,96,0.9967270885970941,0.0,0.9967270885970941
pooled_x4,16017.92,5.0,97,0.9549838740504325,0.05519480519480519,0.9022737251580385
pooled_x4,16017.92,5.0,98,0.9978824715991171,0.0010822510822510823,0.9968025122142695
pooled_x4,16017.92,5.0,99,0.9829161983150956,0.011904761904761904,0.9712148150018207
pooled_x4,16017.92,5.0,100,0.9988166450736933,0.0,0.9988166450736933
pooled_x4,16017.92,5.0,101,0.9635612849735535,0.008658008658008658,0.9552187630257305
pooled_x4,16017.92,5.0,102,0.9994555771450037,0.0,0.9994555771450037
pooled_x4,16017.92,5.0,103,0.8204341822488389,0.17532467532467533,0.6765918256207957
pooled_x4,16017.92,5.0,104,0.9875234809754195,0.0183982683982684,0.9693547589228414
pooled_x4,16017.92,5.0,105,0.9869031190760206,0.024891774891774892,0.9623373487959898
pooled_x4,16017.92,5.0,106,0.9414975489489553,0.005411255411255411,0.9364028652425216
pooled_x4,16017.92,5.0,107,0.9994389053942143,0.0,0.9994389053942143
pooled_x4,16017.92,5.0,108,0.8768016142732451,0.02813852813852814,0.8521297073781106
pooled_x4,16017.92,5.0,109,0.9957733137541928,0.0,0.9957733137541928
pooled_x4,16017.92,5.0,110,0.9550592828680938,0.005411255411255411,0.9498912131556041
pooled_x4,16017.92,5.0,111,0.9844834776419858,0.0,0.9844834776419858
pooled_x4,16017.92,5.0,112,0.9749197424174437,0.07575757575757576,0.9010621861736979
pooled_x4,16017.92,5.0,113,0.9996288297074958,0.0,0.9996288297074958
pooled_x4,16017.92,5.0,114,0.5274327197878517,0.3495670995670996,0.3430595937148256
pooled_x4,16017.92,5.0,115,0.9983064295349489,0.0,0.9983064295349489
pooled_x4,16017.92,5.0,116,0.9988368571655338,0.0010822510822510823,0.9977558648958741
pooled_x4,16017.92,5.0,117,0.9933553229337116,0.003246753246753247,0.990130143313797
pooled_x4,16017.92,5.0,118,0.9772127330097359,0.02922077922077922,0.9486578154867241
pooled_x4,16017.92,5.0,119,0.99724425505033,0.008658008658008658,0.9886101056559548
pooled_x4,16017.92,5.0,120,0.9932272666567015,0.0,0.9932272666567015
pooled_x4,16017.92,5.0,121,0.9783010271774639,0.031385281385281384,0.9475967741599894
pooled_x4,16017.92,5.0,122,0.9909665108535121,0.023809523809523808,0.9673720701189046
pooled_x4,16017.92,5.0,123,0.9821670177111081,0.016233766233766232,0.9662227479430706
pooled_x4,16017.92,5.0,124,0.9490993364211241,0.05194805194805195,0.8997954747888579
pooled_x4,16017.92,5.0,125,0.9804135031387452,0.048701298701298704,0.9326660922715986
pooled_x4,16017.92,5.0,126,0.9969978023837103,0.003246753246753247,0.993760796531815
pooled_x4,16017.92,5.0,127,0.998191914884274,0.0,0.998191914884274
pooled_x4,16017.92,5.0,128,0.9778908459333181,0.01948051948051948,0.9588410242592925
pooled_x4,16017.92,5.0,129,0.9862852937122023,0.016233766233766232,0.9702741688142769
pooled_x4,16017.92,5.0,130,0.9385345917324984,0.005411255411255411,0.9334559413443355
pooled_x4,16017.92,5.0,131,0.754227390822839,0.2435064935064935,0.5705681235770178
pooled_x4,16017.92,5.0,132,0.9933957951272008,0.027056277056277056,0.9665182032676987
pooled_x4,16017.92,5.0,133,0.9990042327368939,0.0,0.9990042327368939
pooled_x4,16017.92,5.0,134,0.8418750503876942,0.07683982683982683,0.7771855172951333
pooled_x4,16017.92,5.0,135,0.9539413142896201,0.0854978354978355,0.8723813967258972
pooled_x4,16017.92,5.0,136,0.98904589317231,0.0,0.98904589317231
pooled_x4,16017.92,5.0,137,0.9995680235101124,0.0,0.9995680235101124
pooled_x4,16017.92,5.0,138,0.9907168368258207,0.0,0.9907168368258207
pooled_x4,16017.92,5.0,139,0.9597224529719134,0.04329004329004329,0.9181760264363328
pooled_x4,16017.92,5.0,140,0.9983258130925061,0.0,0.9983258130925061
pooled_x4,16017.92,5.0,141,0.9268501520099643,0.22510822510822512,0.7182085593497126
pooled_x4,16017.92,5.0,142,0.994899993109342,0.0021645021645021645,0.9927465299207936
pooled_x4,16017.92,5.0,143,0.9879886494636647,0.02922077922077922,0.9591188512650511
pooled_x4,16017.92,5.0,144,0.9692932009205684,0.07034632034632035,0.9011069908990997
pooled_x4,16017.92,5.0,145,0.9901481672664969,0.010822510822510822,0.9794322780103659
pooled_x4,16017.92,5.0,146,0.9987306646146552,0.0,0.9987306646146552
pooled_x4,16017.92,5.0,147,0.9855133245598103,0.03463203463203463,0.9513829929733233
pooled_x4,16017.92,5.0,148,0.9188433194437988,0.025974025974025976,0.8949772591985053
pooled_x4,16017.92,5.0,149,0.9667963961988,0.00974025974025974,0.9573795481838766
pooled_x4,16017.92,5.0,150,0.9570934212511646,0.004329004329004329,0.9529501596873068
pooled_x4,16017.92,5.0,151,0.9768816307526283,0.003246753246753247,0.9737099371462886
pooled_x4,16017.92,5.0,152,0.976549600213296,0.045454545454545456,0.9321609820217825
pooled_x4,16017.92,5.0,153,0.9949210471791076,0.010822510822510822,0.9841535033784679
pooled_x4,16017.92,5.0,154,0.9710349476988183,0.020562770562770564,0.9510677788608556
pooled_x4,16017.92,5.0,155,0.9830713958954448,0.010822510822510822,0.9724320950740655
pooled_x4,16017.92,5.0,156,0.9203575396880898,0.09523809523809523,0.8327044406701765
pooled_x4,16017.92,5.0,157,0.9934054973306925,0.0,0.9934054973306925
pooled_x4,16017.92,5.0,158,0.820462232643136,0.15476190476190477,0.6934859347340793
pooled_x4,16017.92,5.0,159,0.9814987926712633,0.08441558441558442,0.8986449984847281
pooled_x4,16017.92,5.0,160,0.9864914868651385,0.0010822510822510823,0.9854238553858472
pooled_x4,16017.92,5.0,161,0.8185778223327873,0.3246753246753247,0.5528058020948694
pooled_x4,16017.92,5.0,162,0.999025380932636,0.011904761904761904,0.987132221635819
pooled_x4,16017.92,5.0,163,0.9994713451246552,0.0,0.9994713451246552
pooled_x4,16017.92,5.0,164,0.9973352940807639,0.0,0.9973352940807639
pooled_x4,16017.92,5.0,165,0.9956790165478817,0.008658008658008658,0.9870584190020125
pooled_x4,16017.92,5.0,166,0.9932052377337358,0.0,0.9932052377337358
pooled_x4,16017.92,5.0,167,0.9896709100193436,0.02922077922077922,0.9607519548564407
pooled_x4,16017.92,5.0,168,0.9993031044187315,0.0,0.9993031044187315
pooled_x4,16017.92,5.0,169,0.9995355260999562,0.0,0.9995355260999562
pooled_x4,16017.92,5.0,170,0.9975573655319498,0.0,0.9975573655319498
pooled_x4,16017.92,5.0,171,0.9985185148626234,0.0,0.9985185148626234
pooled_x4,16017.92,5.0,172,0.9920508830396128,0.00974025974025974,0.9823880497632529
pooled_x4,16017.92,5.0,173,0.9928505951348578,0.003246753246753247,0.9896270542415628
pooled_x4,16017.92,5.0,174,0.9933573688549586,0.006493506493506494,0.9869069963299265
pooled_x4,16017.92,5.0,175,0.85181155232285,0.048701298701298704,0.810327223475958
pooled_x4,16017.92,5.0,176,0.9962055980517804,0.0,0.9962055980517804
pooled_x4,16017.92,5.0,177,0.9998859021935318,0.0,0.9998859021935318
pooled_x4,16017.92,5.0,178,0.9514483280379392,0.06060606060606061,0.8937847930053369
pooled_x4,16017.92,5.0,179,0.968600245999217,0.020562770562770564,0.948683141373692
pooled_x4,16017.92,5.0,180,0.9612313258082688,0.01948051948051948,0.9425060402405753
pooled_x4,16017.92,5.0,181,0.998302396266844,0.0,0.998302396266844
pooled_x4,16017.92,5.0,182,0.9975734991564997,0.0010822510822510823,0.9964938741574125
pooled_x4,16017.92,5.0,183,0.9605153932982173,0.017316017316017316,0.9438830921155642
pooled_x4,16017.92,5.0,184,0.9785584367323501,0.07034632034632035,0.9097204514643817
pooled_x4,16017.92,5.0,185,0.9669593187893752,0.025974025974025976,0.9418434923273136
pooled_x4,16017.92,5.0,186,0.8607316498639761,0.11038961038961038,0.7657158183854853
pooled_x4,16017.92,5.0,187,0.9865845511005953,0.05627705627705628,0.9310624767962328
pooled_x4,16017.92,5.0,188,0.9183039482576341,0.17207792207792208,0.7602841130055088
pooled_x4,16017.92,5.0,189,0.8339263787146527,0.19155844155844157,0.6741807412335991
pooled_x4,16017.92,5.0,190,0.9960386061843658,0.0021645021645021645,0.993882678465352
pooled_x4,16017.92,5.0,191,0.9846521112044739,0.0735930735930736,0.9121885359210278
pooled_x4,16017.92,5.0,192,0.9796990950674463,0.0183982683982684,0.9616743281668548
pooled_x4,16017.92,5.0,193,0.992847326051928,0.004329004329004329,0.9885492856794089
pooled_x4,16017.92,5.0,194,0.9419600349443409,0.05627705627705628,0.8889492970470403
pooled_x4,16017.92,5.0,195,0.9799114743433675,0.05735930735930736,0.9237044309015942
pooled_x4,16017.92,5.0,196,0.96091179429993,0.0,0.96091179429993
pooled_x4,16017.92,5.0,197,0.9969032301115887,0.0,0.9969032301115887
pooled_x4,16017.92,5.0,198,0.9735216323609495,0.027056277056277056,0.9471817613555126
pooled_x4,16017.92,5.0,199,0.7727446448014373,0.3463203463203463,0.5051274517966106
pooled_x4,16017.92,5.0,200,0.9900931799386452,0.0,0.9900931799386452
pooled_x4,16017.92,5.0,201,0.9471320768309774,0.11147186147186147,0.8415535011669183
pooled_x4,16017.92,5.0,202,0.9268180772118484,0.07034632034632035,0.861619835849543
pooled_x4,16017.92,5.0,203,0.6211534822232446,0.1277056277056277,0.5418286868743888
pooled_x4,16017.92,5.0,204,0.9530589385158211,0.044372294372294376,0.9107695267418507
pooled_x4,16017.92,5.0,205,0.9987079815113856,0.0,0.9987079815113856
pooled_x4,16017.92,5.0,206,0.9985252953694399,0.0,0.9985252953694399
pooled_x4,16017.92,5.0,207,0.9470697875573774,0.021645021645021644,0.9265704415063518
pooled_x4,16017.92,5.0,208,0.8473046194081453,0.05303030303030303,0.8023717986819557
pooled_x4,16017.92,5.0,209,0.9712323214541773,0.1396103896103896,0.8356381986537564
pooled_x4,16017.92,5.0,210,0.9980218643567129,0.0,0.9980218643567129
pooled_x4,16017.92,5.0,211,0.9822487718649375,0.020562770562770564,0.9620510157335157
pooled_x4,16017.92,5.0,212,0.9766881483630514,0.020562770562770564,0.9566047340568847
pooled_x4,16017.92,5.0,213,0.9919206171511032,0.012987012987012988,0.9790385312140759
pooled_x4,16017.92,5.0,214,0.9139359055462623,0.010822510822510822,0.9040448243174066
pooled_x4,16017.92,5.0,215,0.8693634328376162,0.1471861471861472,0.7414051786537246
pooled_x4,16017.92,5.0,216,0.6338713024899558,0.1396103896103896,0.545376282986488
pooled_x4,16017.92,5.0,217,0.9959444037539852,0.0,0.9959444037539852
pooled_x4,16017.92,5.0,218,0.858295838343807,0.16883116883116883,0.7133887487532942
pooled_x4,16017.92,5.0,219,0.94973803691718,0.017316017316017316,0.9332923566242418
pooled_x4,16017.92,5.0,220,0.9269859035923154,0.03896103896103896,0.8908695696861213
pooled_x4,16017.92,5.0,221,0.9597487382041008,0.031385281385281384,0.9296267539963963
pooled_x4,16017.92,5.0,222,0.9982785906705739,0.007575757575757576,0.9907158740745847
pooled_x4,16017.92,5.0,223,0.998183767776381,0.003246753246753247,0.9949429113874966
pooled_x4,16017.92,5.0,224,0.923847057823368,0.0854978354978355,0.8448601340484263
pooled_x4,16017.92,5.0,225,0.9500450019054092,0.032467532467532464,0.9191993849604284
pooled_x4,16017.92,5.0,226,0.999388142454224,0.0,0.999388142454224
pooled_x4,16017.92,5.0,227,0.9917813238153326,0.0010822510822510823,0.990707967404277
pooled_x4,16017.92,5.0,228,0.9987379106811999,0.0,0.9987379106811999
pooled_x4,16017.92,5.0,229,0.9993694108593517,0.0,0.9993694108593517
pooled_x4,16017.92,5.0,230,0.9878215083405737,0.0183982683982684,0.9696473031005415
pooled_x4,16017.92,5.0,231,0.9806046147478416,0.01948051948051948,0.961501927447559
pooled_x4,16017.92,5.0,232,0.9669957191615043,0.022727272727272728,0.9450185437260156
pooled_x4,16017.92,5.0,233,0.9798713818738424,0.04004329004329004,0.9406341079243488
pooled_x4,16017.92,5.0,234,0.9554491498803537,0.3203463203463203,0.6493745304381624
pooled_x4,16017.92,5.0,235,0.9897062006082958,0.02813852813852814,0.9618573248336035
pooled_x4,16017.92,5.0,236,0.9961124115773794,0.004329004329004329,0.991800236635486
pooled_x4,16017.92,5.0,237,0.9784054955753013,0.012987012987012988,0.9656989306977
pooled_x4,16017.92,5.0,238,0.9850584563536778,0.04329004329004329,0.9424152331349039
pooled_x4,16017.92,5.0,239,0.9919967669234061,0.008658008658008658,0.9834080503266667
pooled_x4,16017.92,5.0,240,0.9505188572480872,0.11796536796536797,0.8383905504947955
pooled_x4,16017.92,5.0,241,0.9987530655112815,0.0,0.9987530655112815
pooled_x4,16017.92,5.0,242,0.9939899221989024,0.024891774891774892,0.9692477488108345
pooled_x4,16017.92,5.0,243,0.9948328041845085,0.0010822510822510823,0.9937561453055209
pooled_x4,16017.92,5.0,244,0.9998489926983233,0.0,0.9998489926983233
pooled_x4,16017.92,5.0,245,0.9879202694447476,0.008658008658008658,0.9793668471984728
pooled_x4,16017.92,5.0,246,0.9721763203464592,0.003246753246753247,0.9690199037219577
pooled_x4,16017.92,5.0,247,0.749310130610138,0.38852813852813856,0.45818206038390474
pooled_x4,16017.92,5.0,248,0.9996243323707521,0.0,0.9996243323707521
pooled_x4,16017.92,5.0,249,0.9997971039766341,0.0,0.9997971039766341
pooled_x4,16017.92,5.0,250,0.9845343548657416,0.0010822510822510823,0.9834688414946747
pooled_x4,16017.92,5.0,251,0.9992603802437103,0.0,0.9992603802437103
pooled_x4,16017.92,5.0,252,0.9979490022819053,0.0,0.9979490022819053
pooled_x4,16017.92,5.0,253,0.9962095740563647,0.0,0.9962095740563647
pooled_x4,16017.92,5.0,254,0.9589143919609364,0.048701298701298704,0.9122140157290727
pooled_x4,16017.92,5.0,255,0.8188134693079663,0.1277056277056277,0.7142463812361698
pooled_x4,16017.92,5.0,256,0.893494885790938,0.01406926406926407,0.8809240702982084
pooled_x4,16017.92,5.0,257,0.9880916167062305,0.017316017316017316,0.9709818051615339
pooled_x4,16017.92,5.0,258,0.9945451703531868,0.01406926406926407,0.9805526517226766
pooled_x4,16017.92,5.0,259,0.993585373083892,0.0010822510822510823,0.9925100642385631
pooled_x4,16017.92,5.0,260,0.9867500214228117,0.006493506493506494,0.980342553751235
pooled_x4,16017.92,5.0,261,0.9571976442444086,0.06277056277056277,0.89711380943253
pooled_x4,16017.92,5.0,262,0.9980899732688077,0.0,0.9980899732688077
pooled_x4,16017.92,5.0,263,0.9900075841022175,0.0010822510822510823,0.988936147322886
pooled_x4,16017.92,5.0,264,0.5609085853021342,0.24242424242424243,0.42493074644101075
pooled_x4,16017.92,5.0,265,0.984295330934102,0.03354978354978355,0.9512724356322003
pooled_x4,16017.92,5.0,266,0.9989009677172762,0.007575757575757576,0.9913335361436605
pooled_x4,16017.92,5.0,267,0.9819537211972905,0.01406926406926407,0.9681383549899693
pooled_x4,16017.92,5.0,268,0.9757765337521693,0.030303030303030304,0.9462075478808915
pooled_x4,16017.92,5.0,269,0.9963503359513731,0.0,0.9963503359513731
pooled_x4,16017.92,5.0,270,0.9788373163932894,0.05735930735930736,0.9226918859075272
pooled_x4,16017.92,5.0,271,0.9996424305403085,0.0,0.9996424305403085
pooled_x4,16017.92,5.0,272,0.7872036847389939,0.15151515151515152,0.6679303991724798
pooled_x4,16017.92,5.0,273,0.9542355015339152,0.05627705627705628,0.9005339365125261
pooled_x4,16017.92,5.0,274,0.9915498653079137,0.022727272727272728,0.9690146410963701
pooled_x4,16017.92,5.0,275,0.779411096941971,0.32575757575757575,0.5255120274836017
pooled_x4,16017.92,5.0,276,0.9957749753945104,0.0021645021645021645,0.993619618304912
pooled_x4,16017.92,5.0,277,0.9646912424348716,0.011904761904761904,0.9532068228820756
pooled_x4,16017.92,5.0,278,0.9995572642326761,0.0,0.9995572642326761
pooled_x4,16017.92,5.0,279,0.9993041760523621,0.007575757575757576,0.9917336898701472
pooled_x4,16017.92,5.0,280,0.9990098113203947,0.0,0.9990098113203947
pooled_x4,16017.92,5.0,281,0.9976932145305205,0.0,0.9976932145305205
pooled_x4,16017.92,5.0,282,0.9979768761979778,0.007575757575757576,0.9904164453176901
pooled_x4,16017.92,5.0,283,0.9659108459448601,0.0,0.9659108459448601
pooled_x4,16017.92,5.0,284,0.983701597235699,0.017316017316017316,0.9666678033441718
pooled_x4,16017.92,5.0,285,0.9685216967292267,0.027056277056277056,0.9423171053675052
pooled_x4,16017.92,5.0,286,0.9910854764062453,0.012987012987012988,0.9782142364529175
pooled_x4,16017.92,5.0,287,0.9562520955046571,0.004329004329004329,0.9521124760435979
pooled_x4,16017.92,5.0,288,0.8424325528349759,0.14826839826839827,0.7175264275769762
pooled_x4,16017.92,5.0,289,0.9876734177025732,0.020562770562770564,0.9673641158234078
pooled_x4,16017.92,5.0,290,0.9796734556066542,0.07142857142857142,0.909696780206179
pooled_x4,16017.92,5.0,291,0.9989184222022094,0.0,0.9989184222022094
pooled_x4,16017.92,5.0,292,0.9933938056003131,0.0,0.9933938056003131
pooled_x4,16017.92,5.0,293,0.9295825560156488,0.1396103896103896,0.7998031731952822
pooled_x4,16017.92,5.0,294,0.9724417261567807,0.0021645021645021645,0.9703368739356621
pooled_x4,16017.92,5.0,295,0.9865984864882034,0.003246753246753247,0.9833952446489559
pooled_x4,16017.92,5.0,296,0.9867953312552731,0.0021645021645021645,0.9846594106248504
pooled_x4,16017.92,5.0,297,0.8547467714918775,0.03354978354978355,0.8260702023184487
pooled_x4,16017.92,5.0,298,0.5171183122902901,0.420995670995671,0.2994137414234905
pooled_x4,16017.92,5.0,299,0.9314272727586842,0.05194805194805195,0.8830414404075837
pooled_x4,16017.92,6.0,0,0.9998334441859745,0.0,0.9998334441859745
pooled_x4,16017.92,6.0,1,0.9795118631843254,0.07142857142857142,0.9095467300997307
pooled_x4,16017.92,6.0,2,0.9999750570582774,0.0,0.9999750570582774
pooled_x4,16017.92,6.0,3,0.999904116180022,0.0,0.999904116180022
pooled_x4,16017.92,6.0,4,0.9983385773291136,0.003246753246753247,0.9950972183118112
pooled_x4,16017.92,6.0,5,0.9996471339828855,0.0,0.9996471339828855
pooled_x4,16017.92,6.0,6,0.9967015943825679,0.004329004329004329,0.9923868688657602
pooled_x4,16017.92,6.0,7,0.9989324530182934,0.0,0.9989324530182934
pooled_x4,16017.92,6.0,8,0.9997758639860602,0.0,0.9997758639860602
pooled_x4,16017.92,6.0,9,0.9915409286835097,0.0021645021645021645,0.9893947361971818
pooled_x4,16017.92,6.0,10,0.9915090085165964,0.010822510822510822,0.9807783915413085
pooled_x4,16017.92,6.0,11,0.9998474805855434,0.0,0.9998474805855434
pooled_x4,16017.92,6.0,12,0.9993740109920006,0.0,0.9993740109920006
pooled_x4,16017.92,6.0,13,0.9997828655899541,0.0,0.9997828655899541
pooled_x4,16017.92,6.0,14,0.9856052957671775,0.010822510822510822,0.9749385717870132
pooled_x4,16017.92,6.0,15,0.989437109246147,0.0183982683982684,0.9712331797470296
pooled_x4,16017.92,6.0,16,0.9447352729906897,0.007575757575757576,0.937578187589245
pooled_x4,16017.92,6.0,17,0.9997678748988139,0.0,0.9997678748988139
pooled_x4,16017.92,6.0,18,0.9676329059910707,0.05519480519480519,0.9142245962448102
pooled_x4,16017.92,6.0,19,0.9997536295483949,0.0010822510822510823,0.9986716451008316
pooled_x4,16017.92,6.0,20,0.998148550770708,0.0,0.998148550770708
pooled_x4,16017.92,6.0,21,0.9986974302216668,0.0,0.9986974302216668
pooled_x4,16017.92,6.0,22,0.9998469868439198,0.0,0.9998469868439198
pooled_x4,16017.92,6.0,23,0.9997943242328725,0.0010822510822510823,0.998712295743443
pooled_x4,16017.92,6.0,24,0.9902948593527826,0.004329004329004329,0.9860078686196537
pooled_x4,16017.92,6.0,25,0.9997071448791776,0.0010822510822510823,0.9986252107396979
pooled_x4,16017.92,6.0,26,0.9991674644283148,0.0,0.9991674644283148
pooled_x4,16017.92,6.0,27,0.999820040592484,0.0,0.999820040592484
pooled_x4,16017.92,6.0,28,0.9998643190689022,0.0,0.9998643190689022
pooled_x4,16017.92,6.0,29,0.9981825003389369,0.0,0.9981825003389369
pooled_x4,16017.92,6.0,30,0.9907533636701266,0.0021645021645021645,0.9886088758699748
pooled_x4,16017.92,6.0,31,0.9960740064822894,0.0,0.9960740064822894
pooled_x4,16017.92,6.0,32,0.9609082110172269,0.004329004329004329,0.9567484352119575
pooled_x4,16017.92,6.0,33,0.9956253469550439,0.0,0.9956253469550439
pooled_x4,16017.92,6.0,34,0.9714094194602207,0.003246753246753247,0.9682554927736615
pooled_x4,16017.92,6.0,35,0.9966842159713831,0.0021645021645021645,0.9945268908285879
pooled_x4,16017.92,6.0,36,0.9966579906556486,0.003246753246753247,0.9934220880885848
pooled_x4,16017.92,6.0,37,0.9996553540303498,0.0,0.9996553540303498
pooled_x4,16017.92,6.0,38,0.9910813939813967,0.011904761904761904,0.9792828059578087
pooled_x4,16017.92,6.0,39,0.9910617661499429,0.024891774891774892,0.9663924797630937
pooled_x4,16017.92,6.0,40,0.9985227696792476,0.0010822510822510823,0.9974421173311098
pooled_x4,16017.92,6.0,41,0.9998043636086351,0.0,0.9998043636086351
pooled_x4,16017.92,6.0,42,0.995372507625201,0.005411255411255411,0.9899862927570993
pooled_x4,16017.92,6.0,43,0.9922296791811325,0.010822510822510822,0.9814912627397782
pooled_x4,16017.92,6.0,44,0.9995334686773176,0.0,0.9995334686773176
pooled_x4,16017.92,6.0,45,0.996487685963389,0.0,0.996487685963389
pooled_x4,16017.92,6.0,46,0.9980979429600964,0.0,0.9980979429600964
pooled_x4,16017.92,6.0,47,0.9999940147593278,0.0,0.9999940147593278
pooled_x4,16017.92,6.0,48,0.9977575542721036,0.003246753246753247,0.994518081693298
pooled_x4,16017.92,6.0,49,0.9984121401811794,0.0,0.9984121401811794
pooled_x4,16017.92,6.0,50,0.9978408351238266,0.0,0.9978408351238266
pooled_x4,16017.92,6.0,51,0.9995865967115428,0.0,0.9995865967115428
pooled_x4,16017.92,6.0,52,0.9999622572161814,0.0,0.9999622572161814
pooled_x4,16017.92,6.0,53,0.99231470985916,0.0010822510822510823,0.9912407761904812
pooled_x4,16017.92,6.0,54,0.9998643349088623,0.0,0.9998643349088623
pooled_x4,16017.92,6.0,55,0.9996029465620961,0.0021645021645021645,0.9974393038206197
pooled_x4,16017.92,6.0,56,0.997840398296202,0.0,0.997840398296202
pooled_x4,16017.92,6.0,57,0.9994315437279139,0.0,0.9994315437279139
pooled_x4,16017.92,6.0,58,0.999661175317621,0.0,0.999661175317621
pooled_x4,16017.92,6.0,59,0.9998032925695326,0.0,0.9998032925695326
pooled_x4,16017.92,6.0,60,0.9979502884191,0.0,0.9979502884191
pooled_x4,16017.92,6.0,61,0.9964498629999865,0.008658008658008658,0.9878225914588611
pooled_x4,16017.92,6.0,62,0.999481445631699,0.0,0.999481445631699
pooled_x4,16017.92,6.0,63,0.9995680492349328,0.0,0.9995680492349328
pooled_x4,16017.92,6.0,64,0.9999929961243197,0.0,0.9999929961243197
pooled_x4,16017.92,6.0,65,0.9985420843569915,0.005411255411255411,0.9931387180996485
pooled_x4,16017.92,6.0,66,0.9991451240485751,0.0,0.9991451240485751
pooled_x4,16017.92,6.0,67,0.9725223536367826,0.046536796536796536,0.9272642787381011
pooled_x4,16017.92,6.0,68,0.9996463220570254,0.02813852813852814,0.9715177458952476
pooled_x4,16017.92,6.0,69,0.9889720077230071,0.005411255411255411,0.9836204275946359
pooled_x4,16017.92,6.0,70,0.9195942254699438,0.11580086580086581,0.8131044179750477
pooled_x4,16017.92,6.0,71,0.9897187158767495,0.0,0.9897187158767495
pooled_x4,16017.92,6.0,72,0.9670795084209883,0.044372294372294376,0.9241679717919185
pooled_x4,16017.92,6.0,73,0.9986317919216152,0.0,0.9986317919216152
pooled_x4,16017.92,6.0,74,0.9994088079210348,0.0,0.9994088079210348
pooled_x4,16017.92,6.0,75,0.9952499783953668,0.0,0.9952499783953668
pooled_x4,16017.92,6.0,76,0.9924303864146818,0.0010822510822510823,0.9913563275549256
pooled_x4,16017.92,6.0,77,0.998401070415596,0.0010822510822510823,0.997320549776618
pooled_x4,16017.92,6.0,78,0.9809918230813224,0.031385281385281384,0.9502031186772549
pooled_x4,16017.92,6.0,79,0.9998690868091733,0.0,0.9998690868091733
pooled_x4,16017.92,6.0,80,0.9999677318933915,0.0,0.9999677318933915
pooled_x4,16017.92,6.0,81,0.9999275769623339,0.0,0.9999275769623339
pooled_x4,16017.92,6.0,82,0.9960304884221467,0.012987012987012988,0.9830950275335474
pooled_x4,16017.92,6.0,83,0.934984259779351,0.07251082251082251,0.8671877820680777
pooled_x4,16017.92,6.0,84,0.9983503709368315,0.0,0.9983503709368315
pooled_x4,16017.92,6.0,85,0.9861944514095445,0.0021645021645021645,0.9840598313848485
pooled_x4,16017.92,6.0,86,0.9976341472468988,0.0010822510822510823,0.9965544566113501
pooled_x4,16017.92,6.0,87,0.9999040250632452,0.0,0.9999040250632452
pooled_x4,16017.92,6.0,88,0.9960556189032101,0.006493506493506494,0.9895877252739685
pooled_x4,16017.92,6.0,89,0.9965810909594616,0.0,0.9965810909594616
pooled_x4,16017.92,6.0,90,0.9872073160213589,0.03571428571428571,0.9519499118777389
pooled_x4,16017.92,6.0,91,0.9790421907226383,0.01406926406926407,0.9652677876064106
pooled_x4,16017.92,6.0,92,0.9998477225476318,0.0,0.9998477225476318
pooled_x4,16017.92,6.0,93,0.9998273007482424,0.0,0.9998273007482424
pooled_x4,16017.92,6.0,94,0.9988842283359977,0.005411255411255411,0.9934790106501968
pooled_x4,16017.92,6.0,95,0.9999663489703619,0.0,0.9999663489703619
pooled_x4,16017.92,6.0,96,0.9875410722625994,0.0,0.9875410722625994
pooled_x4,16017.92,6.0,97,0.9992372307462261,0.0,0.9992372307462261
pooled_x4,16017.92,6.0,98,0.9971868828017565,0.005411255411255411,0.9917908498861625
pooled_x4,16017.92,6.0,99,0.9995450145583107,0.0,0.9995450145583107
pooled_x4,16017.92,6.0,100,0.9952900924702964,0.0,0.9952900924702964
pooled_x4,16017.92,6.0,101,0.9981384591087927,0.008658008658008658,0.9894965676879374
pooled_x4,16017.92,6.0,102,0.9809808406882298,0.025974025974025976,0.9555008188521719
pooled_x4,16017.92,6.0,103,0.995844623087882,0.0021645021645021645,0.9936891152457005
pooled_x4,16017.92,6.0,104,0.9906479425393101,0.0021645021645021645,0.9885036829234242
pooled_x4,16017.92,6.0,105,0.9987477321618426,0.0,0.9987477321618426
pooled_x4,16017.92,6.0,106,0.9821906983946503,0.031385281385281384,0.9513643669515282
pooled_x4,16017.92,6.0,107,0.9981862300158776,0.0,0.9981862300158776
pooled_x4,16017.92,6.0,108,0.9995914595543338,0.0,0.9995914595543338
pooled_x4,16017.92,6.0,109,0.9992321767640784,0.0010822510822510823,0.9981507566593553
pooled_x4,16017.92,6.0,110,0.9988721713267134,0.0021645021645021645,0.9967101103498157
pooled_x4,16017.92,6.0,111,0.9947137394510615,0.0010822510822510823,0.9936372094300104
pooled_x4,16017.92,6.0,112,0.9969121094386526,0.04112554112554113,0.9559135594833833
pooled_x4,16017.92,6.0,113,0.9971101535143925,0.0,0.9971101535143925
pooled_x4,16017.92,6.0,114,0.9952505963265196,0.0,0.9952505963265196
pooled_x4,16017.92,6.0,115,0.9999536049138625,0.0,0.9999536049138625
pooled_x4,16017.92,6.0,116,0.999298908835969,0.0,0.999298908835969
pooled_x4,16017.92,6.0,117,0.9957587056004448,0.0021645021645021645,0.9936033837268508
pooled_x4,16017.92,6.0,118,0.9951408110883149,0.0,0.9951408110883149
pooled_x4,16017.92,6.0,119,0.9996782300533592,0.0,0.9996782300533592
pooled_x4,16017.92,6.0,120,0.9999878619267313,0.0,0.9999878619267313
pooled_x4,16017.92,6.0,121,0.8074969838219181,0.27056277056277056,0.5890183626579792
pooled_x4,16017.92,6.0,122,0.9973128281778175,0.0010822510822510823,0.9962334852901792
pooled_x4,16017.92,6.0,123,0.9978463627858046,0.0,0.9978463627858046
pooled_x4,16017.92,6.0,124,0.9931019302952724,0.0010822510822510823,0.9920271446564246
pooled_x4,16017.92,6.0,125,0.9999832221299828,0.0,0.9999832221299828
pooled_x4,16017.92,6.0,126,0.9852929925124239,0.0,0.9852929925124239
pooled_x4,16017.92,6.0,127,0.9981419337124537,0.0,0.9981419337124537
pooled_x4,16017.92,6.0,128,0.9998915816458699,0.0,0.9998915816458699
pooled_x4,16017.92,6.0,129,0.9945151917002163,0.024891774891774892,0.9697599434219641
pooled_x4,16017.92,6.0,130,0.9878646630465723,0.02922077922077922,0.9589984878276789
pooled_x4,16017.92,6.0,131,0.9949541316354742,0.0,0.9949541316354742
pooled_x4,16017.92,6.0,132,0.9998263936019901,0.0,0.9998263936019901
pooled_x4,16017.92,6.0,133,0.9977908950087612,0.0,0.9977908950087612
pooled_x4,16017.92,6.0,134,0.9989066328634442,0.0021645021645021645,0.9967444972944757
pooled_x4,16017.92,6.0,135,0.9945888633458804,0.0,0.9945888633458804
pooled_x4,16017.92,6.0,136,0.9571379408437667,0.005411255411255411,0.951958622982058
pooled_x4,16017.92,6.0,137,0.9878367118917437,0.004329004329004329,0.983560362489615
pooled_x4,16017.92,6.0,138,0.8637183787720246,0.07900432900432901,0.795480887808434
pooled_x4,16017.92,6.0,139,0.9999999131651498,0.0,0.9999999131651498
pooled_x4,16017.92,6.0,140,0.9990736339584603,0.0,0.9990736339584603
pooled_x4,16017.92,6.0,141,0.970981874006907,0.030303030303030304,0.9415581808551826
pooled_x4,16017.92,6.0,142,0.993820526053644,0.0,0.993820526053644
pooled_x4,16017.92,6.0,143,0.9971967424487705,0.0,0.9971967424487705
pooled_x4,16017.92,6.0,144,0.9981763513861921,0.003246753246753247,0.9949355190764967
pooled_x4,16017.92,6.0,145,0.9929644314479538,0.04112554112554113,0.9521282318862414
pooled_x4,16017.92,6.0,146,0.9991476683438858,0.0010822510822510823,0.9980663396984919
pooled_x4,16017.92,6.0,147,0.9998239414779496,0.0,0.9998239414779496
pooled_x4,16017.92,6.0,148,0.999980885845676,0.0,0.999980885845676
pooled_x4,16017.92,6.0,149,0.9981380641482224,0.0010822510822510823,0.9970578281480619
pooled_x4,16017.92,6.0,150,0.9924698353520023,0.0,0.9924698353520023
pooled_x4,16017.92,6.0,151,0.9999862764832461,0.0,0.9999862764832461
pooled_x4,16017.92,6.0,152,0.9819038042296794,0.0021645021645021645,0.9797784713200913
pooled_x4,16017.92,6.0,153,0.9861439430174835,0.0021645021645021645,0.9840094323183115
pooled_x4,16017.92,6.0,154,0.9999651095193917,0.0,0.9999651095193917
pooled_x4,16017.92,6.0,155,0.8985800197809195,0.10497835497835498,0.804248567487901
pooled_x4,16017.92,6.0,156,0.9980760239524106,0.0010822510822510823,0.9969958550953192
pooled_x4,16017.92,6.0,157,0.9994050186720435,0.0,0.9994050186720435
pooled_x4,16017.92,6.0,158,0.9892909570451751,0.047619047619047616,0.9421818638525477
pooled_x4,16017.92,6.0,159,0.9990141018253726,0.0,0.9990141018253726
pooled_x4,16017.92,6.0,160,0.9987735095895058,0.0,0.9987735095895058
pooled_x4,16017.92,6.0,161,0.9990398816965489,0.0,0.9990398816965489
pooled_x4,16017.92,6.0,162,0.9998407702926171,0.0,0.9998407702926171
pooled_x4,16017.92,6.0,163,0.904079601291794,0.022727272727272728,0.8835323376260714
pooled_x4,16017.92,6.0,164,0.9926775178427337,0.008658008658008658,0.9840829072986408
pooled_x4,16017.92,6.0,165,0.9863080405090817,0.0,0.9863080405090817
pooled_x4,16017.92,6.0,166,0.9979715077831116,0.010822510822510822,0.9871709503395715
pooled_x4,16017.92,6.0,167,0.9487031605814497,0.032467532467532464,0.9179011099132208
pooled_x4,16017.92,6.0,168,0.9999227960535961,0.0,0.9999227960535961
pooled_x4,16017.92,6.0,169,0.9916262732523797,0.0183982683982684,0.9733820669263078
pooled_x4,16017.92,6.0,170,0.9996990390275365,0.005411255411255411,0.994289412192972
pooled_x4,16017.92,6.0,171,0.9998985894366461,0.0,0.9998985894366461
pooled_x4,16017.92,6.0,172,0.9996291887959237,0.0,0.9996291887959237
pooled_x4,16017.92,6.0,173,0.972937127176193,0.0670995670995671,0.907653467127574
pooled_x4,16017.92,6.0,174,0.989917304300957,0.027056277056277056,0.9631338274529875
pooled_x4,16017.92,6.0,175,0.9997442414110583,0.0,0.9997442414110583
pooled_x4,16017.92,6.0,176,0.9950371055952056,0.0,0.9950371055952056
pooled_x4,16017.92,6.0,177,0.9434128883393363,0.11255411255411256,0.8372278879201903
pooled_x4,16017.92,6.0,178,0.9721736242145033,0.0021645021645021645,0.9700693523006191
pooled_x4,16017.92,6.0,179,0.9995912395628488,0.0,0.9995912395628488
pooled_x4,16017.92,6.0,180,0.9942646864469422,0.0,0.9942646864469422
pooled_x4,16017.92,6.0,181,0.9981433695236743,0.005411255411255411,0.9927421608141306
pooled_x4,16017.92,6.0,182,0.9994466285243544,0.0,0.9994466285243544
pooled_x4,16017.92,6.0,183,0.9993253851738371,0.0,0.9993253851738371
pooled_x4,16017.92,6.0,184,0.9888000912948826,0.007575757575757576,0.9813091815123456
pooled_x4,16017.92,6.0,185,0.9917146380585381,0.008658008658008658,0.9831283641359533
pooled_x4,16017.92,6.0,186,0.9998551491075871,0.0,0.9998551491075871
pooled_x4,16017.92,6.0,187,0.9705345317850154,0.0854978354978355,0.8875559300414914
pooled_x4,16017.92,6.0,188,0.9969883187753674,0.0010822510822510823,0.9959093270883811
pooled_x4,16017.92,6.0,189,0.9845904104575516,0.021645021645021644,0.9632789297117171
pooled_x4,16017.92,6.0,190,0.9909314921576632,0.003246753246753247,0.9877141821181902
pooled_x4,16017.92,6.0,191,0.9977157461962781,0.0,0.9977157461962781
pooled_x4,16017.92,6.0,192,0.983819334916026,0.0021645021645021645,0.9816898558361212
pooled_x4,16017.92,6.0,193,0.9951054042236499,0.0010822510822510823,0.9940284503229749
pooled_x4,16017.92,6.0,194,0.9491615614174649,0.13095238095238096,0.8248665950413683
pooled_x4,16017.92,6.0,195,0.9955486994998084,0.0010822510822510823,0.994471265842341
pooled_x4,16017.92,6.0,196,0.8646920433561274,0.11796536796536797,0.762688328284896
pooled_x4,16017.92,6.0,197,0.9624895142747747,0.17857142857142858,0.7906163867257078
pooled_x4,16017.92,6.0,198,0.9995710843128328,0.011904761904761904,0.9876714285472039
pooled_x4,16017.92,6.0,199,0.9998777758742352,0.0,0.9998777758742352
pooled_x4,16017.92,6.0,200,0.9979476024999787,0.0,0.9979476024999787
pooled_x4,16017.92,6.0,201,0.9999717408802926,0.0,0.9999717408802926
pooled_x4,16017.92,6.0,202,0.9988241323956721,0.0,0.9988241323956721
pooled_x4,16017.92,6.0,203,0.9895506310464336,0.011904761904761904,0.977770266391119
pooled_x4,16017.92,6.0,204,0.9991667877417463,0.0,0.9991667877417463
pooled_x4,16017.92,6.0,205,0.9933452201652965,0.0367965367965368,0.9567935562198202
pooled_x4,16017.92,6.0,206,0.9993817581324959,0.0,0.9993817581324959
pooled_x4,16017.92,6.0,207,0.9989917782077266,0.0,0.9989917782077266
pooled_x4,16017.92,6.0,208,0.9997667028341694,0.0010822510822510823,0.9986847042380285
pooled_x4,16017.92,6.0,209,0.9864600142354956,0.00974025974025974,0.9768516374734615
pooled_x4,16017.92,6.0,210,0.9942615112612987,0.01948051948051948,0.9748927805224423
pooled_x4,16017.92,6.0,211,0.9982069714451827,0.0,0.9982069714451827
pooled_x4,16017.92,6.0,212,0.9999651036469213,0.0,0.9999651036469213
pooled_x4,16017.92,6.0,213,0.989996618007707,0.0,0.989996618007707
pooled_x4,16017.92,6.0,214,0.9995696412949078,0.0,0.9995696412949078
pooled_x4,16017.92,6.0,215,0.9941648414423999,0.003246753246753247,0.9909370335156389
pooled_x4,16017.92,6.0,216,0.9864881957663136,0.00974025974025974,0.9768795445088496
pooled_x4,16017.92,6.0,217,0.9997476599674844,0.0,0.9997476599674844
pooled_x4,16017.92,6.0,218,0.994078539693482,0.010822510822510822,0.9833201139392236
pooled_x4,16017.92,6.0,219,0.9993351233818412,0.0,0.9993351233818412
pooled_x4,16017.92,6.0,220,0.9998727429983032,0.0,0.9998727429983032
pooled_x4,16017.92,6.0,221,0.9973434893807535,0.021645021645021644,0.9757559679655856
pooled_x4,16017.92,6.0,222,0.9997472256142256,0.0,0.9997472256142256
pooled_x4,16017.92,6.0,223,0.9957163292240284,0.0,0.9957163292240284
pooled_x4,16017.92,6.0,224,0.9997405477054995,0.0,0.9997405477054995
pooled_x4,16017.92,6.0,225,0.996241743890903,0.023809523809523808,0.972521702369691
pooled_x4,16017.92,6.0,226,0.9988732591126609,0.0,0.9988732591126609
pooled_x4,16017.92,6.0,227,0.9999464409768457,0.0,0.9999464409768457
pooled_x4,16017.92,6.0,228,0.9996493870662468,0.0,0.9996493870662468
pooled_x4,16017.92,6.0,229,0.9985903518062068,0.0,0.9985903518062068
pooled_x4,16017.92,6.0,230,0.9993005890798048,0.0,0.9993005890798048
pooled_x4,16017.92,6.0,231,0.996295711242169,0.0183982683982684,0.9779655953426918
pooled_x4,16017.92,6.0,232,0.999601491414219,0.005411255411255411,0.9941923924347048
pooled_x4,16017.92,6.0,233,0.9988163867017751,0.0,0.9988163867017751
pooled_x4,16017.92,6.0,234,0.9972933296073754,0.008658008658008658,0.9886587553250604
pooled_x4,16017.92,6.0,235,0.9998776072405859,0.0,0.9998776072405859
pooled_x4,16017.92,6.0,236,0.9993471764033179,0.0021645021645021645,0.9971840872769039
pooled_x4,16017.92,6.0,237,0.99952100267678,0.0,0.99952100267678
pooled_x4,16017.92,6.0,238,0.9488294494887465,0.04004329004329004,0.9108351966412535
pooled_x4,16017.92,6.0,239,0.9764250141575146,0.005411255411255411,0.9711413290159696
pooled_x4,16017.92,6.0,240,0.9961475443642721,0.0,0.9961475443642721
pooled_x4,16017.92,6.0,241,0.9963392004344961,0.0,0.9963392004344961
pooled_x4,16017.92,6.0,242,0.9997700429289514,0.0,0.9997700429289514
pooled_x4,16017.92,6.0,243,0.9821009288339811,0.0,0.9821009288339811
pooled_x4,16017.92,6.0,244,0.998625438191979,0.0,0.998625438191979
pooled_x4,16017.92,6.0,245,0.8019478598329962,0.07467532467532467,0.7420621430272855
pooled_x4,16017.92,6.0,246,0.9794626782185007,0.0,0.9794626782185007
pooled_x4,16017.92,6.0,247,0.9948353432544269,0.0,0.9948353432544269
pooled_x4,16017.92,6.0,248,0.9998003154057884,0.0,0.9998003154057884
pooled_x4,16017.92,6.0,249,0.9982214111168753,0.00974025974025974,0.9884984752943085
pooled_x4,16017.92,6.0,250,0.9999227207479421,0.0,0.9999227207479421
pooled_x4,16017.92,6.0,251,0.9982078964805638,0.005411255411255411,0.9928063385991756
pooled_x4,16017.92,6.0,252,0.9720135790792553,0.04004329004329004,0.9330909574061683
pooled_x4,16017.92,6.0,253,0.9882339202874016,0.0,0.9882339202874016
pooled_x4,16017.92,6.0,254,0.992930787755408,0.0021645021645021645,0.9907815869161106
pooled_x4,16017.92,6.0,255,0.9957169759691767,0.0,0.9957169759691767
pooled_x4,16017.92,6.0,256,0.9997925230189897,0.0,0.9997925230189897
pooled_x4,16017.92,6.0,257,0.9990200892223072,0.0,0.9990200892223072
pooled_x4,16017.92,6.0,258,0.996762218285907,0.0021645021645021645,0.9946047243069333
pooled_x4,16017.92,6.0,259,0.9998860415749132,0.0,0.9998860415749132
pooled_x4,16017.92,6.0,260,0.9997111014322001,0.0021645021645021645,0.9975472245892733
pooled_x4,16017.92,6.0,261,0.9936272507316405,0.0,0.9936272507316405
pooled_x4,16017.92,6.0,262,0.9995872604964082,0.0,0.9995872604964082
pooled_x4,16017.92,6.0,263,0.996998078541479,0.003246753246753247,0.9937610717929677
pooled_x4,16017.92,6.0,264,0.9903814409169789,0.05952380952380952,0.9314301646719206
pooled_x4,16017.92,6.0,265,0.999509038737781,0.021645021645021644,0.9778746439599069
pooled_x4,16017.92,6.0,266,0.9953147643663061,0.0,0.9953147643663061
pooled_x4,16017.92,6.0,267,0.999792944663983,0.0,0.999792944663983
pooled_x4,16017.92,6.0,268,0.9178186136085229,0.22294372294372294,0.7131967149035924
pooled_x4,16017.92,6.0,269,0.9878523635394211,0.00974025974025974,0.9782304249335176
pooled_x4,16017.92,6.0,270,0.9989813245244623,0.0,0.9989813245244623
pooled_x4,16017.92,6.0,271,0.9986962806669216,0.0,0.9986962806669216
pooled_x4,16017.92,6.0,272,0.9996119318155627,0.0,0.9996119318155627
pooled_x4,16017.92,6.0,273,0.9964540018442714,0.0010822510822510823,0.995375588422362
pooled_x4,16017.92,6.0,274,0.999860897369024,0.0,0.999860897369024
pooled_x4,16017.92,6.0,275,0.995207022277746,0.007575757575757576,0.9876675751392783
pooled_x4,16017.92,6.0,276,0.9992566981711986,0.0,0.9992566981711986
pooled_x4,16017.92,6.0,277,0.9999724106207656,0.0,0.9999724106207656
pooled_x4,16017.92,6.0,278,0.9998937716608478,0.0,0.9998937716608478
pooled_x4,16017.92,6.0,279,0.9683840806318769,0.11796536796536797,0.854148296228333
pooled_x4,16017.92,6.0,280,0.9982210163071592,0.0,0.9982210163071592
pooled_x4,16017.92,6.0,281,0.9946789639861566,0.0,0.9946789639861566
pooled_x4,16017.92,6.0,282,0.9996227848632685,0.0,0.9996227848632685
pooled_x4,16017.92,6.0,283,0.9959979188681868,0.0010822510822510823,0.9949199990425718
pooled_x4,16017.92,6.0,284,0.9995399461272432,0.0,0.9995399461272432
pooled_x4,16017.92,6.0,285,0.99841745277844,0.003246753246753247,0.9951758376720165
pooled_x4,16017.92,6.0,286,0.9944929070919958,0.0,0.9944929070919958
pooled_x4,16017.92,6.0,287,0.9978109506725099,0.020562770562770564,0.9772931930288111
pooled_x4,16017.92,6.0,288,0.9939982370195819,0.027056277056277056,0.9671043453253292
pooled_x4,16017.92,6.0,289,0.9994043072811691,0.0,0.9994043072811691
pooled_x4,16017.92,6.0,290,0.968814653443818,0.03896103896103896,0.9310686279849679
pooled_x4,16017.92,6.0,291,0.9994680743361571,0.0,0.9994680743361571
pooled_x4,16017.92,6.0,292,0.999894464385032,0.0,0.999894464385032
pooled_x4,16017.92,6.0,293,0.9886823686247123,0.012987012987012988,0.9758423378633524
pooled_x4,16017.92,6.0,294,0.9998426265138117,0.0,0.9998426265138117
pooled_x4,16017.92,6.0,295,0.99955917871872,0.0,0.99955917871872
pooled_x4,16017.92,6.0,296,0.9984847567095729,0.0,0.9984847567095729
pooled_x4,16017.92,6.0,297,0.9998062808979633,0.0,0.9998062808979633
pooled_x4,16017.92,6.0,298,0.9972887574572004,0.0,0.9972887574572004
pooled_x4,16017.92,6.0,299,0.999550406311339,0.0,0.999550406311339
