pbo,S,n_trials,n_obs,median_logit,mean_is_sharpe,mean_oos_sharpe
0.7285714285714285,8,20,238,-0.9162907318741551,0.023204815176744695,-0.018696649462856672
