pbo,S,n_trials,n_obs,median_logit,mean_is_sharpe,mean_oos_sharpe
0.8285714285714286,8,20,238,-1.2992829841302609,0.08815837641404325,0.008638412414275506
