path,sharpe,mean_abs_bet_size,single_path_baseline_sharpe,rho_bar,var_of_mean_sharpe
1,-0.1952350569677649,0.34379310344827585,-0.01151030151895699,-0.0406363041667243,0.0011046001274038978
2,-0.2074962387410412,0.18724137931034482,-0.01151030151895699,-0.0406363041667243,0.0011046001274038978
3,-0.0997826584116654,0.289080459770115,-0.01151030151895699,-0.0406363041667243,0.0011046001274038978
4,-0.014634730267426753,0.40137931034482754,-0.01151030151895699,-0.0406363041667243,0.0011046001274038978
5,-0.17800131675321015,0.25402298850574717,-0.01151030151895699,-0.0406363041667243,0.0011046001274038978
