path,sharpe,psr_vs_zero,dsr,survives_dsr
1,-0.1952350569677649,0.04257212979734899,0.005003129067548043,False
2,-0.2074962387410412,0.03410749013834103,0.0037392323504682368,False
3,-0.0997826584116654,0.1837328532153089,0.037868650984139295,False
4,-0.014634730267426753,0.44647933525648137,0.15266648195782412,False
5,-0.17800131675321015,0.05741222683353209,0.0074490492828728945,False
