path,sharpe,psr_vs_zero,dsr,survives_dsr
1,-0.09392971078585757,0.19845987655701702,0.023045187514569805,False
2,0.15162397417932763,0.9206650017494169,0.5897152544181257,False
3,0.13020088120148213,0.8866861713732817,0.5110192875201728,False
4,0.13858691025687842,0.9010504766196906,0.5420299183488243,False
5,0.009171976908904632,0.5335395986357041,0.13932111546587345,False
