,getIVP,getHRP,getCLA
0,0.1021196991079123,0.14773321520836724,0.10867258801998902
1,0.21021453957519465,0.19905512549194837,0.043158979135277775
2,0.261834474469131,0.08652526091483193,0.24885281671431492
3,0.18811252226783126,0.3383436262579027,0.21970450677944986
4,0.12645208708116673,-0.049489852062965856,0.09394532044654169
5,-0.03937111054491482,0.042168700636313616,-0.05668000381408489
6,0.44138735599854506,0.22301966920118077,0.3663643411617912
7,0.23706078274718068,0.2541910074499365,0.12172113358603887
8,0.19916601018276792,0.2533676710019772,0.32586227447363925
9,0.19190386655939684,0.08554857655345605,-0.1252691453817648
10,-0.10438370286535259,-0.06128022276145262,-0.09678917513596841
11,0.32422105289559044,0.24575768847080703,0.2307534805411331
12,0.177801530033187,0.08514635167314966,0.2495241641475574
13,1.2801524661339525,0.9653977942119156,1.4460696770264487
14,-0.07615297440971303,-0.0007862090570505131,-0.038088332625947685
15,0.8128073177468615,0.589061421452874,1.0121713013763372
16,0.43980281741517624,0.2860006852953969,0.29294253580999907
17,-0.14987422469272815,-0.08598147332554362,-0.2075374447131313
18,0.07476859037955363,0.09686516117679278,-0.08955915305307405
19,0.36060874231756324,0.36503685639869166,0.2427412068177246
20,0.7346970830140707,0.7284286646941676,0.5349318564774883
21,0.10520497972424203,0.10465943969032732,0.37525878496991205
22,0.3021410941902394,0.4657071313543846,0.22647761062281324
23,0.6090737475626309,0.4426614828700519,0.2711967383701075
24,0.28822052435674683,0.3230160268987641,0.05856868384354352
25,0.1380169103264508,0.051863716397867465,0.03795814474262782
26,0.7622539913517867,0.5772927586790955,0.4811383118833037
27,0.7817913229933973,0.5710729351743979,0.43344716155907737
28,-0.1599141853256083,-0.143420375015881,-0.147616750768243
29,0.473656838885141,0.4141693740606718,0.3350803249896206
30,0.4113954183683126,0.6034574227405032,0.4928378182115922
31,-0.23282885112406881,-0.23031205797917664,-0.279589552597698
32,-0.15905284867015312,-0.15175003791040398,-0.19741995022770364
33,0.4519173398947798,0.4915860688136984,0.1098141933901815
34,-0.20284132339477945,-0.14228886174244437,-0.14871580758600356
35,0.013534421423428977,0.006681045827777066,0.11971394012492453
36,0.7660522130992129,0.43548191880281206,1.1240741827323708
37,0.06948478386929069,0.039333195692633716,-0.008201029580794938
38,0.008842432877592898,-0.007590550118014239,-0.01643542753149574
39,0.3808633163128685,0.35313590340788736,0.2445603891741368
40,0.33126060352311226,0.2039019354323821,0.3610476242871439
41,0.5445272155146443,0.23863102836367767,0.04696111012827564
42,0.42186353034536905,0.3385160933543274,0.14265271799602197
43,-0.11547706751257192,-0.05344772274624687,-0.18194227452912393
44,0.458429079972962,0.1749519420429988,0.5425350375498008
45,0.37315294269287547,0.23557416685499222,0.0016090595901152582
46,0.4349145146400979,0.2998791658719784,0.05949595860862056
47,0.5145656990909366,0.48492621379427625,0.4752066051203818
48,0.4640982417927868,0.39904705342931557,0.5002739793322106
49,0.46812890463797174,0.34360061700079103,0.4329236844582489
50,-0.08412381929587431,-0.058505523061331055,-0.07610214344879318
51,-0.171280905234244,-0.12890108913382992,-0.20477473238604915
52,0.23307489734067444,0.15724759837286295,-0.016464114714333844
53,0.1851066853747083,0.1776913352219467,0.09333911672664863
54,-0.13260209391275912,-0.06078427437803802,-0.15005325009399118
55,0.59081075871752,0.5051961957302922,0.5328145404455291
56,-0.06776089657657802,-0.06044691512832934,-0.07083482125350637
57,0.6105011687883566,0.5316851860696901,0.4949337155309863
58,-0.002832014510208092,0.029066875471978726,-0.07481658801836699
59,0.031410288946723375,0.028935474962704877,0.21978659679169787
60,0.07702231504768031,0.0964659043553786,0.08240655080008508
61,-0.18576480689877695,-0.1728156897468327,-0.2667942653834112
62,0.14014438179122246,0.05411061359839464,0.08009238292690735
63,0.23527047012356883,0.1585914277496896,0.3502935920828345
64,0.8476418763092679,0.37213453451430833,0.4126440768211699
65,0.10521740573626337,0.15226441694707482,0.03530882356236176
66,0.2805288842304634,0.3590183678774679,0.2785300876469212
67,-0.1444237808068526,-0.11678439967259935,-0.2404486381972899
68,0.5601581851845023,0.44212250625249605,0.9268045664174471
69,0.3840350736626732,0.5116799881242196,0.37909482340861556
70,0.3357917691115082,0.30959964280853924,0.31141954810403516
71,0.017322055149948667,-0.011650799843235804,-0.005108977265989356
72,0.7820112892450988,0.5718949222903786,0.9606948685915395
73,-0.03976073151620263,-0.0887969683137001,0.12356642519814787
74,0.9197429776570745,0.6948000558931646,0.7739248006676074
75,0.9159163186468089,0.5844902093314832,0.585257610528142
76,-0.1493409916342079,-0.1192346521369465,-0.19164098332010904
77,-0.009282313948465237,0.15305804034029302,0.23794396038682053
78,0.8403988214164995,0.6883825620145674,0.9290037373083364
79,0.6557863277209881,0.40627240809050513,0.5171331908274348
80,0.7821954334215933,0.7379720050448562,0.5047815508615738
81,-0.04965879609398982,-0.07405313207460673,-0.086903688585806
82,0.16174777808167562,0.2440092356613548,0.36541818103921675
83,-0.17954115345642951,-0.15334539394509517,-0.13890752423706387
84,0.2529380598294757,0.1307194577943016,-0.1286603675649992
85,0.7973789283599877,0.4045468016882656,0.9951777577969818
86,0.7782514574342072,0.3773755065272275,0.7410434020916381
87,0.14559056062942566,0.07374322119688648,0.3837249693885041
88,-0.07374126350604748,-0.05700339336817006,-0.17184650179479244
89,-0.08000708835211134,-0.0399826694022547,-0.11879814059886751
90,0.31477386962340104,0.36320759151262294,0.18578801828731706
91,-0.04653175780123653,-0.07670254569366841,-0.08541122002834789
92,0.34273847856030115,0.14166231468172552,0.2936568268944213
93,0.973328936459811,0.7308181351708347,1.0397970808448398
94,0.6846031895862437,0.41982992764482985,0.37741077520936206
95,0.1151627791623604,0.09192416541894333,-0.03307105715165648
96,-0.1961896129030669,-0.1700984717018773,-0.2494725771388514
97,0.4605462703110952,0.24936039088435336,0.3937100778252891
98,0.977740768705355,0.6725400267193999,0.8430286231795499
99,0.13855590075026458,0.37722598312403965,0.10749551085560394
100,0.9030707288090605,0.632876497378065,0.9364309023591901
101,0.3358589028486081,0.08076507320258153,0.29804585432840525
102,0.4736081449241043,0.3862247075378349,0.1841111717041366
103,0.15014927191483807,-0.000997464556158234,-0.003273893637832037
104,-0.09371142115629116,-0.04398706920211792,-0.12493127290459394
105,0.08375357878608347,0.18704957323782434,0.28116677623248454
106,0.3106760138273599,0.17365921573217036,0.17160511275313484
107,0.11409126502068578,-0.07376407350654213,-0.07465720642259122
108,0.9752495158918066,0.9508492885464572,0.6363966724174239
109,-0.17242977788315594,-0.12938266985332703,-0.20076656323144615
110,0.6512369718854851,0.3912757902338748,0.6598650587985257
111,0.48819135881344233,0.3960334489788073,0.3497414986760967
112,0.33044059681598137,0.3885947753375323,0.28671607010006084
113,0.3342935590398577,0.3385132403410527,0.0067633865205507515
114,0.4068628359082873,0.25455672918207983,0.3393595014143729
115,0.3340215691822632,0.41167522624365094,0.4803940248365508
116,0.7274432196226288,0.4301427466568086,1.0136265770033432
117,0.46914768325062894,0.4415922153079721,0.7723514719291023
118,0.5552021261165825,0.5752307822259388,0.3446619342602275
119,0.2176035193567487,0.0982416333499383,0.10073382191848235
120,-0.027168892975375614,-0.03673116624836692,-0.033507869373438304
121,0.15219619735591894,0.14904813786977522,0.2763451494807885
122,0.5506605924470556,0.312354009431147,0.5417378006853553
123,0.6626954744026179,0.4122296712736302,0.5066630319632344
124,0.20539984631196329,0.20271384378428947,0.0368038987333934
125,0.7536198264049996,0.36636513088705835,0.11057410257576716
126,-0.09713163222688148,-0.05899549539914617,-0.19387440064412098
127,0.4095839903434064,0.2242375603919362,0.4179301057229512
128,-0.043829163890259704,0.009984081980234594,-0.04318287868397419
129,0.7303967822335811,0.5633514783960549,0.7095666597328725
130,0.0676040639218789,0.037286939463015534,0.08055400193680651
131,0.44149142832752064,0.38380009582354346,0.2618898433636003
132,0.2756919239715816,0.2381315079570221,0.40776378894075904
133,0.4367685053050745,0.4328389258352332,0.4354350761024779
134,-0.10437083927906576,-0.1068697746411793,-0.15244992383519707
135,0.7248289837625632,0.3859064735395896,0.40172767393966224
136,0.4044238270101177,0.4018591147831039,0.47324725998150474
137,0.19218575656209524,0.08718832868496751,0.28967096607371534
138,-0.04050249977417919,0.005924010225904164,0.034246351070773784
139,-0.09969907635292707,-0.0803671481977507,-0.17659350424960918
140,0.5189741581538669,0.4045278559558565,0.3514686093829493
141,-0.011696617226588657,0.0018762836388244164,-0.02293859024918876
142,-0.09465221956285108,-0.0565859627362999,-0.18615386909291254
143,0.026787614340432198,0.04575227769089962,-0.007053340584226464
144,1.0183021020976284,0.8146789319090848,0.9050505065665815
145,0.7615833820001183,0.6102708782533557,0.7980139141393563
146,0.49350064288394657,0.45819455480176674,0.37105274097844587
147,0.5227070395975026,0.3917685693973658,0.3187481272586945
148,0.45254767404587115,0.3235078429266127,0.416168372091807
149,-0.05969784626413177,-0.12040937113304329,0.05560593882468434
150,0.4082426805765329,0.433028229327284,0.055274085280291096
151,0.5063670611192859,0.5185570425242065,0.35340854490133045
152,0.1743624484185935,0.059647066005567684,0.09167397281099943
153,0.299391755260495,0.15440423052116659,0.13704995600934744
154,0.5967577882020474,0.3978645619202441,0.61305465655491
155,0.07061745595641877,0.11366172944612107,0.03054690194437515
156,0.24429768570010268,0.22437259959659284,0.5251783756901267
157,0.34513341108073936,0.31778030217832454,0.17327137737578746
158,0.1773900845734695,0.1228154506003627,0.3886247730226984
159,0.2332244103503629,0.07770835157123002,0.20827132547364569
160,0.12269852438678686,0.06952100142529183,-0.08839413432081
161,0.04127205014029944,0.033294038108517165,0.18779533971723672
162,0.6360934497290374,0.5820180295487072,0.7991359321055176
163,0.42300106633091583,0.49541138156901043,0.633789091902093
164,-0.09255273397510555,-0.04950687297054546,-0.08346773708596267
165,-0.08807083943276206,-0.09869873828233222,-0.14938102977969814
166,0.3609293879293334,0.39173786243082853,0.24286482824127376
167,0.41624179181203735,0.24288288510169376,0.09092063589179866
168,1.026390947774535,0.6570576524757337,1.0393909570152768
169,0.13746351014698988,0.16930090529909414,0.12463422682974867
170,0.2225683576869415,0.23760112423761104,0.054536153569890056
171,0.2519657232236361,0.17114909129626077,0.20213525516189534
172,0.21063985431651866,0.25155053072813005,0.07106111911612034
173,0.5028098562708201,0.4642848735993259,0.489964690121393
174,0.5190606909929354,0.35856454444164565,0.3531030551241079
175,0.4181883666912447,0.45394464539161206,0.7281049924664911
176,0.5652751315670981,0.5398646893234833,0.2739145085805852
177,0.21314758010170998,0.12055832546195,0.23441279268746107
178,0.33478442228629235,0.3982562277042585,0.3509389604710609
179,0.013474124535057364,0.07796055207287433,0.021125847698260092
180,-0.11076465533441548,-0.025644509858870013,-0.11410280877031775
181,0.6233343878400617,0.4205713755909428,0.5184583425536162
182,0.8153926407554919,0.7547440152305958,1.0918195804882949
183,0.9127155694803626,0.8352174880122056,0.4397718918501965
184,0.27750649538473104,0.16672750439919493,-0.044242406617076124
185,0.8018635420685798,0.5801652650768243,0.9534241239662651
186,0.06533897722865412,0.0231570878373224,-0.013005796736774378
187,0.34043064813852597,0.4081293206736949,0.1929235525813522
188,0.30802856664226685,0.562581639724963,0.2597275043350882
189,0.4106295905538404,0.45992901818475485,0.3280080353639039
190,0.38053881381248233,0.5084954873419731,0.40498366007611764
191,0.2150328907875878,0.1842547967799344,0.12620970361881212
192,-0.24583480822886905,-0.2183712556361933,-0.29161034626815474
193,0.6137945912821785,0.44922920560487434,0.5122401134655947
194,0.07189058172784746,0.04450027980596727,0.22004025330093357
195,0.5127860282522925,0.23279349675295435,0.6796950454334232
196,0.08425113603699974,0.07361440882045245,-0.1307415224578401
197,0.41098686771329085,0.4365091737210318,0.2875498762705253
198,0.14800142209069578,0.034413225676236836,0.07591367273317129
199,0.28798557898327637,0.14716576100493506,0.20588524507017447
200,0.0005659707608338671,-0.059065376280649895,-0.10200893418759116
201,-0.04398394228533342,-0.0015460679897241203,-0.06922287244476333
202,-0.10560764275152512,-0.11931406430107927,-0.1328478825820617
203,0.3227764906519528,0.4536242477891457,0.3335392926292611
204,-0.2253808778621046,-0.19555733729217506,-0.15383844526328194
205,-0.1531115959285011,-0.16720582990153,-0.05722122041884159
206,0.17305213462129232,0.1923919882149594,0.4324775504362657
207,-0.04395901935451019,0.044475530329355806,-0.030122441395002086
208,0.12392442973489826,0.03181394807327509,-0.08606573865466105
209,-0.14181077469054548,-0.05312251157395265,-0.08980893718593264
210,0.2501893564162396,0.3023534573840554,0.21797026085956972
211,0.7446104197170345,0.7371037980473667,0.9774983320017427
212,0.2897443999315723,0.3470308853720989,0.21042655893140183
213,0.38547176959209417,0.4014418759628571,0.32224431498729955
214,0.39777450643231704,0.32195068850804964,0.3037540600928077
215,-0.009109812196933187,0.049078967428703324,-0.08721525908038652
216,0.2124153307509753,0.18712482950981757,0.08617458364992414
217,-0.2212073092781638,-0.20447638840228266,-0.2154825358997603
218,0.37128119660988346,0.2550575215578863,0.16023873464732663
219,0.4238494531413539,0.2575816012447134,0.020851364553137186
220,-0.16030918526672144,-0.11917914039506894,-0.1043204394084486
221,0.049321079275010726,-0.011534247872059922,0.09173932898364323
222,0.5306458309240467,0.5444358547357924,0.5586042700743836
223,0.1234360517912867,0.17045684043855336,0.25736882088751645
224,0.07834572276020801,0.014711861948600635,0.14698449196131524
225,0.4180578330445772,0.3441302940440407,0.15846038853292232
226,0.18716340093130257,0.2229522639943442,0.33703310985476254
227,0.24853709639176813,0.30945792772720937,0.39880385635611004
228,0.21799312665834858,0.11117449864914697,0.06543348806997962
229,0.3784612481877956,0.23259151008702617,0.22381568601695156
230,0.6313620136292317,0.6825508816594068,0.9381062953391104
231,-0.10476498674763302,-0.03976576630508333,-0.04469551551983142
232,0.330332537955911,0.22990594555377863,-0.099426955234722
233,0.2529248375589046,0.1712212443953629,0.19263069375790853
234,0.09880558260622307,0.07701080966157736,-0.013595524105364465
235,0.30376276605824604,0.23864593129899214,0.2323547836866191
236,0.8860455683663506,0.6234809748280421,0.7940555584943862
237,0.31767460055990204,0.4492046149973783,0.2743579976436661
238,0.4263330581414999,0.3008155655457778,0.41631715961767646
239,0.30835259509390833,0.20120584578007517,0.15303127367909686
240,0.20973690088167674,0.17094035432381172,0.41789784424249143
241,0.5694842041488153,0.5503210326421231,0.4564252206583346
242,-0.023844873455703408,0.029733802675430354,-0.05071893536082184
243,0.0381563559970981,0.04107159368662572,0.016715409168603257
244,0.34177263425537885,0.35136661434576344,0.2939094801334643
245,0.8831281198005616,0.8742236012782103,1.1343079110575354
246,0.757695568363489,0.6749313218087094,0.6245216589793214
247,0.2143690890673715,0.11176926739239645,-0.011955968788872284
248,0.33762900971583565,0.3689802093956509,0.4499413325743631
249,0.1790280475464261,0.01587269583994977,-0.017588621460647547
250,0.238862928458639,0.2961268335611984,0.2535302201093519
251,0.5840259870396529,0.4588146168067124,0.7018086330840889
252,0.8412068333479761,0.8006386220881017,0.35017263269138765
253,0.40700252375418144,0.28390422182939745,0.1476082551577751
254,-0.09049126259868201,-0.014207246787215855,-0.06190124560112409
255,0.24813894154197658,0.21115298738863952,0.30174124883564923
256,0.007129550283718755,0.016562798720882954,-0.10420063370133326
257,0.07874259623209268,0.02226882443010525,0.0725976179292247
258,0.5774692643146222,0.4541144341902057,0.5218454049877916
259,0.4796456303343257,0.4959518195555037,0.3910653983532151
260,-0.08145358888780463,-0.021058057572434175,-0.1476211637113849
261,-0.07719372481018605,-0.0673171505927852,-0.10918283511746318
262,-0.11751958758936953,-0.08233854688321407,-0.23194913867705724
263,0.2629063923408306,0.20143176244246463,0.27346039868724104
264,0.32082497258494413,0.3072231301376602,0.33653608536706714
265,0.28922705100711,0.18532842503015234,0.33636430655613236
266,0.08484136228206807,0.13249575515661793,0.22546116337277877
267,0.24381108775438132,0.10169145311988492,0.04047114935435103
268,0.5609948311984687,0.29738873702724167,0.9151946578332659
269,0.7581938382145894,0.46045255683383624,0.01300253617087943
270,0.5507475729011306,0.47934780939875754,0.47007626639236766
271,0.016052931120412728,0.053341513638401894,0.028274705058444427
272,0.08351970227506667,0.24629793197584582,0.36050214117472357
273,0.6619893167884561,0.6248727938721519,0.8292785012228128
274,0.8327895967446135,0.6581093278920345,0.8282878803966507
275,0.3029262518300553,0.21245944018538343,0.46578038322598325
276,-0.13761162082097977,-0.1343289048736651,-0.18416074214253852
277,0.45244135643493233,0.3039414231651727,0.3051911968056902
278,0.6458403767718355,0.7285416756970908,0.6588387449210555
279,0.2963075634452681,0.24872796639277706,0.3455565449663065
280,-0.13648943653783485,-0.09733320128253264,-0.17745226243237688
281,0.6748550169651995,0.40500502598609645,0.3132322112599073
282,0.2662088483199281,0.0841111530678933,0.17239050684629698
283,0.019054904144081286,0.02745602240577072,-0.03198711052252057
284,0.6112594581993971,0.5927795288681388,0.48721853454776465
285,0.04623673215282187,-0.01102863021238909,-0.13524049544463457
286,0.11502323710251172,-0.067302215721463,-0.06309850488918689
287,0.11354496468376807,0.15649977445734353,-0.001585645415559167
288,-0.032903474804167776,0.054236043740594875,-0.08756731485574232
289,0.594204070627051,0.5517527154356061,0.7505687564825365
290,0.34515468580377795,0.4164179579929439,0.26168365374588665
291,0.6923917230733239,0.6115128947155273,1.060937662337254
292,0.73998052144628,0.9305558811706216,0.736551222366105
293,0.13074478888407381,0.130761909815315,0.3588834694812968
294,0.9885306350773051,0.5503084770800655,0.9606570539850485
295,0.5528026924416294,0.2321446191886538,0.5139678753224928
296,0.23799566058007326,0.19946892590141907,0.3386441105599749
297,0.31759037787895195,0.3442396276387032,0.47421510666831646
298,0.622480573852177,0.5556393099276706,0.7365753653938802
299,0.10992648150273276,0.08772895951817783,0.28282280329159115
300,0.49845095985510857,0.3069967605149946,0.12874852138743242
301,-0.25643302407125057,-0.204883827609053,-0.3131389953914442
302,0.47988140314137495,0.43986580712001855,0.18375970277214115
303,0.6639605393674646,0.6120821564573675,0.8570066769126194
304,0.025755000051251642,-0.002686466625995698,-0.11488263911003482
305,0.040264620564924636,0.109730614289959,0.25350705648000105
306,0.17323002202062598,0.1497664186113261,0.26961259604899057
307,0.11425653712496597,0.12916382357267064,0.08457767735828381
308,0.08975491517368828,0.10270846141478573,0.11034184847410655
309,0.8517570314205483,0.9425232754346387,1.0555111632647636
310,0.14939855896972332,0.07058615156127535,0.342047342703645
311,0.3827716851100893,0.4151111782341954,0.38471373528733244
312,0.6618862865330619,0.5587331960671638,0.3848587908717951
313,0.3688167589498377,0.3212124407471275,0.2723980805053321
314,-0.01049675368040226,-0.07402128238506511,0.04842642738559633
315,-0.06823530233915764,-0.03831571834539804,-0.08711828429318091
316,0.5327765574481835,0.44033048944176434,0.6914625198561195
317,0.5248982878755739,0.3723965996474088,0.4740198447780064
318,0.4357565028988444,0.5125074275518882,0.6646672345586833
319,0.2996873199643888,0.12110269746135471,0.2878279489308797
320,0.7146399707352196,0.6044212631477381,0.864388516150624
321,0.4257803386513863,0.42428235175496165,0.23978061617831425
322,0.3561655540771478,0.25392396220307223,0.24287995626102465
323,0.7410829427438475,0.6172122065502064,0.8743627781465648
324,0.21629839614804092,0.019225505412902244,0.13472471279823273
325,0.12604964644235794,0.027059843339821255,0.09086229429832882
326,0.14025398372822973,0.13663287747930863,0.13843590008504658
327,0.46127591621231323,0.4462088256601371,0.10299173614858836
328,-0.15574958004400397,-0.16015347382656153,-0.16231586671676124
329,0.16913109394593606,0.15630079146232556,0.31803556991576376
330,-0.18935770098325444,-0.2039167932112511,-0.2289171416658734
331,0.6746857899676271,0.557862380635255,0.31413690286566776
332,0.05282729389752583,0.06307016151289768,-0.02136775103472066
333,-0.09568084858447568,-0.06554111143824626,-0.13485590232989442
334,0.02834589413401889,0.044068938180428674,0.11619227931669407
335,-0.03481229214538284,-0.15113545292588748,-0.17619462184569312
336,0.3716141162838711,0.44444410342114815,0.3757026312158085
337,0.05224341599602278,0.06602627479519563,-0.05865449886179963
338,0.9605780855682544,0.5820345574736063,0.9022509703815347
339,0.3218245688417989,0.07658622198365506,-0.09293899622748203
340,0.3636162318069178,0.18166466683606575,-0.04873764388158763
341,0.25758442529376735,0.11070289562010904,-0.07578638381735203
342,0.5427406366820742,0.5272180239425965,0.5156952106448449
343,0.4630951506677887,0.304139484725257,0.24474955239114826
344,0.5193335860843511,0.5414083457099805,0.3061766180222556
345,0.03443208939897713,0.03629912341193653,-0.034103190381081894
346,0.6554663351065728,0.3801353540861243,0.5877483618281936
347,0.5786139444862148,0.4678568480592251,0.5691283718544728
348,1.1069885798387435,1.461141739643169,1.328746378125088
349,0.1927971232988006,0.1308916311473327,-0.004372760931387942
350,0.4390429696341893,0.27734450830461554,0.23838488588330153
351,-0.007249512721635876,0.016856612939241122,0.0688772189070257
352,-0.10262949933263754,-0.048260507484977344,-0.10350007637086711
353,0.2235801219956599,0.16972606605234009,0.2807744334001063
354,0.1928518345831325,0.0706984663600787,0.13140812585944595
355,-0.0002994557784845586,-0.048265087808911145,0.04263643828628538
356,0.04434538039196756,0.007644647143979055,-0.1852038476841119
357,0.36333469220764236,0.4287853430475579,0.2750486127291232
358,0.45699891417978766,0.25198093277815103,0.6379128422313214
359,-0.051128337629960496,-0.10501132536186131,-0.15434408549878442
360,0.19159544092924397,0.1366190925272488,0.2449957377557599
361,0.3943339149200291,0.3074089305105998,0.26965003497602136
362,0.1877465728140284,0.09244041125868074,0.17697546965648359
363,0.03809088560451235,0.056170648291599345,0.1270550278537952
364,0.08367885673347786,0.13237121718416156,0.21980377863849476
365,0.351622682747075,0.5278913658585449,0.2405443140039798
366,0.055129720844689034,0.029063380218798507,0.10856912006218056
367,0.9329925916711641,0.9267319000237171,0.9001993126421748
368,0.4529288735538135,0.5677527619930529,0.33218609078568107
369,-0.0740275827318384,-0.04927600408409816,-0.06031216539188178
370,0.6250724596648511,0.6674000455298741,1.025703160418749
371,0.5993621737796233,0.26919574668426227,0.5560339306846114
372,-0.06956841504206335,0.02847424249386199,-0.05505832793887644
373,-0.04266054762402749,-0.05879251702847166,-0.07168729026671128
374,0.07226908908906937,0.054029058725937995,0.2570031839280924
375,0.22634997911400734,0.300764740982036,0.20661622613895436
376,0.2587160925873422,0.229660518862564,0.16963772836984647
377,0.05220850291308854,0.11428422234516766,0.13052546538148868
378,0.36985072957113396,0.21442938712724513,0.2268590568300104
379,0.13395540342911172,0.1306856295134411,-0.0950323843077856
380,0.614926716456996,0.6400707333215301,0.5860315397232594
381,0.6891545179953398,0.6062375099055675,0.8378106569684356
382,0.19680041874290044,0.09077426882952833,0.3211924116079614
383,-0.05643571522281454,-0.09696217819164521,-0.08492732875178477
384,-0.14244336147753367,-0.09740837240450906,-0.21261270309313274
385,0.10229568794054766,0.046655360856485695,-0.03235746984520804
386,0.7943683584718444,0.5980558976908228,0.6445742469005817
387,0.18472769544687107,0.14512850486375917,0.03952481064160218
388,-0.04120068458864101,0.004792931450024129,-0.10373217606772911
389,0.5050119234498842,0.5681305589224157,0.559443435414837
390,0.674719498667744,0.4233338581761483,0.5733201747915726
391,0.08323133822451712,0.028807297210490024,-0.0916061515728469
392,0.0071047169244502495,0.03819803817699308,-0.0721313223000829
393,0.6534510494132943,0.5579374668552997,0.6034082728531738
394,0.13847446011724296,0.09936966292536398,0.09285698533464815
395,0.2813127156127464,0.28038217803818366,0.2459633060723967
396,0.8798930612162248,0.8790865640152001,0.585967394512608
397,-0.08182368444419574,-0.05757050362794036,-0.15799097835810982
398,0.39516589403822544,0.34217508462116086,0.3250992640410111
399,0.06793773035465711,0.034199522100861524,0.19209932459184564
400,0.32044225664652215,0.37585993307669807,0.2756550281790744
401,0.2609408947946179,0.1777555662672079,0.25395392420096496
402,0.4122581697174774,0.24279936516167755,0.41415688257759875
403,0.45277718866160277,0.1870030613370559,0.3542820669752853
404,-0.047678920221224885,-0.004565959187838753,-0.0757233556345549
405,0.28880495169605935,0.3447153663249445,0.18564332838457775
406,0.5804245704609756,0.45834808946362693,0.48695098815013615
407,0.1073396682570531,0.05875629874187438,0.10055704908267993
408,-0.19018506999355766,-0.23098272494405514,-0.29972244774228995
409,0.5374562054527119,0.28574477407780474,0.38973172324308103
410,0.25156209079110825,0.317678969485222,0.3218744703001257
411,0.42450007416772606,0.4480837073987749,0.5071096673915596
412,0.578274452341021,0.4327139746500692,0.6252000832209745
413,-0.12665687749746235,-0.06022734727325896,-0.17734213600433646
414,0.6320429555366791,0.6857389481050873,0.727092525873033
415,0.27073627779218934,0.11445944882285697,0.2150086222843759
416,0.05022737854890691,0.009166903258424064,-0.07818684985011926
417,0.25635609713200025,0.07041650345088635,0.23838491485181446
418,0.2336438184906291,0.17350963335420122,0.15602063944048727
419,-0.05584005373164547,-0.045250524815383386,-0.04028070185014787
420,0.13322456111341552,0.028912094493787066,0.28697807195100133
421,-0.07275211598403497,-0.03987490458629395,-0.16753128048176713
422,-0.09294358102074618,-0.07543006953147191,-0.1807872789704309
423,0.28052259203750785,0.3531561809876522,0.16633047556675873
424,0.5262140645589981,0.24803061450807595,0.7163422842578773
425,0.1647397293457582,0.06916990393353384,0.07429056408703438
426,0.6811166397794981,0.7843061107238072,0.6538093200668591
427,0.7691940248917521,0.5057654146305932,0.7180054179461755
428,0.6109546739615912,0.41631562005487255,0.23152252979001675
429,0.20440252551769733,0.21351276978841605,0.31296593269096507
430,-0.08520803950811073,-0.05480354124140485,-0.13081237877273555
431,0.13447047492718922,0.09849560329121121,0.2501574848128827
432,-0.09292386705871525,-0.05915218665113353,-0.15180595530766405
433,0.6299375413924861,0.5393897460076746,0.5945681606183211
434,0.028250606490634933,0.0032929592886812298,-0.017620633587714263
435,0.66038310455997,0.48246359883370626,0.7692221207046945
436,0.796319605054139,0.5087830101601531,0.5194631755009236
437,-0.09392486955129542,-0.013773691334217686,-0.09207440000260225
438,0.5634239489986002,0.3526007338731969,0.3487638886776616
439,0.23064459420307215,0.053496867737817144,0.45863833484419225
440,0.1654730856067428,0.23104801032259537,0.02926827751621608
441,0.281184775102586,0.3252469492209593,0.34117725458483616
442,0.17526517607383796,0.10052027947732745,0.028352673484116853
443,-0.10367207206066886,-0.08575990095856412,-0.13945797931742066
444,0.7338032360760784,0.7221047523638895,0.9239070737093409
445,0.23560251912886865,0.07892935388183453,0.16341445637403806
446,0.2755612954522948,0.19730028446389092,0.0710033227016782
447,0.33811475347963493,0.21716740151258174,-0.023625327284379383
448,0.037739611321157884,0.0795243957710301,-0.023430063845732985
449,0.7288489403945184,0.6112690176261102,0.8112364577711497
450,0.6510837618913743,0.42704220465275533,0.7112609535387298
451,0.22703585105830082,0.04525061714132006,0.3024875925381185
452,0.15894900325298633,0.1641278784089406,0.23860596245750543
453,-0.10780309021829426,-0.061889051460251476,-0.1605436333248741
454,0.31870640945139916,0.3057212161695084,0.31928090005834275
455,0.268571454408004,0.08146753888317959,0.054639198327508076
456,0.20698917543521334,0.23107955004581204,0.09021733045124636
457,0.8443497159208686,0.6260423520306622,1.0492432264787728
458,0.7599191766508568,0.4386491588044634,0.814346873334926
459,0.46670335394811047,0.42365557563729483,0.033416118847897636
460,0.22399662420597677,0.2661242917929185,0.28428462262810794
461,0.5721121066127168,0.2222128727751862,0.21744395264473293
462,0.8014427466850222,0.5849378878969909,0.49005252556189727
463,-0.10240896585952242,-0.048920641603659054,-0.13630208127355603
464,0.2155632743703768,0.14596390228544465,0.39277823205064655
465,0.5616598571614195,0.4538887997202963,0.635223877236035
466,0.5426669368149477,0.33724886813157084,0.37359994089404025
467,-0.13425143182411825,-0.08335599803761562,-0.16562690334117103
468,0.7582395717337194,0.5248988787628428,0.6717185078323209
469,0.06253870717338494,0.011532943245021077,0.12041708446187127
470,0.2034184957078784,0.1536801417762148,0.14975328053037007
471,-0.00804853327018995,-0.06412558789463962,-0.08472679017724771
472,-0.15571435053642713,-0.17029634243577985,-0.14765813433202524
473,0.5095986142773781,0.3898570850934464,0.27051464043320017
474,-0.09525344012534642,-0.03266161504410059,-0.1344006469737492
475,0.4029392011406703,0.15867439204356537,0.3304257615637878
476,-0.06568324488537891,-0.06971398948095175,-0.12020829200264549
477,0.37913375919378156,0.2807205680731748,0.3792366156359861
478,0.3240517922575974,0.3452752412654436,0.39694250552168975
479,0.2867615542211055,0.2699116750059616,0.37059390742120013
480,0.35008832751661045,0.2686579819296826,0.27313843907774227
481,0.552540885679706,0.4328400355598332,1.079410234950461
482,0.09338065973238141,0.05225155713473817,0.21745822705604856
483,0.8683595201670071,0.7678562950267398,1.1894986619703092
484,0.8778386210591393,0.7129804374439872,0.16966055190347906
485,0.775738104987179,0.6505156987007228,0.4348647627598854
486,0.1450535194754472,0.11335141861221754,-0.06273527288006908
487,0.6526825983028197,0.5638834540147399,0.7982265610303798
488,0.2279048425368997,0.17910939752194022,0.31846300616242007
489,0.40881082349428155,0.389385413452326,0.36103147614783615
490,0.3994119321741183,0.5808946604176157,0.47868976439745836
491,0.9962668670265358,1.066533888188069,1.420703922262248
492,0.18559247974475213,0.14338688395878263,-0.04602658526148762
493,0.5651621417320707,0.25050866289221974,0.6751862916487257
494,0.3785880575311211,0.2478112873664815,0.09064879758792466
495,0.09262685130598447,-0.04042442353421727,0.18076780860820651
496,0.8666677787662316,0.7026641028601781,1.2337055905927028
497,0.16767632172920166,0.13012760812628743,0.059817292276308276
498,0.411919207295254,0.33609608606985186,0.23071191571121985
499,0.4183148028285,0.3118724712164076,0.685808109324411
500,-0.0138729833123854,-4.933365248116495e-05,-0.06585146617360638
501,0.34521992966073034,0.2625277456160262,0.1851147027386122
502,0.7505592302560993,0.5189760551470535,0.15374736672660738
503,0.1921421850024887,0.12173979519094669,0.07135655820201947
504,0.4004545483425057,0.39763220024015866,0.5022927049523074
505,0.02665041478800756,-0.004350943333216728,0.2539410318808013
506,0.7768083401084664,0.43268860285988464,0.5429255675279725
507,-0.09959054847357074,-0.07929678501076409,-0.0892672749278518
508,0.07161366940379787,0.13127449774648436,0.0609163884115429
509,0.4073237014121709,0.2978836864057164,0.3574509191054678
510,0.18777045944732818,0.060620699586768856,0.3483671149804841
511,0.21699985643201636,0.11701510321639996,0.0421943304208523
512,0.19044793534974946,0.10952403520554577,0.21716273587229407
513,0.30821464913263763,0.19358383992562667,0.18026702541106632
514,-0.05540016165468309,0.019881422767009882,-0.09053851873971486
515,-0.04940933774163181,-0.02048974503394474,-0.09522924657230636
516,0.747362513259225,0.45104050996618894,0.4279430189962907
517,0.414355258197612,0.1903959936527111,0.22140890716173955
518,0.3274145720619861,0.23929159244538112,0.009624647459663294
519,0.20824539235859563,0.22589756999454091,0.21708407561686682
520,0.3763280416676642,0.4442343734940404,0.20093797091013754
521,0.26367475781375216,0.281257525175832,0.38845528559824527
522,0.4828582526890295,0.3722510223112643,0.5563827810730089
523,-0.06621808231210458,-0.026796864628233052,-0.12934552237633923
524,0.5177369205284008,0.5061422522827115,0.35012652001677447
525,-0.1050143230397349,-0.07030521573193371,-0.08954503798169788
526,0.8161602091513422,0.6260525520101139,0.8229071834774606
527,0.5953931891427815,0.59010515371459,0.47289020676879834
528,0.32930042618611477,0.18551739402592426,0.19285642683355197
529,0.666184614708577,0.3512070008829027,0.24126932604851326
530,0.3418054023421013,0.25138231686086066,0.261108116666958
531,0.566488493898244,0.32124487203533714,0.44771052143756496
532,0.39333576282505045,0.44660489446677776,0.3776877447138831
533,0.25327839261454277,0.12840139866370093,0.0825164291023015
534,0.08335260820883139,0.046355655071843804,0.14121555350960713
535,0.6774275382336421,0.6191882738978778,0.7817623776416995
536,0.006769499572652604,0.01989712010412714,0.021597125697196073
537,-0.09651419753542712,-0.04920144148914796,-0.20133808373754725
538,0.7219853656341526,0.5535852870212241,0.796131037974124
539,-0.13618284937006997,-0.07580858105856403,-0.0788774152361974
540,0.07528831541937397,0.13727625112508757,0.002336625412878268
541,0.26361241241140676,0.3415299570610162,0.28806599266140065
542,-0.11679547496623632,-0.10593713793857762,-0.09286448516004109
543,0.17173295021252133,0.1533249009067834,0.30998095150884586
544,0.414410297786703,0.3498466759649548,0.011750688397154985
545,0.20304188672618517,0.11069430476125075,0.12510848726242596
546,0.16673671250720123,0.031649497896540923,0.2874427500628369
547,0.8449312596825378,0.5554163413607569,1.0192536405026251
548,0.31473321084359696,0.2787942068539613,0.2962350686950437
549,0.8624556866428441,0.9449251005032759,0.8334652217236678
550,1.1285012009189193,1.2003063029687397,1.1937818127169444
551,0.4297184526713089,0.29943456940232926,0.23413141888814937
552,0.3156259782946458,0.2900032990080339,0.06559652286994999
553,0.7950592498344828,0.6223665162076022,1.1707698834499585
554,0.1466630459621574,0.022840744275506086,0.3241211105082018
555,0.17517063395133103,0.10123610153572549,0.46462758860731945
556,-0.1555296566961204,-0.16332118910513593,-0.17636416490953188
557,0.5476456873179223,0.48937107307879457,0.3674267834295517
558,0.09663323656690848,0.08432463822498404,0.16243607755419753
559,0.3191138264826434,0.27325432353667556,0.052402841443120796
560,0.39810810872698243,0.34626844775321963,0.3543264177355159
561,-0.10820657361265384,-0.07516669515769236,-0.159655523806581
562,0.10029735439164611,0.04168858689850885,0.3008872114926231
563,0.715627459365203,0.5470521429569779,0.7095245494399032
564,0.13395445140430273,0.11332282294102214,0.2396198130909204
565,0.32406713581340707,0.23185562221252054,0.16781858652084103
566,0.6144894539503423,0.5190693826232569,0.29777954538548235
567,0.6020450536659221,0.5434878823898788,0.9810530133051605
568,-0.07381737787433706,-0.04089237689441649,-0.18008452305230538
569,0.5464324459035204,0.5677168378671691,0.41734410647931863
570,0.81366046100666,0.7859258832310994,0.8645673226191775
571,0.23649410291671624,0.20192810737844114,0.18540044972482495
572,0.1659919539222081,0.21898939074798918,0.192620664573403
573,0.2424764160097861,0.04415714003237414,-0.054153828508332724
574,-0.0748903209716455,-0.030362911884711408,0.010062096457112757
575,0.327693352329842,0.27579177779489994,0.2858709249233775
576,0.05469699118783056,0.10151017970224374,0.17552102514987
577,0.2497521869993955,0.20348616963211774,0.2549521908999741
578,0.7064918558867039,0.5156446217148505,0.30815024259565815
579,0.2524120479102834,0.14374311187582056,0.20389945121024722
580,0.37894203413684524,0.2702731757010082,0.2885339045526387
581,0.0661096571427715,0.09347248588514989,0.1746080185020804
582,0.6847574915150991,0.3245179815879178,0.13426921816739457
583,0.5522705754191171,0.26217851619446786,0.36068290125586655
584,0.5530891808288345,0.5199398964546393,0.04892154794529158
585,0.5161615132311606,0.5112485334151957,0.03324285136589222
586,0.09609534906098682,0.04029650107526894,0.19606861056356428
587,0.7720815293171195,0.5906963895337183,1.0202760531052775
588,-0.09112319088749943,-0.06050031376391207,-0.10188960032062833
589,0.3170081284313293,0.19106770916972438,0.07953642204226141
590,0.24270422014854298,0.2370771796792024,0.3881531884756195
591,0.6400490729984254,0.35902072309912936,0.4400388507441475
592,0.9571814939408032,0.8164466442396372,0.5971674544533649
593,0.6706581828265124,0.40762573723831075,0.6808709462420355
594,-0.19758934584880583,-0.17466676262507252,-0.2904113227364542
595,-0.10870341673923145,-0.02846238349687713,-0.10156492542075513
596,-0.0010218600634780417,-0.04704927032923123,-0.0984951764708698
597,0.6642291582918198,0.4857498708414494,0.9709768721575283
598,0.4899303966191313,0.19452472535737386,0.1978122521041843
599,0.17996274890602315,0.1213551025728512,0.016274378501130782
600,0.07288178693177394,0.085639953808891,0.13054174167040622
601,0.017633639630213027,-0.016959294496362576,0.0790914162005445
602,0.5968669474848103,0.3803267967783537,0.5236216009748309
603,0.5247367511734298,0.5263986823444167,0.7059501706421745
604,-0.13887637143179365,-0.08084282747700267,-0.14917345265948567
605,0.29714188434554445,0.2405450350413778,0.4246581599973025
606,0.4027353605876294,0.3605578276228669,0.06434723094163441
607,0.9336549601323647,0.9017287755586245,0.4342807303339422
608,0.559531844905462,0.46810150487413926,0.5498425664158864
609,0.3281936985183205,0.19006171936075167,0.10507123430633536
610,-0.06537243512141988,0.0038715827912692014,-0.08684976252424981
611,0.8312840992129347,0.6786781372138171,0.5240862513699214
612,0.07028058224982692,0.046749295764809684,0.14267808564423134
613,-0.19822826127228566,-0.16019146839073484,-0.1885518109264327
614,-0.004330204168037199,-0.03491413160072354,-0.07147998924104892
615,0.33006478204087264,0.24770718999786934,0.2494173994812543
616,0.34503724818100023,0.3483554286594095,0.3144667612350067
617,0.012211783941762588,-0.09460447927232962,0.32215018514587435
618,0.38589847298481894,0.3368557095931024,0.5436100645985282
619,-0.12981041758654321,-0.10398577671901799,-0.07628702698267376
620,0.8474400331929532,0.6660599248387749,0.8262539051187505
621,0.19941399135049975,0.11059729354474057,0.3699772522890601
622,0.0512560981051553,0.10933471683202023,0.11920244912387301
623,0.35763731194478354,0.09678833161057954,0.20775123359152703
624,0.5989836609382058,0.3714595646137633,0.328700901170754
625,0.22012873418584045,0.3501656420437911,0.2618804230443865
626,0.3599717938800644,0.32262544459391496,0.31661081771773536
627,-0.03304896642888522,-0.029060630514345265,-0.10076553816402367
628,0.44114463576216933,0.329825697334323,0.16975603037195253
629,0.20951991878329235,0.12520148212717674,0.0453932440983158
630,0.06632102342014967,0.14765932322941855,0.003762368439155006
631,0.4092104752105239,0.33088386982589624,0.40788156252502805
632,0.04820363242637349,0.05409940329852714,-0.06637413138218573
633,0.6297437938804669,0.3907952736927156,1.018357884942593
634,0.45765226119950353,0.17959084710429507,0.10957453544959384
635,0.19731602950469496,0.18764059218742957,0.1341486203155975
636,0.5284902740884081,0.34674319620758776,0.5757773497971999
637,0.33782899373125286,0.4409424928715695,-0.05614540447908645
638,-0.04408150995962645,-0.06159633132501907,-0.10252170278828021
639,0.4400003285314975,0.3074963257699077,-0.0962503305377459
640,0.4228941132111117,0.30725940888101544,0.05606516472479117
641,0.12945196028517758,0.11364258894042867,-0.03935777003191865
642,0.07835848621855268,0.05086010408254937,0.32526517855272674
643,0.6447065148547249,0.5974066175888328,0.8247061294727362
644,-0.16984967051549638,-0.19125585609203177,-0.1592061375009023
645,0.06224929819396485,0.000887938362355678,0.3512393725179299
646,0.049016123523920374,0.06651889048602766,-0.11397966858011599
647,0.15366509243467563,0.09396404477159082,0.07279383073107004
648,0.747300258635345,0.3897293122087082,0.8220891416135421
649,0.4355324219279859,0.47491500317286883,0.43465987621056756
650,0.2809056712985505,0.23679671150448645,0.2063033573580202
651,0.588212431208756,0.36917136689465724,0.635807905224862
652,0.8681871873121956,0.8356729529069846,0.8591648951048061
653,0.7857868100540335,0.4481365545090412,0.9751850268498279
654,0.1489800718453933,-0.004216149819445958,-0.00864948635114049
655,0.5127546228989714,0.4051874564970963,0.2067792160204187
656,0.6049655555017563,0.4393900689891115,0.7460424537438171
657,0.29526516977574624,0.20053529533020953,0.4137532038318923
658,0.645048346241748,0.6386304860190268,0.8346421605807564
659,-0.22461486636488903,-0.1545959376703141,-0.20014483245797343
660,0.6679433611289092,0.5320243904392199,0.4153024710358737
661,0.18346250406310127,0.06600215962988565,0.12986495657046948
662,0.15850946335955696,0.09794855543612635,0.042599378519029285
663,-0.03558803644734243,-0.03725446609958327,-0.07418884497337497
664,-0.17415698099981713,-0.14656347245131318,-0.19439894512242073
665,0.32501994290378056,0.21999077581532145,0.129807962185976
666,0.5854251979736611,0.4907428887238616,0.7863895264420289
667,0.16148014427984636,0.12739656866207727,0.35592151929277205
668,-0.11003601543789998,-0.0770144424826329,-0.1841505743987627
669,0.8185488745535177,0.5690700591892852,0.4346909667637848
670,0.07833423224364044,0.12785907415786157,0.0033318099026908854
671,0.8933930667158818,0.8823321196341942,1.1246035345490202
672,1.1538640529016355,1.2231770302763616,1.4608762717158172
673,-0.023245908768380952,0.015463419064818629,-0.0786985624409069
674,0.3090991867017261,0.2481002382264017,0.332797526088743
675,0.39264434871620035,0.2258063591389008,0.39476703632092613
676,0.7151110617064811,0.6523942464235177,0.8172161745509487
677,0.4997012561099303,0.40612940409201137,0.5543774631517155
678,0.4449319674108201,0.31955414525533343,0.7894140391101718
679,0.23732074947870618,0.3026740085671513,0.09478499483719616
680,-0.07889667665873179,-0.09327847533390854,0.08265201260295307
681,0.03073130152282011,0.024222237707466343,0.12210037841641119
682,0.7411256576333691,0.3288891954263242,-0.08682180600991085
683,-0.13052236569693998,-0.09150979490045574,-0.11551115909604315
684,-0.024916973469163772,-0.008309785145152127,-0.09289489611449941
685,-0.18468494955267456,-0.11493009366725082,-0.26566921049150327
686,-0.24613110900460633,-0.12006617726378621,-0.16480356532782892
687,0.034794521448649585,0.060901387155486875,-0.019462997596837006
688,-0.04286871950320614,0.09312885428398054,0.04268378166776943
689,0.14524217764951097,0.1694480105245033,0.15242967126553264
690,0.06621806480183468,0.022683546195426896,0.07413741822054698
691,0.17988232186027253,0.163233370881271,0.18833429125626133
692,0.07986478472211078,0.12224287388535049,0.17233803425514416
693,0.4351729044989403,0.3566221042850244,0.2431184171171492
694,-0.013407693237010965,-0.0015416323811892063,-0.1331101145239414
695,0.14925754160048643,0.09030443899427043,0.04973045134205334
696,-0.13099550472027188,-0.04314108197888089,-0.1727467876489066
697,0.9175065582756421,0.7512260755252371,0.6644692953068512
698,0.43385406188416353,0.25599691989785,0.37604448045137806
699,-0.16113526815132673,-0.14894767779811402,-0.1425982143325315
700,-0.04747993423676811,-0.04061296641169243,-0.08768849835452308
701,0.698560906048167,0.37899261064286227,1.0103562663441727
702,-0.07664499049711693,-0.08399302492610539,-0.08781740128476467
703,-0.06611743953897631,-0.03994004348997604,-0.0341748802864158
704,0.18127214293822935,0.14869929423664519,0.17426584647625787
705,-0.07772541920606646,-0.07475939569498613,-0.04522085133729825
706,-0.1285652641246945,-0.11076019651770452,-0.15153275608282935
707,0.312191860769943,0.3274688972594273,0.5930384586435977
708,0.730349141332076,0.4161473872245369,0.837709156295825
709,-0.0231324648022333,0.03928930179567147,-0.06122484121970384
710,0.6612703342919863,0.5783552027299803,0.3514347639374664
711,0.09133602962445919,0.07173673199265873,0.09017806001932516
712,0.14432305490413744,0.16309663750948356,0.11318436589107095
713,0.5059324630459017,0.4489322768676043,0.2866093182493754
714,0.49469706475539765,0.4632300460712637,0.0754484437088645
715,0.5754893808204897,0.42799562881621833,0.5074826871571936
716,0.5449045776756516,0.3707351721767356,0.3501794455751148
717,0.5059745770401303,0.42798592439901895,0.3697460397924046
718,0.579042812409128,0.26517124639300804,0.2851073782137008
719,0.13975331946485636,0.06072516597726274,0.1547958538887737
720,0.09693877196695455,0.008088355113057055,0.22655811126766312
721,0.7379454598809663,0.5114177288048802,0.4159759253282296
722,0.23520442809477915,0.09843009701138561,0.5426834267184559
723,0.13040057728598797,0.06326170886615223,-0.022377004541325185
724,0.16133667502856386,0.07629647969079834,0.24264817591963217
725,0.3983342543670707,0.4680782312103753,0.3719021859313525
726,-0.2302612013688825,-0.2228772540074868,-0.24357542322024384
727,0.24148471620140843,0.13729901571192293,0.03006520303339122
728,0.241867678922423,0.3232394324873842,0.3318606386602505
729,0.1650150808449824,0.22957787598099522,0.3669724397930394
730,-0.08901523362146324,-0.023109143258420284,-0.10110768639592638
731,0.9309885436087217,0.8872547563092781,0.5181199422344698
732,0.3774350055775779,0.19185970350363268,0.2850850122131541
733,0.08943039537989761,0.08350948666944435,0.07180682899876567
734,0.38593927494720726,0.40386301689807746,0.28126351916512915
735,-0.06367744554411892,-0.05737950519308532,-0.16161811469032938
736,0.4872025865716165,0.5701878127198023,0.382873572699052
737,0.7140384968618956,0.5083941904952225,0.8697361966144541
738,0.2417331101621949,0.20311605156853418,0.42009224584105964
739,0.1125899110375268,0.02943455135897355,0.07938937542529279
740,0.20529995339635687,0.07130850168465153,0.47139006966883423
741,0.7238096393923206,0.45043785893453103,0.5695518150633574
742,0.7462060587736146,0.5852685482650275,0.13916820619275483
743,0.05706279316584517,0.03974199491324981,0.2265671386468271
744,-0.08383770163098914,-0.056587034570225514,-0.014109568464103939
745,0.7815748663651882,0.5370636715512171,0.6791758585774326
746,0.867653181482559,0.7721032409051485,1.2104335101012635
747,0.7815219130328739,0.8263950776738558,0.9621479018125734
748,0.37448416477365787,0.3241994457670503,0.2731699676198185
749,0.6073125913599382,0.5392522204214094,0.6135235864268878
750,0.2898292173593371,0.24422698607950566,0.23981487110444633
751,0.6900701829074278,0.6044014657353318,1.0545309248019672
752,0.06877120450523244,0.02020802338878047,-0.13463742798382694
753,0.1979756399562176,0.10599394846134724,0.18046920595034233
754,0.15707223053189656,0.1376589284660834,0.0915557012888597
755,0.22963305422768965,0.29018604194413755,0.44448149972543827
756,0.18438644908914004,-0.013997108866538599,0.3121157780474524
757,0.243036672664819,0.27877994324666355,0.1276529328911271
758,0.6747847855215474,0.56747492373006,0.5649520753241051
759,-0.08441539991776759,-0.004328919921613661,-0.17810713436584524
760,0.024975724075377626,0.20299159585096826,0.2078387979688221
761,0.6776794297988875,0.47300660337810796,0.9663753174592786
762,-0.0400222055293149,0.004412711356922339,-0.1019043698281269
763,-0.15999055910667337,-0.10256976961663966,-0.18173016495603544
764,0.33593059334169584,0.25089992276114925,0.10747104206729707
765,0.21993805697994007,0.1592012605869202,0.09179380868635545
766,0.2509668078816687,0.15550822890851856,0.13541236927294942
767,-0.10240777869045958,-0.014417451516846591,-0.07334164029707368
768,-0.14542475054593873,-0.13701894813064386,-0.1213348063219648
769,0.11758001446364208,0.11587387802684224,0.09656761094428457
770,0.34441452788043825,0.2656847760140628,0.22799476438599964
771,-0.03311591789550805,-0.012057200181275762,-0.0361014271302037
772,0.2151198778070531,0.20878573055998872,0.1332920481497779
773,0.5688664997749042,0.475033409294215,0.6895346933281288
774,0.8467262295476496,0.6640134324011358,0.9560636451763598
775,0.13805421240120475,0.11942427902650521,0.316258175048604
776,-0.23884270963587428,-0.2165570671162177,-0.27151135081190236
777,0.017505203064850816,0.015614856385939735,0.0019077221403709377
778,-0.20331008056717925,-0.13325054624518773,-0.19874040580497543
779,0.4420725694462122,0.4275787458735214,0.1516884837824346
780,-0.14283455428220904,-0.1340817733548606,-0.18401138706970588
781,0.3684997970054047,0.2926121228339238,0.34897298577063807
782,0.4165163053604557,0.3325113124358541,0.26840113954143185
783,0.7027798738721689,0.5922448034067889,0.731260541284037
784,0.48062877237525337,0.2860639324812384,0.34175887163517293
785,0.07298532909573874,0.08580454923543113,-0.02560591840647286
786,-0.09933415620385533,-0.07960438328684971,-0.09739930122644092
787,0.5990249373000833,0.39202609454215365,0.5169941618850804
788,0.7089509720735245,0.6000521213902219,0.9436919619920969
789,-0.002999123885944921,0.020032986479913584,-0.05754078878811597
790,0.5909581334797882,0.3611902805074989,0.4996283659623255
791,0.4661143734756501,0.1695506968103906,0.19804767732755102
792,0.25842165987443,0.1822986654961014,0.44037336063408783
793,0.8982029773328173,0.49114638728635485,0.5386406168374747
794,-0.032484545673797216,-0.06724677256112721,-0.007823652855667995
795,0.7781975635135108,0.736265676215083,0.9506205839160549
796,0.2824500783522774,0.5559723806588799,0.319406256273401
797,0.25825881253480953,0.3547918187286321,0.4461343304852894
798,-0.21618809381627624,-0.17874885454194211,-0.3117261911112922
799,-0.03812901111796296,-0.029114172044654496,-0.08266630468714808
800,0.2933103192759987,0.24559183074427082,0.3874620430618483
801,0.4501652313597797,0.2832952324217666,0.12350041520233757
802,0.06312634851332821,0.018060497570999923,0.0602536598523471
803,-0.004510471515910219,0.03359417511292051,-0.10982042170933803
804,0.1968999249760206,0.1662651706641387,0.3124260561889569
805,0.045856858491353014,-0.000955029146507913,0.07649879224424971
806,0.1178773411836942,0.08297694958847734,0.3566383668305988
807,0.3844389264168908,0.3784143445014696,0.24271021142630267
808,-0.04969803628729652,-0.045534840216128414,-0.10613726667560341
809,-0.05757056912780234,-0.07870121568776045,-0.09306296965919103
810,0.45323894139251775,0.47636937618496233,0.30719008902242284
811,0.6590083981551342,0.3027809750687185,0.3459496767976098
812,-0.11749040022437152,-0.10586339062964079,-0.18692937336369864
813,-0.0024845418290908583,0.023463195682786653,0.0066127263226849475
814,0.0451868948216958,0.07656026396701021,0.14328271134214132
815,0.21413839740555596,0.1762968720844853,0.004928246231165723
816,0.5864885496104906,0.39169491449269134,0.28426485527783774
817,0.568331255945318,0.46773776686455526,0.49364316112121287
818,0.936666441566246,0.6205767076304296,0.8566906710860409
819,0.521852070242061,0.4192302838164057,0.34986977276473374
820,0.8656328626558396,0.5744212211591395,0.3405494032920602
821,-0.06833378878459473,-0.06812938720784922,-0.1564290604190567
822,-0.13946146919936298,-0.08400548499901961,-0.19355495005830126
823,-0.023565982407748876,-0.03715012212888502,-0.12299374731812507
824,0.4870688226053197,0.529114133724095,0.691195482444714
825,-0.06235359964109066,0.011903332633902641,-0.07883854015241643
826,0.2901507534422796,0.35632282199845156,0.18056716381019955
827,0.7220949055891328,0.4837264400889367,0.6437280851115612
828,0.20803500425988153,0.3225080806537459,0.26704494088119546
829,0.13216806810165593,0.2437712650789281,0.31382050708984877
830,-0.15842124575884275,-0.1336104999344061,-0.20429386598672494
831,0.30401414327478116,0.20284983836066117,-0.012503166985642356
832,0.6460331890901951,0.4923639249596594,0.15713472925845307
833,1.0623421982898686,0.8007914044630984,1.2417705950518791
834,0.18196420329568763,0.10477227336769657,0.1064901671892573
835,0.24039653045757503,0.1508452080988767,0.2380744631216012
836,0.13990888379944444,0.11186481412244986,0.04043413371505844
837,0.58817117385244,0.5677941293959587,0.5954599141301746
838,1.0105117809175126,0.9436349028401287,0.3066648363804829
839,0.25463785755888213,0.15463212596893094,0.49827988684491187
840,0.8788066819851599,0.9352566564957281,1.1007438318512368
841,0.8712482512348005,0.5626354488685663,0.5072987528958466
842,1.0539187381313977,0.7361842548924757,1.0812826253726024
843,0.7456177006929017,0.5170604671178172,0.3286773634568487
844,0.5578623162199607,0.22715859794006388,0.17300247603529662
845,-0.06249088995101548,-0.09830375664834556,-0.20304042292342883
846,0.32308904033220265,0.25323437010934935,-0.050567208554413656
847,0.20721952296876123,0.1028137211200637,0.00034244606925870613
848,0.19782682114546946,0.11084305826546759,0.007223482220404476
849,0.4709868467320253,0.25516203463477516,0.1138674070718304
850,-0.16434234572990392,-0.13548356374648818,-0.1960630727856777
851,0.09753326155223596,0.07398726803968692,0.13925480649639588
852,-0.27313155849853576,-0.2641944594102791,-0.2616810285477461
853,0.6208787369609043,0.49141373851463,0.21722875796885344
854,0.07445165438169443,0.01873745483407596,0.14014558749801953
855,0.7882814154763285,0.8477581787341151,0.74776325510331
856,0.942554204315676,0.8978287586853477,1.0691322850720275
857,0.33795607076461187,0.20381507219401596,0.22766207511835868
858,0.4687229160541395,0.3009186660113905,0.2975558430983667
859,0.32272080954992655,0.36792065138096297,0.35706964746541026
860,0.07002110593674749,-0.0021958224524272207,0.2807341964861376
861,-0.09971026582935327,-0.07499640386665807,-0.11693533836622605
862,0.79572238577687,1.0560517323856953,0.7904877984783591
863,0.4579212253705822,0.22616984158678322,0.24849959977254366
864,0.8244871158008635,0.6567999584772506,1.2237762675426334
865,0.5856913637227696,0.5744742295482044,0.2661179885224405
866,-0.07218928845339434,-0.014307530464424012,0.0013835324477493582
867,0.7162899213598928,0.5564382389762752,0.512066588441058
868,-0.0570355553773475,-0.003090721891868875,-0.13007825801170103
869,0.05117016564821486,0.009187492647252604,-0.10707045223275047
870,0.23045785329864543,0.1893215668517494,0.08317757207456933
871,0.12175352230454739,0.07261371515364945,0.2227068271167627
872,0.3144994863678474,0.33079859926227684,0.06914835372121186
873,0.005072276017563437,0.026767504951455967,0.025003255715592365
874,-0.0863175650401895,-0.06857189932195185,-0.11940592802097472
875,0.6267407435189785,0.5443780532807854,0.7851947800569974
876,0.005525653227365757,0.0475171593633843,0.08771855539127005
877,-0.12459655512195844,-0.1365188653889695,-0.20649599518859985
878,0.6998425499524192,0.6849342557600773,0.26466406808483267
879,0.6891001353439961,0.5197464736696258,0.2917985730397008
880,-0.1354970036686196,-0.12748179593387243,-0.10649644354625765
881,0.4496297962384612,0.6070460125922439,0.20681246164854827
882,0.6098952096275787,0.43673726283158487,0.3223282769874096
883,0.264120754158492,0.1603174295468932,0.29801475259972254
884,-0.13390712331958843,-0.1418305350380018,-0.11451058616549747
885,0.57237968839983,0.342708703355183,0.463985821548599
886,0.10479010501873942,0.14343560530224275,0.11989355390803946
887,0.018962976394471198,-0.05916398265481393,0.11240543536742265
888,-0.09397239958350745,-0.07419308816352832,-0.11037637272118617
889,0.6472386048197538,0.527240506481462,0.5915077938889788
890,-0.081220206606481,-0.08269679522964546,-0.13676197273000446
891,0.19249454267317256,0.2349858835542724,0.3396169826322457
892,0.09687560079632473,0.0461394306821874,0.3115463834598422
893,0.4603573635906506,0.35439082142523426,0.3487925620830423
894,-0.15441938218011375,-0.1184676058981543,-0.10184786841720661
895,0.2535616824842386,0.058331800360068575,0.1343168846812215
896,0.4446086974868082,0.30575611838899985,0.7104078015721922
897,-0.09198469847038249,-0.003949417218038209,-0.06643173603123309
898,0.514334404691742,0.44572696160599223,0.3061414380627425
899,0.5248039523668919,0.5372131308455708,0.2552584850825572
900,0.3005083891841578,0.2939776404093777,0.3929568775939194
901,0.5130317812724203,0.3812304588653508,0.43595343693507704
902,-0.09056933273687595,-0.05298732097002912,-0.1297022047788582
903,0.46706653166785306,0.25931665629828204,0.6567399081019787
904,0.09532367753204518,0.12349799681837803,0.232450054285388
905,0.7843015403427529,0.554936067658234,0.5364202029407248
906,0.32456328863730444,0.2391417245296399,0.19626741357967026
907,0.016162948046422265,-0.04077482933644072,0.1844289553850289
908,0.6684640457005668,0.4621761458736371,0.4242558508729366
909,0.09969968051230849,0.1709073981408924,0.0708860463386567
910,-0.11608781449779237,-0.080067544645954,-0.18232883710123005
911,-0.06674913226048929,-0.01491059136463313,-0.009074362624136745
912,-0.1794421609049277,-0.150469174308151,-0.205915526032313
913,0.05237975029061759,0.05323915576064331,-0.15668880359818127
914,0.44451044597042344,0.5252616942626798,0.29626524725864556
915,0.6476766393520219,0.49602145391149133,0.33666349178575383
916,-0.16733134682046158,-0.0872952252350001,-0.20256486808589647
917,0.7782941487650439,0.48826789891273115,0.896651689574913
918,0.24985467496943858,0.16283482907879976,0.037157308007053524
919,0.14756567937278375,0.15621365435001233,0.08351807006144907
920,0.1184114395956557,0.029703637628573754,0.2894521702249535
921,0.009454103919830814,-0.002977869298007252,-0.09194280609884675
922,0.2534923368863915,0.1023323402915044,0.208318670027291
923,0.05857755531840758,0.06451333538198978,0.11543940745448
924,0.47595496112713453,0.5094434701603419,0.46950717594815106
925,0.03758401073014195,0.0837408976424383,-0.08310097539817263
926,0.06723518351592195,0.09618675312676062,-0.04170183982320219
927,0.4689830584553112,0.4892502528933149,0.40972019907745016
928,0.6764308952526077,0.6365076639987601,0.7688165998069045
929,-0.015648607951839644,0.10263474781844795,0.004159463582423584
930,0.3463504765743861,0.36526806587429905,0.35040574289734105
931,0.47423723232697057,0.4217992129565873,0.6711735976983595
932,-0.06356541477055888,0.001626413234657731,-0.05662683731804685
933,0.05402825596223515,-0.004230364287484467,0.20914972283282474
934,-0.13003393838222643,-0.08829371284934728,-0.2175980853710726
935,0.6578886837823836,0.5500930574078327,0.6331564866780828
936,0.29981082922928914,0.292231355881728,0.26775587012139557
937,0.34097719901936907,0.2527399490729152,0.0835263127321817
938,-0.14224200554656652,-0.14996405217203512,-0.18015714414162498
939,0.8217720386932121,0.4929290827875856,0.7372646043626763
940,0.5295386884421176,0.38832491149844484,0.41326470909921453
941,0.4876607031697242,0.2883011755122178,0.6172475448444101
942,-0.08755203390380661,-0.05325626935142036,-0.10439799782097237
943,0.572321582286681,0.5107153876750161,0.7263327525777412
944,0.7075093971642852,0.5313039120740939,0.7312884068183145
945,0.42255166099700414,0.36811022032920193,0.5048450286820056
946,0.1687606505359205,0.07388211396711664,-0.01473524087478073
947,0.16152763656045832,0.3294325291995599,0.43968163221894363
948,-0.1463131819753416,-0.09736491658868984,-0.13256543971962276
949,0.7651280651218002,0.415151605966793,0.7323081456008331
950,0.5170179105206871,0.3067106410876752,0.6125523849266878
951,0.2027980669680478,0.21626462261770607,0.09428668334471002
952,0.18176444570839534,0.30130333805301635,0.3728595763065983
953,0.6716998316980456,0.4488084868400306,0.2731683700816401
954,0.581870879698978,0.3687827466540359,0.6343203255973393
955,0.1454725345070791,0.0945438614296854,0.13105462172623006
956,-0.16143090314159303,-0.12693282079419688,-0.19180046183152455
957,-0.14107279113345772,-0.11594920537672615,-0.21231535241583355
958,0.6240157649800624,0.43030537323091367,0.5478578445599425
959,0.5622099481549887,0.3070459935436549,0.6181886630752096
960,0.2687353808974595,0.2616306266988213,0.1725382473569641
961,-0.14432757490971204,-0.11136793873107298,-0.1829650253740055
962,0.306745171724798,0.018601431600462348,-0.16491211861911648
963,-0.05345922239299428,-0.04883184835736054,-0.07204809592254535
964,0.4087940885980701,0.5019235792287633,0.34781503698475325
965,0.6210117323219642,0.5275232436219162,0.8945484231013472
966,0.11905708885500488,0.0876573773109286,0.0570059882353815
967,-0.1165957635652034,-0.08870992203030015,-0.1937137425559714
968,0.4225029745698494,0.48161076784165013,0.35548288007651707
969,0.2931983183826654,0.2644087905661434,0.21762879086306497
970,0.4496682286126712,0.40007421852438707,0.4202207600530883
971,0.5570538671820133,0.379894924173402,0.8892411441077741
972,0.321681036039718,0.33902076671773207,0.26984348921086276
973,0.8382101238860553,0.6021364681881536,1.0130346699373791
974,0.4215383522513172,0.2429397845895871,0.11896587583425178
975,0.1536202419571624,0.17507750703821734,0.05367540875644572
976,0.519333382715008,0.631223125131958,0.341783538330932
977,0.6427239648429561,0.44782706710978437,0.6229189942199025
978,-0.1016204124970842,-0.08226463465985978,-0.05230396894767375
979,0.3432528985820469,0.41980713967394356,0.2581892439313762
980,0.596497977838502,0.4036358779424356,0.7715887516888169
981,0.6278570127686947,0.39649781329360456,0.6544092319581416
982,0.20972352363898072,0.12343254958487426,-0.11205008075342471
983,0.06417682986131523,0.07276109219853444,0.012303308032101778
984,0.5214057091401549,0.483258716235359,0.4196320455663596
985,0.4810403765973592,0.5231033784778178,0.30494266944527215
986,0.4288742195595514,0.29057426841537537,0.2724812936437029
987,0.20950619470685283,0.10760587592151172,0.2663877165458144
988,0.17749712741665435,0.1449704927039912,0.00660104071398715
989,0.22566278504744552,0.08257402841845085,0.3630587763343158
990,0.7743556156680769,0.6393779518160254,0.5737291900311461
991,0.19844830326242446,0.18497081524314773,0.13912409430524586
992,0.8345245541960533,0.5802556015425577,0.49537949978560847
993,0.1468907662752028,0.14521836056571535,0.2993825999418287
994,0.8160705175224074,0.5568848660315631,0.4971549542508378
995,0.5549258863216291,0.4268806474843536,0.7905871859741047
996,-0.19737999845347576,-0.1651408022834595,-0.2644064828999908
997,0.13345533155858114,0.19077595542345382,0.1579499504812023
998,0.538922762248264,0.5876938270463419,0.43502652983514656
999,0.6882335128427051,0.4102855472454954,1.011488573106842
1000,0.06881217798596984,0.08962069979620702,0.21735325979171471
1001,-0.0004353789048580081,0.08671020610144264,0.03932981528582835
1002,0.6938792371163502,0.4809152821199596,0.548977517238552
1003,0.5730485709704303,0.3591891127686144,0.919792171844364
1004,-0.13707874128842368,-0.11663162488823031,-0.16588164156176466
1005,0.22046652459287053,0.2533635217328307,0.1580221185919839
1006,0.7354360604311174,0.4502924803981434,0.6404508436147829
1007,0.46102713355388203,0.4108779611682727,0.3684555948459627
1008,-0.10873932117397356,-0.0953037489184928,-0.07305217870513292
1009,0.005221099950196262,0.06764331341282537,-0.052839029350933986
1010,0.8339098092904926,0.834396973232568,1.2607357013108969
1011,0.07759389305153719,0.07094322253331087,0.23739104716617
1012,0.09487704434239608,0.030852404448552972,-0.00030241021292587433
1013,-0.05751154348265186,-0.06161238884514697,-0.058685176119970595
1014,0.8583587679375799,0.6581720439366847,0.7788835037919206
1015,0.0646308415001664,0.06271701723728551,0.10502886528786881
1016,-0.21980704683952668,-0.17151923023810833,-0.24341676124019251
1017,-0.055381899396487744,-0.0639125341966379,-0.08280486604596793
1018,-0.06876809084531066,-0.06801258634610441,-0.10242518765850783
1019,0.14014518556280398,0.054328495127982324,0.29465378451784563
1020,-0.11481594401993345,-0.13013291364028778,-0.19062031278466562
1021,0.5191512454382252,0.2973594162746711,0.3206765715053337
1022,0.48481114058422947,0.344465275697625,0.8218675303771892
1023,0.45112722886137635,0.44600706884146524,0.324058479736816
1024,-0.08266089109970909,0.037696075530565976,-0.1065226180272526
1025,0.6124213022494136,0.539531810901233,0.4504519852966886
1026,-0.03547110427830602,-0.04761310474642444,-0.044592232778517316
1027,0.21778532127808092,0.23657104541682794,-0.14831623804372784
1028,0.1620648583157227,0.10096901998490937,0.16417741474212622
1029,-0.04383486885710908,-0.04345582846845908,-0.05754267824400783
1030,0.11029127124612659,0.06497076741868124,0.2420106099151491
1031,-0.007805931472520511,-0.05334351259805192,-0.1007871150278824
1032,-0.006555808769732385,0.0075154231723690845,0.06379541828657609
1033,0.7011923881590338,0.6115573342490279,0.6744372325287382
1034,0.1608351868046931,0.18199476861724273,0.029573108976521878
1035,0.5197113864736413,0.3723797842717347,0.2755825547700481
1036,0.21574992546128668,0.09728660425479019,0.31184729283921864
1037,0.8290868588563458,0.6822695036159336,0.5105543076483405
1038,-0.07717407907826768,0.008028605877125727,-0.060591808987981555
1039,0.3527127885103536,0.24078804612395066,0.588124093258648
1040,-0.07615174298144167,-0.0452366095994845,-0.10919300429431344
1041,-0.04286396893234112,0.011376490025209796,0.08277607717676738
1042,0.5475335601628966,0.4265235876889162,0.6395755290654752
1043,-0.007017460122005437,0.02846680843101823,-0.04385081194714924
1044,0.31675062877024485,0.248296342893084,0.3195466200319774
1045,0.07859222680500966,0.021383171776446552,0.14708139210585203
1046,0.6537596814113689,0.49014663707659056,0.1890550296749134
1047,0.6361483923664173,0.6280527607457123,0.4808890911532515
1048,0.7176969905796433,0.6925525023650916,1.049040646406536
1049,0.284382377435378,0.1579613058923388,0.28251528121878877
1050,-0.028985144961298226,0.023176396886281925,-0.055045302466014356
1051,0.3831818646746967,0.3485247187488796,0.4798822155129072
1052,0.4004459937882794,0.36302513870214215,0.31679285999597573
1053,-0.11218707023102092,-0.11786158447384398,-0.1748683853744154
1054,0.5189844235480108,0.46095135698454137,0.536437885687048
1055,-0.1607075887541487,-0.023065641438831608,-0.14199659984776336
1056,-0.03281664515767313,-0.10697666562606789,-0.21637698655094828
1057,0.9291872549106164,0.9261986805920899,0.8585178018192836
1058,0.2285007061160127,0.08827770807247526,0.2793422761093751
1059,0.357429349769252,0.15984627992426836,-0.09596149388368769
1060,0.7551441218978154,0.6487182576297545,0.2539978434171333
1061,-0.02792020834913367,0.016503515148015513,-0.03948422566092691
1062,0.22365704791832575,0.1502091440850426,0.024855336437120013
1063,0.8016569825102402,0.6208205746164379,0.5033702837034812
1064,0.15047186394026202,0.17579662167839927,-0.01358914492872998
1065,0.314302516567998,0.33209828897421145,0.23910023768893085
1066,0.6992797393862376,0.4292891087066024,0.7079231203580343
1067,0.2397042877633977,0.3088946751846946,0.1697454771664042
1068,0.7646769357196919,0.5792299472701115,0.8346610574022066
1069,-0.15174410206643751,-0.06460224705464035,-0.1636861100026369
1070,0.2978608974691017,0.24013824003960593,-0.0008434114030646533
1071,0.2762434655657291,0.1498362671024005,0.04142401845470989
1072,-0.1017326715139023,-0.08040539987903295,-0.1173556576533844
1073,0.007681135306306652,-0.13244742026371648,-0.08793763072407024
1074,0.21121911315476916,0.10269291563988081,0.3477837387330527
1075,0.07870503208314061,0.05850485209083822,0.23251905646228543
1076,0.6098284907975968,0.4017294492332908,0.3877173107006173
1077,0.3704323588545331,0.1368769715653142,0.33487769659442623
1078,0.29286114582361433,0.12402817118976306,0.2602776228701522
1079,-0.10828232642823343,-0.04384057645380468,-0.09497118091918633
1080,0.5991403387833707,0.5205736360757407,0.7201100737292536
1081,0.7690946976609521,0.5531256224043823,1.0071579071345655
1082,0.13554655890368306,0.21784830627242702,0.28915959388337864
1083,-0.020622200960961234,-0.024055955846226995,-0.10891454413740331
1084,0.49281768736477627,0.32736449541965906,0.4631726521491961
1085,0.5223580408575741,0.32259636100465894,0.34274930656065905
1086,0.32159539104064616,0.2006879311098564,0.13730448125067007
1087,0.21792788483768755,0.20946012885620346,0.22815118901957598
1088,0.10198522768870433,0.06306932700910584,-0.08118623497555588
1089,0.4268966139777388,0.6795265130319723,0.33223530491869613
1090,0.7260997773589593,0.43551468503467583,1.1307573690594022
1091,0.07628993225754321,0.20173182955720725,-0.11080576164205713
1092,0.12734052671531693,0.08714011765214691,0.14972143561371398
1093,0.61315725793075,0.5408904992055656,0.8150180254434403
1094,0.1534017584603422,0.1653274344460638,0.3219471772745268
1095,0.9519979631046516,0.6252005699714889,1.2052219543564902
1096,-0.18830380630187138,-0.17475009219195614,-0.251199291045086
1097,0.2021740505240046,0.19563307790019913,0.23127812530437075
1098,0.4381924837276465,0.2504813350170574,-0.03771553059984489
1099,0.03554062955629056,0.06960125823679641,0.003470892897595723
1100,0.6515132424807468,0.5290123923607575,0.3622432502616799
1101,0.5440100849232601,0.41748177048428925,0.4755537438356956
1102,-0.12727334999200057,-0.10721953169484322,-0.23854158566594608
1103,0.41564940472677936,0.29922637700501387,-0.015508094797638372
1104,0.8422359219926847,0.5706223813596127,0.7561576555334197
1105,-0.13880126768529033,-0.08737143761272681,-0.1843732839826635
1106,0.1455767787019926,0.17016997958573565,0.23177771872766373
1107,-0.052881678872225835,-0.015675140331291026,-0.008709460121500867
1108,0.3836539817750775,0.38672043109034204,0.19926266439568607
1109,-0.025559863331881316,-0.1396000639863445,-0.14328948315291468
1110,0.13334530771834596,0.10512710614793486,-0.04418624105030278
1111,0.5153259742218144,0.4642646810455133,0.26935212356525895
1112,-0.03904724355500733,-0.07388252336140566,-0.08550604266337192
1113,-0.08853134525822148,-0.11639752487684762,-0.14757951086786858
1114,0.2162586450512649,0.1856380035251326,0.2228338766588256
1115,0.22633017989792403,0.14081794047828566,0.08137462867253542
1116,-0.17631024883759583,-0.13337124526806943,-0.20966057039021502
1117,0.5831066483353573,0.5225851259110195,0.6944284886254062
1118,0.09381217855240198,0.10388450291630247,-0.012661348379801707
1119,0.3427548945144425,0.2287984136377137,0.39429111551815366
1120,0.05391849937513116,-0.01043039715789107,-0.006842133772426262
1121,-0.14786517335561167,-0.048976650236121966,-0.15271323870119835
1122,-0.13128098364348717,-0.08039412274371693,-0.18420737932246634
1123,0.8292461521395404,0.6435774406749943,0.6285877583225306
1124,0.6735269097178922,0.4749838115852716,0.663254984779017
1125,0.12010081237308934,0.02555319629485231,0.26029657373389026
1126,0.44120650869974254,0.4832952365740344,0.21644498299947124
1127,0.3482250658237036,0.3033003347849281,0.24904920236390704
1128,0.10864889355874996,-0.016438095715103795,-0.1422921876230322
1129,0.25764265240436646,0.26491675739500975,0.2886692864336784
1130,-0.16319131306252443,-0.1669601256813803,-0.21781925941003044
1131,0.48460047850904164,0.6824142778604987,0.4141503775729307
1132,0.23136804873335048,0.06659569176535118,0.22462008340466744
1133,-0.010285163502850025,0.07392422977532598,-0.017555891947534707
1134,0.10326084412558134,0.017091577856565898,0.1392869244063939
1135,-0.13090489949383444,-0.1049446121795844,-0.1630929460036148
1136,0.5246863622926246,0.39865206939465647,0.2882778963904564
1137,0.641901848945301,0.77225963901479,0.40979143023494236
1138,-0.13209897592429576,-0.12290159387686839,-0.1670137634849551
1139,0.34502501540242814,0.29585845504594577,0.4694568727539399
1140,-0.07040523940393617,0.009843442706438,-0.16847342122805065
1141,0.5778130223098286,0.5298623060994938,0.3096147411517578
1142,-0.08508819245840127,-0.046141067357078014,-0.03767894014209783
1143,0.07822432550078995,0.06369841180694902,0.015770799506652722
1144,0.6353262614807587,0.4477087088075282,0.704117665455557
1145,-0.08219692964529401,-0.054092766825047045,-0.10785370548412054
1146,0.2922429970346656,0.35598600440484574,0.23503289256799365
1147,1.1162551788703143,0.6665359107767057,0.5559512270685876
1148,0.45973705994709313,0.4027219327684184,0.6702583295604843
1149,0.7330822653766051,0.513204977482822,0.5638427846112402
1150,0.6250306297784705,0.501087517185477,0.8209161339068582
1151,0.7486819548979793,0.6987850137552669,0.9061323558284671
1152,0.15697606689473154,0.08184968235486378,0.32082573100295586
1153,0.055664425182603505,0.016190713415619618,0.39053352281294407
1154,0.21526275234373582,0.18856985497346646,0.26313125956440886
1155,-0.22563370295853336,-0.21682209384540374,-0.2331195682248255
1156,0.615416641516942,0.49995204919342284,0.7059163603788137
1157,0.1333839324402588,0.10981812389990808,0.3712103463142473
1158,0.22314170697958025,0.16312168916986725,0.40408972712567004
1159,0.0995819803959912,0.026927826229817375,0.16001064140895038
1160,0.470423990728984,0.49066832704687324,0.30624098694027735
1161,0.2632995328027663,0.17288126431574002,0.3262183702755177
1162,0.10838571835823885,0.06407321159177526,0.36637236837112974
1163,0.10229005303000971,0.021087572416268685,0.060629858983354934
1164,0.1479073649100231,0.19317052668585166,0.38197765180474286
1165,0.18958481000440486,0.1035016988837556,0.13621324753423503
1166,0.19814485475857335,0.23021078584691135,0.3914115794389217
1167,0.1172441986929218,0.04985625781108327,0.003965639557337974
1168,0.4384158267829834,0.31042924101993496,0.6057585624483044
1169,0.08512356102081498,0.048152569850753224,0.08244684249393708
1170,0.30284317569598973,0.3665112711431622,-0.08399889208976874
1171,0.601272211723265,0.41790245573196927,0.4362459108396921
1172,0.3100633336606664,0.021728103403426235,0.13875418307485043
1173,0.013433531375859342,0.023697265745682206,-0.12944035819943434
1174,0.5852984510702992,0.4025497961031659,0.32136965548731045
1175,-0.12147801141491688,-0.0640000408549245,-0.13444242080833035
1176,0.7113215935280501,0.5535595184591875,0.3649016370299891
1177,-0.12936706276023147,-0.16698566197389764,-0.0049912906287647996
1178,0.7345535825854363,0.5821296395926199,1.0718274325304216
1179,0.6347538576281324,0.6527187456983363,0.437422847547259
1180,-0.08200593565353087,-0.04981588829594874,-0.08814623590175719
1181,0.5010446624339648,0.4551434016027991,0.7024623797600333
1182,0.5237684028683516,0.39354004687139144,0.4553175472954174
1183,0.26717646682542395,0.07040960587082612,0.0005416203691424037
1184,-0.07236146369901508,-0.02684792912898315,-0.07475492984583554
1185,0.40988878510235427,0.36863422727294526,0.36548405660214645
1186,0.1995949649267732,0.12668792518121874,0.18694221396650934
1187,-0.08626897797258082,-0.00510398792375566,-0.1286480722807054
1188,0.8853057178580188,0.8030385376949896,1.0237253665216532
1189,0.4195140389244234,0.3441540169023556,0.4279521067137708
1190,0.3771511030150707,0.25760273387987054,0.3371497697445516
1191,0.6107681498535347,0.38989927230279764,0.1477412503552309
1192,-0.08430172282688086,0.044332172120633784,-0.06261599950062302
1193,-0.030160684065093424,0.0019341048515670867,-0.14857388082104028
1194,0.27182775760212996,0.275842819037428,0.13107780528366053
1195,0.3380971112924278,0.26605597588087715,0.3592546874146547
1196,-0.013885578115313435,0.04183641868548138,-0.0418388447599628
1197,0.39171027864081887,0.18445678840425872,0.39783751652904753
1198,0.9275861493336357,0.8336777810252896,0.8715990790954156
1199,-0.07503307125152348,-0.09323806451738981,-0.15724365608758695
1200,0.6485476499722433,0.4181773912531648,0.7188792471087264
1201,-0.1251731050332956,-0.13869084436049972,-0.16229251528451738
1202,0.21868318716651447,0.22129866105339402,0.14832903006660514
1203,0.17484987835855992,0.11979421053517991,0.2655672476736748
1204,0.07007249351272837,0.08960703999667996,0.015239300620886853
1205,-0.18738878916304869,-0.09565241798538782,-0.18604704613806733
1206,0.19907523187875364,0.21283697304814164,0.3410064050491066
1207,0.0845667849205225,0.06118853481207642,0.22228378193358544
1208,0.24333385383662587,0.2069030787917343,0.01460389015237662
1209,0.3734803051182596,0.24637234577920752,0.28968769230324276
1210,0.4048742825691889,0.23256697193165055,0.4842777065444843
1211,0.0988566594275675,0.14355775062988596,0.2854779802326797
1212,0.3037911282668293,0.19625208673295713,0.44266195589817725
1213,0.31080142343809647,0.3497664987725575,0.28007892054016503
1214,0.019872878302157115,-0.08512720956610065,-0.0384505155994348
1215,-0.09588448911516123,-0.0793456122825359,-0.035750623391930025
1216,0.39568629605486927,0.22006518406427378,-0.01703263457923032
1217,0.648920477899465,0.4283959081847952,0.5529058678139871
1218,0.12915518395460102,0.08500959292587917,0.19400479561730077
1219,0.12479352391824539,0.08781508789907999,-0.1281271206311111
1220,0.3935957551217688,0.3645015452919511,0.4096822574041403
1221,-0.06290858540084532,-0.014036018673038164,-0.10626667123907385
1222,0.24153767682670502,0.38926984460567393,0.09543386458488823
1223,-0.007551083778717604,0.01699003602411886,-0.038565749666021554
1224,-0.05965983003436748,0.0037613550089359293,-0.1341227695592505
1225,0.061001319613200655,0.000602435930496581,-0.09386112338406849
1226,0.0885365838076515,0.01563077945092095,-0.13002283252181324
1227,0.2104535241768497,0.06294917839789038,0.19053514735018662
1228,0.3120039122387348,0.29733357519884906,0.3073270548511198
1229,-0.13056851993511953,-0.13567182558043456,-0.09569862357577064
1230,0.5062166127811962,0.34665180358639547,0.09055159061046747
1231,0.7850849499009327,0.581492407289866,0.3034586736534477
1232,0.20438643264250134,0.1693770095494327,0.3997707761258775
1233,-0.05425922267868721,-0.028958144904243976,-0.1826906883057815
1234,0.8119544346389516,0.6488990531987802,0.8487944995169321
1235,0.8991267980120419,0.7420979429969943,0.941641864012527
1236,-0.002236784467092079,-0.0005043440839241908,0.09907953522507373
1237,0.28132186922446345,0.32125152846490357,0.4974932846912037
1238,0.585578275414091,0.57835426327512,0.7487484092956032
1239,0.23787809056229436,0.08925327809496042,-0.060034015641690974
1240,0.2093140008612504,0.17416271628232805,-0.10681188748141279
1241,0.3542009075888295,0.3248229919353687,0.26510671717329237
1242,0.443154390094211,0.4438318202172362,0.39408927629553836
1243,0.6397697787113068,0.45247756829330044,0.6868476230977054
1244,0.05108813162530779,0.07477310813336491,0.13729918282066667
1245,0.3226097990529164,0.34832089701923663,0.2617524238574971
1246,0.43993338001661586,0.4948842324577045,0.32601428339317917
1247,-0.0165369736062545,-0.06482260119131356,-0.07474891138410145
1248,0.7384688557531374,0.7057076484259674,0.8522648204607122
1249,0.3817329169333292,0.4022800358298628,0.24006189437328573
1250,0.27126336714005106,0.2693593865956403,0.2599790668588533
1251,-0.08314510387001284,-0.07084855504461007,-0.08290130238252047
1252,0.6024217601685165,0.4337953896168185,0.4015418895373508
1253,0.08725113095117654,0.017507982681514767,0.1768875958623779
1254,0.2604730464497187,0.16939261868010935,0.1593540807006426
1255,0.2222695201899736,0.13034309388830345,-0.1042628925319038
1256,-0.1744983865011447,-0.17389965603313584,-0.2695120347371821
1257,0.729903374689524,0.5552019598585787,0.5634853021445057
1258,-0.09620190844690624,-0.03546854784765163,-0.1422660999410511
1259,0.48982065040050093,0.5454379457915097,0.4107087650081387
1260,0.3732531645175725,0.40019815314979157,0.17230221653853506
1261,0.2982085993665484,0.2508105624587087,0.5754360699476742
1262,-0.021601989117206788,-0.03183089636235337,0.08262293499065265
1263,0.4987327813379079,0.313022468482304,0.22681319285184243
1264,0.26639836534486583,0.09641987602205981,0.1555628055225795
1265,-0.18028656530719134,-0.13663404131204082,-0.17080113567054878
1266,-0.09035005285781639,-0.08978909428441462,-0.19131925094312863
1267,-0.25204231176471836,-0.21892154352835447,-0.24017619662613932
1268,-0.02658286306716018,0.055500588626145486,0.06006685183964788
1269,0.43659718936414826,0.2620542088447533,0.34978954974239573
1270,0.5252413791672905,0.3492319968725328,0.5168842244786613
1271,0.31107761094155606,0.5196457523948415,0.3791073183272502
1272,0.7011290742530685,0.8086438201721824,1.0131632788840483
1273,0.22532071204347082,0.13029973059825406,0.011602513678419912
1274,0.26345881938546944,0.25859660919273897,0.21656592631854954
1275,0.10956424918349672,0.08425675578298009,0.3271080397028612
1276,0.03790711970982841,0.04144026411816282,0.0849463796368688
1277,0.07792552169821687,0.08672935444536378,0.24316541565797056
1278,0.3827222536403643,0.4136689205545603,0.29559169788688444
1279,0.19871724095163734,0.16234960102929707,-0.03096322599924617
1280,0.37895232453972505,0.2529766248984411,0.43691151996729705
1281,-0.034022952501593595,-0.026936578323297322,-0.03598209434440702
1282,0.20013237689919583,0.11739937699158287,-0.029694851800265654
1283,-0.00028682017524161996,-0.031059269323266414,0.027581787839639826
1284,0.4149653350634561,0.35239094808218185,0.13431625672314906
1285,0.280532451432592,0.16236812853143,0.2845853878352025
1286,0.09750697999890034,0.22956851440126425,0.23417883786584448
1287,0.3995538703983925,0.3966031652177764,0.2250773102633894
1288,0.23503742561604324,0.30688220656796883,0.3962066219571245
1289,0.2761712928306934,0.2720068399708906,0.3815004257399188
1290,-0.13838531371755924,-0.12345317386424537,-0.1577123808567561
1291,0.19372711032737344,0.19971553186555524,0.4024462651589815
1292,1.0806624245027683,0.8466884714678569,0.983209429622433
1293,0.22414015124313158,0.07535201294293747,0.08461243858934608
1294,0.48023283341425427,0.6818731841652768,0.637084919865571
1295,-0.1818593057190503,-0.19146865765909749,-0.1938458090747598
1296,0.13372052166985604,0.04381618867064696,0.3510046717740656
1297,0.5520935261611595,0.38631601936049176,0.6770561846925054
1298,-0.08567540413185959,-0.01418175932424881,-0.09832447595577198
1299,0.39969674057276783,0.272054255092947,0.3618554791849833
1300,0.08029442720937974,0.10559226054328263,0.03914403754697804
1301,-0.04573189623536178,0.04058379754712926,-0.05545054583486331
1302,0.8533881336400069,0.7061020985736857,0.35796564121339847
1303,0.10029067844205675,0.032280069974010006,0.21679101257062072
1304,0.001643885266401801,0.012324344517762986,0.045793754406246334
1305,0.021268120209122943,-0.014477667515586212,0.07494408519548923
1306,0.17770583918938931,0.17868491493853456,0.4423279743365818
1307,0.11091403680733536,0.10506336402130856,-0.020016912898094152
1308,0.1913410099965085,0.16938103467142107,0.40504940717832905
1309,0.5504498136806353,0.38856644406025875,0.2251249836289031
1310,-0.06483230409080387,-0.03938642183756569,0.09732481017676142
1311,0.1094368146973308,0.1275833476617878,0.12998127058456888
1312,0.23889846457150954,0.22646135024035075,0.1453302981662925
1313,-0.17813741948195283,-0.15665267945788464,-0.23427595853978012
1314,0.2263437460826574,0.1966944085709743,0.2209576345750348
1315,-0.01827239859826868,-0.0033590605049818034,0.03641856122308629
1316,-0.15996643110226072,-0.1811189746170292,-0.21105009483353254
1317,0.25936583214258246,0.1769901961155369,0.27101570489456184
1318,0.43861739353327667,0.3695424595285517,0.3861391866603672
1319,-0.13450930278220075,-0.13384867456491845,-0.26832185860729285
1320,0.6279881946207926,0.4623221840449008,0.6400209919071556
1321,-0.029233164394935174,-0.051564286095935,-0.06099154513660676
1322,-0.1424173830245009,-0.08099277200177102,-0.13379814950348579
1323,0.4839073095689781,0.5260451854227759,0.44625381537075715
1324,0.14188382612336126,0.06274509133561534,0.27685637806728347
1325,-0.04369861922261187,-0.06352748705602485,-0.12225761352095665
1326,0.39100838865322585,0.2304246058413073,0.2993048511870924
1327,0.5455493601147186,0.2559615294226534,0.35825214346028167
1328,0.7045528720270307,0.3998357776394932,0.43512771454227406
1329,0.4509451444253807,0.38364894026782537,0.6717472381672074
1330,0.5278964610212908,0.5506068317673911,0.44361432543674884
1331,0.6532042268777112,0.6978183243491225,0.9679218283260083
1332,0.45974661271427264,0.17059881152903955,0.4772522694945731
1333,0.14898018762027365,0.16597603964695695,0.21719132328172597
1334,0.12822613661828774,0.06995864075055525,0.2380570471299086
1335,-0.031147240520219444,-0.023594398191604693,0.02183464950319247
1336,0.7431961368685784,0.7500293539024581,0.6205274531567782
1337,0.1193340596494008,0.10164141003333893,0.20468032477132048
1338,-0.12163747759742238,-0.09353486077415984,-0.21236087508702484
1339,-0.05969451247358171,-0.11638465386201424,-0.16293710489457436
1340,0.6333574490168454,0.6422928068508089,0.8983268588635205
1341,-0.12822865080090795,-0.08165853431053627,-0.16208406150593346
1342,0.32935014551375397,0.49999102501031145,0.31823287867824557
1343,0.7935869819748207,0.5947603509590114,0.8705526634625833
1344,0.8487446182580525,0.542403043825878,1.0149687780895822
1345,0.18918692848242413,0.08956781430136096,-0.06845917718812045
1346,0.11028080103724114,0.06622736775656946,0.10756126465123805
1347,0.6073067122636122,0.4417201332466931,0.154166992212611
1348,0.2457695101171704,0.22699550593313833,0.10799057820561653
1349,0.20992508617632843,-0.00622827151517058,-0.06599166537503343
1350,0.20937484734775702,0.15193528700376557,0.1500398062395012
1351,0.12760186426029607,0.0579914075912209,0.32081426123328094
1352,0.28728101738213674,0.13275739069133152,0.3537719338774157
1353,0.20249613724636673,0.1797442546192114,0.4840324621815
1354,0.4695964211964079,0.24321205926299205,0.598928923514126
1355,-0.10379344858914186,-0.11024991934099249,-0.15639184370173143
1356,-0.2785390532747546,-0.26313670444492165,-0.3366691245565471
1357,0.7195111342324922,0.4483295158366789,0.526074000913566
1358,-0.1708135647282285,-0.06002502071132654,-0.19097737766516898
1359,0.5430325336160959,0.6585766075454536,0.4111809257692103
1360,0.15236556479451213,0.19293895111684178,-0.03668700342060904
1361,0.3225360554194667,0.22473457519429263,0.2743149853704927
1362,0.33633298163302516,0.3412437014384282,0.22780337677954554
1363,0.18866798696502673,0.1003950829896636,0.3677638935765353
1364,0.4007036713126755,0.29291729951192735,0.3525358574680808
1365,0.4883953249566859,0.4130642166734668,0.03599376450755942
1366,-0.008777223460506689,0.031073342634142964,0.02422912832227997
1367,0.1505429982662656,0.13263972740306285,0.23115049235366447
1368,0.18882828856895517,0.10912617359292631,0.45079594095013475
1369,0.057940838849975806,0.129411713861024,-0.007044830956538739
1370,0.4190340176713987,0.5514592355420977,0.6964049800344814
1371,-0.1490846435847083,-0.14118088256174688,-0.20054041876393314
1372,0.7273852919215111,0.6177442375663642,0.6908385696250001
1373,0.43759368408008426,0.3434519804725198,0.37873800152435133
1374,0.3880036810191203,0.43051063755493946,0.33284240352145567
1375,-0.056944258168839745,0.043202214170558584,-0.04237075951242886
1376,0.908688226916041,0.7281812079609302,1.2390920850020892
1377,0.5690460068211793,0.5706939920602991,0.647222428565633
1378,0.16092369590592925,0.28115309795815047,0.07021280766119364
1379,0.20094532329596992,0.23731671111043662,0.2957933301400515
1380,-0.21386068389766122,-0.20502095720845037,-0.2770141614184144
1381,0.7969831978078685,0.6477343310456098,0.79837955705875
1382,0.36869423068220897,0.1843688326638211,0.2544178471379839
1383,0.6691606790237405,0.2715164945318387,1.000578660365154
1384,0.572722622154987,0.4533639257721944,0.3521989559320069
1385,-0.0875127985184534,-0.08172384845274716,-0.15627979479280496
1386,-0.06918030380244766,-0.035081847637803754,-0.07894503385004037
1387,-0.18086545903149953,-0.11526944168439035,-0.21214987675927577
1388,0.053590883687880675,0.020764106940988736,-0.15673780001157656
1389,0.43503780501703715,0.46520596140226966,0.6279357821423832
1390,0.7067084983446883,0.5154624729764881,0.24958640857120784
1391,0.565045411367296,0.44199342716364365,0.5911521389403191
1392,0.19865378251494303,0.2290791968796655,0.27627180869519696
1393,0.5201958494422869,0.39002549380890184,0.3901282257440728
1394,0.10873623247060937,0.02272813677994412,0.2815764452510987
1395,0.06820410606262861,0.03923339490670341,-0.03622800117602443
1396,0.13410294542891465,0.07240165620843109,0.16525482637826183
1397,0.29307070705020366,0.22860562743267865,0.4287611981029118
1398,-0.033282732857099706,0.00413032779179745,-0.15690345833017716
1399,0.17434717172697178,0.07606764487460538,0.32637217018061526
1400,-0.13773292866013087,-0.11638441443157932,-0.19376723426375508
1401,-0.00029131289749395606,-0.10042198936418878,-0.15600797460626148
1402,0.7810665280672426,0.6758579654597521,1.1532971770122855
1403,0.34871539623908854,0.5900391821171433,0.6897740366140295
1404,0.7729091773382983,0.526004318252083,0.45530018182529775
1405,-0.04236576635954392,-0.05655167208501033,0.004784004965761701
1406,0.49976635409868675,0.3550861188792356,0.5330462749970735
1407,0.3569611522784115,0.16381119978966763,0.10704710814095009
1408,0.5679191466626834,0.4988834465123506,0.6823905625100175
1409,0.7392623091309922,0.47095147638205925,0.9354615719222954
1410,0.41912509779072504,0.3883766242441411,0.33933856177793387
1411,0.8619236459486725,0.8179166714205908,0.8189476750588958
1412,-0.06524814387697164,4.061505903174556e-05,-0.08109470333210878
1413,0.4132881180682315,0.30973855527977046,0.36337534446750697
1414,0.09480029640087273,0.03495967129637556,0.06436106805665553
1415,-0.07429183048749866,-0.07163943459321331,-0.13797362556308235
1416,-0.11194939790658998,-0.12337389840527169,-0.018087944630186814
1417,0.36376594490520064,0.22549004355390978,0.34526595293289897
1418,0.4455465806548322,0.20331169994831977,0.1009646931540289
1419,0.061925083595281816,0.013369905646812397,-0.018147016340969935
1420,0.03723318168433498,0.029709440639497098,-0.07843829923590695
1421,0.23223450221756514,0.17110174108857534,0.19979188459534059
1422,0.05277542762901177,0.1507453561665213,0.15812233575316337
1423,-0.04595503315138194,-0.03046116463323112,0.02039923979519309
1424,-0.029041819056053075,-0.003973596901313159,-0.09539334726564064
1425,0.1566788857065684,0.017110851609503763,0.06436401047551077
1426,-0.011340824805059269,-0.022371845604014395,-0.07792492853993083
1427,0.8408082008284521,0.4746805057943775,0.9726533120800887
1428,0.6080693617591788,0.302639433715002,0.647266764805744
1429,0.08063484388935938,0.010514688692257579,-0.129154028779785
1430,0.6535913154673607,0.48110829535972677,0.9916039427070689
1431,0.5050689176233714,0.26983398003478665,0.0820704450052896
1432,-0.1361279234259456,-0.0856599532150768,-0.18700852205576957
1433,-0.03298951100561798,0.01925510072076797,-0.022081568413484853
1434,0.5699526460705924,0.3453970270508062,0.5437548263788416
1435,-0.08151762527426198,-0.06987914889185709,-0.09455937344108267
1436,-0.1807606300626713,-0.12460523080322261,-0.11961784814462906
1437,0.11911111757803372,0.07932505309216031,0.3115596741482596
1438,0.1485620094060447,0.10969032139222934,-0.06954588387316973
1439,0.2792073899226515,0.3486214685875699,0.4951909126876135
1440,-0.1774703474666096,-0.20121434235946667,-0.25208923262849314
1441,0.38881327615766237,0.2808881420371949,0.4116152778480344
1442,0.6764414264144087,0.42317830100995213,0.6709695963913169
1443,0.5367976567821431,0.3726635530884461,0.43783772812071575
1444,0.7416974623000856,0.6487449404030325,0.8003065901087103
1445,0.037493847715605044,0.27105631427912535,0.38142881285556185
1446,0.15785462092267633,0.1085751472443508,0.2971089950117738
1447,0.3623690524416172,0.515115824536428,0.4242887745141193
1448,-0.029685047308959378,-0.007790478952402147,-0.020552696070387344
1449,0.2084404940401099,0.2004277946982842,0.214478801169927
1450,0.39270711787938506,0.5071107576546987,0.31668358571522703
1451,0.4900769665999274,0.3232466222458257,0.7459431566572505
1452,0.2550204418295847,0.18232058914894722,0.28732578143519705
1453,0.7099002963622183,0.3867959271277128,0.7092985554351814
1454,0.7723629848574545,0.3580927751407561,0.6881304946926281
1455,0.3242737846061037,0.346430879619972,0.2739911975669427
1456,0.3170985493533385,0.36113764955273386,0.3140414411014627
1457,0.5515800535687185,0.5724058640187495,0.3755676638450416
1458,0.14862914362410007,0.05122633933787335,0.07281383526441298
1459,0.21807506865485693,0.12551644396347506,0.17203621943044345
1460,0.5806255795003374,0.6092339544304455,0.5192862684136834
1461,-0.181118058830542,-0.20945198173342638,-0.2533091850980821
1462,0.9212744890708346,0.9310804422877901,0.9484552622058811
1463,-0.15020015355340577,-0.1536283889106671,-0.10644201846065926
1464,0.05687148082357241,0.061988168410821,-0.039549851036638106
1465,0.4395096385403625,0.29536060886340265,0.5684311915453659
1466,0.18836354161951485,0.1508789970672486,-0.01620042351298767
1467,0.3173204882027978,0.3669426580216393,0.3301695450783704
1468,0.10300132795694683,0.06844916146638735,0.3420497032966725
1469,0.4247432311823751,0.3814377844944181,0.19896653257598107
1470,0.25740063916639455,0.26116350830112833,0.27518190532729214
1471,-0.22971266280446367,-0.18611029169576299,-0.25853229694733815
1472,0.329071728121652,0.3663651936649841,0.3060364749540412
1473,0.6701453547761644,0.5509382456014609,0.8087420673397541
1474,0.7306558393827132,0.7758525441173347,0.477255160195031
1475,0.5477662750418639,0.6645644048470289,0.5023940215005054
1476,0.9777041385430998,0.7218949062935371,1.0800286474700105
1477,-0.17459909189231448,-0.17462346422294184,-0.19947358801047388
1478,0.058273753129245875,0.15535154007585472,0.29216576976949216
1479,0.1084229280379776,-0.024760211731455706,0.08175145978749043
1480,0.24842100318263793,0.2580218695842402,0.262723848483958
1481,0.4126367464336609,0.33194854618448866,0.28331799127285384
1482,0.339961221075749,0.19753214523889362,0.20864247454659357
1483,0.18031382903409754,0.19083593389282316,0.3700475912199568
1484,0.8859840988377101,0.720722849318093,1.156230366973488
1485,0.6014133689816372,0.5547568101588636,0.2821312444891524
1486,0.4759322895164142,0.3677685508141475,0.37892799932365095
1487,0.1046547091145098,0.0940333148113024,0.021173739435587757
1488,0.5401433800869366,0.32984175490755874,0.7290977639770533
1489,-0.025037575793439903,-0.04578684496822483,0.03864947680188213
1490,0.9996236306695925,0.516585358348977,0.6224987964897779
1491,-0.0743425095260255,-0.02904548171398924,-0.01719781741349724
1492,-0.03577559719705081,-0.0476889331716176,-0.08788678789568316
1493,0.44754011151671436,0.2924436173675975,0.24745661554336928
1494,0.5536441586177807,0.15974296372811936,0.34886426801425374
1495,-0.02912226482574687,0.006003938058996905,0.03457769455444115
1496,0.49519050102596207,0.4102007495644857,0.3171051514226775
1497,0.21556337409938098,0.11361072506993253,0.047700294967963464
1498,0.9868618091527384,0.821748468214065,1.2172526636390937
1499,0.5521737653800676,0.48771452402090354,0.6162873563607005
1500,0.6964562327300927,0.5968970023723099,0.48173470817901487
1501,-0.2351424790533957,-0.18853322808793327,-0.28231979685334196
1502,0.16568585089082122,0.07769191807908982,0.03274970861228588
1503,0.45619776560831204,0.5884830291359047,0.6640186732949593
1504,0.09101590709615359,0.10150518998056723,0.05263531289980894
1505,0.1301080255066367,-0.0045546478125549905,0.22299894215820548
1506,0.16100309327216933,0.05582389344019356,-0.03702933817538412
1507,0.3227635581891144,0.4048738832135017,0.33976486527277805
1508,0.17954303598103394,0.05784440612221986,0.3548974689934583
1509,-0.03164474597607958,-0.07149947488688724,-0.10263023795658821
1510,-0.002169188859648896,0.13528747694412813,0.2515802077474272
1511,0.05154685565932193,0.007954952087165346,0.14786750724887154
1512,-0.1255607654149975,-0.13779456520034494,-0.15237592811781198
1513,0.3621108834922988,0.4643952135990075,0.24550042747103906
1514,0.5513975113107985,0.7227384608825307,0.7198270156670865
1515,0.11580459426538958,0.013238307070190691,0.33667418838804086
1516,0.5132511771928685,0.3564246478907629,0.25242558464183906
1517,0.5375588552058619,0.4713418814634125,0.37470245813410874
1518,0.013332142099435451,0.0187911211842835,0.09321270937566584
1519,0.1743069153690917,0.2868945817957813,0.15355922690924473
1520,-0.15342350177178155,-0.15357615359454202,-0.09146369887892025
1521,-0.12224731036613978,-0.08780240529335692,-0.09045732717131638
1522,0.5305487763830175,0.3648478375490838,0.40151720898254806
1523,0.6427283812972031,0.44861375272453263,0.16323175339318907
1524,0.10778159458886671,0.03112872340327022,0.17461109827712273
1525,-0.030318684620948,-0.035088186408965494,-0.03241149015586253
1526,0.3988322366717587,0.5715224207809355,0.2997806625124426
1527,0.31852246464318257,0.2935952158573911,0.30291565302094203
1528,0.4519544977727685,0.3165737846089449,0.3513498123466361
1529,-0.11722873553044821,-0.06839381286055679,-0.0703067409036362
1530,0.6447406396539928,0.6129379071467072,0.37049100039306815
1531,0.5279903358161633,0.5503313028364794,0.2172241284524301
1532,0.12369860998287208,0.1078793397416471,0.31320545474767836
1533,-0.13455524265801888,-0.05409997304333214,-0.14019109384719408
1534,0.5467685150790509,0.48694542896609394,0.28198971855888755
1535,-0.09867230206092859,-0.08079284429002775,-0.13452909561647752
1536,0.04583596148042379,-0.06024131718300363,-0.13374035144686625
1537,0.550708840357695,0.5163076549688532,0.4580654132871549
1538,-0.22199921548480106,-0.17831661113130826,-0.2544455585399771
1539,0.2921573864078153,0.19839782918108284,0.307254164490663
1540,-0.20321626245179614,-0.12962793237558135,-0.12180582466406475
1541,0.06943734227683729,0.15445297258013424,0.08387723735718211
1542,-0.06831519143542286,-0.044290435903304726,-0.19279484521106272
1543,-0.17129298369419577,-0.15839262451690983,-0.23480151191331433
1544,0.07422337844760651,0.0035222474778542345,0.00563566461346432
1545,0.7557031853231129,0.6889538363490297,0.9709762251361043
1546,0.2797929470733902,0.359557295770798,0.1795010098248757
1547,0.24316073535240412,0.10612966255781853,0.20231309816035825
1548,0.8111635992996808,0.8377508837557277,0.5960023813185598
1549,0.42208818471145504,0.38953892180520744,0.38440426200263045
1550,0.09024592968990586,0.22668543506570416,0.11438221889957068
1551,0.36339125844501585,0.23237844484592585,0.2024789438239789
1552,0.06936978746863476,0.05230594820144807,-0.14847404718606105
1553,-0.12123930402438554,-0.10327135527106945,-0.0738350831238691
1554,0.33488895460506063,0.34494342494246855,0.3191287160977794
1555,0.29644266339758296,0.26699273657503064,0.10187379938461949
1556,0.8239849409054305,0.8896408765699184,1.1323271749974881
1557,0.5112076835420043,0.32135637108904547,0.3425223093806937
1558,0.08319885853782916,0.1519978852468773,-0.11720146515712526
1559,0.0017180126971321208,-0.04010048439670966,-0.07554314627307357
1560,0.8517942346934535,0.3803759966089957,0.7111231822387587
1561,0.35480888093804386,0.15356006710165326,0.1651930330393414
1562,0.14005432822850672,0.13611175104778073,0.1644234658801249
1563,0.6218341726605892,0.45182793848365876,0.24860177532386185
1564,0.5882812233154324,0.21292294392383582,0.36111661258577965
1565,0.18704685984379754,0.16581951784024596,0.12928839857719443
1566,-0.04923458902446931,-0.0643475125953552,-0.1806836098617597
1567,0.5433607586352824,0.6040915403941101,0.46841729881054883
1568,0.7747131716649525,0.5086743668228682,0.6800977329933564
1569,-0.10664423374730203,-0.0564505427074552,-0.11732116254952873
1570,0.20985589654625159,0.2267777256725787,0.22568725271886936
1571,0.15336248977974698,0.11650540883912841,-0.020918125097048823
1572,0.4140346710561711,0.24315963433261123,0.3409714860505373
1573,0.40762989029852426,0.4053276382474038,0.3638718454484202
1574,0.2483644749102114,0.20610319944086775,0.42118594709339696
1575,0.5472523503273075,0.4673079530290025,0.7620764706929832
1576,0.4716903580595746,0.5641703001166609,0.6906937616527216
1577,0.18441727241969108,0.15862433993852743,0.3175766452843334
1578,-0.11546159646885656,-0.1058714187646641,-0.18671710719166978
1579,-0.021576889192493343,0.04917372734483294,-0.0004451480096596683
1580,0.08681860123433016,0.07089962622938772,0.22057228602337697
1581,-0.1799713444142621,-0.14653365231129722,-0.23867974346455434
1582,0.25118370563944237,0.4013448776329882,0.2843924999152232
1583,-0.184028944106157,-0.15376376833000693,-0.27994374537762734
1584,0.43698868625308984,0.23365744036229463,0.3590085324615555
1585,0.01792066187677177,-0.07578019677044512,-0.16443606981753744
1586,0.3119281528227249,0.29257067655497226,0.36302045578903375
1587,-0.17214019208491127,-0.1740537400007851,-0.13574485674455927
1588,0.6686671136363311,0.25498314540456746,0.9331787482125633
1589,0.6662782602418029,0.7418692408007568,0.7134605037178727
1590,0.13828967244328028,0.14554004314819413,0.36882427815693397
1591,0.1504865383460472,-0.0058959940425847845,0.3765846986191257
1592,0.14045942085174845,0.06429040426940169,0.382747958641231
1593,0.7273164285873843,0.5934872333372818,0.1611372399194806
1594,0.273529141635515,0.3862752378063652,0.30507510829508155
1595,0.28812336119168735,0.2751398748808127,0.1879055553405582
1596,-0.11133322920605249,-0.04825940186828925,-0.20771325999914947
1597,-0.15168571590125757,-0.04066935224062296,-0.007688855175271181
1598,0.4431317942057704,0.3599276590844791,0.4063382722920126
1599,0.4124520858381209,0.29797808295072903,0.4546822342874577
1600,0.7790353143497839,0.32047798436006714,0.43245338607684713
1601,0.5452972417832838,0.3735830289799478,0.7158551844671557
1602,0.44408650030482466,0.272482008918961,0.46154854171996473
1603,0.005937684105266072,0.015617889701617704,-0.07896411054935515
1604,-0.12907966661651105,-0.10652915169259425,-0.12257339660455302
1605,0.09878171998581076,0.009765517464096929,0.063638810596238
1606,0.3553175187406823,0.3954027035616188,0.007512867629733133
1607,0.010208088836119789,0.030550212477073346,-0.0032733201101906584
1608,-0.09448406886792293,-0.10919460774527001,-0.10575480520187752
1609,-0.04913261317705586,-0.07187378402074196,-0.13899486520314286
1610,0.7196919750934747,0.9287576547008711,0.4546871570762758
1611,0.4362394066824762,0.3658189246368946,0.302535863328548
1612,0.05217745379107064,0.05772591943351002,0.1305119019590144
1613,0.5837875574239737,0.669874789365142,0.4951763161883531
1614,0.37839773408502175,0.35526927916811935,0.16381701460912934
1615,-0.05370118192896478,-0.05717998090616716,-0.16894504110678366
1616,0.00998741229080502,0.038283653493661696,0.014550240745152099
1617,0.1498032543508272,0.15514927257517264,0.1660340249722867
1618,0.49465718448851326,0.23501901902212352,0.466781247495484
1619,0.0024294353034561844,0.11345850219406683,-1.9830662189468384e-05
1620,0.24579300034009322,0.19937424247747892,0.4230114626705781
1621,0.8212071839978565,0.6460768508168624,1.1138035162869726
1622,0.3837847259791032,0.09417149679256354,0.08549031454633571
1623,0.6261935924665396,0.695111839751543,0.8006027574055734
1624,0.5582018120638483,0.37418131441371183,0.6969302770147909
1625,0.1610790837069902,0.14177268901012452,0.11945721726843339
1626,0.9728870668951894,0.5203157594011503,0.5562255664852762
1627,-0.07158536611221444,-0.04539985784074552,-0.08518510403120583
1628,0.14423360758280412,0.18101369181178373,0.13966114659740492
1629,0.5663630771310726,0.45787065754217604,0.32576494606036355
1630,0.034699694366117084,0.010526673999012415,0.14037757673026374
1631,-0.21645119686349212,-0.20896726721210834,-0.2552045935565116
1632,-0.1060051686984036,-0.15753862553504583,-0.16504848367022218
1633,0.6203701274611231,0.4866273022121199,0.6469972664057106
1634,0.3309092331622778,0.2687865501286577,0.23485895300479265
1635,0.3759519273566896,0.39007381493997384,0.27258337968109636
1636,0.7618850608138539,0.6038630210822833,0.4994179778277905
1637,0.27240393928362705,0.3303099232312867,0.2608672913637684
1638,0.48924288117281356,0.3070709725870704,0.47831771763313014
1639,0.08931418205511443,0.06961111346033966,-0.0917102883233375
1640,0.19622092423339987,0.12422079963216914,0.34993918174389926
1641,0.3910335636358513,0.27154013751356176,0.4564443025040228
1642,0.7842801861325073,0.5195536798249067,0.4345274239896295
1643,-0.08248358782038245,-0.07611525492557736,-0.05165253643955514
1644,0.6242875465398032,0.508427063664338,0.7105725754007777
1645,0.18148572729815915,0.018942531955272512,0.268511358801943
1646,0.11087431549620796,0.1330406934487387,0.3153121921389279
1647,0.28788772084119585,0.32647634926885494,0.23572259363101344
1648,0.0718448354632395,0.07955800997440154,0.2645221873331731
1649,-0.07218892324114701,0.02940177844187164,-0.10413487206603644
1650,0.33051771083872383,0.34942720996774446,0.2438753127746791
1651,0.00890268109827752,-0.04930581593739236,-0.018523428851194734
1652,0.31649317393738996,0.2875271827565,0.2409383474181812
1653,0.2864393695165557,0.3082099649876522,0.1961806929558081
1654,0.07590859226116198,0.09148766364349026,0.28777493848228075
1655,0.221272549221317,0.36868950741384965,0.15073841031401103
1656,0.8035770948619911,0.5823698292911768,0.8579930009768431
1657,0.5509675297784908,0.6162057396345819,0.6427015469507125
1658,0.056084415437157364,0.008835015765331855,-0.0035829084078401463
1659,0.3619103283590064,0.3132354022122088,0.19689095835029935
1660,0.14400362780358056,0.13228177483547432,0.09050259993421195
1661,0.8347877996717601,0.5687216975109695,0.859224339050181
1662,0.1254816395218632,0.026386013295668587,0.23584883538475698
1663,-0.16285630981704724,-0.10512898433271478,-0.1195405440484989
1664,0.7523341529263714,0.44509041136799854,0.6872075800957336
1665,0.26943085334694383,0.4386192598614451,0.22000274570584621
1666,-0.08875509165610285,-0.09802559583338855,-0.125638676558274
1667,-0.07301922845841646,-0.04646052781320631,-0.1558327365212151
1668,0.15476415778209707,0.0809103582881685,0.20863250769256636
1669,-0.16443995801667244,-0.10794833348799071,-0.09665484339015373
1670,-0.08411252596324237,-0.013385068270970857,-0.08920869802430675
1671,-0.12721043257011655,-0.04214185578052421,-0.17320022593995266
1672,0.26290631055778313,0.20714951851168384,0.34979348325220316
1673,0.6260743905171189,0.5067907991267828,0.5276000085033055
1674,0.9100127873863677,0.9141996105909984,0.5839756706506236
1675,0.26626107687084,0.13131292214493429,-0.034009633898534286
1676,0.27002833490544176,0.34285707202865967,0.35195839636329596
1677,0.3084160409895369,0.1427454524502565,0.5676165843482013
1678,0.2200453672388598,0.220335796281651,0.21570693487519388
1679,0.517003394069713,0.29480792035095615,0.004801709480503069
1680,0.4459365848046981,0.5506277464897884,0.5105138766853508
1681,0.6857744541118156,0.4221347173607519,0.3950260344444372
1682,0.4089563830803171,0.4103297776841104,0.4125889078561331
1683,0.15136193397192454,0.1050586634813595,0.3414852279470133
1684,0.5555660894944037,0.3714012386830057,0.3784883790247424
1685,0.5048508080157761,0.4092542877361658,0.5510255388201948
1686,0.13870540467926995,0.11803512626201029,0.061010349036509925
1687,-0.0348223401858484,-0.05320118344139835,-0.09082021741056368
1688,0.15691059782520544,0.12304936525447885,0.00464212877348702
1689,0.4416539800629202,0.20911354912917202,0.047441014885958754
1690,0.3814737749913981,0.2619713227367111,0.5644566189864142
1691,-0.05257662816708597,-0.0727463847293921,-0.13789689574822606
1692,0.7249700368447987,0.3844449151533229,0.8903003728743204
1693,0.0513160904626655,0.06755858464168307,-0.16433170307648182
1694,0.542932088216689,0.6009093274446529,0.011521575087849678
1695,0.4075813140463913,0.2615534167345268,0.3476123942647835
1696,-0.05389515346217055,-0.04102928600457789,-0.04467296179553715
1697,0.6448355296774477,0.683730193607309,0.30508002295559633
1698,0.7676809367892068,0.5988598487778813,0.9184539096882767
1699,0.3938704504603252,0.2917025492074734,0.22216220878933202
1700,0.72189514641423,0.4904501857606185,1.104847166302668
1701,0.8598443518876051,0.756185898484248,0.46035534234634423
1702,0.3258603877726307,0.340602768613427,0.715549767902131
1703,-0.033461940066790374,0.00923480072349192,-0.07568423362106402
1704,0.017454631277548982,-0.031526811740304694,0.02633095415843445
1705,0.05726650578430603,0.10726106077788944,0.05344667459153496
1706,0.1402961215416576,0.19746166005955557,0.20909146801734524
1707,0.18829682609852894,0.1554228870276826,0.1459075265511942
1708,0.2917355990245445,0.3334492289148441,0.24327832537192462
1709,0.8765945314182693,0.5312632354873861,0.4729659414740408
1710,0.2781273469391765,0.11923290419579091,0.5242667666840211
1711,0.42160410143586713,0.16982650393609533,0.34879645001734993
1712,0.3704863335876698,0.26204061192485617,0.47798604037680326
1713,0.38561903015373034,0.2820883727192214,0.7747950734494244
1714,-0.0406586014360002,0.001000968425967086,-0.02121245679069672
1715,-0.048662842785942684,-0.006671231115032095,-0.12905719919361913
1716,0.8018642286623823,0.6088450246643016,0.8875542710991133
1717,0.333105766804634,0.4013049633671768,0.3097350977979494
1718,0.36643459174126947,0.2125504969712344,0.16272670171912584
1719,0.7767092751028768,0.5154871757703645,0.9206236689770604
1720,0.777869223504756,0.7381998920395294,0.7703552380242948
1721,-0.09141352050365381,-0.06912013808803452,-0.17445399726198252
1722,0.20874004782714417,0.27789543529667915,0.4427390770163
1723,0.3732101572704778,0.490269352522936,0.3288760795527459
1724,0.9428362004780144,0.9602302656834789,1.2460260923349247
1725,0.2643564800585603,0.4475232089874146,0.3278913514134225
1726,0.3542955285673981,0.3736443040275734,0.11654259962182412
1727,0.9037888942305645,0.578202747819808,0.9090059635675503
1728,0.0037604001790674246,0.0673819483373912,0.06369506941184033
1729,0.2183695996792585,0.3023865242167043,0.310003985745513
1730,0.5353025540697576,0.5579924218305208,0.8274084887898179
1731,0.305455262897504,0.08897319363507461,0.06390138252678779
1732,0.1762854886008287,0.11602586966080053,0.21182285766253783
1733,-0.10290361906401146,-0.07396273099707229,-0.19757019087810856
1734,0.31436718768889693,0.3573240494035157,0.37660156319513116
1735,-0.23360848742892848,-0.14505707581797234,-0.13347529612363362
1736,0.11726069583639265,0.20176978732345852,0.0975593303872635
1737,0.6530528301889373,0.46865770555205244,0.5161962810850989
1738,0.2626630635078189,0.26221787890357406,0.15996864196276372
1739,0.08883126647433426,0.06871193408564946,-0.0006064073461412578
1740,0.8357122422527645,0.5920239158634706,0.9910618188864337
1741,-0.1805715073988715,-0.17308914286373345,-0.1891151466469958
1742,0.705211547690771,0.51504854245613,0.5682809839675513
1743,0.8376638350199215,0.7097449977872754,0.7144030943345503
1744,0.6192761915388154,0.5281456194526972,0.4222567511510571
1745,0.7454643975997755,0.5772503968807594,0.3436882393899692
1746,0.36420975256900356,0.4135794939460593,0.1909679469143779
1747,0.27972358006986764,0.17034520610584947,0.21108844778682534
1748,0.08392709299463652,0.0690487581834418,0.06837001567110201
1749,0.08751836176882222,0.10870220801876518,0.19272507044407883
1750,0.37828866206836076,0.277238579715982,0.1441074632963466
1751,0.24746104022042403,0.13744108442377656,0.030714046010238416
1752,0.042243689271913354,0.1346460686678519,0.3147672517628981
1753,0.31979875560822957,0.15634525845965674,0.24147090565664664
1754,-0.05925936642593632,-0.015301054988999252,-0.1444426362114114
1755,0.39276481946686403,0.3844035410896207,0.4913893181249869
1756,-0.17630627995641046,-0.1426025804342408,-0.2513402573652066
1757,0.4241515166855847,0.36870773127997514,0.04283804319411044
1758,0.1992891682974527,0.1440572138943319,0.2653438881888541
1759,0.021125140938661913,0.058836566211111,0.05110256161793214
1760,0.14495352047584764,0.009640788532525368,0.0510511504270732
1761,0.31235255919968785,0.10484979422070118,0.1292998751262726
1762,0.3454855464676485,0.14751030871647264,0.2348177439395991
1763,-0.10193997096952478,-0.05833363602929076,-0.1778861146291003
1764,0.3253028211397724,0.394619412244158,0.3160694408690681
1765,0.6402776512063648,0.31294362503769824,0.5897812488333845
1766,0.2681674098345257,0.1991316567692616,0.21743583688721935
1767,0.2430780393605101,0.22878523332700507,0.02907487286095467
1768,0.389136813792482,0.33863544459328687,0.41408662657039996
1769,0.48811388857542926,0.3810100565496446,0.19781513074125345
1770,0.5167237088587655,0.6020013992613993,0.3780509657562303
1771,-0.19152669288603208,-0.2081317271378682,-0.18594762203958382
1772,1.1727010199066963,0.9204378080994691,0.6139867397998151
1773,-0.17400203334469455,-0.14456408216899652,-0.09895316904660745
1774,0.7691005174500913,0.42970911972616777,0.4649027820924885
1775,-0.04921632307872903,-0.01861993255114247,-0.13931297266039366
1776,-0.18288213114363516,-0.14364538505727553,-0.177419082603142
1777,-0.03901900056673191,-0.08498805743400939,-0.21319202146777017
1778,0.13931729174540863,0.07891803644856976,0.31159810526042286
1779,-0.10169220223844988,-0.053268170760116806,-0.09475487214333844
1780,0.8687642040368544,0.7095217212444507,0.4889568909434723
1781,0.5129390802302025,0.4944246408890123,0.35837774418432455
1782,0.4321797646418897,0.37149514561085417,0.3779813860819947
1783,0.675027695311337,0.6625003511570091,0.6523329731316567
1784,0.4847124963208682,0.2940974643163792,0.5061349042691701
1785,0.3478411787522644,0.3832473582978355,0.12170836426201048
1786,1.0514662576750036,0.7351363572531768,1.1274857805274299
1787,0.08114861644445193,0.027384527524694002,-0.07503712467016954
1788,-0.03012608032373365,-0.0004281905162276667,-0.1326081811299863
1789,0.09443410304645972,0.11933859737091312,-0.06440301615025568
1790,0.38071616124139296,0.2537575886531316,0.21669028233161813
1791,0.2261768834744895,0.2795596655106256,0.17074737343669955
1792,0.11078241747697049,0.11339982389249759,0.0005337741444408906
1793,0.7775961759522119,0.5203564877416607,0.9203400132928665
1794,-0.18830770390527352,-0.18169559381375444,-0.23694558868699755
1795,-0.04582900910293164,-0.049678631233258,0.0026907836735989843
1796,0.24159654538183317,0.16483719832728316,-0.05068263667126682
1797,0.2761751349103052,0.2626517821752845,0.22663542573752204
1798,0.28243326981978845,0.16258437903508782,-0.012677007287375641
1799,0.40153357658023725,0.35257995141356546,0.17110105628885552
1800,0.3457496225500105,0.2351881543116121,0.2470992304546924
1801,0.424987096502478,0.5143567003560896,0.6695115738278377
1802,0.6436728968710019,0.5154680716307103,0.8041743619156105
1803,0.4038646540858488,0.29849101054960747,0.07995662219223054
1804,0.010433637087487568,0.0912589524007068,-0.08305013351274759
1805,0.4230178991328881,0.3010814863454814,0.41080027680845865
1806,0.30428687919680364,0.43776627063347484,0.4233359619516026
1807,0.12948173034738497,0.03778487099503458,0.16890579371162118
1808,0.721688744262905,0.6308862587437334,0.8583774291510664
1809,-0.09404388606940073,-0.0896071475931598,-0.13545941344727863
1810,-0.25579631133985636,-0.09927520300062742,-0.0654508549604279
1811,0.17158767871557346,0.13887852380290666,0.164048332602309
1812,-0.11160798873703215,-0.09472112304909108,-0.21206124598863896
1813,0.08875704608332402,0.13564972721268886,0.06762604463309363
1814,0.3641912089718857,0.5635005524263743,0.46937500584563874
1815,0.6724202720156716,0.49926896969994283,0.48446476551791484
1816,0.7427261973112718,0.6405909591101513,0.8678926835452925
1817,-0.2017561900843845,-0.12813186175752977,-0.2505632724367882
1818,-0.05047741421320995,-0.10666422477128812,-0.09164463382003774
1819,0.2565929362204744,0.3971530570154942,0.15971085682166164
1820,0.41025255207576605,0.275800221892625,-0.055176194148594315
1821,-0.13362394161681734,-0.0735420492047536,-0.1801400200832587
1822,0.1304707930619271,-0.003221150716287813,0.0627849859729277
1823,-0.11306922162115929,-0.07619555527064203,-0.1417168488362891
1824,-0.16378484710163255,-0.09186835191189502,-0.22002584469345376
1825,-0.022146031910490138,0.05251440194503565,-0.03670186814244769
1826,0.119237507059752,0.08614566465471785,0.1881096529035855
1827,0.28175856413541034,0.27624759528504184,0.1365409833915905
1828,0.2321094447979215,0.24643915735916666,0.20215992261118054
1829,0.37856076292462215,0.3451887640450906,0.38747227439242704
1830,0.3195049659336895,0.397189599634294,-0.05959452559913059
1831,0.17021981755451665,0.3033708086284461,0.15348790125946365
1832,0.0659775085007206,0.04275278524106407,0.04363669212256771
1833,-0.13035627942412342,-0.10740948355039881,-0.18636010752474608
1834,0.10935703631244009,0.1760256665362927,-0.029825497855612726
1835,0.03680011598519739,0.0227700220878293,-0.07614162729948382
1836,0.0756395799176326,0.10572973756272486,0.043291293089450456
1837,-0.18366688016386157,-0.19468744382132097,-0.24458411002034008
1838,0.17432743051533128,0.06517911142440269,0.1893283686274796
1839,0.04296962185262587,-0.056665976963445774,0.22189653717211444
1840,0.7387946154625462,0.669700570783897,0.7111275290317647
1841,0.045479171345053526,0.017293323740824595,-0.08017370438067506
1842,0.4804205819359417,0.5385150444804943,0.5446252770000486
1843,0.17110876176737122,0.1917313541857535,0.141653733559173
1844,-0.02736813102360547,-0.014134916792676422,-0.04034823020289613
1845,1.0557326236538622,0.89291651841287,0.6758219567345036
1846,1.0774320394003398,0.736288547412417,1.2604973042243048
1847,0.3944967557095813,0.2429590505089816,0.1527826967734467
1848,-0.17383453450424613,-0.1726817376319838,-0.25271501233623495
1849,0.8018866191825917,0.745407024336729,1.0859688339702944
1850,-0.08236516765373392,-0.10818206214143156,0.029013761274893746
1851,0.5235709590189417,0.3536690586880875,0.7217222265840644
1852,0.8535124212076257,0.5949796084909984,0.490018244756248
1853,-0.03469673266823248,0.02444355393994635,-0.01738279364023665
1854,0.46721032276980035,0.41339899100997135,0.2813561435825378
1855,0.20347173220333414,0.26165609200102424,0.368690989951882
1856,0.7076118697482958,0.5204644471436575,0.9574135888097901
1857,-0.12883059390892693,-0.0899760088994972,-0.17322878743236025
1858,0.3804658494077966,0.29441828642229306,0.5274325586410054
1859,-0.12428998663972968,-0.1463197208205146,-0.1247668250058045
1860,0.5402077229967837,0.6133801199168532,0.5754837592855959
1861,0.5079700210579812,0.6296260116709107,0.4253479191724492
1862,0.25900496243075155,0.3260676265240663,0.27356106630076904
1863,0.6559425840298698,0.5189879388634513,0.5390215892260952
1864,0.10031982698435571,0.13848872470394347,0.0004249335887565042
1865,0.09300673504683421,0.027078625912320353,0.13705131387813752
1866,0.18728261665174384,0.07686006748793095,0.2297237323999035
1867,-0.0569287205872685,-0.09003911950853749,-0.0651478041114304
1868,0.22203231251278854,0.14479203148622277,0.24347934594796983
1869,0.5112378435591436,0.4685195897170853,0.3734548201505494
1870,0.2731882152665486,0.3221890492257118,0.31923249101334306
1871,-0.12188397491342917,-0.09779026552308345,-0.05644189578390846
1872,0.09477768606725112,0.06027939255831205,0.0908266429150657
1873,0.5421114545545369,0.47513893562528176,0.48225608148785515
1874,-0.04157776222143017,0.009343811777771549,-0.09646017501279236
1875,0.86247666318866,0.6714691282411851,0.8718742295749908
1876,0.13333408657392498,0.09551785987486006,0.02082335158464299
1877,0.2168422828174199,0.1998204464407991,0.2688370058749818
1878,-0.05228675597365262,-0.03981173098616664,-0.08737444284729579
1879,0.13613559721773716,0.14141980281533972,0.017614487280745328
1880,0.04080281444119849,0.09350880303610398,-0.02903274744073403
1881,-0.0165854736304073,0.025678924763003597,-0.16409178115938117
1882,0.2562479116383334,0.2817649456830351,0.12957756760413286
1883,0.28122894566362966,0.08987552435751733,0.3083460705384875
1884,0.5220661321113049,0.3616433036164419,0.7686806914761897
1885,0.7333960540949767,0.45227131121965747,0.3103777149166853
1886,0.657223830564585,0.47133599633819,0.8174062185856814
1887,-0.10417996645947425,-0.12130462425489985,-0.15720588696363436
1888,0.5687848874608532,0.585666400764143,0.42869413268848766
1889,0.4063038509861041,0.3309611355420099,0.25914550961200256
1890,0.632855170552854,0.5580647669106984,0.6440507272815981
1891,0.6306258458183989,0.5108507297489446,0.9472003341896453
1892,-0.10563236288495825,-0.05766565053644879,-0.020071462423936315
1893,0.44600997570655276,0.34667585654885147,0.2810125303636106
1894,0.5891994598819319,0.482105450626918,0.936914971451007
1895,-0.13520200329122645,-0.11436982500851489,-0.20130716057496856
1896,-0.13534397981122048,-0.10707461600747104,-0.09808276125123627
1897,0.2498581486640632,0.08299868199064098,0.27715062943373936
1898,-0.017685868284233686,0.07891968328559251,0.050474562939273104
1899,0.5383020013861559,0.5363195934114751,0.6079543531798457
1900,0.21142859872284925,0.3889062209939895,0.11068822536135281
1901,-0.13967201327685852,-0.10674435585622655,-0.20006137348166808
1902,-0.20201406856019,-0.1695576715786239,-0.23246411896581864
1903,0.3684089757190696,0.27939337981076373,0.46277216401587795
1904,0.05060640682752826,0.02408027793751466,-0.06024068856400233
1905,0.5079295115787539,0.2431830674179214,-0.003650892394629679
1906,0.3588643653558137,0.36003832302675565,0.2557904300146099
1907,0.499138824681542,0.42098853707162,0.5374805942710965
1908,0.8795618703847636,0.6246178035833891,0.9510596385320145
1909,0.12253490225031483,0.11927345805376688,0.15266925424766198
1910,0.056314395986032384,0.010621959722235008,-0.05223955552441284
1911,0.23375998028966638,0.08886393746405097,0.1819700647910918
1912,0.26267493079140913,0.12247524221885664,0.006113063708287569
1913,0.7610958539325643,0.45705790548741465,0.3439261888644871
1914,0.5874303713391948,0.53633048907592,0.5485219210865122
1915,-0.17655652464955052,-0.2016721022213589,-0.19080134249240577
1916,-0.1114435668349335,-0.0968562921128665,-0.0576921621830192
1917,0.4697836601767589,0.32791708584329426,0.31335243753206243
1918,0.4265607084599208,0.3428404394632385,0.2492466495356198
1919,0.36024183564127266,0.47647453877270274,0.25901927182068585
1920,-0.047136308510770664,-0.04507302502317101,-0.04834247471593378
1921,0.3163589228506172,0.3503687984311845,0.2232876866507265
1922,-0.11964408599847765,-0.15993973780599735,-0.21575010202103795
1923,-0.2254239987538983,-0.15804109630234986,-0.16168339912343344
1924,0.425949063094639,0.2539079058245304,0.22187423207435408
1925,0.41631391856079425,0.3114639383719746,0.47039843246192903
1926,0.472929024842234,0.4495079292500932,0.4334129682295289
1927,0.3705999154343027,0.2992799693024466,0.3723686552441665
1928,0.3742454574044385,0.23775045050575527,0.6829729083135667
1929,-0.1062918983998209,-0.06422312073372849,-0.0982278417907031
1930,0.39486059767441195,0.4078133516606577,0.11600777826096431
1931,0.04341770213284635,-0.01858133047498778,0.06093715658162546
1932,0.6338211267107665,0.28351369171886276,0.482393053465318
1933,0.06471131307840472,0.03788739791885409,-0.11914405624769941
1934,0.13469463177458052,0.1799203527123625,0.10585400199091555
1935,0.7068420129059376,0.5119659271399761,0.8238317950957403
1936,0.24326655362591,0.16792057824477102,0.3817968778814482
1937,0.5687694237867198,0.42333386528244143,0.43621478862573615
1938,-0.13206164962867184,-0.08569357357332297,-0.15783855542750913
1939,0.6680871989266162,0.6885302583019763,0.6315362298940499
1940,0.8730442391110409,0.3278018149063815,0.9813844690758786
1941,-0.11510618677138029,-0.10046668358961452,-0.1168027760007132
1942,0.43227353353407905,0.2833674427004056,-0.05701476080355172
1943,0.12440285583422339,0.13385123795011955,0.27958071409911334
1944,0.5245368359485174,0.34882381744086355,0.5192184849616561
1945,-0.18752942057927213,-0.23711581552296324,-0.287711375932831
1946,0.39533117988312827,0.390315657241614,0.2357144883203679
1947,0.561999763304954,0.4404807410097167,0.15147167576831033
1948,0.25691869280938184,0.09538748073540715,-0.0797982041190094
1949,0.16091857962500922,0.14860601524120765,-0.06708863192047798
1950,0.12964025206620522,0.11234603398934784,0.1642113400768177
1951,0.6499689291822413,0.5253822882012722,0.4857629484660022
1952,-0.1446639760694527,-0.16184891116342925,-0.2157081520477404
1953,0.1585102037193471,0.15789673308500607,0.24897356601295395
1954,-0.10872655151432498,-0.08201664697121824,-0.22195925304586062
1955,-0.10519504008615577,-0.006513998446646463,-0.05684130076384386
1956,0.15929498487768745,0.04647116213146507,-0.02061911794914506
1957,-0.11964623044007927,-0.13080922186124022,-0.1378210773308729
1958,0.02231382936766635,0.08353831013995561,-0.008133585709876767
1959,0.7029930576855479,0.5117813611709954,0.5034530925899656
1960,0.9709804687229397,1.2066475550623363,0.5744639730836159
1961,0.6567702262396238,0.5657532265743894,1.0033735329518172
1962,-0.1777752397082355,-0.10607208126715506,-0.16579128566065404
1963,-0.10102156135786422,-0.06947551098667926,-0.16054891711133112
1964,-0.0390427309527962,-0.04401762803503484,-0.03947135504891408
1965,0.23462107757296957,0.15981200130611017,0.13665493343265633
1966,0.6262951984977125,0.5500858360331116,0.948219904788705
1967,0.00390819542576315,-0.006945104824658155,-0.132594688855603
1968,-0.06976588774431636,-0.04615756948688021,-0.10453742542390598
1969,0.39856016864097654,0.49683936501886317,0.22082490408973898
1970,0.8039978501751743,0.6839556119988235,1.0112043104247919
1971,0.14302176656795318,0.08921931845207909,-0.0819385669674828
1972,0.31624796036030034,0.18619095658429186,0.12049238064492496
1973,0.42250193810144676,0.2742151455181001,0.13855666325888127
1974,0.26900042401909596,0.14807810634292107,0.15971688359337177
1975,0.7672570286985714,0.6019357249223671,0.7904508040397453
1976,0.576601722946186,0.6614173591195782,0.2576299383946581
1977,0.5418397667965313,0.4750252956442025,0.35184218386778854
1978,0.3531979353839556,0.4785196378560732,0.30619773244038395
1979,0.5045815068325317,0.4083155477615359,0.8487895923653899
1980,0.2804848611937285,0.05241211221569131,0.3129387858587329
1981,0.08072956424183975,8.38805575404944e-05,0.1817089432703387
1982,0.45577755324397984,0.2980649887879432,0.43431075959461296
1983,0.3824313028893549,0.413690742106114,0.5083252985430311
1984,-0.04015648068681843,-0.03567328449017071,-0.054879389487834884
1985,0.4428770693946622,0.2738369354188164,0.11869425025684399
1986,-0.18715392792632746,-0.11422879610919834,-0.14718938070758036
1987,-0.06476771413885285,-0.06889911899059997,-0.14117228583682062
1988,0.5634618876767323,0.5357848433092645,0.46712929093696687
1989,0.5410335986001713,0.3638879321744499,0.7281673493122212
1990,0.7791555880671885,0.6909748276892338,0.46193264263276523
1991,0.28534395844377136,0.18916812452816356,0.2771693577746581
1992,0.5074806932487927,0.3619230013782828,0.40404519509570846
1993,0.10337015128167537,0.10030244198149485,0.2279373124802586
1994,0.529807448681181,0.5748389363183712,0.5148536537963906
1995,0.16664407665039982,0.15868326596702764,0.3702411764835618
1996,0.03822068191000394,0.092875421889002,0.08193848184572117
1997,0.2448275745848647,0.2896825085818713,0.35829428286102316
1998,-0.05854111228455694,-0.023973910064930992,-0.1471034976650627
1999,0.6699543914546668,0.5393314289552975,0.8967990367359606
2000,0.713158119586154,0.7476150018271484,1.0118223869501652
2001,0.6745614085986271,0.4922103837841043,0.667034799868077
2002,0.3021608032369909,0.2003148784014641,-0.0970196090113088
2003,0.11100093134075473,0.05825363307717413,-0.0075712487803090145
2004,0.3030738799808592,0.08538130219916029,-0.09054401578900251
2005,0.12471665454900815,0.14900308946928909,0.12176076579533635
2006,0.22221460643007984,0.16617779184917447,0.17256085125267528
2007,0.8090502424696737,0.8521962832370646,1.005519081942647
2008,0.36841354406069815,0.33485742099534277,0.2942901166746672
2009,-0.16872237473762575,-0.13172788526696766,-0.1317904628356017
2010,0.4703536140868303,0.3208390203472149,0.732331457630945
2011,0.28811548422765254,0.16436485174229953,0.033049342119793934
2012,0.15054234246491505,0.13089130104031899,0.4063674773799373
2013,0.5757381806146682,0.35668601717026016,0.6171953681557645
2014,0.7060904226734137,0.5119173424669525,0.9540908848941105
2015,0.3876934553564433,0.22541905098957082,0.1513185891878257
2016,0.538704900527224,0.5249175947537479,0.8153824039129098
2017,0.26530924012143475,0.24029508560702562,0.43801543908006146
2018,-0.19237260791520705,-0.18575807543184364,-0.18507686524449396
2019,0.23926532089717445,0.3714491625897882,0.4206827682042322
2020,0.011071567733997423,0.06227669608914743,-0.03194385381039422
2021,0.5406549250826223,0.5187985190464901,0.4258771784495303
2022,0.6119007871074853,0.5077087470319377,0.26378175197442033
2023,0.7597262793005946,0.907571028444794,0.7630004440895088
2024,-0.09115379109042698,-0.07846750796786695,-0.16848867789795274
2025,-0.09365867342515133,-0.06495334889624871,-0.1607985172790808
2026,0.23683655646457735,0.23370472013673704,0.46260052786201755
2027,0.15273172716662553,0.15793796182086894,0.13935197371543384
2028,-0.0852558163905428,-0.04816926386213938,-0.03866014415288044
2029,0.24858636802312595,0.06302120666103739,-0.1874030721435781
2030,0.26033508386953597,0.15013279353229736,0.21228420015818528
2031,0.2710946901395237,0.15521347155261367,0.11779808336726183
2032,0.550866313368644,0.32937259561179166,0.4016896762992366
2033,0.3966604105383982,0.43444290163436095,0.2434892775423092
2034,0.3759833761671747,0.39847890294540855,0.3341021248890277
2035,0.8338804672022329,0.4961868182066711,0.6326799181526208
2036,0.026957183305694077,0.09012407943444001,0.11404036416586294
2037,-0.04198967947886256,-0.0232512818076257,-0.041303793957165436
2038,1.0215246018337778,0.9731106293622023,1.092613346137838
2039,0.6252001703100964,0.4612094393403774,0.9046675691136856
2040,0.7986480125988888,0.6191500754238857,1.0291589767750242
2041,-0.03176268384462744,-0.031458209177001595,-0.14338446145516504
2042,0.7644248652171346,0.5860546955208996,0.881831185319085
2043,-0.14704134304810834,-0.12957190814741326,-0.23980702407790255
2044,0.21196525090457996,0.1535025178645535,0.38657987234808244
2045,-0.12722486076983752,-0.08070150864668868,-0.17336926196666913
2046,-0.004506799984650756,-0.027922254385949308,-0.07657910493525322
2047,0.6144655408987365,0.33807049638852327,0.3459356556987476
2048,0.10397702916300755,0.1486345940093321,0.1684628381033202
2049,0.04802106193651734,-0.010327839085577772,0.28878169903765705
2050,-0.15380262313552018,-0.1439274700595744,-0.20654702707261086
2051,0.35133397233788455,0.18314614849652,0.40192633313865467
2052,0.34270387895091914,0.3101078433253106,0.19147669263000888
2053,-0.0966435661369579,-0.04559249143178268,-0.05755994390242569
2054,-0.1458978671074418,-0.09892247027254075,-0.1287428545277679
2055,-0.12500110128952824,-0.08569073079694878,-0.07470376490014707
2056,0.11084735812176394,0.053290142313078936,0.17713515186545137
2057,0.491865621547094,0.5178528098370117,0.4059751615739331
2058,0.7016310798736278,0.45103330149423515,0.3482613720175016
2059,0.3815849213171667,0.26958689924347445,0.172512360274083
2060,0.06240192512299103,0.13129953373292036,0.29713373272349375
2061,-0.11321357341419813,-0.06330333624975759,-0.1512822312420079
2062,0.3440124260772903,0.2556976619942446,0.37551043715438004
2063,0.4585972216478982,0.3208943718190751,0.5374141052437884
2064,0.6807476499022445,0.38136946672178573,0.8123477144609841
2065,-0.15859755395680686,-0.08578054704373828,-0.16835676190438553
2066,0.35732185426930485,0.23170059320151926,0.20416815399089572
2067,0.8170841238783173,0.8582902705592306,0.8788568286084482
2068,0.425023855234016,0.3387390703357145,0.34856933707842486
2069,0.05072799966517416,0.016780711565808293,0.07482198527914319
2070,-0.16192737757075448,-0.11502489874531507,-0.12135770305239824
2071,0.12941073741021247,0.13602642869907977,0.18730825148701458
2072,0.5187176708097556,0.3165328486956749,0.768544399789526
2073,0.8724776057451276,0.7321256435544659,1.1559823060352348
2074,0.2496580474119383,0.1495667122946216,0.07429268126825095
2075,0.22781708636547338,0.2449254785506092,0.2223416860597196
2076,0.6948403680348556,0.7332794188223959,0.941444077593953
2077,0.07721192370804042,0.05550919817786659,0.1861760400655046
2078,0.7173032902605421,0.6159712628415897,0.7839598122096849
2079,-0.12633207443733152,-0.09214213093428492,-0.14620605793511277
2080,0.3081759047492465,0.2577811899861455,0.2973321037504173
2081,0.5680057024203486,0.47505695347419397,0.3091271277662857
2082,-0.14479134633285817,-0.13978274830608595,-0.18693459430835613
2083,-0.13104074764546925,-0.09265868569641877,-0.10086069589943847
2084,0.4068901287493578,0.24346920208319567,0.4446077794362302
2085,0.3597343761921499,0.4132585144984944,0.3844695494152057
2086,0.4990682530492152,0.4114242833252275,0.5354307998067638
2087,0.06401514356591775,0.00962919680949148,0.08101207595841986
2088,0.49915194169492016,0.2797717829956441,0.001479889821974778
2089,0.250661429796023,0.1662982397617836,0.12853543197492745
2090,-0.014404024104524904,-0.04675547843252592,-0.047846131969415895
2091,0.10872493925979043,0.05662551926201109,0.11567895821005525
2092,0.686817924700758,0.6495541312051094,0.790519954630704
2093,0.20847498368354467,0.17564860990734243,0.5335215585356794
2094,0.3630713721940315,0.26205449825243154,0.05087253450666629
2095,0.37487850456983707,0.3194731561495405,0.20501575286677443
2096,0.5369656834642067,0.804606875442994,0.8639519332533929
2097,0.150716346862515,0.045524094742285026,0.31920238086733943
2098,0.4174637398664425,0.5272763066451469,0.37523433075978385
2099,-0.018052069512662916,-0.014299444228939362,-0.0542314552482579
2100,0.7483314240460619,0.5324237131651433,0.8661069302078184
2101,0.25831465752805305,0.2129734645498076,0.15983832634865736
2102,0.7343598748485629,0.4170747780814916,0.8768737705060812
2103,0.6096404217916158,0.6234077636917335,0.5497042757057999
2104,0.5272252876655772,0.5827974052559197,0.3879904823985829
2105,0.5062541448891105,0.33721751146700085,0.42182289564570663
2106,0.2838775185266358,0.21130875616539435,0.5214001619570905
2107,-0.12405961960817857,-0.10729301513758649,-0.2166375239997662
2108,0.15153086074161015,0.06265669637159132,0.08551309397402274
2109,1.0122949623052562,0.8127094396888845,1.2805704239666604
2110,0.42873118714127534,0.42952591777058147,0.7664556510239837
2111,-0.07198861482651653,-0.04032676370517574,-0.13391141968968256
2112,-0.011211480136143703,-0.07415056345342974,0.2500601968147109
2113,-0.001948253232250119,-0.014185610711834551,0.185085828241897
2114,0.5201728558988905,0.3439635170962849,0.5365545493406325
2115,0.7309514024885548,0.5039541635576721,0.8529528988460633
2116,0.030133432708205454,0.028756285793275937,0.03843713233129731
2117,0.40938113326041425,0.20241048033569542,0.3914674701919547
2118,0.12160481740071094,0.12847238094368163,0.2447629938148861
2119,0.38802675387996266,0.2759694128938923,0.44224648028249636
2120,0.6571193751995776,0.6779272594561605,0.9953104497298584
2121,-0.0695356654237742,-0.06737283869877264,-0.1341452298543262
2122,0.07442287834732997,0.15241730658680153,-0.07437351762264799
2123,0.2739486304329566,0.24830390689440685,0.5031014243306353
2124,0.1646534478616819,0.10924217425289151,0.39176278550412036
2125,0.18520453438216133,0.0747501479545698,0.1590248894484283
2126,-0.1280553423176909,-0.13246146692624317,-0.25700296758797425
2127,-0.015573021091481842,-0.03420476801799699,-0.09382914238303497
2128,0.30309601386538754,0.20163062172747837,0.30421074358830924
2129,0.4090115555295133,0.4669593346645935,0.41509667723560484
2130,0.2973891392571022,0.18868726499783284,0.2796675501197663
2131,0.37955744840673744,0.3705309508408794,0.6570190190073564
2132,0.035650800745820055,0.0952278016770951,0.18036361335795692
2133,0.11110327512793527,0.1698931631616667,0.07760428452648394
2134,0.2684965977221163,0.18657847031204322,0.30118505081867664
2135,0.026558119654271684,0.01345998232144785,-0.02801657381717193
2136,0.5995404702709093,0.6329594770469007,0.42454307570977967
2137,0.5206237401728695,0.3773849672052638,0.3594324886133018
2138,0.3898723712862886,0.05014839980025343,0.34818493428965946
2139,-0.18411531610393028,-0.15810096773376792,-0.17207148088722068
2140,0.8634358289882418,0.732550633817528,0.3543524318418989
2141,0.9361278834418738,0.9433951443535906,1.2095915999469953
2142,0.04715417211869544,-0.016929381734253623,0.05360456167926597
2143,0.278738769689991,0.2682470137980133,0.20852151998389346
2144,0.22165362022393698,0.23662903862461593,0.1348205515486336
2145,-0.09147355589277184,-0.08475528293922852,-0.10915069319906201
2146,0.4683873626832826,0.6408347435679191,0.2700744399982473
2147,-0.0249690745445712,0.01776094142774487,-0.08161941209152823
2148,0.1537090555688787,0.13762828772463287,0.3422309983703471
2149,0.3981921704374003,0.31594569251458804,0.3888008662130211
2150,0.8365701520255089,0.4694115390412652,0.42412855499044433
2151,-0.03191446245240659,0.007472348844586474,-0.045083557463357904
2152,0.7175642897176571,0.7620592385800931,0.6074217221831812
2153,-0.11048936602768344,-0.07734192815708385,-0.19025312862582688
2154,0.6079794237005138,0.45118191057730694,0.7478193554127637
2155,0.40572320462658484,0.26447436196171514,0.24104959463190045
2156,-0.03338482836212053,0.012943395042344541,-0.021418781306843937
2157,0.21268003467987606,0.0854301921000673,0.23416143692713587
2158,0.13002506471629038,0.1537927850822851,0.20225090144365865
2159,0.19435328842942834,0.12421501067840568,-0.0023323716213440315
2160,0.6505174342227145,0.6266703333909867,0.9864694536272751
2161,0.7326558047518175,0.6002934675997376,0.9589021658952543
2162,0.1804837057451103,0.14597104762903523,0.3935319728317155
2163,0.5541598422201746,0.5952591854303617,0.9342024273534593
2164,0.0575849217199258,-0.02701635664360258,0.01982610814547603
2165,0.20506773188468408,0.1607965570588259,0.21767466396065016
2166,0.5753944556901118,0.633636775117379,0.48887724734679594
2167,0.5102705719640457,0.2802855398745956,0.4360114517009681
2168,0.2256882593599192,0.23340186985011013,0.2549155160443035
2169,-0.04541729590300625,-0.05435893115691981,-0.06523730835905739
2170,0.8620617953079739,0.9922145847316017,0.9796166848865879
2171,0.142254803279787,0.11558467281261775,0.35267570391427605
2172,0.3398720958526493,0.4942066733662087,0.287111390199988
2173,0.40065031009700824,0.398686027204707,0.3793961371030954
2174,0.6561100431612512,0.590149197795216,0.5218206707420225
2175,0.6017797593401726,0.6280932455816564,0.5211648342575688
2176,-0.02246849521855432,-0.04284719991323305,-0.13100125773977256
2177,0.30419119176951415,0.3710634810346607,0.3181569266445574
2178,0.003490193658176599,-0.041377332473075845,0.018082961040741585
2179,0.10876893719923686,0.15889497506543382,0.11689970972454455
2180,0.11213977081316062,0.06734509613002349,-0.0531262271552736
2181,0.25926654019779494,0.22514413453732818,0.21302524212581053
2182,0.7182362688732262,0.6268407453002303,0.4635732584543295
2183,0.7523996007415787,0.5907507415674729,0.6237759179303122
2184,-0.0776576720226897,-0.09073774235849019,-0.0568594870017326
2185,-0.05621808597233169,0.10606494180461512,0.12281896839173756
2186,0.1568264390834766,0.06687739786803149,0.27855221330558577
2187,0.3387023637504576,0.295230548922627,0.31663165253587233
2188,0.8254450406713514,0.679152588346928,0.7764378736039037
2189,0.4108888186537647,0.4152379910321482,0.2621550819580736
2190,0.18146864780113825,0.13824589608080395,0.3621696608861853
2191,-0.10778694073146822,-0.06974362676877788,-0.12082276028816297
2192,0.08310634852974697,-0.010215212531443418,0.14629073843811913
2193,0.17926831345032612,0.36524352810862326,0.3524547153439306
2194,-0.07963971024345007,-0.043360530952063825,-0.12468876175519683
2195,0.7660135800673986,0.868420290388429,0.8560721535035298
2196,0.34019069022971227,0.5782339081411847,0.3579941937844655
2197,0.08953225750899807,0.13295978815755816,0.2645193111024886
2198,0.5876289590343611,0.4327164879494212,0.5685474054235857
2199,-0.13688773724834957,-0.115668828837164,-0.18674519780684862
2200,-0.018400851277613595,-0.01680428924870525,-0.11042736556175325
2201,-0.01365853296984576,-0.024793604628822297,-0.07308997786562077
2202,0.6615608004419393,0.39295574478109874,0.1581629500292394
2203,0.3538680041384499,0.38888616690119804,0.3099597900607374
2204,0.9665130491215235,0.7038232449457669,1.0868550720785817
2205,0.5444140671752273,0.3777279614713831,0.13837581311163794
2206,0.8297494346939578,0.5088850258077033,1.1438286187805002
2207,0.7039544614214819,0.46695587620391965,0.42292520124370303
2208,0.6489350584904632,0.70577707365189,0.27756053772735645
2209,0.950670360033506,0.8233065985245014,0.4141008093308567
2210,0.06467842603519758,0.07632115378726345,0.216446242029672
2211,0.21042672550816777,0.07409682609962664,0.3096623405571657
2212,0.47392541046330616,0.38673350496506265,0.5796325144248156
2213,0.11558666999367206,0.07064674016446704,-0.026938357524574963
2214,0.7036536895835488,0.6865884812662861,0.5760661707328685
2215,-0.293878042137971,-0.2884628808590244,-0.3415534551766466
2216,0.3242229369731988,0.3796237813089971,0.2214269390837853
2217,0.12452367372586526,-0.0021292444599326776,0.1733351720631784
2218,-0.16225113873919772,-0.11907641719427664,-0.20902079855759204
2219,1.0279248627327346,0.9418063584116003,1.3273579382162182
2220,-0.011055138806728704,0.051523711532750927,-0.010264144268927078
2221,0.3667205770578319,0.22041938975904696,0.684785476435811
2222,0.2652023797935408,0.10983382967818467,0.18231746722034337
2223,0.5169801125407851,0.31608263611214205,0.7348964854133357
2224,0.05847557639556866,0.04097563712458263,0.056660251531770234
2225,0.17068764730847907,0.09830568162569531,0.32664676605464815
2226,-0.03912813556653716,-0.036828905854552896,-0.1633878226522404
2227,0.6531796755918737,0.6144532543902539,0.48767250831820785
2228,0.3215911599956929,0.3243768765213959,0.12758153915286208
2229,-0.07661529131988043,0.0006395939837746667,-0.02945330655977829
2230,0.10166532797994465,0.046511079600481064,-0.03167594866257584
2231,0.18978283428652798,0.18745214966835455,0.2876570440025381
2232,0.6826482416461626,0.4567987031683469,0.5280385902186167
2233,0.764959516967447,0.5635163242152454,0.9901301397815425
2234,-0.114066820762034,-0.048483418470135486,-0.18069033085020758
2235,0.03563335901494602,-0.042003637661924276,-0.043734627462774345
2236,0.18831851281360756,0.11984454398477706,-0.10246425900308054
2237,0.2029278924221043,0.20757309817774194,0.16522589842092428
2238,0.1392318228782965,0.10660874701106038,0.11840472395699453
2239,0.4232312198980639,0.4502819690471489,0.2702380201921031
2240,0.14092183386671975,-0.05231737835767225,-0.08013597806221473
2241,0.8835695290451586,0.6327189218689548,0.779810724732098
2242,0.3001366993849215,0.2603161550123374,0.4202247320417467
2243,0.2661303607744021,0.30168482816481923,0.47706824497554834
2244,0.2508361463577844,0.49340049312065903,0.34373352316479244
2245,0.43729068902923895,0.2371534900192589,0.25992013707662953
2246,0.2267001991208213,0.1925116121937449,0.519894858642626
2247,0.3812680011680032,0.4472880495334528,0.27337340481739036
2248,0.6443673895564734,0.6006445016996254,0.477249948434471
2249,0.2564972613543628,0.19446641819016408,0.31721926163269565
2250,-0.1303784325119196,-0.07755705403453883,-0.24381200186399787
2251,0.4597198292667528,0.4635619778975073,0.34177649208727323
2252,0.28140475138055754,0.1870505730695271,0.17526246050960936
2253,0.08592030510170545,0.12834418350393273,0.278148718239444
2254,-0.06765872320838873,-0.09599596409414468,-0.20465167039163545
2255,0.27582872042002626,0.14419749287979733,0.2243464503197803
2256,0.15715017265889442,0.04102358170715892,-0.03586137269825873
2257,0.1986058954716965,0.07739476540425816,0.03983650951576578
2258,0.14519056527752183,0.3087390393913618,0.15483867429958575
2259,-0.10708682324723495,-0.11996428975566975,-0.06959389465856458
2260,0.2358892075602852,0.05772361170055906,0.2400032641832024
2261,0.4321113639841323,0.3574928643652342,0.09881516762678122
2262,0.7398704113070778,0.5424667751322905,0.8399777306455378
2263,0.7627477668520832,0.5509446075786126,0.9280054121677053
2264,0.237902219650854,0.16617214562116533,0.4311262729390761
2265,0.19274997942819527,0.22031286852906407,0.27857076987962803
2266,0.03607475815390293,0.09941422333087435,0.240332297286461
2267,-0.004512618310507421,0.04381578420658694,-0.06129358494786763
2268,0.8298455637185671,0.4924107920046199,1.0138582694565401
2269,0.3178159688728208,0.15242626252186287,0.4544965434889412
2270,0.37607319199911915,0.5478718713937998,0.3992814707323946
2271,0.7076755723345662,0.7331530106259971,0.6378557957296134
2272,0.5544296362895536,0.5497985882830423,0.7212159497578035
2273,-0.13562448020343632,-0.14257760708058886,-0.2162131828275733
2274,0.7554216620438998,0.7197792326603791,0.4322717543112198
2275,0.20288222332038663,0.23667294023697227,0.3937770364402773
2276,0.5354410039291644,0.49840814801906963,0.3903364402532805
2277,0.051272504291890675,-0.0009140713683720714,-0.00560984675783327
2278,0.5208965604884808,0.36810068159768217,0.41511991450879493
2279,1.0682212059823368,0.9110135788965152,1.390828432709832
2280,-0.06533391078756623,-0.0496446310241736,-0.05895179132446193
2281,0.15532197233950562,0.3835831747294065,0.27394515227953176
2282,0.03864576909526907,-0.009482485422873888,0.04088695010731325
2283,0.2287827995816325,0.06075330760135644,0.39613474187321174
2284,0.6773437671895988,0.3499509817701414,0.45405185065198217
2285,0.3539107299573485,0.2578196104044006,0.5455278923802842
2286,-0.03700788507624275,-0.11824679362338908,0.030694272041641435
2287,0.3448836705868965,0.3092746301937723,0.2701775246948619
2288,0.1347148263999749,0.08952212460242648,-0.04774343384309032
2289,0.11444343885648078,0.08431785788298107,-0.053733676259064334
2290,0.20247928026184536,0.20352234226958932,0.06454945983598659
2291,0.12390178181414746,0.05240980628569636,0.11124858075499833
2292,0.0031416004284092747,0.04599887024137672,-0.06193665017710692
2293,0.08823398847699515,0.042511832328134824,0.2680258058039011
2294,0.6926472561884174,0.5552346869995357,0.9304639597137707
2295,0.8838478248306698,1.0711724483655143,0.8145895439584241
2296,-0.12129323787708257,-0.1482484213307802,-0.055533190480345884
2297,-0.05264655798326112,0.04570654664664797,-0.029709016927626508
2298,0.06144080508538008,-0.0203805954156715,-0.10075277191404008
2299,0.2951784974499805,0.40152863394109306,0.2942220153757904
2300,0.8317686912901445,0.45730930471405684,0.9805562884882111
2301,-0.12324099606799999,-0.07947671694398106,-0.12331492348901496
2302,-0.12541990864136843,-0.12369591755834486,-0.1396265587091764
2303,0.4437628103699194,0.3444578927461617,0.42662550119059195
2304,0.3513960361740678,0.37077000147910755,0.32622227069809906
2305,-0.11293579252517227,-0.07462571920758898,-0.13672676642587667
2306,-0.03360015123279836,-0.016707630721530475,-0.12600166299052085
2307,0.7013577973523055,0.5837867643279959,0.6334254989306201
2308,0.5666289734331349,0.381397783450955,0.682436784863496
2309,0.08147076267556375,0.13932793846414548,0.12756788225439797
2310,0.1941892755866761,0.25186355230004565,0.27044678496581365
2311,0.2554932351113488,0.1165358023851546,0.05170509243719468
2312,0.8845178109705334,0.6773869184450796,1.1069713326536417
2313,0.22402007336356156,0.21699680436049107,0.20242423366016804
2314,0.37063717407743035,0.2256665597304519,0.2725907986423781
2315,0.5242128163572188,0.4250712182839693,0.7987122199895182
2316,0.22312787059375472,0.1315154058252832,0.39461734322106445
2317,0.35685876306428765,0.3865160097699163,0.34409759870966994
2318,0.3832337531456691,0.31334085906350984,0.14878506912753386
2319,0.7506756723872492,0.5880476653628968,0.48947981314212496
2320,0.0357042191251431,0.0022336006225074367,-0.042095464652653236
2321,0.5800015005033474,0.42035617466254105,0.31482482374047516
2322,0.8941280739629749,0.8193111070753551,0.8453904894586195
2323,0.17324307134375005,0.1935623792635801,0.30007092766603183
2324,-0.19261571222921836,-0.1568765583274614,-0.17617119488552369
2325,0.29704102985401915,0.37137084601976067,0.060058914096733806
2326,0.22034469677303314,0.1657789319023688,0.4513993287219624
2327,-0.02110609620551729,-0.006442424713347106,-0.023466495049455527
2328,0.004295477856674612,0.02408589459187649,0.023289653826852108
2329,0.3075961635387561,0.3878594728402658,0.09063825063417519
2330,-0.001534942586639998,0.10913307146579809,0.14923567268297644
2331,0.08732062823579234,0.14451786810288647,0.3199442571007409
2332,-0.044850501989647906,-0.012507183751495288,-0.19672191317081456
2333,0.34611843945436993,0.37620622071606435,0.2557086706254006
2334,0.467669507253923,0.2512207809098075,0.35701927767711195
2335,0.014453187185153205,0.0353339531649115,-0.0361707982254893
2336,0.7175295493168299,0.7383692148929446,1.0313151393680964
2337,0.0918208297657701,0.0017926577907696473,-0.1381369890980959
2338,0.4858299290388082,0.535886147897535,0.7019773158032874
2339,-0.12541854318615175,-0.05199658722277767,-0.1459018652696067
2340,0.0364778714464471,0.06811609349984771,0.005069805331453958
2341,-0.028193853752097042,-0.013610511336976772,0.02827124130750569
2342,-0.20625987726153372,-0.1707098242146362,-0.27130227474330393
2343,0.5775535868286263,0.6535097753848671,0.4482803247564946
2344,0.09058980398168237,0.12764692958916046,0.005284139767265605
2345,-0.14997978460065475,-0.12521936594327876,-0.14051608606947286
2346,0.7979558163710463,0.7132358797287397,0.5041437261975199
2347,-0.1076493219932827,-0.042581513013331906,-0.08463684530610571
2348,0.3795722346573933,0.5878601063672335,0.3608712167809218
2349,-0.0849472129701615,-0.10966141878754143,-0.1402646384773898
2350,-0.03254548349720021,0.0657920695104286,-0.03971468486346286
2351,0.2980634924410144,0.15972286473608222,-0.04386370617330804
2352,0.04260088217120317,0.0184992032636222,0.016295576784502996
2353,0.5805069298856746,0.639574881920931,0.5433198877679881
2354,-0.17970192829391018,-0.14817152179672466,-0.16694382631037208
2355,0.2576877920064824,0.2901329924055114,0.4123697438379348
2356,0.5404544476434292,0.5119299635484713,0.8349390765558762
2357,-0.03111778996322767,-0.020041330831402804,-0.07817516709111882
2358,-0.010417510236002236,-0.13365797836291493,-0.040090398887601464
2359,-0.14463234139814596,-0.04596640214120884,-0.13605581955194523
2360,0.3843402952793167,0.23673953581535434,0.08294797440580237
2361,0.3420133933139675,0.27157209262998494,0.4371285965672931
2362,0.310365628676857,0.27386426794407925,0.4290781993220303
2363,0.08019766498950709,0.1214892472715503,0.05240986901653777
2364,-0.032296733530363886,0.02087025171273993,0.06874629621933837
2365,-0.1311772020711217,-0.047862677926177266,-0.09537965385152247
2366,0.4464431757300409,0.2814809639903564,0.3082261840755942
2367,-0.07795712863763993,-0.028226911824530077,-0.057223085463220635
2368,-0.12756471531552394,-0.08779367903148128,-0.15919365719280232
2369,0.15726947337444974,0.14899797303407447,0.2977987748151163
2370,0.8043004999206296,0.5731147661260276,1.1331412235808496
2371,0.8259072316303828,0.622784101844617,0.561158051907843
2372,0.5142672086793378,0.41158935407958186,0.37413879667412164
2373,0.696893493961732,0.33124586100608844,0.4458316515516427
2374,-0.07742926141570883,-0.04058177671996066,-0.11509848097198416
2375,0.5983656563262725,0.5069774691405611,0.4290796508687562
2376,0.02030702287171504,0.008903256813579397,0.1640731560109705
2377,0.515710067483246,0.52179752193019,0.7321628862838474
2378,0.23007474426615082,0.41697115698339804,0.2353637231757142
2379,-0.05780987464675058,0.027835717680849026,0.14186466257041674
2380,-0.03553887805995859,-0.008847496911870367,-0.057662586163257035
2381,0.3156915546480168,0.230331756343227,0.24655913906714888
2382,0.28639207773704056,0.12682882142975327,0.2689485037337582
2383,0.21774743035142463,0.17394735527124405,0.32718516941718145
2384,-0.21769302396701562,-0.20957845762910488,-0.25754618948884367
2385,0.5163230250350339,0.375028235417614,0.12729457194388516
2386,-0.1433999990397754,-0.10920555422671852,-0.15825367795047585
2387,0.11756886972559388,-0.005521142532508239,0.03892634333649059
2388,0.5524925235018683,0.3307183256489059,-0.02582788697212679
2389,0.010174764882474818,-2.6069875319167934e-05,0.09485141318148038
2390,-0.14583133657530745,-0.11774668626090457,-0.08659845041046144
2391,0.2913576265163471,0.15672776550192302,0.550324633124621
2392,0.2420917082134768,0.16223069217328545,0.2400872496419546
2393,-0.07666913137811238,-0.011921995126952134,-0.10169515192090062
2394,0.6145141303922435,0.47391770675057865,0.5688268745729232
2395,1.0297800308552336,0.9343743064420729,1.2983751996963382
2396,0.15202784974157035,0.03167301604819639,0.25375219698441476
2397,0.2726336045855615,0.3253392846711094,0.03516813448745437
2398,0.35898623796535745,0.2128674066810201,0.3096220966489778
2399,-0.13290852785034712,-0.11844180194625276,-0.042713684620823034
2400,0.11985330653273674,0.31608407215816126,0.20346824512888517
2401,0.16491739872985,0.14691781505499724,0.04325557859244977
2402,-0.14097841772022368,-0.05580658257340365,-0.18940359500699444
2403,0.12025246096025288,0.09433261588818387,0.05111663184471582
2404,0.369522790712816,0.38661653653134986,0.005754627768386422
2405,-0.1552533154416792,-0.1221601359793617,-0.20678542119971755
2406,0.5280436861991198,0.39409394854192614,0.42174107345050826
2407,0.19601730798472206,0.0748969338541623,0.282660394286643
2408,0.30213199291926385,0.26764498768894773,0.20725274448953002
2409,0.669087837630818,0.4742635398118751,0.3957229421921815
2410,0.48831514964695666,0.423964161996363,0.7582049778010436
2411,0.08186311678679248,0.07187971717795749,-0.021938057564901192
2412,-0.09676703290339572,0.008425052797188526,-0.08695780324157354
2413,0.15980582378780905,0.12930611335931363,0.20329620283145267
2414,0.16777130064548196,0.129307558061589,0.21021027315405005
2415,-0.032177923118930085,-0.0574072836373245,-0.07119978547031347
2416,0.7275912312108699,0.2957561711020513,0.9214268567882975
2417,0.1771801654059304,0.34908131741655946,0.2907874650974298
2418,0.3030429065548206,0.18504445028708094,0.31071949837837587
2419,0.6087672383900473,0.5622454324101931,0.4697049594832601
2420,-0.07496931700380671,-0.12793349225525175,-0.17583834057785253
2421,0.41616662302035445,0.4232094560270163,0.25366579697631586
2422,0.33625067122820096,0.1833682271358077,0.6231949507923364
2423,0.037920361110189926,0.07373224712920878,0.10602179249238453
2424,0.14894293115457558,0.0898985531840919,0.08109617722757867
2425,0.8844001892440532,0.903764012928602,1.067690222012907
2426,-0.1829031027242698,-0.16546427480785253,-0.10039526506146068
2427,0.5267652676917476,0.4289059371402799,0.4085313502575505
2428,0.08666637057181648,0.11632375936898298,-0.00047399545092796647
2429,0.11796885608402263,0.041193270782990066,0.21023418801360694
2430,-0.1474682968738037,-0.12418542351354744,-0.15643873366283445
2431,0.9118150306291206,0.8326971486297601,1.3033376626133117
2432,0.30126102387963716,0.06627641152493391,-0.14639637669804262
2433,0.009661515021040179,-0.035591548730932066,-0.13269006846212628
2434,-0.04874961516726595,0.0002061496527021589,-0.11882648001119522
2435,-0.1528311540056876,-0.1220548121144922,-0.15923890458684087
2436,0.7131442729756199,0.5603083426519484,0.38409341261858576
2437,0.13464245883140524,0.0018976098463399094,0.022888424375693273
2438,0.9649221808507893,0.7943013184478167,0.9875175656855719
2439,0.18076182511406302,0.20297481896366332,-0.029770139594881173
2440,-0.018764814019664566,-0.019832010272122225,-0.06318439711320689
2441,0.9708702068502935,0.5946738632710418,0.8612441633940078
2442,0.5012005227052816,0.49612554432582234,0.41281711112430197
2443,0.14238234094071056,0.1534877540100874,0.41739929304580903
2444,0.008899156671056119,0.025868709059012618,-0.10922335860317856
2445,1.0781916528771354,1.0120023090821095,0.7038652395789518
2446,0.5812326570395785,0.3261937910917645,0.17802743548641176
2447,-0.16277177277695398,-0.15875882939083386,-0.23000470037959153
2448,0.28265506091893067,0.24406907536009403,0.3388210678082426
2449,-0.19550686725040167,-0.2097537648968153,-0.1636679481392469
2450,0.4342823338957784,0.31106701620045185,0.01451451801241177
2451,0.2291078739748884,0.17511665772189056,0.024845834583982596
2452,0.7627217019280927,0.6107379588438515,1.1363283180302637
2453,0.6495188629012956,0.47286742350793376,0.5906693868692707
2454,0.5606863542114908,0.47448309407204214,0.1572493689266845
2455,0.6255198026875988,0.4469715110587762,0.6274586679127094
2456,0.7041012289064943,0.39404241632498027,0.9748807496652894
2457,0.3390733406266979,0.20642840699268517,0.2787331615413171
2458,0.6754830323062366,0.4989011526353564,0.24139361245693403
2459,0.484169468694746,0.5691775481183337,0.2986527711504037
2460,-0.12098726968626539,-0.10449611852887997,-0.15856572575530437
2461,0.522547652781312,0.6808827242645881,0.4879450432889556
2462,0.8506862696354045,0.765840753873394,1.1628755907360855
2463,-0.11529084232088227,-0.06730093816523985,-0.18217479129755787
2464,0.4672709542035691,0.3246363856850223,0.3119305299192032
2465,0.5576631957004698,0.5451101165426064,1.0960467208950773
2466,0.7133676243836331,0.5169918648344336,0.6719617605147872
2467,-0.1024220300279679,-0.08087819815678643,-0.14845246880177976
2468,0.22916943875732243,0.2778184814533904,0.4831881102076512
2469,0.10046300142664988,0.08507125803190596,0.2735479678156614
2470,0.31253273543921334,0.3093059688125561,0.0327216806242534
2471,0.06806823601416734,0.03729987440880578,-0.06387139754971793
2472,0.2798895974984281,0.0749431162228158,0.40705712836559793
2473,0.3198938874652306,0.4269980177963084,0.31455885037091225
2474,0.25203729983614864,0.22843159595434748,0.23571863363472345
2475,0.4063290248713196,0.24524910195875482,0.005898761621042192
2476,0.23704485461341296,0.31342125662235376,0.3700920645038621
2477,-0.15702349100087154,-0.1655265933910398,-0.15580434530824316
2478,0.3596206653391165,0.278598224117909,0.27624782888337607
2479,-0.06836846836228472,0.031535792670369434,-0.11332936484968226
2480,0.6773774817185789,0.7153620807527161,0.8708719005518062
2481,0.5841558494242673,0.34934726587877485,0.8304775235706694
2482,0.26156529037734,0.20594237824035289,0.19400800811951702
2483,0.14013877692306687,0.14978002722556738,-0.15224683378307147
2484,-0.00849537852534421,-0.052648279578431656,0.14326513926764117
2485,0.06939406417366567,0.10717260991496391,0.083268602713922
2486,0.47940362980618234,0.37912928855784944,0.7745953072158875
2487,0.7516919924525565,0.7136308069263946,0.8449094970920548
2488,0.440240501004576,0.3719332907375936,0.4951749428922163
2489,0.7508509329140409,0.4983678236265432,0.43888221914205117
2490,0.37251688848928444,0.2828185955509679,0.3422747044814687
2491,0.04224309988663477,0.08757680229437437,0.21728264411250087
2492,0.6858022805041668,0.3762652441740959,0.34144883978445306
2493,-0.11044349906928264,-0.11231876860837808,-0.02893458145809613
2494,0.04910000230305411,0.04570169515989608,-0.014898161503514085
2495,0.3157514933168304,0.42849005379466765,0.33937109258803577
2496,0.5326481493196775,0.49345187468318485,0.3187754542469057
2497,0.39318473141263355,0.3954978526887787,0.3519306651904377
2498,0.9199385245367853,0.5282678742729767,1.1458186998044315
2499,0.8046640011584529,0.6255312832605344,0.8907701820600842
2500,-0.07513875241386336,-0.015499390660286494,-0.10132378789523555
2501,0.2679954221435499,0.4266958467937414,0.2441813795044725
2502,-0.1734093477076153,-0.13956831094396493,-0.23578996740239744
2503,0.23636404595744054,0.2224753803288957,0.39056550956860514
2504,0.7096401795024685,0.4905678295185607,0.36362839315777484
2505,0.5346978588224593,0.35645866724694497,0.5577217804741004
2506,0.47118381693034395,0.357045678668062,0.38135651057601594
2507,0.726867783573983,0.6314778978850699,-0.024016554676349
2508,-0.15148282311943184,-0.16687675647068956,-0.17931498908878984
2509,0.6952926845455603,0.6332414931704913,0.9861688305824734
2510,0.36354129714789907,0.09899634304905147,0.10252582703658542
2511,0.07633062726776974,0.1259355540553595,0.2943112473150873
2512,0.7024351741568782,0.6244823716145673,0.5103182185715784
2513,0.7246257928021558,0.4036461960224318,0.4841942452252346
2514,0.4279715805757831,0.4297457840048975,0.30500510784097945
2515,0.13821073509855886,0.15924882544165908,0.1771594211625911
2516,-0.1082561721852544,-0.08122372536019695,-0.2492655568146448
2517,0.7457125169814967,0.5535194130018775,0.8705873361344738
2518,0.1905589825336238,0.06117200015254487,0.09928556354920914
2519,0.022319045337168886,0.04007558558365831,-0.05241756501236838
2520,0.5796614362382024,0.24812057747407557,0.6736180350608441
2521,0.7245352368262199,0.5014438972727371,1.0467285213283057
2522,-0.15532050007165044,-0.08939223650060013,-0.10979287310273267
2523,-0.05098740906803112,-0.0045327661459142465,-0.05161565392347611
2524,0.22447311581592255,0.08155532301034696,0.21532261736965297
2525,0.5661907128633688,0.4043989644190433,0.15687749027972875
2526,0.2649071949448216,0.22429371766173412,0.13094943706244466
2527,0.22190191766360012,0.03986735515191531,0.4941284666494852
2528,0.3923257021998281,0.34631445013024975,0.6346519969570119
2529,0.6327461489911532,0.39909843889028984,0.7687786376508727
2530,0.40008316259127263,0.3655121498907119,0.46532348290458936
2531,-0.115638378752839,-0.1149785471956758,-0.1462781324074941
2532,0.734172858675727,0.7215116784796141,1.087878590887493
2533,-0.2493028047618041,-0.22981246794378407,-0.27428962901116394
2534,0.43536393843733845,0.22421145729452974,0.41997132302406737
2535,0.9456033555455756,0.8528008520133914,1.1779134351088367
2536,0.5651852461865507,0.3696114293276396,0.5120301357309496
2537,-0.0235993896406268,-0.04040752872785114,-0.07751274434931321
2538,0.5265065447898678,0.2885016202607016,0.5706296642869197
2539,0.7999838238987262,0.7073645066165943,1.097245504088873
2540,-0.006682027518168598,0.015690899188648855,0.04274496604158373
2541,0.2679245204188416,0.1370402566486344,0.1381481516566947
2542,0.14724413324312957,0.12044528008237099,0.3135180767486949
2543,0.27960562490217455,0.20212855894183024,0.19518866272340407
2544,0.7151533811606123,0.6238288871898434,1.00873548282582
2545,0.31827039727051387,0.37379541722305265,0.2754443466544647
2546,0.057877383421184536,0.01987182441810975,-0.11331762216670516
2547,0.15555110936751992,0.10397537249460376,-0.11670259710687758
2548,0.12630576106564617,-0.002810702921396957,0.04105728394867869
2549,0.3716774388156452,0.2656621684836771,0.23490272507798138
2550,0.2189457934671164,0.22516991844712786,0.34937520359177454
2551,0.808552463687005,0.5053034107390602,0.5541706130488411
2552,0.5624515991877752,0.5807734243378093,0.6901226281029342
2553,0.5196256026007073,0.4828100548640597,0.35127320505835113
2554,-0.033552675418499156,-0.018965835837433276,-0.12207770419447572
2555,0.09545244204593017,0.030731857859662925,0.2338602883775931
2556,0.13042777226309954,0.07968906060242031,0.16144873381272884
2557,0.8013407967712807,0.5981993533790453,0.9994114159567835
2558,0.05750075427592183,0.01659710672083592,0.21791028172612958
2559,0.8157355493580629,0.49286160674603674,0.39602341782347095
2560,0.7389046411377411,0.40841165719913297,0.8002942634443628
2561,0.1584680419855664,0.17956027014254983,0.31251940242485876
2562,0.24873834757879543,0.24940677508838327,0.15422971227825788
2563,-0.1885522767312191,-0.1701811587077382,-0.2176662349187265
2564,0.06601033730234973,0.09108212587914077,0.005655178409835759
2565,0.1291324806148746,0.0641353093073822,0.21664710603092474
2566,0.3196471796426399,0.3053655614479145,0.3843660290666393
2567,0.32988454052060123,0.3580827531008721,0.5446253964261096
2568,0.06715310072307767,-0.056337282327052596,0.08460513165127859
2569,-0.12674277335733652,-0.09855779827564948,-0.21263370978936902
2570,0.24552329739256895,0.30548623194806246,0.2560221824560118
2571,0.21054670900622252,0.14386797941521845,0.10581071314558477
2572,0.32061924676432807,0.22177788974404544,0.2640812672808097
2573,0.284581427845084,0.1843421805868486,0.03745655354551736
2574,0.10402287102542185,0.0716241907644839,0.2597453204019642
2575,0.3612407454924862,0.3386960562974586,0.02939614100103194
2576,-0.12895604625998303,-0.0012515073504015817,-0.17275608475493065
2577,0.09745376430916841,0.09221075130665213,0.08028298074743523
2578,-0.008655389819332893,0.06587505480122635,-0.05034483719019345
2579,0.2688258309455691,0.2243123114812664,0.3404288350955629
2580,0.7672819957024746,0.6980881629978479,0.752569179023493
2581,-0.18408450208841876,-0.1616564019210177,-0.17925661180825692
2582,0.7367738044339764,0.4004531421134745,0.3298321977547152
2583,-0.09070188028131909,-0.07840372868454337,-0.1741773632254645
2584,0.23871825209933872,0.18047155151747085,0.16452218230218607
2585,-0.08015153721836232,-0.04910724557071011,-0.0783613636507543
2586,0.2934642855161531,0.3496395714771261,0.24712003859494702
2587,0.5394730973904853,0.4946355901314221,0.7467396729018028
2588,0.02113808557269592,0.002716134580663221,-0.16732990562668193
2589,0.6198531485403385,0.5351717388362571,0.283540050897934
2590,0.3856959514508189,0.3644638511517373,0.15662150490825866
2591,-0.14169215093591403,-0.11065935500787394,-0.1383347435202822
2592,0.32453468562616017,0.34051963611382186,0.22713092150156355
2593,0.36593976148509344,0.6631519114483331,0.45155953674648175
2594,0.20707548782674023,0.16398900442250053,0.3608346548819974
2595,0.04357781213646339,0.004813996485242056,0.17512427850257306
2596,-0.09589533336765721,-0.07376365947096142,-0.12157937086739479
2597,0.11775385290140994,0.05724059957060401,0.2575963259253602
2598,0.60957910262683,0.3690018842176106,0.008470394479314525
2599,0.38626337189338344,0.3056995411020551,0.4120915204769131
2600,0.4871382146622696,0.5260376914728033,0.43540919928699995
2601,0.4693399162876446,0.360220410028969,0.4507738602572051
2602,0.3975722460369704,0.2654542931309529,0.3095923367626048
2603,0.6609317217178379,0.7802962602012913,1.0546220672802775
2604,0.8497353798803609,0.8321975039062266,0.619426421323674
2605,0.5208132399832703,0.45487511892577603,0.8085118399958402
2606,0.3374354537680382,0.1733253097655858,0.21685407736584472
2607,0.9700729620619848,0.999724341913969,1.092650240567365
2608,0.12819031164053585,0.04874398523581158,0.2919731617556913
2609,0.17474890598160875,0.08598050768629717,0.12911400367664516
2610,0.5215148615007035,0.4080628796167489,0.6565659762074498
2611,0.33688504187657764,0.32386288120382,0.24049625068508917
2612,-0.09516383604068435,-0.08296098143521446,-0.12453482571452801
2613,-0.022340025373171146,0.01578391855263006,0.004534179162010155
2614,-0.1052310137818977,-0.0924038678071688,-0.051268234415634883
2615,0.8650496096714442,0.8871951558386897,0.41719107751067686
2616,0.2161288415861673,0.21605647602146782,0.405992599415236
2617,0.24777349208417054,0.1566071673436713,0.23766495929704212
2618,0.03077871403383048,0.023788214182459466,0.012653602118214202
2619,0.7615901317680864,0.4547708206799712,0.8412529989463551
2620,0.3598946380849499,0.14895182476253543,0.19868672915883012
2621,0.33130628190751676,0.3494463610376697,0.4455295749439723
2622,0.690116245341067,0.5976853250526957,0.9696079735091223
2623,0.4397914981944995,0.3530121084335498,0.29793161022916115
2624,0.7372559559249732,0.4188190254948201,0.6034031101486326
2625,0.21907472451798182,0.24510246451900186,0.4214480156473328
2626,0.8821952354221427,0.6813007383761827,1.1155203557924644
2627,0.08258097154065025,0.17787945609328215,0.2534793027294766
2628,-0.13903773827948096,-0.06939887605881523,-0.1459283021055241
2629,-0.1373032704533257,-0.14263632875304288,-0.24245799918221644
2630,-0.11610253281196814,-0.06827123629612897,-0.064371512866081
2631,0.19425335974373703,0.1638140856080923,0.2941594302607937
2632,0.6451299481472721,0.5110397870144565,0.3631692224452263
2633,0.4979785021938321,0.3123698761943139,-0.02770082076596936
2634,0.8657627515761679,0.5437149216561812,1.224779351981054
2635,0.16957774051094776,0.10413533448091061,0.27026716184374044
2636,-0.1311021235785068,-0.04306463072237776,-0.23032945901994073
2637,0.40425579140204015,0.21194338366184318,0.5520176269030512
2638,0.5060729468505567,0.32194136329958045,0.4576771187669664
2639,0.18345322434103917,0.21002453565027812,0.1901223015077309
2640,-0.15251771054518848,-0.14526302287671478,-0.17263541642325542
2641,0.1083837716856344,0.04849082287632189,0.11558560266787654
2642,0.5986170265654049,0.46193982972857484,0.2459783499188246
2643,0.558222459317171,0.39237603175009705,0.11048029423895311
2644,0.6413085801188885,0.3998753295798858,0.7740046355232222
2645,0.1658650699533537,0.11452281308420775,0.37447335256013403
2646,0.8028470316631782,0.8063101002882285,1.070481024703584
2647,0.012429271813809484,-0.016517245386270085,-0.08557384677743574
2648,0.4444462934538147,0.2584672046806442,0.42660936064562693
2649,0.059762538997821135,0.006115611896938766,0.14891225346178283
2650,0.2596713575357701,0.12374402605507595,-0.07035721037504372
2651,0.3734008547515504,0.29185658728510444,0.2142036491952366
2652,-0.09239985502199721,-0.07835904108065639,-0.09214431049146876
2653,0.3134176645024551,0.3555352878567284,0.28536322139319914
2654,0.1180921741142631,0.1349880943462225,0.013228974457713205
2655,-0.09607579401630806,-0.04351637052726576,-0.05896626867265142
2656,-0.12559980169548013,-0.13419012371053274,-0.1495352643453134
2657,0.8377935441374693,0.7882869199042954,1.0559379813187157
2658,0.11435049777650463,0.04441546798413598,0.07757722783759324
2659,0.016279297793669434,0.10170677326631417,0.06105532580484563
2660,0.05070162649691756,0.04651895301490527,0.06959111701093668
2661,0.6976758013218882,0.5627785211423779,0.4206004008287989
2662,-0.036372365625270686,-0.037763260888047046,-0.15141996534390323
2663,-0.051752193962077975,-0.029478177725280608,-0.10832343104534647
2664,-0.06413770153956677,-0.03758958791387812,-0.07537625440846907
2665,-0.14022133781718094,-0.12319604764822856,-0.24518378600188395
2666,0.26330696263986275,0.26616171493841256,0.327226273431779
2667,-0.12848636920203893,-0.15342905275258367,-0.15482842220667958
2668,0.1249271153487641,0.18993037273173075,0.18650563027099554
2669,0.3311200198526114,0.22502322173210487,0.3586614538294992
2670,-0.07597523394112216,-0.047146317126542714,-0.1481779801952161
2671,0.8124295572143803,0.4978177500792593,0.965449827401142
2672,0.47431114385467876,0.2968112725053458,0.5790615528522585
2673,0.42851546885085234,0.1601541777021085,0.2129420542841416
2674,0.22169744523966428,0.17809260053796394,0.045344081040361806
2675,0.4687985823220444,0.258025030957201,0.5560539269041478
2676,0.14300825220658742,0.07801680643504683,0.12383019247219829
2677,-0.005292784837808262,0.036410530630792026,0.3134718648511228
2678,0.3709414576732608,0.21115292895336313,0.14061862740428288
2679,-0.1359092916422967,-0.13245698241502057,-0.14925305602558636
2680,0.63062511314591,0.5785081623108286,0.8517417271145467
2681,0.670201213603637,0.13033950849949605,-0.0472336516303381
2682,0.18845994489933338,0.10595247927979612,0.171821014914318
2683,0.6876749523133492,0.7446530582617215,0.640719023981696
2684,0.8920228612473178,0.768663082466682,0.9758605668949756
2685,0.08339988003142529,0.02192853194624389,-0.04226529561916925
2686,-0.11490130666581122,-0.09369427475440628,-0.1618766503400585
2687,0.21536236929287833,0.128510562175165,0.273445884879147
2688,0.6883508678827075,0.6844025841356238,0.5564514812789401
2689,-0.05121512961738106,-0.03647876485738277,-0.06112749122254202
2690,0.2755875309451177,0.4400913099160848,0.5518945529869015
2691,0.6315242752098864,0.3787243490586525,0.4971955607292389
2692,-0.14877950753523284,-0.14631688895274075,-0.08771680917838998
2693,0.027518404449420775,0.17428757067981437,-0.08069470710472892
2694,0.13906334311829194,0.11407900308371799,0.07395512179876551
2695,0.9342464341322312,0.7499603356785434,1.1881413534189815
2696,0.09620376472715719,0.011109535307368024,-0.15976792314016997
2697,0.40251286721836665,0.38697479934366297,0.3777394341516993
2698,0.49216407136939977,0.6873431280098032,0.3698898441218086
2699,0.034753430766968574,0.06641768678837567,0.15700996276666057
2700,-0.17976200623495941,-0.12728805503525098,-0.2218961069379698
2701,-0.12947326886094812,-0.10463014958311367,-0.14722102640260915
2702,0.307015905999668,0.17898773477491448,0.19309812975932195
2703,0.5479933713332024,0.3708571294033376,0.18369517840504068
2704,0.299832951680008,0.3312475111273039,0.39805942738154854
2705,0.15962408809428763,0.12135066975968423,-0.02052596984780708
2706,0.6099459101386693,0.4731795419733844,0.5619872305257358
2707,0.7676527402092985,0.35498000790760154,0.909988492689094
2708,0.25868863677190257,0.4217142544612795,0.32562822819765835
2709,0.4394722426025883,0.3393131666324689,0.1777564668763345
2710,0.5533775567511143,0.502169754901479,0.4635284151667809
2711,0.5020181373383417,0.4760424148241029,0.4055186853561463
2712,0.2757871444013871,0.28976168151325976,0.3495689393230621
2713,-0.05752793087293673,-0.04109382567437836,-0.14536102176103782
2714,-0.00013882165980305672,0.15304518638423725,0.11863368897787563
2715,-0.1348098134582485,-0.1194264946094945,-0.15441862568462283
2716,0.03676147386028439,0.022124387418391844,0.16357765699804605
2717,0.2971741260962524,0.1648257700906528,0.17146839179083995
2718,0.05779141677219224,0.08829990875744298,0.16603433099655684
2719,0.9458249761447901,0.8865433063843358,1.2068027605618088
2720,0.22117964410782243,0.1526555371923919,0.20689582201470347
2721,0.1798612569755378,0.1824894473888401,-0.12202771045019867
2722,-0.0004426580612034714,0.06935923873821226,-0.09529003732659036
2723,-0.0723512657677633,-0.038748611783239406,-0.13429185832584012
2724,-0.09515706996522955,-0.12056167129103035,-0.1720851391591005
2725,0.3555326403507044,0.21847840181443257,-0.0450246261413948
2726,0.4392768358693513,0.4320045901677181,0.4080427260729089
2727,-0.044484524943527504,-0.045426284620641466,-0.04812420320656041
2728,-0.1235816470924408,-0.14217002302916726,-0.2144572325095221
2729,0.5716459996376513,0.35158966956087667,0.32094134378603
2730,0.7727446098130064,0.5775837616146433,0.8460604871428403
2731,0.8129725118511453,0.7488726333925173,0.5401074998853008
2732,-0.07291672603461319,-0.09154532099769808,-0.14114991256880527
2733,0.5174724158428494,0.43753638046482424,0.3640926001326201
2734,0.1505863906069489,0.20665213072075006,0.0960496773327073
2735,0.2450380637627545,0.13109120135514618,-0.07088734518818429
2736,0.2093820502374948,0.2246402386215356,0.4416438765149988
2737,0.8132645629611965,0.5824964456000155,0.06612870139650018
2738,0.37599818248828876,0.5247303405644317,0.25061576941364394
2739,0.24681674858900382,0.21477443232465165,0.3008489397711851
2740,0.12478717906637904,0.08331796617346643,0.36407952990329884
2741,0.787827279926905,0.740680297910054,0.4830798569397703
2742,0.3844076248802837,0.31021117924574537,0.4699220401614508
2743,0.43967842611493513,0.3350875563074349,0.41826822876070224
2744,0.5412507542032428,0.4504300614525718,0.6270181192168776
2745,0.32474728315682877,0.2541785773891827,0.08411327917227807
2746,0.014894463591012208,0.0954530011974406,0.022720108626969715
2747,0.1122766964761821,0.031339184617191984,0.08383453475226199
2748,-0.04772950275289334,-0.015886120827850014,0.0037324688138875572
2749,-0.06998551090185223,-0.026617084917722078,-0.07395981872874047
2750,0.8510391240190467,0.6897686629078916,1.2359153416697874
2751,-0.05018168298299053,-0.08378988030162127,0.15848126366880044
2752,0.9099532738491374,0.5764349898797083,0.9443857379100471
2753,-0.09266478175248116,-0.08911054402892771,-0.16248997302977564
2754,0.2989809653258382,0.259953432296552,0.31744912678389037
2755,0.10625087944979561,0.0977213999623967,0.1876825360780634
2756,0.2887445647603295,0.09445260947532819,0.4258230040596136
2757,0.34167820635921453,0.14260569391905942,0.08031688628669431
2758,-0.045508366335686445,-0.07597170688272392,-0.10503638439780838
2759,-0.11821026229194553,-0.010709607829438417,-0.18200037187651108
2760,0.46965884404454306,0.38292033518309787,0.27402913965764997
2761,0.40943305502981153,0.1764161345081101,0.32169728050997626
2762,0.040885268500224115,0.05604943632803927,0.19843664804175076
2763,0.5468339504310049,0.2798591329416549,0.4756805892524858
2764,0.7569002207409552,0.7156781631964992,0.6384683889431655
2765,0.04831450053486441,0.020285380821387866,0.11715065306756456
2766,0.31467268534268267,0.21555184835662367,0.39624679507762695
2767,-0.10671179619861504,-0.05156840655683392,-0.04662238792573725
2768,0.16894032193577657,0.22366308694257597,0.16752407692805837
2769,0.44557873592078345,0.45223504809407244,0.31512615930671917
2770,0.6077725270759138,0.5769968509486412,0.5967782577610972
2771,0.42661410751204887,0.5214082104772904,0.2992201601748339
2772,0.2981624978594757,0.21106344926714948,0.2929803279587475
2773,0.060950848570874516,0.034845368995562565,0.004853936093116129
2774,0.13138854133628963,0.13363305071135878,-0.046022203163061715
2775,0.4697311046786101,0.27764343220167986,0.34828761802418806
2776,0.6542558854250065,0.7981328252170286,0.8266544638109117
2777,-0.09012435741517022,-0.042751024684200445,-0.12976351912174744
2778,0.7936176123325667,0.6879908914122608,0.7623640397517109
2779,0.722442681042516,0.7192698879541883,0.7971031439880334
2780,0.09671637439633685,0.20715954631295763,0.03410285307673022
2781,0.08451205707971421,0.006333718212404582,0.08599210289889503
2782,0.3884241183859847,0.25223474567609006,0.2744951068247774
2783,0.18840946891149724,-0.018837769387424097,-0.030289787891695452
2784,0.6550714609880326,0.7331913933768357,0.5758643122412574
2785,0.35123243263338577,0.41061272937369586,0.25458630638504975
2786,0.5764747577473874,0.43538957053737004,0.7634314442384682
2787,0.22584487931244435,0.2921828590858362,0.14788497225061392
2788,0.7425501854218697,0.5445988579477217,0.4120489034397603
2789,-0.07443588784202237,-0.08359358418460139,-0.05394580938005289
2790,0.9947613877478809,0.961726955855706,1.3640805850409161
2791,0.636423542740173,0.4225776420902869,0.5569972809201267
2792,0.7221939412041429,0.342834058194996,0.35758478289592155
2793,0.34412962419596504,0.14427256803707467,0.08782273011066954
2794,0.4531445404753638,0.6394108580340894,0.43746811566992205
2795,0.2251040196477594,0.11529311516397289,-0.029883218262916955
2796,0.012037820458523196,-0.013247152914157345,0.17297197547915033
2797,0.3139443175646166,0.24255833553154504,0.17450916504743352
2798,0.2163517083095845,0.21064031342935285,0.21115287571529873
2799,0.017694188600467786,0.0035826545494090922,-0.13230840094971374
2800,0.7078447894972393,0.6306384837263417,0.35919543197357506
2801,0.7240162336115044,0.5865788500550566,0.5350215703237857
2802,-0.06247279859945798,-0.011467853502855174,-0.05900517140162975
2803,-0.08527066703952679,-0.09141991290662144,-0.12960410904090347
2804,0.5761059367785712,0.35196382225777123,0.5349432710175412
2805,0.5063454936037328,0.389723893118312,0.522303815271669
2806,0.24812946178725204,0.18102592075588575,-0.018994488058590053
2807,0.6340007106959229,0.3875416050667315,0.8274873727179197
2808,0.6734005842782167,0.6176628121995646,0.773151110097914
2809,0.5540752859887266,0.2883589156304156,0.5123219531016499
2810,-0.12968335522837926,-0.06075571060577989,-0.0834886327976091
2811,0.5011978578294893,0.49844987077958436,0.6638380722328767
2812,0.5205346282739927,0.4672493464864327,0.3032261051970979
2813,-0.07342232664385506,-0.09390282858061239,-0.16294278131423456
2814,0.5372423827660844,0.3877799059829323,0.39207927080326455
2815,0.12112080613507303,0.04552139800692667,0.09088701276380862
2816,0.1707319094842603,0.1302858451048814,0.42858843928182977
2817,0.7025958963967565,0.5161168850098985,0.9244744017082158
2818,-0.10153002578211212,-0.09304569853534506,-0.24024339057923016
2819,0.14727413674796086,0.13828811686040599,0.14469518620191524
2820,0.557973025301491,0.3899666966424409,0.8369607525702911
2821,0.15277146265337294,0.09057058303215304,0.04345030804413286
2822,0.25366182756913136,0.3495468248181661,0.29904222210947506
2823,0.3529317011023063,0.2405170154668852,0.16279310868398422
2824,-0.08294368573159971,-0.06470426195459733,-0.06782101496893345
2825,-0.0604049931856111,-0.006659604125306973,-0.09651062987604109
2826,0.6527319984422699,0.36413840546417076,0.3979193195345281
2827,-0.008676284042921978,0.003141802812844263,-0.043635373751317985
2828,0.31042729293599924,0.30858539927154327,0.1841096030218652
2829,-0.07779528290165783,-0.04672164990173222,-0.18948048562021258
2830,0.7723094210297379,0.6628291344527293,0.5667608050173814
2831,0.36447806314068676,0.4131583113712447,-0.05581025334155254
2832,-0.04192443056595463,-0.01813956798813221,-0.12603787647312625
2833,0.3104429425859938,0.1572065840820489,0.27429705850282526
2834,-0.17574141372808672,-0.12958630931602777,-0.1793783515640689
2835,0.17990665908838444,0.22975786607777504,-0.0430478401057689
2836,0.264605870082427,0.17977901185988743,0.4390706012640011
2837,0.09800536969068685,0.08711511119772153,0.19932045794171405
2838,0.10284882319992938,0.06728927584220634,0.1407938746553532
2839,0.30171238406425593,0.19510538825574697,0.5538508474745798
2840,0.30236780954062326,0.22698737121299084,0.41869098118326487
2841,0.29647631959912846,0.11589956953253466,0.5494445852943195
2842,0.751302159163109,0.5400427789857336,0.9244061203709908
2843,0.40923775634205284,0.16792762258749727,0.15658609049150973
2844,-0.06035246974076802,-0.013167964303176904,-0.10386820810719521
2845,0.8116347828598176,0.6551771011936669,1.0269779982218505
2846,0.024913778032565892,0.08258356280080248,-0.06823422474208862
2847,0.009183270102928631,0.055203662225493,-0.0992982187206094
2848,0.07296871766824387,0.10619940113500914,0.03188556749892024
2849,0.13571937001729628,0.10945051384514337,0.24386666131701906
2850,-0.01342280421625286,-0.007779875966985705,-0.07672078527819282
2851,0.6400172577284966,0.6090637506093846,0.47504757688379073
2852,0.3468223165799178,0.2828962593984954,-0.05017532464857277
2853,0.1425022138275076,0.08078747983273149,0.3396851380001591
2854,0.6175036026892939,0.7310156547833555,0.741841961216031
2855,-0.08130900896446036,-0.09171802972379839,-0.09850561708841765
2856,0.32690060706845214,0.08323774492450631,0.34854095927576423
2857,-0.06144106638045832,-0.019454997002701258,-0.11543664686981203
2858,0.25729388989285185,0.18345747705008408,0.4266713870310148
2859,0.7898729882174038,0.7364253635945,0.47383670507040354
2860,-0.011961474214304602,0.04791151896693302,0.0667962635010495
2861,-0.1539448582702002,-0.1027649352287463,-0.08400815341177803
2862,0.2491514983767602,0.12351783352732482,0.12404119813680237
2863,0.25608791591961233,0.2705593994220774,0.1346457888704744
2864,1.0096902564803663,1.009891723230079,0.9971296373341529
2865,0.6609187533731162,0.5804509446308335,0.9379868104282267
2866,0.0451669001184547,0.09256872088480428,0.05111274826694423
2867,0.6775853400739151,0.3962388177769729,0.8826382393772365
2868,0.6940894546318126,0.6641027566992359,0.5931382885454672
2869,0.6224094741002295,0.2919074075776984,0.8511928506273878
2870,0.6845776912175319,0.5554716767507037,0.7414426353475987
2871,0.016101117297359302,-0.05403951023807729,0.17126648617896834
2872,0.02433897897338566,-0.01752936073532707,-0.011057000381529458
2873,-0.1091066988219831,-0.11528243349686673,-0.18217886491527002
2874,-0.1327617006942995,-0.10192128325496141,-0.13882244375478214
2875,0.4415518114638657,0.2572669323784422,0.3041121459745484
2876,-0.07791063586159097,-0.09423283003029181,-0.14279788063467747
2877,-0.1010170898197904,-0.09256566619009765,-0.15903398376024913
2878,0.16359845914503435,0.1606846353304079,-0.05407240612432407
2879,0.4023792022511783,0.17681794358935243,0.08279619298860519
2880,-0.007461777435030292,0.09664636142206584,-0.026641594801192103
2881,0.33121844937452516,0.2937501579307229,0.369707193458614
2882,0.12060243456159014,0.06580089610193607,0.07749878801722532
2883,0.025290122720758035,0.04577530149638931,0.0886419705539252
2884,0.09904623379713562,0.02114486266719595,0.23288112031610053
2885,0.032703531275751985,0.0806729127619068,-0.06402610009482879
2886,0.5081735830711702,0.4403886337932832,0.4393727904654505
2887,-0.057418051549346205,-0.03285092330591133,-0.04527025743766866
2888,-0.06051648751527916,-0.025802524876969102,-0.14428123403475657
2889,0.10511772701385858,0.029325737509807492,-0.045167311223980544
2890,0.7525055748247467,0.4569488614386392,0.9546843234797928
2891,0.40092147600994177,0.2594995180694166,0.25793510127542674
2892,1.0133506033736888,0.6851453261188034,1.0342895165006425
2893,0.37655209683295277,0.22587459308712954,0.4618754479368379
2894,0.285999502867329,0.20898479300077577,0.22814300404420318
2895,0.1292702783687414,0.02672555303097801,0.26240878957137337
2896,0.17955213914743884,0.1699595681192716,0.3693454453499767
2897,0.26625473024075696,0.17604521818443408,0.5895294282761598
2898,-0.02675770834201563,0.12865386787572364,0.006356961456273291
2899,0.14982439033602324,0.11995457624500383,0.23434994171269907
2900,0.46875657809798366,0.42866446993345564,0.24606259167296618
2901,0.1217840307052167,0.007024223660746509,0.21371749551170294
2902,0.3177536349463892,0.21412874034950335,0.1277119359104073
2903,0.7390901070749838,0.6497997607028698,0.41587076392593025
2904,0.19128789821241643,0.1392286593333334,0.31533609633670134
2905,0.32856926928787455,0.3950896655237104,0.20208741627422522
2906,0.42277289697516185,0.2169910015691725,0.14488486906978326
2907,0.07531726899924007,0.04868981167924891,0.23551129256104986
2908,0.8716657682062243,0.5622695378574873,0.7294371871267213
2909,-0.07732454232936936,-0.015448981032181175,-0.1207299489005702
2910,0.07110388562543779,0.1340052619230525,0.15076345110935296
2911,0.051113085066341046,-0.0002878839660029886,0.15994546223614736
2912,0.24006006312509887,0.136405703243351,0.26974305816425503
2913,0.44572042836398573,0.38216121863365227,0.34675988174819783
2914,0.48998407982993575,0.5540267170397148,0.3770824276693452
2915,0.16008466866406224,0.1595773560104885,0.45994570839039883
2916,0.44246776291905277,0.4909918306947185,0.44906099113478115
2917,0.35814572917318177,0.31316928802914057,0.14869160280848237
2918,0.277380854473956,0.4425874941538266,0.5880630078314755
2919,0.8865042173653039,0.5817100273531672,1.0097470355266545
2920,0.08849862738387615,0.0756935331476436,0.0467558184677872
2921,0.3871678012436901,0.3913982197783792,0.35353293768817085
2922,0.5972595582125775,0.44931027338190455,0.3496521803415815
2923,-0.13054198396765593,-0.08992646722169617,-0.19881731211883014
2924,0.2938987107702846,0.15629893745360834,0.5552167616550296
2925,0.5564202820076951,0.5120365454071749,0.14705479225929152
2926,-0.12728829576169487,-0.08415297852074377,-0.12152565971731044
2927,0.7257304824157578,0.5127143613759697,0.7252171335020565
2928,0.4648041464776953,0.5414005064407261,0.8102508489559193
2929,0.7624824629606703,0.5455565936432984,0.596577626999532
2930,0.6004198563076819,0.3201272464309777,0.36427968883281037
2931,-0.1677630107655157,-0.15957014989405405,-0.12394420722562371
2932,0.2692681325452324,0.15180288058137537,0.037725795618373414
2933,0.5027482534776411,0.455469226903372,0.5102385583986062
2934,0.5876638614491856,0.42300580109178654,0.5850410469678005
2935,0.6027893542283116,0.6589536150649928,0.6089246912577193
2936,0.6805685589476655,0.4197104151290352,0.8511539388630085
2937,0.0819290884062307,0.016742146029364635,-0.13747873654208798
2938,0.38838105316930593,0.23652488286947704,0.2711415031407076
2939,0.0038426193980849455,-0.14486926415724444,0.008011438799735204
2940,0.061908302444700025,0.05146267146580685,-0.027889384852765042
2941,-0.1187625728731152,-0.10701742920483581,-0.09733188920149749
2942,0.8191569777587007,0.6252442138082206,0.7475433362362245
2943,0.46945247516189825,0.3411957532488392,0.6173730232846366
2944,0.3642715643826355,0.36022899641193584,0.34509114964251153
2945,0.6751193812804546,0.43291240388083496,0.266057804404048
2946,0.18716804416425115,0.22430893222806447,0.18256966729770552
2947,0.5987652552661884,0.6018152464961182,0.9423725221130752
2948,-0.09764039994352969,-0.03843040279265464,-0.07757576616072648
2949,0.20720560232576357,0.1630420472926617,0.32828328440231425
2950,0.7657118717253995,0.5630122685927033,0.917131925979995
2951,0.032878104007983966,-0.06512537557238962,0.04277527476671583
2952,0.3607850140258597,0.3611073208685771,0.30590852540667846
2953,-0.1907104698419243,-0.12386513398249444,-0.13043394007834685
2954,-0.09196001170449719,-0.05802081251004221,-0.17653901971165642
2955,0.10342557472171521,0.20878067659449595,0.2971679277692678
2956,0.49770615865978973,0.38791070227434066,0.31211606788411483
2957,0.12967033514797932,0.07271267724546226,0.0208738180148349
2958,0.15889554199300227,0.2215460928725772,0.011960827281721986
2959,0.08544513962235922,0.14637410736615464,-0.03442351022057
2960,0.8433734953950667,0.7044220486811958,0.9496384356664012
2961,0.03467158713507179,-0.009511704755223893,-0.04514389788278472
2962,0.8078290606553744,0.7736773417792471,0.5915243944945725
2963,-0.08680732849989625,-0.04424141017769889,-0.029737999503211543
2964,-0.05693355157555391,0.005394399371614789,-0.1519719003125649
2965,0.5554339782888904,0.5360365948492685,0.5643448841616965
2966,0.891013234200829,0.7792687302281225,1.26045892941117
2967,-0.22773001725960107,-0.17164821646000272,-0.2693941857640306
2968,0.1360942727845802,0.2010121667462752,0.2886666083442475
2969,0.18593357481925876,0.12306915308172428,0.25437618023200037
2970,0.3801448658635471,0.4485348624756995,0.42860458067088003
2971,0.33862560764996297,0.3581335594116575,0.2425621922610901
2972,0.6508411041164353,0.5161893229436314,0.7177599637506162
2973,-0.08668309856923284,-0.052064515023648616,-0.07697796197676154
2974,0.6588747010240272,0.47932275322984275,0.911503472697502
2975,0.5138423194559458,0.3074009359734118,0.553621524109758
2976,0.1662656258461781,0.07996642208670979,0.13007919107098864
2977,0.038289242903006615,0.032868232040418555,-0.0598766521247468
2978,0.26827423175864085,0.2053604750773823,0.47711659441095167
2979,0.5376131331085887,0.5417621173202223,0.1488036965194388
2980,0.26938326684603253,0.16334550219350996,0.14601303585514702
2981,0.27758430216320207,0.10839662023007479,0.31572363818381377
2982,0.45145488767736164,0.2380184658049409,0.3563978970719228
2983,0.17396459969767508,0.12194240196986628,0.06104067720788042
2984,-0.13661653133042662,-0.17187108418879982,-0.2932372805886465
2985,-0.029547235973775288,-0.03487746700483496,-0.02289541258167671
2986,-0.09624987907981442,0.000980051309420249,-0.15987169000816004
2987,0.7717765081518202,0.7918899974437614,1.1893749259729125
2988,0.4981469501948519,0.39231487295759715,0.5975854312011888
2989,-0.16459543495922335,-0.14552911706116312,-0.1456960344216892
2990,0.4825906624175045,0.4707137561595054,0.8742470570195311
2991,0.40706980129716475,0.4372012456644292,0.37120087307996696
2992,-0.061477463961410406,-0.03368498697525324,-0.0682928988705489
2993,0.2099538503740639,0.1240709872804866,-0.01395072383815088
2994,0.29168907529181554,0.31049477527564684,0.06480619918827912
2995,0.12475602706591427,0.076696273792211,0.17991282507987583
2996,-0.12083744168858535,-0.10076520068154204,-0.18661535198819368
2997,0.038530604738234775,0.047486615296926216,-0.07334665086516434
2998,0.04071754730199051,0.073739530329197,0.09330891844091371
2999,0.15382058866799397,0.14671776328390052,-0.026712757527042608
3000,-0.15494141474504275,-0.12381375229407598,-0.15719061427295988
3001,0.29010354539743655,0.25215892258041306,0.3708597179083617
3002,0.4124778114414871,0.51365367784841,0.345811528638412
3003,0.5322340057477823,0.37093032842144447,0.47839385597545436
3004,-0.0973235085793469,-0.055924127489087594,-0.14968061999353122
3005,0.9975705360526701,0.9276747067775719,1.5120728882749082
3006,0.47413515387415894,0.5050828507337772,0.5423621932115303
3007,0.30497190578450484,0.26137108806390486,0.03283187919235164
3008,0.8274484708907952,0.6792153532253704,0.8144523080095984
3009,0.34259105181227256,0.27634878319363043,0.2850835686495281
3010,0.01718604988609962,0.09292420758595288,0.36109224899653514
3011,-0.08327474024804893,-0.04026032657740919,-0.1075481069483295
3012,0.387264789252201,0.2592264701930649,0.43230500990238063
3013,0.12830278952936247,0.10121546609350984,-0.04919844701090115
3014,0.43348980536550297,0.5763467725831741,0.3035095003546717
3015,-0.06539079649167934,-0.022620786652951863,-0.09600636040829025
3016,-0.19448490387814077,-0.2384382292373186,-0.2351500019698295
3017,0.42675124917152707,0.4171061587986833,0.3541954754185723
3018,0.12447100287339663,0.14009298355805933,0.27072527604646535
3019,0.5227861935922034,0.22229410011307205,0.028548813017253094
3020,0.5265868279855366,0.6572557433321593,0.5921850888569613
3021,-0.1454959179105475,-0.1007277352453867,-0.22696346315953853
3022,0.3347975358966411,0.32399886608804773,0.20280746417795514
3023,0.6714258551788306,0.49520548956883204,0.9898148021688495
3024,-0.07373787043588664,-0.055725330586732014,-0.1473617520882633
3025,0.043172714947988355,3.6629304713819977e-06,0.05732631793611942
3026,0.0643193150730923,0.02810361809048567,-0.004258712071758319
3027,0.2878410763027268,0.363649163806004,0.22372533208286116
3028,0.6022090328188856,0.635571371471658,0.8617225817602823
3029,-0.09094110257934995,-0.056306747316854366,-0.14770192338865618
3030,0.7885174575820957,0.7501646504281272,0.27996618503284054
3031,0.17200404254096746,0.21572430875183723,0.038924657119027595
3032,-0.03536837373874968,0.04785111829363475,0.014071661280976366
3033,0.33300436507268394,0.26381699337916675,0.2506270651461955
3034,0.1703150422859223,0.13862109875289041,0.31401997077244803
3035,0.5099347155777696,0.3714997787828467,0.6864660700003804
3036,0.632535562477871,0.6283040555240884,0.540206418284779
3037,0.8740012351686299,0.8831231460350466,1.3673292966754915
3038,0.7685343408433822,0.36117712790171974,0.881302361966745
3039,0.7698041107219498,0.7309175634982634,1.0119611522156888
3040,-0.008508633866042392,-0.054439802500648504,-0.05468023770846542
3041,0.5671813573160842,0.29135480517497836,0.5172738364341376
3042,0.721521963335531,0.48168680902010674,0.6457952173970167
3043,0.1209217577308026,0.1086334132387945,-0.0693200833192189
3044,0.45854689969198903,0.4685017067077961,0.5903690531104144
3045,-0.0970064072360024,-0.04715468637271003,-0.10294504683681738
3046,0.19377415331176717,0.11473614025552492,-0.0341820225929228
3047,0.291706075283805,0.23510520833882453,0.24929482086668098
3048,0.10194607163226,0.08023537265372194,0.2485583273892069
3049,0.4935205366345885,0.29749923761306674,0.46234495714157786
3050,0.088485653156116,0.09021612595902928,0.22444151585806393
3051,0.7977288195511008,0.30689852463267875,0.5556575279723863
3052,0.5439128038140921,0.26497665403589865,0.14901540575092387
3053,0.4738297294880405,0.45627789083305226,0.4264465753811735
3054,0.5821980365388422,0.574555836475708,0.7750508739805446
3055,0.4066952630070102,0.3423230079799531,0.3060384052355618
3056,0.8994122936451501,0.7239377857529254,0.18867753683376032
3057,0.37171037677856056,0.27379076421517334,0.43164166356947753
3058,0.013674715744787402,-0.058893894216186404,-0.020241480903745557
3059,-0.013102130861738726,0.06755714316165706,-0.04780559785166549
3060,0.20618207358821627,0.10976667343249091,0.1789790893397154
3061,0.0013325240703854213,0.024231366764503104,-0.04165660789243819
3062,0.21192632965076075,0.23633627202813234,0.15594806234377434
3063,0.23595910576117118,0.1786673421262588,0.2399439900677376
3064,0.4867736734524797,0.403160353882716,0.43377663334392236
3065,0.3402606150634928,0.22857993371416474,0.3134653175269704
3066,0.3857822610260284,0.2781659923807396,0.25107598969673894
3067,0.7007464666549224,0.5394005455813091,0.8521826017387812
3068,0.4459287602131943,0.4054508488932944,0.2598557698205566
3069,0.7486729790082427,0.5497352079485986,0.8431118939961071
3070,0.5916012773813786,0.6169967764666238,0.4687009066632777
3071,0.08910162502289265,0.03847570203566497,0.03859223919792809
3072,-0.12382484289241547,-0.04206192708927359,-0.15428882846108527
3073,-0.16467009962049883,-0.09584078638824955,-0.13242202860483887
3074,-0.05761239646087124,-0.11055520645017158,0.01405711766149742
3075,0.40199934326757547,0.4471221860101293,0.4739356336012115
3076,-0.08760002340948359,-0.06814729165284261,-0.12196365662246855
3077,-0.05337721901419279,-0.10767580094607154,0.1369556318693288
3078,0.09528142353092339,0.07227086695179774,0.04066535548439765
3079,0.08834487548483438,0.145241952644668,0.05504392890345211
3080,-0.010348509221368318,-0.03352742400418918,0.0209475681116551
3081,0.24107036924169045,0.26895257011132956,0.08418963936319734
3082,0.4964126619198397,0.394564883132279,0.24234102769226817
3083,0.5349218461501883,0.41762612223358864,0.5725682506108232
3084,0.7023953781918046,0.5315529356456603,0.9431352622625222
3085,0.5715271928020302,0.6183038726951551,0.6189820493108913
3086,-0.04786963570346592,-0.07832543271759607,-0.15566685863966112
3087,0.1374447913350656,0.0784712403356429,0.08077743197419607
3088,0.450862839974419,0.31660852585498933,0.27881541366969165
3089,0.7986847040690155,0.7673548339512812,0.6425423617347776
3090,0.7656705311304284,0.6685336310009002,0.8898330590248495
3091,0.16885225709545382,0.12870215179054112,0.18056481943255598
3092,-0.10352773343768662,-0.11515018085330564,-0.16335843651484194
3093,0.2321781233556477,0.14800915073355547,0.44464441204057614
3094,0.6951871358588524,0.4393847334223704,0.899680677027118
3095,0.8234746297741338,0.4617811513040142,1.0940055425569462
3096,0.400235278533263,0.3524490313898081,0.37945077724091436
3097,-0.14987939654908033,-0.08055248968104822,-0.1354143915674747
3098,0.528108253113243,0.44061599294398035,0.33056092013891103
3099,0.28100918891765203,0.3237872031456719,0.14245072751051469
3100,0.629450211213276,0.43185437420339734,0.5827071488157651
3101,0.7085065685396414,0.4678160942528047,0.8021062927673479
3102,0.13500049887394172,0.15559915811051428,0.08085852824710837
3103,-0.0031488819946945412,0.04928298183705815,-0.048463750995369814
3104,0.19703581052666164,0.15334947470151072,0.17348996695106944
3105,0.07645617818791561,0.13945288126059374,0.12505600596258581
3106,0.22891164804925523,0.18446054075552887,0.7285371969289849
3107,-0.1864392874357621,-0.12482724377955401,-0.2129571877200781
3108,0.1085979769891412,-0.05799827318355022,-0.07715964337503556
3109,-0.08228728888734405,-0.12371319724382812,-0.1486889446680989
3110,-0.2328920351176842,-0.2641182693523252,-0.229547626595207
3111,0.29145752685282433,0.3196247342339946,0.5409241997476344
3112,-0.08419435961504818,0.001039387646007306,-0.18474815440413517
3113,-0.1993290734097799,-0.1964171639423219,-0.28309875593614964
3114,0.5991793114199688,0.37569623924577966,0.3901021997197234
3115,0.06735120875373557,0.030436977405967625,0.11090864157176639
3116,0.37721516759870255,0.43613053792203726,0.30300715830643377
3117,0.304357520386507,0.20496810363647433,-0.08768722058534106
3118,-0.04424368229126696,-0.022377488257279476,-0.13046722642224218
3119,0.4969805357270085,0.49415599295334545,0.4263563516579354
3120,0.5171606046232502,0.35227302806148253,0.5206976714781897
3121,0.6178812576477524,0.3964742450762444,0.45405834393805033
3122,0.027900552243145693,-0.006197230205353121,0.15691046708113454
3123,0.3490307376623336,0.3028112664335132,0.27780220505982056
3124,0.5553889254426232,0.5540913515868602,0.7287550437474939
3125,0.30540707837441183,0.252176496137426,0.4781831219651842
3126,0.37668083684165965,0.40297337285810686,0.4400966680105409
3127,0.8770723786131855,0.68776051700033,1.1319735354043665
3128,0.33315015574546836,0.186067075049142,0.1313480729649743
3129,-0.1559731714542626,-0.1498090561737747,-0.19342419668038668
3130,0.42496413400826527,0.38008044651100015,0.29033963995965806
3131,0.18491631525161667,0.3037940882411594,0.16079954399700358
3132,-0.0727975909140538,0.012214757723530756,-0.1481328975182139
3133,0.38154237709884264,0.2685104604604407,0.28887932645870595
3134,-0.09398244658106236,-0.06767215789554226,-0.14767400842904255
3135,0.23189812354255812,0.187890920528476,0.05902481383885272
3136,-0.16150834309627227,-0.10493657802683998,-0.2007632529697233
3137,-0.07437932950684534,-0.10648179914744726,-0.044129767729934155
3138,0.3237606111190199,0.2554351989850441,0.2691649677900938
3139,0.519348108917902,0.27840877604684944,0.41619034204191574
3140,0.7012982755713781,0.4339458280319959,0.9506208161356418
3141,0.11597192717454341,0.040247710358027655,-0.09242105857811245
3142,0.15794233693322757,0.10361105439614016,0.04355985738325385
3143,-0.07877911420210804,0.025744953543104243,-0.05975976672248451
3144,0.4027760865902199,0.267441977117054,0.3628203426266863
3145,0.17159629050349534,0.08155755123156738,0.24175689756989005
3146,0.5705379645810575,0.49167667463021214,0.510050048878947
3147,0.056094110288417376,0.004596865447511034,0.07867736491193655
3148,0.6601064245845787,0.6452720462295434,0.7942005399687853
3149,0.6939440217080495,0.6269790327230242,0.9809505712660493
3150,0.6344339230196925,0.3356135276538932,0.30627722585620343
3151,0.48697643688375325,0.5016581004304967,0.36589814330017023
3152,-0.08755631699017319,-0.032620169103354635,-0.15793544112233526
3153,0.2584053735073324,0.5530642431115991,0.25637548600130144
3154,0.877611821916739,0.5833111210407154,1.198500120789586
3155,0.09365565171581025,0.14232824620126827,0.0008074959258954628
3156,-0.1271270216611764,-0.14908005076495967,0.04134637737600899
3157,0.3230748195239501,0.2895600789058934,0.5414065682038431
3158,0.2400021668344916,0.17600795247563417,0.27702256826297167
3159,0.742467772013405,0.5412338866788482,1.190750428933498
3160,0.16991961018721335,0.09200253974896055,-0.02403552992658997
3161,0.7175517024559492,0.367317623147267,0.8070045945939925
3162,-0.028038698569887388,-0.011369843436670024,-0.06326210755460226
3163,0.15225171069703025,0.06455508831379708,0.03950926809689359
3164,0.21096895678585614,0.1267239157630966,-0.07036953571249915
3165,0.6048297456183043,0.5605639011811583,0.539042112664629
3166,-0.06807659976956049,-0.02976001261150807,-0.10150078698664311
3167,-0.07764318471030496,-0.059912069561928294,-0.11561007850093463
3168,-0.09885419083371128,-0.08130649701462123,-0.1508943371058814
3169,0.24024783840292874,0.20589142796102178,0.35688063850294105
3170,-0.19896389773100287,-0.19175216204620804,-0.18786990075253052
3171,0.8360926368573773,0.8515743999427907,0.6105408653360207
3172,-0.10466194460162848,-0.06688215107803097,-0.14628383443287796
3173,0.03221546930602037,0.033744597158658074,0.08911711174655168
3174,-0.24799263506207514,-0.2474525504332662,-0.2548362066318558
3175,0.6119064999059118,0.4826216806955572,0.8133219198116535
3176,0.152907481770566,0.13790907411260478,0.0009133697949814668
3177,0.4107230849519907,0.24645220283832137,0.6771241905919403
3178,0.4163682979964658,0.24898554690121322,0.36149776467295647
3179,-0.1186013290189376,-0.04275590294221909,-0.10303311982729901
3180,0.09921420731405495,0.03341970347965906,-0.014188747247612987
3181,-0.2907585822493747,-0.22221682823045497,-0.26553986026614107
3182,-0.012515375965414743,0.06420709074098174,-0.1207238535762084
3183,-0.01411918739485063,0.0013405334442699868,0.15996456369737744
3184,-0.16378831404317484,-0.049067796932999674,-0.16522070228783337
3185,0.5129902465727536,0.5120627170443113,0.4252582903974924
3186,0.11293801933842063,-0.03543147312807016,0.1969506132980765
3187,0.4403737321275192,0.3668127303548643,0.21459038276171483
3188,0.055632724135343814,0.205810327921071,0.012797795114053434
3189,0.15146754407701235,0.10778985379062367,0.23157205764984212
3190,0.4731945507464901,0.7403379985747389,0.5469150932148721
3191,0.7291103781114228,0.5346258653519229,0.9021946907160561
3192,0.7723461806286207,0.5470958636120993,0.5681007642149711
3193,0.4007660788614873,0.28739182102319694,0.344549999223819
3194,0.6593602451222194,0.4950917662870524,0.809556083230909
3195,-0.07372005577432317,0.057807771029067645,-0.021831776028799044
3196,0.6853245557115681,0.4392512481525579,0.3219642999123793
3197,0.6682578981696097,0.6915540872774182,0.9705550220577104
3198,0.7500484464579324,0.7241538283051505,0.699499470772563
3199,0.17741832243439948,0.10723724402572743,0.05391636523942789
3200,-0.09556480060275552,-0.07515534622901976,-0.12299785172487576
3201,-0.14617423148432074,-0.11034680135545061,-0.1212741151173965
3202,0.06747893192999932,0.0788748966596815,0.01695539895796694
3203,0.29872113709644843,0.3065803737353954,0.2696471069888693
3204,0.21789633043221146,0.2295786323616933,0.0485388213567175
3205,0.0325116527777809,0.0026499087663309773,0.17155861003452677
3206,0.4033022152096897,0.417962959888853,0.2641183488825185
3207,0.5818373084983672,0.5140430882412157,0.7205279001748819
3208,0.07772955239145407,0.115246008965179,0.0674469056846343
3209,-0.03549988130459969,0.06379734999340547,-0.05006422073740702
3210,0.11387249683840883,0.11639764999996349,0.21712777816210171
3211,0.2087185561439675,0.1287179924013757,0.603108570780545
3212,0.453636343838153,0.3889594378273249,0.376965763163851
3213,0.5841182839843788,0.4263809758300714,0.6409179343701374
3214,0.6032671143629631,0.3688247127396771,0.16040186097170994
3215,-0.18213299956944595,-0.15025557452399152,-0.22154767470013348
3216,0.566311997842603,0.5205886906223893,0.4692382409169247
3217,0.594241530943773,0.4667911418354318,0.44105006171349403
3218,0.09808742226056588,0.003686898983807474,0.2719825304879435
3219,0.09232208998430491,-0.0021251917354873084,-0.04967934277393038
3220,0.18707146097517535,0.1700382647842178,0.2871028241723168
3221,0.40775764641791845,0.1886936477615695,0.35601218221878006
3222,0.01578267161161717,0.03901106448786029,-0.038720669319395884
3223,-0.07443945746792824,-0.024927109715310647,-0.05999241108962705
3224,0.5365507146623607,0.6370717845456071,0.6500527211308598
3225,0.389755411390041,0.043882638521517414,-0.09100667304443699
3226,0.8245213385806838,0.6639349307926632,1.2339137407252285
3227,-0.0668714696794599,-0.04798220289252042,-0.05507587364913746
3228,0.27834599229199664,0.3521389767560519,0.36613824189779964
3229,0.15393284293008458,0.15693055994246796,0.13295512900303152
3230,-0.07438364967355726,-0.03064848913542395,0.0057414988954376245
3231,0.028557326829705465,0.060295577555351976,0.058713382089331745
3232,0.4806608957041918,0.5718614162471973,0.32661881096296086
3233,0.08266960191346073,0.10725175310372026,0.001349463307176002
3234,0.20959522894342508,0.15951751580239648,0.21191716602164523
3235,0.12331643735298559,0.052743424183016474,0.3986126271316519
3236,0.9265956190294184,0.6873147540654423,0.9294488628967441
3237,0.32529920134582246,0.23940344414012116,0.3085017594210109
3238,0.9116900632936713,0.782901096893388,1.2052286025868408
3239,0.6210252766103654,0.37530909294176595,0.5188877935104068
3240,0.12154153995534922,0.09172915300098472,-0.001521428247625245
3241,0.6432136695398287,0.5317639571229822,0.9582554433030679
3242,0.5107883990211814,0.20958705754851836,0.5363709345894747
3243,0.3375646791930911,0.361561930889869,0.29872786370892546
3244,0.6513249553234366,0.5067309832814013,0.4967138366981674
3245,-0.12945795532208615,-0.07788182965071477,-0.1705864630012247
3246,0.6920434058352269,0.3321299924316652,0.3203035787906674
3247,0.2980106532979747,0.26084775215614453,0.23966737628274326
3248,0.14340201512287187,0.026773129866907386,0.11314953223188828
3249,-0.00039095265635946674,-0.051288911981705376,0.06119741166340309
3250,0.3417875479695238,0.27436025750109483,0.29966701595710177
3251,0.11854649243815296,0.08765102603779718,0.3650081283303075
3252,0.49007063413837626,0.6802381291938044,0.3247928344580122
3253,0.6120547868963222,0.7283574859293112,1.0700878390534836
3254,0.6989617085308713,0.4140646629809501,0.38652698091792614
3255,0.2409140846889093,0.11996620933416846,0.04688659330899414
3256,0.01507031394240066,-0.08378632089767934,0.08580674380421849
3257,-0.12286982704762961,-0.08333134715397328,-0.15841900193454073
3258,0.1382817613222438,0.2152162920502596,0.0905227985927024
3259,0.5563525718669247,0.5442492851335023,0.4880981828284612
3260,0.6894651996001628,0.5139093346858754,0.8688849877982292
3261,0.9502941441848192,0.6906626679309533,0.4525193148287585
3262,0.8851567008691308,0.7623006608179459,0.9118887162684162
3263,0.07158112196278243,0.0711948967432019,0.06466445046742164
3264,-0.14629536811205934,-0.08024430853974929,-0.1682374969417606
3265,0.41996197841719995,0.3139426000403944,0.2980209703917389
3266,0.16111734302843894,0.13867588875841452,0.11417551283139749
3267,0.7388317387420762,0.736222048566276,1.0607486962576642
3268,0.2618795334510182,0.1671280705169056,0.3473693294496554
3269,0.3794102145412701,0.2674903843792824,0.6064055621410629
3270,0.3818482444573714,0.2179234849452829,0.7195244358854402
3271,0.874100050090928,0.5297987290125967,0.4307607883943818
3272,0.589670035906863,0.26065331489820376,0.23105841952733064
3273,0.035378967209207524,0.052188373986205905,0.011590824931039245
3274,0.7302651363845063,0.5211569326879824,0.23350827802938534
3275,0.35185755096775106,0.2409837954221039,0.2483208413514264
3276,0.3642028876835828,0.23072524134108718,0.3284875995330776
3277,-0.0996305061627869,-0.12238123269543366,-0.17136838012119338
3278,-0.05275003199501338,-0.009155825840481469,-0.11317291140853802
3279,0.7005244175196186,0.520168264661987,0.3809622948715321
3280,0.2208430509628525,0.1503692048192058,-0.03411646361345677
3281,-0.1376626906829581,-0.09695596747605417,-0.19320331698868276
3282,0.39788555545300186,0.245673210864936,0.5469528998611304
3283,-0.19475529851795859,-0.13359175661289158,-0.1604223463044433
3284,0.38810737375253157,0.29921124547675015,0.3094132566252372
3285,0.14617007067222265,0.0997157127420003,0.33142338521958203
3286,0.7557270027036267,0.486231580658101,0.5164060205439367
3287,0.6130403756106029,0.353306955534304,0.5385665413701426
3288,0.09787173559720075,0.13079624503575005,-0.034431739754343105
3289,-0.12670470342634677,-0.1095482089148756,-0.08438416700075624
3290,0.522067653267063,0.19971995985826396,0.4052714577693113
3291,0.6697826509950235,0.601241258386557,0.4769237821048786
3292,0.3042618253575118,0.282633552699858,0.5756504684793955
3293,-0.15690289379831723,-0.15804056145306355,-0.17620728189124246
3294,0.44340774931441307,0.6258166090448996,0.27374064777333107
3295,0.1938304424918007,0.16208355924295437,0.250079431005382
3296,0.31890052193238216,0.2303195508635285,0.4520939758485647
3297,0.3307129315758588,0.34277321662367743,0.39729954372377096
3298,0.0400487415245534,0.03181986591899788,0.006475732521018296
3299,0.574662098539076,0.28200180367970096,0.42855189599005183
3300,0.21161170152695452,0.16927094366585504,0.15476058156309747
3301,-0.16968649072283715,-0.1758238112694035,-0.11588776141924928
3302,0.39731978807932666,0.2961606994467092,0.48474363708585133
3303,0.3936740320232539,0.40631241838593124,0.0815694697476641
3304,-0.12074739561671477,-0.12105188445818482,-0.2015201335578949
3305,0.25897114644213315,0.2374273991795497,0.13371318868695625
3306,0.5268893739210261,0.36239945957275777,0.9528430938697927
3307,0.42253241645311523,0.4218088713827819,0.5616748819631554
3308,0.11544746288844321,0.16591200695712316,0.2744013521554558
3309,0.19559198273029765,0.15254914063241043,0.3164827952487166
3310,0.7487606645145193,0.59293372694268,0.5249499397386181
3311,-0.08131954272524389,0.004790016262515406,-0.07855336751392272
3312,0.04733530861173407,0.07482363097078171,0.014002331956067593
3313,0.5808396758522167,0.5296323902042039,0.3875647847271404
3314,1.0483858005027304,0.879489579009783,0.5553019713078033
3315,0.21989052103440176,0.15263826057711571,0.401861136528344
3316,0.49910447607987596,0.3946519099638297,0.11629561971390312
3317,0.12982844238596836,0.13585601237268397,0.3551123047894862
3318,0.7235671969626054,0.620186464218349,1.097930169298973
3319,0.12655354932474294,0.14022056899613267,0.14085397645275455
3320,-0.12977340224477896,-0.09230642328277727,-0.17105701991451883
3321,0.35521318347513575,0.20827664314699024,0.23927706421692507
3322,0.2854055148651653,0.11576066407244401,0.24885242868736146
3323,-0.05338978279583062,-0.05944855545704553,-0.10082086170919347
3324,0.1607779978642836,0.2672225030609865,0.2588763092017057
3325,0.06933103302565624,0.06329459949908878,-0.037631745924900595
3326,0.23200905738658073,0.1813478878403878,0.5279666770063356
3327,0.19648039736808687,0.10537903221777989,0.29041453191403455
3328,0.6694632458328531,0.5257513866968391,1.0842524043880237
3329,0.5195505613099698,0.5162002342767851,0.5557047184237942
3330,0.6787400163887332,0.44438005822311055,0.396429411218403
3331,0.2385385912320961,0.2085225265443711,0.5047178378878825
3332,0.8382318803913646,0.5658536007370638,0.8756047879668107
3333,0.47145184683326,0.45242661314274213,0.7515223447728261
3334,0.45205600110120225,0.361773538694135,0.5177673894912371
3335,0.013973149717069866,-0.03720693288093202,-0.05057535711154115
3336,0.6252037695785759,0.5690048485191126,0.48952599645802986
3337,0.5273834114824465,0.31966554149932613,0.2912330313562117
3338,0.2682742219565557,0.18473943797138803,0.03184777119051585
3339,0.10023415550741,0.029680189365748122,0.06158022697333276
3340,0.5743507931937786,0.3255766217852092,0.5110588331247403
3341,0.5139994499438585,0.2566525071729133,-0.11248242415559162
3342,-0.060559565374113444,-0.027389660999883603,-0.09234401304174711
3343,1.1809268321894817,0.968919050681267,1.3641542552513157
3344,0.692397948882457,0.5899555762626054,0.8864051875576706
3345,-0.09643585353460693,0.03493408579373569,-0.04262078132272362
3346,0.13686154083542879,0.1672218912213712,-0.08037790648936505
3347,0.14951043588390234,0.14205425308782194,0.2924522167921728
3348,0.4393772758822734,0.32698967039200566,0.3437679307127324
3349,0.406992911801739,0.3371908204735323,0.3099945915217879
3350,0.23660341515853434,0.19934886969367915,0.46859584050780656
3351,-0.09067151810918417,-0.15132135473690267,-0.17858549874591645
3352,0.006530068574519099,-0.05885346114422174,-0.2340029537464824
3353,0.2727267779172873,0.13636834363289152,0.40001318659633456
3354,-0.0998426521413327,-0.13564957349881734,-0.16190344415378044
3355,0.3058817658647295,0.2747705983020823,0.39920014338065535
3356,-0.18615898752094207,-0.1493609331608191,-0.24057224362838336
3357,0.0224199335138493,0.12688801010109496,0.30675687496106097
3358,0.0205851026223276,0.0022140634344700594,0.024089751769987622
3359,-0.07658051748834416,-0.0899106683407701,-0.17963647114680348
3360,0.8124131713612301,0.891996913679606,0.9191284278340575
3361,0.07933687637868037,0.08216390243373861,0.050368783661616456
3362,0.25370631583887726,0.2225608540493762,0.20995458567627923
3363,0.06168086735092393,0.09646426114955564,-0.14472495550508313
3364,0.21287329212823813,0.1277499773318851,0.384112019367735
3365,0.08428042731437158,0.09210581717272914,0.07347860387544025
3366,0.619289168879996,0.4599883908069602,0.13561439939592645
3367,0.48849082137901356,0.48555462514760106,0.9771333560825983
3368,0.789255282030485,0.702669113439826,0.4786412418174337
3369,-0.1588997991874842,-0.11692888289608683,-0.23579221543779438
3370,0.1991155903301789,0.22984831105954573,0.08888750196093786
3371,0.2542164596091556,0.21017610857236413,0.05232352780942451
3372,0.5017288889397813,0.41933208190578464,0.1145155350064726
3373,0.6197901410394551,0.5176948897028397,0.9189688399825204
3374,0.046981698124098914,0.03906760995242031,0.17315127571413957
3375,-0.05523688726457554,-0.054952906605019725,-0.15973908945044668
3376,0.5009630698141982,0.30960721565873195,0.5856637681130916
3377,0.6065691489086547,0.40106151863989714,0.3572743858281897
3378,0.0864952750892023,0.0823890347825944,0.060588709550071895
3379,0.05206244343067579,0.15593633070352375,-0.05283307059498632
3380,1.0280026644769706,0.5737137554690701,0.6017838839327607
3381,-0.10321631239583329,-0.10762299562686206,-0.08795262398944759
3382,-0.0888826819050369,-0.0070487487108371605,-0.12222944892839782
3383,0.3565735237542762,0.3348114829944784,0.3854846230925022
3384,0.19324560493957854,0.03639661099719982,0.4737570262617974
3385,-0.016753240942410264,0.003274025719831375,-0.04802256706523522
3386,0.5073901240392882,0.23819050277101583,0.5101471705230478
3387,0.09153957669058799,-0.044067999219532195,-0.1060819943081146
3388,0.2053570710778958,0.023782012469128144,0.19185208920281238
3389,0.3452351069313446,0.34430294451399934,0.13934908443118532
3390,0.24444951359226064,0.1961076737312586,0.10499171983705735
3391,0.26863819920897836,0.15923448622440195,0.35113797053478546
3392,0.8285589135635576,0.7647272069605611,1.0225038223543628
3393,-0.09445861879948714,-0.05777773955085497,-0.13452097407414843
3394,0.07316065605332023,0.0074821006827239245,0.2314230357150011
3395,0.5450958955801726,0.3510481597638049,0.29502229927753
3396,-0.12349079321432621,-0.11863058299464457,-0.11517560913693159
3397,0.2878666967062147,0.2722294376750154,0.21366846416991336
3398,-0.17312194133892578,-0.10976746515445912,-0.09544863161151496
3399,0.9830796836096181,0.6264766464001856,0.8127749358744532
3400,0.20589834961611175,0.15254534429489675,0.2792515065305716
3401,0.677916965738979,0.6297110351591626,0.6295186421187406
3402,0.476632164902939,0.29233812817019844,0.16433945545487028
3403,-0.024573440528110058,-0.020584155701486972,0.05816482114148247
3404,0.28720452473011115,0.22242184602456705,0.21993420187827684
3405,0.2817994430127715,0.20957433633727152,0.09342344568995165
3406,0.19417307034850562,0.08473246396617795,0.0930746164991012
3407,0.6126216852334183,0.40360570155734465,0.42129311349766674
3408,0.8062111611376728,0.7443863963432382,0.6900538311948738
3409,0.36516980807327704,0.33633129160388964,0.3080103993515537
3410,0.22314804823457668,0.15812758139758487,-0.004627940811331888
3411,-0.06915472309081216,-0.03259741123934601,-0.131488117239842
3412,-0.1490047590632112,-0.10641901299669554,-0.1776683074950487
3413,0.76885922765997,0.4963953586691432,0.3295635573404123
3414,0.1571905887651608,0.02158705542415107,0.07155283002963864
3415,0.9087206088649518,0.5837720504580597,0.4399992993343764
3416,0.2179839557953398,0.4576941333442923,0.13740576524367354
3417,0.15042031584526594,0.11725592059804235,-0.014951793187739315
3418,0.6515776091774466,0.5406537806264011,0.9418416915014667
3419,0.7699608681123651,0.6384272091561565,1.1573107075762854
3420,0.03196017463041523,0.06093702676366575,-0.0195973582228679
3421,0.2792087217526056,0.34048378506122856,0.3263164637584759
3422,0.321356122952803,0.3196669574699249,0.2986783517072882
3423,1.085195453359264,0.9739545623788946,1.3925553012988452
3424,0.4155192332583735,0.37006756850817735,0.3750837876795128
3425,0.2407851203412903,0.24690937114844957,0.40180473843314735
3426,-0.13696113788116293,-0.12750153190583313,-0.1241276738322441
3427,1.002007609095799,0.9404185245551291,1.2801659367277174
3428,0.03293158987296119,-0.032228722082372374,0.11525767651327046
3429,-0.0767927795121045,0.012665419623383745,-0.06449748156959467
3430,0.4495565233254797,0.24857432979848215,0.3922120708061141
3431,0.8523881750420053,0.7789841796381687,1.037180632075175
3432,0.4099211807130516,0.3466236064074406,0.23288824398348518
3433,0.6481525244286948,0.7692372797847793,0.8943994189623306
3434,0.23357586321964874,0.16200551966478693,0.020472384727898696
3435,0.049445254042982834,0.09352633328224158,-0.029361039498390862
3436,-0.1446880712035732,-0.05568151583227565,-0.22735955296480326
3437,0.28823860890437625,0.26276819310078725,0.5402172767698192
3438,0.5630290149046686,0.3246394154009653,0.47961011189832536
3439,-0.2154040521875331,-0.17043360863048285,-0.26905781543441487
3440,0.5758672623249916,0.2344702551998925,0.23634931490345967
3441,-0.147498719833983,-0.07649537580931132,-0.13977446111309733
3442,0.002645844734207925,-0.0891959652041282,0.20333880071180532
3443,0.5563295070848886,0.38734330788011717,0.3814544509767752
3444,0.4405398720852838,0.31929974895270674,0.47671056667529466
3445,0.05232991024059963,-0.025346817719075654,0.15933052995271035
3446,0.1581147182852336,0.09485748910481928,0.03885634149234929
3447,-0.12393968413876022,-0.10607429740482832,-0.0699223096442404
3448,0.3871774470619367,0.30176134760610385,0.4514572199447755
3449,0.2643392186700877,0.19865803269992033,0.27060590011435925
3450,0.26859811618963647,0.22690152906688743,0.2569330463972712
3451,-0.04891953356541423,-0.045873673264965165,-0.17465236885765012
3452,0.23376302392862547,0.19498370012470279,0.37014960398866825
3453,0.21913265951816285,0.2728872164570557,0.6973824490838139
3454,0.9453396216884589,0.6698058482595297,0.4072119789306483
3455,0.03337326748980596,0.10959387432948775,0.1090435693703693
3456,0.10452080421607435,0.17128867999315256,0.12131507809341824
3457,0.8587200933405039,0.4325024172349039,1.0443170942090627
3458,0.09638384979790482,0.058267651424218414,0.21237140831094492
3459,0.1915248688285509,0.13572901036293095,-0.015784728814758786
3460,0.15663528964754247,0.1362171747936265,0.1773291274452098
3461,0.3710662248748664,0.2076597802237945,0.12125050229774703
3462,0.28886092867312607,0.24671590556897738,0.1130198882131741
3463,0.6697447251721815,0.3937617999391618,0.7724468529948585
3464,0.05605099000558833,0.009189945629037188,-0.06635662338405257
3465,-0.08420196438371763,-0.07603875285389194,-0.08488074186075756
3466,0.1651632336432407,0.18788838846485123,-0.012736978368138918
3467,-0.10024213520689129,-0.07017502096429962,-0.1739203328413016
3468,0.04870463895228805,0.08859149642797037,0.04937292926523007
3469,0.7038540426488331,0.7293465604829459,0.7811531475786502
3470,0.24442351044215282,0.23197580534024032,0.24955496856218695
3471,-0.20737689883639743,-0.17954568684573813,-0.26212147041076683
3472,0.12335152345109379,0.04753134958086114,0.3465365793095707
3473,0.6595748234607723,0.5474228647704407,0.3745957408561882
3474,0.485288867708874,0.4856404352798842,0.40483556690023925
3475,-0.195185286376926,-0.1566920954775095,-0.06670355241243175
3476,0.9141370788044145,0.6521829548283484,0.4768142109351172
3477,0.6442559324568118,0.5343566136016507,0.6474352866018269
3478,0.7756713497170031,0.5654455170603352,0.8526121688164401
3479,-0.13338370913103403,-0.09186092586400929,-0.14828098018308056
3480,0.38702327378759294,0.28412604837419386,0.06910950227261692
3481,0.7024186416339726,0.4208568670172894,0.9412748017959047
3482,0.5593785282393149,0.41789232370038243,0.19510338543631245
3483,0.244715194763669,0.15254946278165038,0.22060936731857628
3484,0.31501793247958365,0.3561565148857224,0.3414054333374874
3485,0.0682104151686096,0.019693235102244744,0.3774943556523731
3486,0.2628817948309803,0.4770578756841104,0.3182604726348488
3487,0.23534240172666765,0.2095713291754766,0.3776969291556922
3488,0.2936701216368043,0.3677745770664522,0.4902739821220128
3489,0.7151934358553922,0.8696034722177888,0.7913039563966411
3490,0.6810434579823872,0.5076256070164444,0.8346013615813805
3491,-0.22462118110532037,-0.16355841453076814,-0.17338638586114763
3492,0.2352341613043032,0.017572995960551063,0.22378037465578693
3493,0.15665398231821337,0.055148750377437494,0.09358734025712234
3494,0.009611307285627424,-0.03241204291448685,0.16048421016607484
3495,-0.03116316307586331,-0.027923690468667717,-0.10693992630925853
3496,-0.03560177825684985,0.01624648667849793,-0.019803499835866045
3497,0.11669963917693726,0.15458863622756747,0.25573725758968324
3498,0.7578837367597204,0.7233256668137573,0.8565513114580359
3499,0.00032032178151752966,-0.02813425346194731,-0.04679940218265599
3500,-0.09840023327074698,-0.0700588744032754,-0.1850386054742067
3501,0.5833264513035052,0.42855702026658116,0.32753696824387224
3502,0.5210434372002686,0.9210013762465774,0.8195884091822325
3503,-0.17649364846775883,-0.19133316439415782,-0.13210055815554433
3504,0.7380713012348901,0.7077154709776636,0.7866337253469924
3505,0.6014325880759106,0.4130657038007284,0.32003585750777197
3506,0.7580277634787478,0.4077174271077406,0.891966253146435
3507,0.18522085001912925,0.12857714442922363,0.048654614836984855
3508,0.7486329996715742,0.5009949224638859,0.5260473210576146
3509,0.4917599358765101,0.3294296098783245,0.4260293269908295
3510,0.029816955215522523,-0.00915767727426764,-0.058429408991121146
3511,0.5629425279036122,0.4793734350143606,0.6321563493290367
3512,0.2877724872515455,0.18530464316757134,0.0779003374321594
3513,-0.20659164352917692,-0.15471883683795784,-0.22526601152412695
3514,0.5810414351801072,0.3878243438583897,0.39738392265628875
3515,0.7066696682607296,0.6694100233192053,0.6074029285132838
3516,-0.08310672978606715,-0.07967092673015741,-0.21697876406783811
3517,0.053098470198983394,0.021116186747602184,0.12112366875699254
3518,0.17400387575364018,0.23173137483271278,0.3466069146310049
3519,0.3654797129438354,0.3892647713967603,0.3695103139994793
3520,0.17665391498790872,0.135069878641217,0.04303741841889108
3521,0.14930117771204587,0.12020475221339377,0.036630392322790195
3522,0.714459879333688,0.6116333275045336,0.7846834910391145
3523,0.2717580879514985,0.273631098046915,0.2968436258398566
3524,0.2566229493923482,0.22229467394999047,0.35266804541966246
3525,0.10450830689358748,0.13144606660583813,0.02422669427860913
3526,0.18236223035971166,0.12551285194705764,0.007353731846576617
3527,-0.052699815561907726,-0.061041281595248575,-0.11349362312721911
3528,0.1936720471998037,0.13353475016850092,0.36501311505997336
3529,0.07196222668998753,0.11159813861881696,-0.052110796157874506
3530,0.3480444824071074,0.21707607625762781,-0.08100941183892085
3531,0.1899749631669092,0.14518173486049069,0.18490419896391885
3532,0.08706351580613925,0.1231398182508201,0.35893810751744026
3533,0.366376767869522,0.2674770343049082,0.5338648206873333
3534,0.3316031082278488,0.2482310948902322,0.40422318114936884
3535,0.7078049004823646,0.7753817987978646,0.6661273472911007
3536,0.338693936402634,0.19715079842505667,0.2583575728301095
3537,0.2482681946513523,0.07830086330665487,0.36845188040012355
3538,0.135997483684412,0.10613549686865342,0.30913251197094405
3539,0.8710389809680199,0.7143092583234181,0.47616675746730075
3540,0.011065649483613216,0.03513036661743896,-0.03428006449651111
3541,0.28272704991580566,0.29193760885532494,0.4742998682120596
3542,0.6622777872678536,0.31747801647188045,0.7165538605779638
3543,-0.02748188589107292,0.028003643799697775,-0.1104523016203608
3544,0.01859464920931697,-0.023524109894974887,-0.05126959365316275
3545,0.05575913935506471,-0.01106033104503712,-0.023022704013471507
3546,-0.08422900827230517,-0.07731862194791295,-0.13108361512271316
3547,0.22393951158959102,0.16912987750699693,0.44562504950992343
3548,0.6796327996410818,0.8082111170578925,0.6914641499200753
3549,0.6477069601484897,0.8628051245406028,0.3579125454360368
3550,-0.013764896595872322,0.01771952801845722,-0.11280693042126133
3551,0.2696323404967371,0.14364624590978337,0.4532826214541934
3552,0.0831845658619439,0.16764370980678378,0.042444406946959834
3553,0.06165612079868232,0.009714800922267175,-0.10732245274925456
3554,0.6668951523027393,0.4267405845585206,0.6762800836040763
3555,0.6253027464723895,0.38950800183571177,0.3031442013874661
3556,0.3898118703996092,0.4878917730495351,0.36404298734085194
3557,0.601747390911511,0.40922429594839205,0.2941739788043545
3558,-0.004612136048890214,0.032393026220109755,-0.03993006653428577
3559,0.3847259092282491,0.6724809821339184,0.3616217397766188
3560,-0.08939251956655248,-0.05135888397901056,-0.11065152902346098
3561,0.5940376423858689,0.5529206395515629,0.966339602066502
3562,0.038032333099506044,0.10294215662052908,0.08471859964117989
3563,0.4606551591413497,0.42087975792859234,0.4870907047416886
3564,0.393462782547513,0.563773924233683,0.27585118651254814
3565,0.08634415929675376,0.048690337925612726,0.13354271057756306
3566,0.5475077519791598,0.5866978893904526,0.5211586435373667
3567,0.7681541802514229,0.44106888297484237,0.4469238838669556
3568,0.185557171347017,0.20291094396583764,0.19406124230050104
3569,0.7286039251126284,0.6771008385646882,0.35826012653161166
3570,0.47203446188897935,0.26304575411835374,0.309354931171516
3571,0.018201936702527455,-0.012406068620813948,-0.10816330963968213
3572,0.6689371881474004,0.6548706747967452,0.7143550831708694
3573,-0.15096628811831025,-0.11928631222928243,-0.11631415947989932
3574,0.5719877649352332,0.44868143231634905,0.046987452739747804
3575,0.6360851457863737,0.6273407766276322,0.8193072329093867
3576,0.7337276655816753,0.46663373759063953,1.0374847274727879
3577,0.20621063598730505,0.20349548209728874,0.18645424547747957
3578,0.5751152316672825,0.4374366542878887,0.6404375758095406
3579,0.06853110288939468,0.04879785665037484,-0.009664474300996706
3580,0.7563919130995558,0.8049718979132272,0.9347644767485417
3581,0.180293734978612,0.103766753226461,0.13145103594798746
3582,-0.25136611142447685,-0.21105802153806297,-0.2563888312484476
3583,-0.04050828574099219,-0.03988652446204777,-0.12446108515995491
3584,0.11037882186797043,0.15953651244629818,0.2876462535797175
3585,-0.10991195122644237,-0.07767938808935837,-0.07404052154913199
3586,0.7503828881184784,0.6247023859002194,0.906428944178215
3587,0.6824266047549208,0.4687969028162351,0.7883986124848259
3588,0.23372036243289318,0.2883486054098727,-0.15205127958251086
3589,0.13853447744721392,0.21047797729397244,0.28033711988156673
3590,0.15475403769553164,0.16015660549412347,0.4637335245122931
3591,0.40187569250829336,0.2262542467423838,0.4509948576081164
3592,0.22219871302558847,0.15931091532072705,0.19517856546678747
3593,0.11351137244819132,0.09183897635158522,0.2187038375937267
3594,0.31520570667557934,0.2829295382858352,0.20371659226335304
3595,0.6580958399228107,0.5346346715704298,0.7481153281403785
3596,0.2691978748953996,0.21301892018397695,0.2360049608243282
3597,0.77203695563078,0.8384401239613437,0.6122998977349003
3598,0.054010694213325605,0.11230940306789261,0.19605056070907545
3599,0.800785529306888,0.5233633998396394,0.8136742768200795
3600,0.20490620626664957,0.1413098400055548,-0.04716746141215844
3601,0.597115215181812,0.3846278873588176,0.4007065317483278
3602,0.6702534717577886,0.3431285896924454,0.24977481285195435
3603,0.09193024153517726,0.12553109794839368,0.2625721187366077
3604,0.11925961574104971,0.05161279785396,-0.0809896377611159
3605,0.6972555050856981,0.40878573702002097,0.329839970557972
3606,-0.10275711250192232,-0.04979854696884989,-0.1853681841817445
3607,0.5333190927441769,0.513769570088416,0.4621658515144378
3608,-0.056759727146862615,-0.012303317947187753,-0.09620377856013673
3609,0.42462499339042625,0.3708869085315418,0.43328652476207674
3610,-0.009318129637372108,0.02484539984964096,0.07055184213072052
3611,0.5942119818452762,0.6323361391432605,0.4461121902400558
3612,0.24774753690273976,0.28633040958807277,0.19226695232833557
3613,0.26149258609290293,0.22691766223776,-0.033904069065261555
3614,0.18992686612097587,0.19265507395171788,0.14045745999641568
3615,0.45291335660214704,0.2706409725846457,0.3700284238192364
3616,-0.09118839276728918,-0.052353204105092144,-0.16066626652218408
3617,0.5204765216788834,0.2749543812300612,0.24640718333848777
3618,-0.06774220442381307,-0.07725953076288827,-0.07855636606494176
3619,-0.004564411290567838,-0.027896262186091092,-0.12336832209052029
3620,0.01711798165946754,-0.08788457811146211,-0.14251550621715925
3621,0.24192440354535782,0.33079644687377585,0.2790660307705912
3622,0.32785859353964586,0.24088161414383058,0.48326975313196296
3623,-0.005870243255285068,0.0589233174665269,0.028601179219919226
3624,0.2568740167988377,0.18907756900072714,0.12855484195849298
3625,-0.018696030521701212,-0.021442734014645026,-0.06657935856678465
3626,0.20802398371605912,0.08990900993043827,0.09081054350612061
3627,0.050353414278105246,0.006753057105954641,-0.0963300458809695
3628,0.29713698796527765,0.16888541483653352,0.29694320386679673
3629,-0.0776228228838598,-0.10940357370322096,-0.0778919515766171
3630,0.03253464542053419,0.056152070964190504,-0.10702471719680862
3631,0.10160378303375284,0.13940129496128306,0.0815485515273775
3632,0.01822553934970994,0.029566208100472835,-0.03321647256796645
3633,0.20076979801242034,0.18116173755733866,0.3979286467960943
3634,0.22250276360447652,0.15382090699950757,0.09056145977186403
3635,-0.04353495880821623,-0.003877592719813916,-0.05857640768929551
3636,0.35147481388400337,0.49785537980482686,0.28254152560349555
3637,-0.215345258438721,-0.19138021420482376,-0.1981510377683754
3638,0.32947205031257787,0.15644301072896716,0.04922410756400408
3639,0.966402484907122,0.943447868418517,0.9775821169029346
3640,0.05375060873279636,0.04077137760221672,-0.07854503856202388
3641,0.27358785969989663,0.17286314160006588,0.3858697013317056
3642,-0.030903603218488063,-0.08445376379757197,-0.17572115694689316
3643,0.5634658678152065,0.45726624306202046,0.6449125074874971
3644,0.6588572728851052,0.8495704220595552,0.7278927240266748
3645,0.6069287547938731,0.684920846410283,0.8970192358428992
3646,0.3321777587279149,0.3854853051945548,0.352934396609635
3647,0.5205789725820948,0.3775747390240194,0.43310474219020945
3648,0.07228435471744077,0.044563350270618196,0.1807776977782385
3649,0.603370764250398,0.49809300897152853,0.6298118306794123
3650,0.7744841054136602,0.4730076132507246,1.1767245038387872
3651,0.1434341773692498,0.12318911450622427,0.014746126487628741
3652,0.0027799508484547264,0.01157216898824509,0.020494983051700277
3653,0.3367232827991986,0.22844327963201905,0.24301862773636107
3654,0.32111694563443427,0.09886417736427133,-0.02202638688899461
3655,-0.03760568887894411,-0.04793613524631413,-0.10156750703396256
3656,0.37681736477389705,0.2390213533166785,0.33218208811730876
3657,0.2586811048778255,0.251902723473427,-0.023651424503007945
3658,0.11053980787137907,0.04038050431596707,0.1614896895354312
3659,0.4584210196953815,0.21155799162384037,0.4473406362461012
3660,0.19475717516244595,0.017064260926290098,0.0672638149328797
3661,0.010269121642251022,0.012583929657136617,-0.06854058025642473
3662,-0.05949133926922989,0.012664733203470613,-0.10200099188697687
3663,-0.004354720881238006,0.061321873690165285,-0.0423873837471086
3664,0.561970969548538,0.4692574831467651,0.34783204606055174
3665,0.37693149295033535,0.2588185233085527,0.20555142882982724
3666,0.6952822220935857,0.4681516797529188,0.4414500219878983
3667,0.1427322439666623,0.12964961479899917,0.16410592404830826
3668,0.07827235222281104,0.03586745676031988,0.07040745661187797
3669,0.2482674832174736,0.3014442438728888,0.0958798652701458
3670,0.02766094287940235,0.0021510849114765307,0.2779309775810912
3671,0.5876055879712676,0.45047701845176125,0.4007921027513921
3672,0.30515999797651716,0.24651008093268612,0.41240581698274115
3673,0.04492645199585188,0.023096707372625813,0.015390115175089258
3674,0.6707043058285018,0.6601287808418548,0.4882001809766896
3675,0.30504327240627127,0.17870251333687825,0.45269864736699317
3676,-0.21249962377792186,-0.22150887102187744,-0.20233531147396555
3677,-0.15487825330228544,-0.10421908154487047,-0.06835880938473626
3678,0.36252025748019356,0.27765528691497177,0.39732236094994455
3679,0.08290969683990967,0.045521805350078326,-0.07517297159017744
3680,0.8487839566325448,0.7541246091452638,1.1176622554962075
3681,0.5211630967439429,0.34715459035968377,0.5424433097582773
3682,-0.009607163987221834,0.004604592347774439,-0.05939146407075613
3683,0.5309849011865779,0.216382813124401,0.36480490824493006
3684,-0.14408510426880994,-0.07386274930782499,-0.10261659648894073
3685,0.5442884882347119,0.40766993866807866,0.6757911461645905
3686,0.21228243543984626,0.0829657135607278,0.18624802790467965
3687,0.8357302452420374,0.9924125749456203,1.105674049736487
3688,-0.06919661652967746,-0.0384668505952358,-0.09562401642797169
3689,0.5077405708767051,0.48425384924659376,0.7094021814677671
3690,-0.2120701803800087,-0.19013737079537352,-0.1666821646443406
3691,0.6163238966737783,0.3942399931533769,0.5665484663333926
3692,0.8237163279745252,0.4652785568487614,0.5944008287199596
3693,0.1974903732183877,0.11552301260965425,0.12149293822708862
3694,0.7984169454345722,0.3897561528758049,0.1480435189214253
3695,0.1212692954494432,0.08685004706427457,0.18470042823821875
3696,0.017032678319616856,0.11638688631308791,-0.007869089473776958
3697,0.37235449857734126,0.35997734635862044,0.17795560092739215
3698,0.6326364585387292,0.6159398038903985,0.721984063492837
3699,0.10596281652574335,0.060035209142253576,0.205257205644098
3700,0.043600434415458356,-0.041999867860739615,0.17275288670540445
3701,0.018314659872662675,0.039304630640005334,0.011740177784439698
3702,-0.13586117755457094,-0.03361569759086169,-0.1151266524220036
3703,0.5052210872628693,0.3800490838163195,0.5376570502214255
3704,0.40368017775493037,0.2889410292529042,0.40955862928865105
3705,0.28826279653997555,0.5171225868696925,0.3550269973443203
3706,0.5493364777889285,0.3990450023532923,0.4729603410174126
3707,-0.09669634061190657,-0.0916731942056096,-0.16007230231925595
3708,0.369421399830556,0.04504844226904803,-0.08702537650850206
3709,0.8307070920624187,0.769527164536391,0.7875704343736716
3710,0.700301857601239,0.6857714329204472,0.738395217438377
3711,0.17439988840324783,0.16746626391335262,0.38415661478685514
3712,0.32345814637846226,0.20942285658500248,0.13849422247275767
3713,0.9138872587005384,0.89022577004837,0.9026419826158698
3714,0.1665924144086952,0.11283560128784464,-0.11335158937626744
3715,0.03996044673124555,0.007103529870106984,-0.0447755877347793
3716,-0.0805659466863945,-0.02156848623126495,-0.043047076011395013
3717,-0.1091744967068965,-0.0810727399363762,-0.11357473847831567
3718,0.20168756380773356,0.08119764773383786,0.13834331435253389
3719,0.3878984756085273,0.2734216515410979,0.2587319180423153
3720,0.0006136772198146456,0.03688837010195711,-0.15331069498391814
3721,0.53707591978105,0.4615823081788446,0.6970648823042078
3722,0.1737667323300911,0.14095621613382137,0.05912347930538897
3723,0.15424454143522537,0.10462720919052582,0.27618794849730643
3724,0.4681037131896242,0.4549556968153745,0.2398006281491072
3725,-0.1695493176776911,-0.15163844237780888,-0.20775641299147118
3726,-0.2159946556501593,-0.10610502607388639,-0.19583756005778385
3727,0.17960198199110278,0.14509225110474278,0.06726173583672579
3728,0.5164117205141392,0.44454951171324386,0.4568493099030746
3729,0.3289347437566883,0.3467995523794396,0.2792279564229445
3730,0.046831977913734724,-0.07395061270451553,0.08691078298624144
3731,-0.09454194045622122,0.015017177601790888,-0.1715380899037191
3732,0.6088168278811368,0.3553667758325525,0.21806829619592638
3733,0.5560230334234411,0.2983083200434935,0.12339495190847027
3734,0.20978865727176,0.14408235309673723,0.2914414589996701
3735,0.4038926055316072,0.5199212563892217,0.2686478188712029
3736,0.20443857734927362,0.17121250086648931,0.3581082410531471
3737,0.41320685405794544,0.5721089076320529,0.49439989113339977
3738,0.04933976501423554,-0.027981030328334766,0.24682055071081876
3739,-0.22028970115254143,-0.19427857173720509,-0.2653198926835958
3740,0.29958081696115135,0.17940896362599856,0.09828435569762983
3741,0.30074404907655494,0.3297263696245851,-0.09197264092214275
3742,0.07804978471226476,0.012516484029283736,-0.13017946387641377
3743,0.06075839292476792,0.14501310766554054,-0.07667030503686356
3744,0.38429243139391756,0.3310583295753202,0.24710127991477626
3745,-0.08946065671010539,-0.09679466606475728,-0.1208812994549503
3746,-0.12434457865213255,-0.16719215662671205,-0.11289521411583492
3747,0.6915299447350058,0.5101839751634751,0.7350249164434215
3748,-0.18073615648448937,-0.12802290311912323,-0.1027064813202504
3749,-0.10617106787870301,-0.1341420358029326,-0.1795040701212275
3750,0.8037543431133254,0.7226380198459801,1.1912587333156344
3751,0.00858023722293777,-0.048331867362670256,-0.11485400026773607
3752,0.10611727022110129,0.2863708702280978,0.2443557492488213
3753,0.5846147390535446,0.6172769050601639,0.9042585462066517
3754,0.6983682849699828,0.2624774992659835,0.37921473268728034
3755,-0.1594917531638046,-0.14267310691648505,-0.22559689588864495
3756,0.12455046421887817,0.1172005487542278,0.23626027058012578
3757,0.47873192159454736,0.315254850826971,0.36973505003534624
3758,0.12669650530347676,0.06575504388353548,0.3355498915745152
3759,0.69490812349789,0.46156121529560856,0.7249331603032612
3760,0.9523802345427836,0.3181186982632407,0.16829382887755173
3761,0.008335644129805475,0.061978482889098574,0.007172055786647924
3762,1.0122500252043944,1.0366668035506086,0.879900293630846
3763,0.7563712902765354,0.5724302308214377,0.8467945447381167
3764,0.6535627864490023,0.6178941525164308,0.5044192646422527
3765,0.9102878065302751,0.4888619107054679,0.7586485573723376
3766,0.5880324783277202,0.4788004565416306,0.5264409086768682
3767,-0.02101944979026138,0.12090904382070611,-0.01107373575362769
3768,0.6854167605404577,0.43195050904454413,0.7249152134138299
3769,0.3724162399315365,0.276590969372728,-0.04243052350868681
3770,-0.04770762362918468,0.03200101128505595,-0.019818495058579355
3771,0.6106058777188805,0.6382958621975707,0.5498928054571544
3772,0.05510773721100026,0.03237918398831097,0.24463086085672936
3773,0.07814738857651582,0.05494080112170341,0.3809776298080967
3774,-0.0698993120065654,-0.03845286801346748,-0.1044411956555431
3775,0.28381480397572156,0.18397681071787253,0.49989887127723964
3776,0.09533608560981466,-0.015933596796281257,0.05929549188102645
3777,0.20401551092891235,0.188491958129948,0.37982481726170203
3778,0.5193318590024474,0.5940640397999386,0.6838091990829245
3779,1.1223410816241062,0.8698974737669953,1.2294493281332564
3780,1.2128135547051784,0.8679399436154993,0.6540500518758885
3781,0.3392153102115234,0.259915391220257,0.3943183002438613
3782,-0.059416223504596744,-0.012447521613720203,-0.03810886435761973
3783,0.7708629330728249,0.6019030175832887,0.6927159579360511
3784,0.2269800143948253,0.22133345940151483,0.2086056329531576
3785,0.31713381708626165,0.14565994287847395,-0.01333241217825698
3786,0.559971560533155,0.5767697022204912,0.2991529083579949
3787,0.39374274838732926,0.24398968332352533,0.16080012986189818
3788,0.2226846486735785,0.21651765909842524,0.13272054743755568
3789,0.21425270837072108,0.05046915135660246,-0.03280610339136769
3790,0.08444635058066807,0.05845684379140614,0.08999906068025942
3791,0.26733038815071875,0.2870189416632476,-0.05581609057864623
3792,0.5979282910899382,0.347904203516993,0.09628553705159715
3793,0.16334611096707707,0.13593832058252842,0.30545728957726004
3794,0.6340742741583754,0.48119087250192805,0.3538129141698614
3795,0.8335982937216939,0.9127058133076944,1.1430679627415494
3796,0.10446598972776666,0.08158321814402392,0.42772886052602876
3797,-0.017161937054274712,0.06076568258808335,0.11452536733287344
3798,0.4336669753571101,0.5177907963381208,0.4985359868000967
3799,0.8021175473350597,0.6693431175990476,0.9319160907367103
3800,0.6131550802436114,0.5590848245666662,0.8013354438902796
3801,0.5720083548540729,0.5937160661800482,0.5276397342609414
3802,0.48887148960945837,0.3269140330748803,0.46600180712536954
3803,-0.07398528761844725,-0.06231824983193002,-0.1401605588384477
3804,0.1742784706336873,0.1342611690499642,0.1214901346218944
3805,-0.17321134718822084,-0.13180879045292115,-0.26246683428992634
3806,-0.11782084424612682,-0.1370510749509265,-0.08863052728234899
3807,-0.07583224705425418,-0.04594748088238687,-0.13203588904052577
3808,0.3419196936030624,0.3921215873668229,0.6332898592006018
3809,0.10374133517300632,0.04318195684164605,-0.03337795714186753
3810,-0.1834992505852766,-0.14542393455916391,-0.11426253935158937
3811,-0.04587221484136039,0.008041165409413242,-0.13394684725094896
3812,0.8788841239559384,0.7793834283782752,0.815732770037987
3813,0.4945841953335568,0.6136991037883057,0.5542366800169423
3814,0.9224588294823102,0.8397306644878775,0.7976266731262405
3815,0.04920051530766978,0.048857557935171325,0.05407045847492098
3816,0.8619534584937507,0.8920941684515058,1.174394364571445
3817,-0.10533855660210156,-0.09246473015068468,-0.19437784794369195
3818,0.23347340214840195,0.10805990946327348,0.42033112534293404
3819,0.50797744753376,0.43174580367671633,0.35138197264317483
3820,-0.06397865268694436,-0.09667898394166208,-0.060314111404106696
3821,0.7267453040485747,0.556560345839088,0.5987069344977201
3822,0.24561401433746766,0.09893252157309296,0.31076776078954316
3823,0.2987928987037063,0.3212007148168474,0.5456794211476377
3824,-0.07445984783882731,-0.03961000439358664,-0.03516141492442548
3825,0.5633911753809497,0.6374576605072575,0.7455661211752287
3826,0.6390064575873604,0.4345408198275995,0.4316725434477573
3827,0.5074018872256993,0.3708864548087254,0.44594720269289767
3828,0.18270628955896795,0.1943704140710596,0.2899677314103406
3829,0.9329954164095926,0.65684366952213,0.5480779774375601
3830,0.3811249980233924,0.40755982817638214,-0.06826981986817815
3831,0.6568592010782541,0.4947155534673331,0.7706646948051015
3832,0.48271445617323505,0.498283395764872,0.7537415060159534
3833,-0.1777224105341203,-0.18929566565175837,-0.2153341315273225
3834,0.8994935606377803,0.7985860759724146,0.96148824427097
3835,-0.0020246979452935854,0.0037085018825451233,0.048436333888537186
3836,0.39018689804934903,0.3481248245749893,0.37074867247972354
3837,0.1825007358409687,0.07977095666203882,0.33352361572058853
3838,0.30123296023851776,0.20141913929141664,0.2508169077196618
3839,0.39323522786767096,0.2886248296109295,0.35202136175042265
3840,0.30024408605877917,0.37754481860383904,0.15393375668254605
3841,0.6088185746439763,0.5087792877246395,0.6607004632436209
3842,0.18695863081024355,0.14790357413603128,0.1538834130245761
3843,-0.06852429730240173,-0.024049516580692987,-0.0568362885132605
3844,0.6164917504181402,0.46924983731503733,0.46146410211380506
3845,0.8313025672890073,1.0134590823816931,0.9452205939882956
3846,0.3932453058959875,0.41729081284982295,0.3496233355845071
3847,-0.03176074460088263,-0.028812115829355722,-0.09753202851234821
3848,0.6966876986438484,0.4481470387528641,1.1611268573680866
3849,-0.12603571136839808,-0.05347270817664862,-0.057141363170315485
3850,0.4585816950454824,0.35442761481052676,0.41958813918751314
3851,0.7016491928874895,0.5210489614411162,0.33787863367089255
3852,0.3054639599507867,0.09010431169623545,0.09549927535492153
3853,0.39449286751235557,0.3484342228995181,0.5468467578575926
3854,0.04497760685634433,-0.041212762711563045,0.1807641476795978
3855,0.17975439336157772,0.183747910507974,0.2925664754095918
3856,-0.20562341854436872,-0.19181413200328035,-0.180381671142833
3857,0.748583827353986,0.52176427152385,0.33312071959562517
3858,0.8161211351134157,0.9797132882550392,1.0962502078741885
3859,-0.013957811933662412,-0.019249450827844017,-0.0906164045026081
3860,0.5128979658541071,0.517119438592101,0.29141212604632183
3861,0.21003545198994322,0.12930135683855015,0.2981141839096917
3862,0.7720776911903589,0.5316419762351026,0.2753160084399795
3863,0.08545789311850638,0.10956378642391362,0.196989533608819
3864,-0.0397159649926232,-0.02276352227271028,0.030292122467473703
3865,0.07679721340584988,0.08209407041817163,0.11286579984396283
3866,0.2088694125338162,0.06537727635332802,-0.02853103213698971
3867,0.4044711911022818,0.2537359989720802,0.3422522239181751
3868,0.9056285322867399,0.7998842440205347,1.140573142729715
3869,0.23553712887113076,0.2900710286257826,0.15165304235014632
3870,0.12237711800810658,0.21914405498578993,0.2564770860688348
3871,0.24861569224116864,0.24682559469395438,0.01073036260314808
3872,0.2857574194878014,0.09158208903904286,0.40585024502689104
3873,0.05465725142981759,0.01834990350902843,0.023433292269433803
3874,0.2756645135144866,0.3423644684392384,0.36627293026871977
3875,0.47456040316846093,0.3795893611676229,0.33216471101833744
3876,-0.002410521854720349,-0.04106936649726867,-0.07359420297016617
3877,0.1023553079836359,0.0827659193849124,0.24174630177072398
3878,0.14827347906264055,0.19148596121576356,0.07841853420758738
3879,-0.12096565718213037,-0.11932401180840646,-0.15219740540223903
3880,0.02291881228658954,-0.02913327385874509,0.12980416900588043
3881,0.06257618420990951,0.100027111118558,0.12353994355496178
3882,-0.010908025981597458,-0.021981445710775316,0.060782159895133914
3883,-0.1008572797180235,-0.044560034830468,-0.05061318724936004
3884,0.07839074432987947,0.05026010709737183,0.2643579214952534
3885,0.11464319941204604,0.0008424824268156161,0.3648993053521665
3886,0.39529318269540603,0.27306457904849224,0.352605291415619
3887,0.03414840839922273,0.05268460956550425,-0.024707552140294853
3888,0.206304711456615,0.08323758565695227,0.09070859781664153
3889,0.49341490894293294,0.5213206595433084,0.49312566968439997
3890,-0.21985669893494475,-0.1793726117149953,-0.19253520941708513
3891,0.5798709616713547,0.3212980613352754,0.7465499759718373
3892,0.07567572593420713,0.0652083036884954,0.13721009986322774
3893,0.7496511519555629,0.4622752381715043,0.5797313929479408
3894,-0.04692037872364352,0.02287394259342168,-0.08085261132402488
3895,0.07880152717380429,0.10287768951916365,0.016532643004674386
3896,0.5124689233285766,0.4207806310173732,0.3801200782277372
3897,0.6742906961057296,0.4843526534944591,0.12179376860046531
3898,0.4078494327446951,0.24772596054540097,0.3407939030615317
3899,0.0346741085859581,-0.0010611499964137128,0.12855351427980444
3900,0.5120235738986116,0.4114827616411707,0.7574718535666687
3901,0.21494412609102787,0.19803132393958478,0.26842296685253775
3902,0.11049123076911127,0.2625868698044511,0.26467348633830423
3903,0.07307291415833661,0.03220512381851948,-0.0253750044220572
3904,0.6759168933330935,0.6601559014360641,1.0418583256269254
3905,0.604007828010523,0.6675475326636022,0.6631598512704229
3906,0.005779742104182528,0.07117571563105085,-0.11014629325790737
3907,1.05481037254471,0.7296416166329809,0.6095903030621337
3908,-0.09371075286959674,-0.06186354134411509,-0.0964496588376198
3909,-0.23507148385067989,-0.12293198894083734,-0.26822914955116306
3910,0.5270483118913536,0.22129662616379786,0.2593844111368553
3911,0.7355879240954628,0.7661921307070136,0.5660906440452256
3912,-0.20126053218518414,-0.21390749473912318,-0.25365800258835913
3913,0.3694148897959262,0.2745575728942309,0.2803690929889928
3914,0.3552532480751238,0.3135785552205921,0.45248916366645076
3915,-0.012257133844453039,0.07784515263338276,-0.08964428258321888
3916,0.014336822777147207,0.03241917683334594,-0.14090661609791044
3917,0.09618603105006085,0.1439763514407595,-0.03892885697619641
3918,-0.1801545468959761,-0.14954251067369673,-0.1711372289595804
3919,0.8565951684622757,0.6579987862244014,1.2209703581547688
3920,0.012381450413435413,-0.06256740992410659,-0.10792933562753737
3921,0.3174585015345588,0.26055579048363753,0.27028477898717096
3922,-0.15507541863169794,-0.09280230387091004,-0.15799763185217341
3923,-0.20863766244508364,-0.20148051864474237,-0.24362006833277206
3924,0.6759951905987702,0.44003110948200863,0.6719714601488913
3925,0.3562198053416872,0.2273492170811955,0.24216856790836672
3926,-0.31447399695628364,-0.32081588773207226,-0.28141629029372794
3927,0.22465080313393715,0.07664642261454113,0.12320836749404207
3928,0.012421367665762517,-0.004861886240317803,-0.19461628436162648
3929,-0.20758413215013782,-0.20360102113294187,-0.2312692672355915
3930,0.053990762661974,-0.026076162511157963,0.21945136109720198
3931,0.30667277529841597,0.20861941082258806,0.075061870558081
3932,0.49661462594950767,0.48128757593577665,0.34079257147293296
3933,-0.19084875203208906,-0.16383357068042814,-0.23925132386783576
3934,-0.1193622863579682,-0.06356339386755094,-0.2080525805188198
3935,0.16850707158294664,0.25015300474775115,0.2678440162220439
3936,0.3183250086244047,0.18268242831390102,0.2627349079835397
3937,0.4800034920168452,0.24266387441648263,0.09892580117430194
3938,0.35895996197312674,0.28300396589869514,0.4382208268072423
3939,0.4448453431642345,0.487008740933645,0.0035328955774613924
3940,0.2779899692181673,0.21993236411806794,0.03559168984155936
3941,0.14369753729147616,0.08015207680386727,0.18581851255827164
3942,0.2552261717784714,0.3274557177518953,0.4516776822598183
3943,0.4329552511325929,0.32114767416383905,0.7264158386081219
3944,0.28152658748601156,0.1978980135377877,-0.03215317536729012
3945,-0.0730877032028302,-0.04054212688854375,-0.09640505547435929
3946,0.043729818288280375,0.0382250698721005,8.818679816346986e-05
3947,-0.20925808544472235,-0.16498914566498735,-0.18862275102055936
3948,0.3444236235457929,0.1954676141074212,0.289794038999851
3949,0.03916461563025142,0.05460771105669271,-0.013129509861517508
3950,-0.11444608069294337,-0.07877932397735399,-0.06162296844471793
3951,0.3973731132060254,0.22226965594464443,0.11944486243384889
3952,0.13270803367830508,0.011067758163356256,-0.019659447760167814
3953,0.24147669680311612,0.2096614734419362,-0.050075290451188414
3954,0.09514626429224049,0.04869921308429115,0.33733354263552084
3955,0.24860377553077462,0.1502955719596164,0.19821452242758886
3956,0.322932815538989,0.3035524035914494,0.23348320225449792
3957,0.6334236965031452,0.5452058807413847,0.4930084663908587
3958,0.11881870468097278,0.06946544026804258,0.017199855360842564
3959,0.46205533166877943,0.2961129146277357,0.43886634719351814
3960,0.2252278694859362,0.20824102822963853,0.452378659060624
3961,0.34946847532083414,0.3037233770929464,0.3182118080744851
3962,-0.13247915568489865,-0.10081180098963982,-0.10667596020436498
3963,0.09035505716847902,0.09138642099600447,0.011364205202627042
3964,0.6889908719008246,0.4944855681393532,0.41018186232676057
3965,0.7764775485824227,0.591474467661826,0.4913353904752158
3966,-0.1120691604738081,-0.09554370834026504,-0.08548872723719558
3967,-0.16798341676770578,-0.19051037719501207,-0.21991018813707253
3968,-0.11221648789374228,-0.0639122835486482,-0.18546237805054144
3969,0.6480108962946509,0.6116746509626365,0.8433241528805724
3970,-0.0006653776870205741,0.008093105762200015,0.02985191545739263
3971,-0.05595461340069874,-0.09425518410984024,-0.1317832476672267
3972,-0.03059129709226982,-0.03150042649736329,-0.09924384031856837
3973,0.5665515645506962,0.33798202186358894,0.1659412336098416
3974,0.7185585452226837,0.569049297547378,0.7115742299364958
3975,-0.06238801040715225,-0.04952031756639075,-0.11721326746534322
3976,-0.04036071037614464,-0.0994668208121694,-0.08382719523211779
3977,0.04087221970720778,0.008341518197005682,0.1765256741018173
3978,0.7378757524423547,0.43563638491772205,0.9124399135559202
3979,-0.04767700074022052,-0.08930735253520272,-0.13041379957398147
3980,-0.13291880594287608,-0.13318364973949404,-0.15852398179938343
3981,-0.004455327298525824,0.007128095765261522,-0.15290565919370325
3982,0.015499313618685617,0.07846867470247298,-0.04244560858508428
3983,0.2560044559356143,0.2700863348672833,0.4064324114832918
3984,-0.24693836919954515,-0.21899723687697514,-0.31744771337290645
3985,-0.13908406077699798,-0.15714598620488085,-0.1532902553719997
3986,-0.14659905151270758,-0.10555068072641294,-0.18701515194080853
3987,0.07833747756852127,0.016154584586335785,0.14588181001612321
3988,0.43569658745373774,0.21202071085465235,0.2685249075836016
3989,0.28872055036318445,0.2682458415432716,0.4016668600108195
3990,-0.17567946340357654,-0.14327213241268422,-0.23759640832716145
3991,0.21048617993358154,0.27163698520202484,0.2503843976068947
3992,0.6745475376771461,0.5573081579377863,0.6833459271027271
3993,0.1162568665294974,0.047676902507934216,0.08926301509237344
3994,0.46058115645162334,0.3874677461315077,0.6449642315021962
3995,0.02520532451563362,-0.04122681902378855,0.1043405724510289
3996,0.9358876915901271,0.7916016337292855,0.5025232275033793
3997,0.10689126558300832,0.06286768644055885,0.24389087676165566
3998,0.37097155325842435,0.37032564771913523,0.291257871850247
3999,0.8257203631952326,0.45007395777162373,0.7190690150550485
4000,0.7723106408931129,0.6684749336797036,0.6960976543344355
4001,0.7353984249066818,0.6576618166233545,0.33582763932904314
4002,0.45872961744870944,0.34023757112644315,0.22616030524908748
4003,-0.06305357792240385,-0.0643099137133849,-0.054801367631030495
4004,0.11238066657805823,0.11335601367328052,0.35602673336734947
4005,0.15607040681075812,0.1010194360481862,0.17933616090116655
4006,0.3563469465703326,0.2422412304076189,0.10373581564791445
4007,0.5157193143788021,0.49184724810235503,0.8396722246133979
4008,0.7264766595874286,0.4261968920073489,0.839892941830245
4009,0.7038815890415646,0.4557322821892207,0.7720388824128215
4010,-0.10358469997528086,-0.05250874981857534,-0.11249723233710796
4011,0.45331641412435886,0.26096807837781255,0.015992033363507963
4012,0.3368341049200698,0.49672402751355516,0.387880556284496
4013,0.6628088037622013,0.5560756248837144,0.7586313318849947
4014,-0.07423158075465974,-0.057007141511804194,-0.1006707373803013
4015,0.18873797140422388,0.1698154305481958,0.10110004513567739
4016,0.2000874238626762,0.11725924941638466,-0.07732449502901162
4017,0.6256931764652265,0.5607691069048502,0.3915751867209045
4018,-0.1117531330455308,-0.05088534648195708,-0.1364926203586545
4019,0.4609339949863105,0.31917073304770516,0.3036709353429987
4020,0.5008647229820933,0.5488575254222077,0.5424354566954166
4021,0.9178205652666414,0.7534945996131703,1.1484715559659344
4022,1.119277961606905,0.8393347563287694,1.2047441169375985
4023,-0.12907977259126036,-0.18461143560297888,-0.1752198742601082
4024,0.7087032952637935,0.4785852156022339,0.8231127222135053
4025,0.5134704924852198,0.3874500487616832,0.4493880928307574
4026,0.27464181078404404,0.2901255822125459,0.22758157098791076
4027,-0.08541237811927704,-0.05588436619335235,-0.08324730610865105
4028,0.011093770822264926,0.08132829991453572,0.08433086177040683
4029,0.07345921854420157,0.06469706963536481,0.024880936513275387
4030,0.34099198011999476,0.14360276475879186,-0.00576391750347971
4031,0.3786448458113245,0.22369193264600118,0.2996662034929827
4032,-0.13612443426527843,-0.1407430908055799,-0.14392173927145313
4033,0.6089873788924476,0.4062987339279196,0.5222647432394067
4034,0.29288695491021,0.15762310122556644,0.24350716022140584
4035,0.9249477154512755,0.8012844033516056,0.5126262233097938
4036,0.943862141085829,0.9602790496598386,1.1501518656560608
4037,0.4141625277338603,0.18018422736014217,0.4713669513905623
4038,0.23663712856934427,0.2191702201059489,-0.0054054718038099026
4039,0.571076354738834,0.3847798891953218,0.39562188294188383
4040,0.33395313125215376,0.2086598119966785,0.28082272862508595
4041,0.6862475437497149,0.6864748354318215,1.0019396788745367
4042,-0.09301412567045197,-0.0642548529846233,-0.09912847944544079
4043,0.23224546168031246,0.01564886266170329,0.3040803269733199
4044,0.010030745842533051,0.05447644865717072,0.06297864295118916
4045,0.9562998650442038,0.8475307526545528,1.3892997360414987
4046,0.20710098193913162,0.10415938791432455,0.04132267696002012
4047,-0.08085143322737542,-0.009219353959234344,-0.029195731136383518
4048,0.5570570543905933,0.2943556247440662,0.5054736894789662
4049,0.23849518710060336,0.21219369916049224,0.13485725345909794
4050,0.019708351216263686,-0.04320323446294294,-0.008061600872451558
4051,0.31951745584574787,0.2726266560057453,0.20908632027872653
4052,0.03431292616763648,0.062216263959883555,0.14598763723477326
4053,-0.18453227082561885,-0.12115780006434818,-0.26817625885539476
4054,0.3753052826961307,0.21670520518937342,0.3220201627611299
4055,0.5306523236152711,0.3829723180913558,0.8394091279664162
4056,0.7641212280010221,0.4798004531561546,0.5851811977001271
4057,-0.14720583585617575,-0.08297553482729014,0.11683952310054257
4058,-0.03792378037101818,0.00544742982973645,-0.14824713574954995
4059,0.3547699620625655,0.2928866929416212,0.29925680821833867
4060,-0.16720402402982848,-0.08484552591067696,-0.052397729005691285
4061,0.12907322569414226,0.06277202423313488,-0.1202492464909164
4062,0.5424951169521386,0.22785738212093642,0.5575645628970234
4063,0.7856001592133004,0.6093160164122355,0.9990648507314912
4064,0.7779616344782765,0.6220664990301077,0.38089520064620985
4065,0.11758634352473818,0.15804341441716385,0.05525173026282437
4066,0.40431020548227736,0.30083972822218774,0.3640367306012975
4067,0.6674708971625978,0.47321853802752245,0.17699247233969584
4068,0.4197325162706802,0.22793083811712966,0.4089029396855761
4069,-0.11830831108765061,-0.05622950487849632,-0.10295121413892327
4070,0.5054138203302667,0.23553087567903686,0.16199025939133027
4071,-0.14498856851277786,-0.11781219527941444,-0.18419351917526405
4072,0.12145495976684795,0.09824408761797465,0.07409941937669728
4073,-0.1612931490477737,-0.10020446052686838,-0.25223735992367147
4074,0.4986432912078065,0.39244085468532974,0.8259327860201013
4075,0.45634694925012775,0.2743606946759143,0.48221526655887725
4076,0.08289547848329848,0.11760752009055797,0.28379359360272116
4077,-0.0722500481934234,-0.09402971184075037,-0.09086587038768368
4078,0.6060687129306672,0.23314966800167825,0.4614514966691945
4079,0.5679536070232558,0.5044315021136068,0.8694245758143633
4080,-0.022008837998949593,-0.08067440059184627,-0.12801597046566215
4081,0.5348249987620228,0.22545975096195603,0.2999799974143089
4082,0.13051587764353467,0.1423948110436022,0.04994884565695079
4083,0.6325155406411169,0.55067565145196,0.5982121220993282
4084,0.633729058179249,0.4327180165725857,0.811103504546153
4085,0.9789557461041565,1.0639648766064642,1.032288031196848
4086,0.47626847848336884,0.48718484309740684,0.395275956697019
4087,1.2285459534914924,0.9611429260255568,0.8531229599818555
4088,0.8908027331690385,0.7718852530025437,0.8514071506636007
4089,-0.05162413835037338,-0.004796833778922038,-0.10300507168186213
4090,0.632534650089466,0.6421114409165434,0.8724503001276409
4091,-0.02163085601295145,-0.11328409568244124,-0.08328871421175066
4092,0.1533397969646051,0.13561343272489146,0.16114779250714895
4093,-0.12190856028866626,-0.07259478780255779,-0.1452150361168575
4094,0.3371146101274525,0.19492272042271908,0.6455355325184668
4095,0.7700553441836753,0.6456435444252198,0.6132509905922416
4096,0.6308340552021157,0.518637707790784,0.28008523730630097
4097,0.9293726985628215,0.714521717634732,1.3790430358002563
4098,0.661857173530084,0.4001022992482226,0.10689564582126043
4099,0.3341301280935247,0.11802572213022566,0.12103665153055077
4100,0.055674398790122925,-0.05614285625924498,-0.0446942041625199
4101,0.39921982442290904,0.4361775435003421,0.25281851388502496
4102,0.6297026867208788,0.4870631344721117,0.9079698275710155
4103,0.3591689025116147,0.16329535471161472,0.41495820555048657
4104,0.8571062586739262,0.6744678514649365,0.5730778510898669
4105,-0.038841890568196646,-0.02342591272026706,-0.017232211151304466
4106,0.15978253455193547,0.14339091757858657,-0.018115001295606725
4107,0.6665802228462687,0.4283642132847474,0.9446524264944205
4108,0.09138822576536687,0.07476995060860903,-0.10929106358689611
4109,0.6518293759116947,0.5267743393744759,0.5946648275708735
4110,0.4448500379380067,0.34248216136044896,0.3911375983746441
4111,0.6063180022526902,0.6424121629238311,0.44838222277834916
4112,0.5833978669140301,0.44666017026774196,0.22375496585575538
4113,-0.017475437154029883,-0.010683379790770497,-0.006852435796682155
4114,0.3722473159106465,0.39277080079466664,0.6580852858499378
4115,0.1727422870642379,0.12358417772819785,0.19640256926203725
4116,0.7255383087546734,0.3664229861607651,0.41383311170731574
4117,-0.11546972231183106,-0.07044997441937884,-0.08977271311992951
4118,0.08129485570489914,0.009333400758739119,0.1669429271099785
4119,-0.03913431501615716,-0.017043258723447474,-0.1726074314040006
4120,0.4556095806320537,0.4883725732576587,0.3460332714418968
4121,0.2442095498838741,0.06297487441943272,0.2902998203994964
4122,0.10669418458587843,0.10709166362540357,0.09077478992468335
4123,0.17774979815754222,0.1606211301306939,-0.1120296552966965
4124,0.32443555013510683,0.35139501972431586,0.3167063712792939
4125,-0.024868692849383645,-0.16330729243598996,0.09893977647074892
4126,0.2163608131891237,0.20318270761764912,0.09305064002043228
4127,0.5604593718691417,0.5964524170876757,0.4831863690764755
4128,0.42716665867417025,0.26101797268234406,0.24781498072159147
4129,-0.18397635988869498,-0.15995968510314673,-0.20714590235235764
4130,0.17804380385298035,0.19520329369028966,0.14426166504654314
4131,0.0439456820432742,0.08928176556648282,0.08284925785381092
4132,0.06372949049731824,0.017336252880160163,0.11301240007008428
4133,0.18087657219410702,0.0905271198351425,0.38415674921486853
4134,0.26352327191755975,0.3098257469458159,0.3041173494385718
4135,0.5843705251310409,0.6072409335260918,0.8835252939482694
4136,0.30112384055647423,0.12514801828734345,0.3111307589385939
4137,0.08923901097140585,0.0035565530595562667,0.0663189881745403
4138,0.2447858250135011,0.1501260427109663,0.1316237873406585
4139,0.6934995956055519,0.5390603571840964,0.5172927235728375
4140,0.7961251962329066,0.7203058685357744,0.9420454998228798
4141,0.14834312774283775,0.08521813602938155,0.397243446156885
4142,0.1042131368599335,0.1443658297669006,0.03623469228817755
4143,0.8301994619842648,0.5319541942376618,0.292192632681449
4144,-0.11372166814620277,-0.08081606144586151,-0.14752902458142647
4145,-0.2208526773228091,-0.20532049364265026,-0.1693798662468896
4146,0.09782001501760962,-0.026814935613248547,0.0053945498900829225
4147,0.5495883026422934,0.25263882867705933,0.7536290761834101
4148,0.26936494613750717,0.15620052903457515,-0.04247929031934139
4149,0.582456271698812,0.4684257772074496,0.7022769142811771
4150,0.578130935048143,0.5866866970161619,0.4375566533579689
4151,0.13099730841672907,0.04261995999328061,0.22264989148573466
4152,0.15128903639014712,0.08438158774844706,0.039035944167546965
4153,0.22181523464109087,0.15499153284068146,0.17832940534410935
4154,0.05228362804296127,0.010031872723841762,-0.09058624511151891
4155,0.027420745596411944,0.07209106519940223,0.035925712393968245
4156,0.421809404571448,0.36600005167426564,0.4242565882758873
4157,0.7294569430937792,0.533499166438006,0.8174092488551623
4158,0.1815693298183252,0.10648825960917718,0.2841511097317877
4159,0.30573981490442326,0.23085129004490446,0.1681287932768587
4160,0.2480117801652153,0.14338161479984834,0.3459201910422527
4161,0.3352289932633885,0.4528915909569844,0.1762430995483455
4162,0.6158293894093378,0.7139759387969196,0.40201401554484306
4163,-0.11096035019753359,-0.09343770253872918,-0.11220490206083045
4164,0.28031397319117013,0.24725933675788636,0.25032269239907134
4165,0.8066273541919524,0.7017322341182497,0.8662047024203854
4166,-0.02615855830035918,0.010674106104332504,-0.09939739538078507
4167,0.3491996023954089,0.5265515587877765,0.27756571026893795
4168,0.26502937038198193,0.156087579538021,0.4727264583408177
4169,-0.034864468208145594,-0.049120608193192306,0.12687700771928934
4170,0.8327954338190529,0.5544156216786684,0.5828087949328282
4171,0.737655496872927,0.5530241500016415,0.6447083139248577
4172,-0.1717126814353176,-0.15267693920500391,-0.20654133423744114
4173,0.4650688259259188,0.5043637635763258,0.45611414206689505
4174,0.0025453570519005098,0.050047350452942174,0.00725784181443645
4175,0.4407795138589585,0.3155948418738128,0.14555026989428854
4176,0.1281841193303137,0.10387740998099604,0.3351002804275931
4177,0.1478435865484342,0.23488353775869442,0.33536760355617345
4178,-0.10194963863886075,-0.06376007973559894,-0.0599485060988163
4179,0.1957067866704636,0.13434378029089178,0.12499368300995539
4180,0.04932307455492313,0.0486583785522432,0.025933072698685278
4181,-0.02423109802614165,0.05457859271070431,-0.07230480095633796
4182,0.6321896792379529,0.5674571628019549,0.6812381303695254
4183,0.17032146430248574,0.1884825779440853,0.2879572269055066
4184,0.36423259987879475,0.3265387973293492,0.31563986466974625
4185,0.4198317977127948,0.2908307157171053,0.27487883791104606
4186,0.7409750554151375,0.6522098185437397,0.49988486944897503
4187,0.7223230285326987,0.6007830886601329,1.0467331641251727
4188,-0.12949269429795662,-0.09340475122564385,-0.18604770449953723
4189,0.3323462882597783,0.2948439372130678,0.2353420895930387
4190,-0.017526968072063998,0.033841880721790174,0.08503706952773293
4191,-0.12634071955846837,-0.07692531609968223,-0.05409533869668248
4192,0.47837807888919026,0.5126160242295843,0.4150956253844116
4193,0.2643846048579819,0.13948289681981363,0.28295279353357006
4194,0.13636604820529596,0.09258391767964458,-0.026055406926859703
4195,0.32388599607876545,0.23048648240232472,0.2214513744081963
4196,0.4225452939976517,0.4299659508051117,0.42126410809989534
4197,0.3884520760275556,0.2109855897846531,0.42830326178868106
4198,0.8092193514066837,0.7932952731729976,0.6041803191692143
4199,0.2107257611635971,0.20481742497610056,0.21241014974019667
4200,0.326932919602696,0.37419406989912907,0.36307408560246834
4201,0.3104378021351655,0.11574669583442976,0.009931956464683811
4202,0.40758779339113316,0.5864512828112942,0.3441505020167632
4203,-0.11664037071193945,-0.10401593892139283,-0.11122220072273403
4204,-0.19793090066065433,-0.12308747092056627,-0.2288508292350837
4205,0.36967903829521376,0.38864665135676724,0.26493402783484177
4206,-0.02672788628318301,-0.009709764570687618,-0.07482950381886877
4207,0.4949041152849729,0.3546061446795459,0.5029528816322637
4208,0.10347166696714694,0.05243208141707201,0.0645425307687928
4209,0.14608125879288036,0.049950125375993304,0.36209835266140633
4210,0.647870431599282,0.7638356641472734,0.5920621768440277
4211,0.483062573669909,0.45440656760289055,0.3878569817566564
4212,0.6941799262582007,0.31527526317165244,0.8264408352576162
4213,0.13840885831745364,0.13356061158719035,0.08544053663369788
4214,0.08786390692625701,0.022517809833874747,0.22869756368220906
4215,0.6660237159831244,0.41618324581994837,0.42989289073265113
4216,1.0697436986106919,0.9031639157198628,1.151521249589623
4217,0.15692237369038153,0.01068823778397876,0.054699609835954455
4218,0.670925699704388,0.5244888174387412,0.628311701924211
4219,-0.17091316599126194,-0.08075271496699787,-0.09315349188103594
4220,0.3780208078735754,0.23084485441577174,0.42877665061739
4221,0.25106028678626124,0.162561403904667,0.2998566461026595
4222,0.8250561892380912,0.8181461819815576,0.9734304841976182
4223,0.8567835277343543,0.9341858189471952,0.5801008169737929
4224,0.31378429621389436,0.35747647857583886,0.34796271591452577
4225,0.5909909502698676,0.3578338580225726,0.589250140630585
4226,0.14406368266733072,0.08551496287635585,0.056506809100133726
4227,0.1305193751550504,0.10442571402531664,-0.13375940025938804
4228,0.6767464482610823,0.5321418311898287,0.9381443483382268
4229,0.41211712702326064,0.4257318649517092,0.41465754846528724
4230,0.09352531379941342,0.18043746604237176,0.33393538576553095
4231,0.3552238402500907,0.3283450930719434,0.3400472630019604
4232,-0.03177662718352936,-0.01440450032319418,-0.2000461710494138
4233,-0.05147246647500736,-0.0436923667816167,-0.13159881703853282
4234,0.836761232580022,0.7466738448139669,0.9860501071675964
4235,0.7769873721389884,0.4139062921349821,0.5290792105356081
4236,0.9698357544860037,0.8461488228990124,0.7009814071562548
4237,-0.037789702872653486,-0.04715002888446074,-0.1388056705848928
4238,0.007510169221417229,-0.0419147276631614,0.2037999168233171
4239,0.2196151863832394,0.30816340550196064,0.14854534648399387
4240,-0.1910902708113872,-0.2171098284673154,-0.2449733496240878
4241,0.731369269603632,0.5818800335944287,0.7130816275507912
4242,0.5276713412646175,0.528214580528434,0.42224208841023403
4243,-0.10717526506576458,-0.07535918431906019,-0.1499448937113953
4244,0.21784374357666336,0.11138672586842824,0.10349799100264923
4245,0.07339270334878556,0.11162748045897408,0.12430995482364615
4246,0.03151279722062794,-0.06953285729663894,-0.05197824639814552
4247,0.5826896938923072,0.4254704744183897,0.7281657085141022
4248,0.39645009190248626,0.37540362087444445,0.7416989774106317
4249,0.09232177947051423,0.0731827472366211,0.10288759592186048
4250,0.7187612878255751,0.3622617247716833,0.7132892651062954
4251,0.767108373905593,0.6539446842250516,0.4649014239340541
4252,0.3672909363210617,0.4253155576672343,0.23178161769791772
4253,-0.08563356451295723,-0.06232665116618885,-0.18830636198289108
4254,0.8430426176684476,0.5887911880578585,1.1947601273917172
4255,0.01602301253910765,0.0025938181147031614,-0.027742438064131347
4256,-0.11585922823614414,-0.07125603510441669,-0.18609771651732954
4257,-0.10651041777804171,-0.03311825580662564,-0.11396600638447596
4258,0.8081269451686153,0.6340866895639505,0.8967532971297763
4259,-0.07782339272061711,0.00684786408494209,-0.13628524733916414
4260,-0.045913505667590004,0.008310303104582584,-0.06514424266002905
4261,0.3901363029190599,0.33754485348315955,0.37400946575381355
4262,0.21996266614316662,0.14658005915376826,0.2814270487080346
4263,0.9947680856786945,0.9709306834169298,1.1930389427935397
4264,0.35484706949833655,0.20534489663861066,0.17128773072342485
4265,-0.005065377311509467,0.0046768819379072735,-0.04225840307228257
4266,0.2511234715953743,0.24858793491647724,0.49800770709776243
4267,0.6585523737825651,0.5580630664244433,0.6034324824422324
4268,1.1281772142098818,1.033437423851606,1.2527449004847924
4269,0.7888502331962737,0.5245830747299993,0.9816026892032679
4270,0.6510690557297067,0.2727433399163204,0.5673645291052023
4271,0.1738126747219948,0.08090321067233086,0.2930312354205311
4272,0.23608407376948426,0.17435589931636453,0.16500864270071247
4273,-0.1167877982805614,-0.11325188247349838,-0.14949262135866914
4274,0.20770337082225732,0.19075831136353338,0.08234014302979276
4275,0.37931685208239796,0.2589884376656293,0.18610811854101494
4276,0.10910927077776877,0.1284556204241638,-0.0070869195960975295
4277,0.5816782878392832,0.6192397708502955,0.7320272846802405
4278,0.6107558403156352,0.7427961165445689,0.43585876255022304
4279,-0.10611236987029582,-0.12453785493194058,-0.18280780609373248
4280,-0.10401885014941792,-0.1079412582134951,-0.1389239263736627
4281,0.17432801433054124,0.08920989674629864,0.2956905810017805
4282,-0.13433987116359147,-0.10147800867049561,-0.19497419287750506
4283,0.5991717405844212,0.602759910253009,0.8350701151510391
4284,0.13895921514122245,0.2897009158343835,0.297832182208025
4285,-0.12078177736990447,-0.09087762337583605,-0.15136532498894817
4286,0.21480425286699512,0.18405576241572175,0.06916016105990641
4287,-0.11233001585540137,-0.11378648350922149,-0.1744791443495528
4288,0.6611012715225535,0.7131184549571306,0.6863102618316494
4289,0.29864560421471564,0.15916230940669274,0.12764124274299649
4290,0.629534593599214,0.6889368057971499,0.621078044307042
4291,0.17726554450551446,0.12846749910073374,0.019431284078382793
4292,0.5160090232323589,0.39266713015019206,0.46706530373929733
4293,-0.016903370605313217,-0.03870085729466832,-0.142092416242093
4294,0.328115610154615,0.3682357584090674,0.17226294016081134
4295,0.756727496149358,0.8669889029713118,1.0975712585332258
4296,0.5138421058083433,0.47013811713027787,0.36527281177906357
4297,0.44617269584161745,0.409038760435525,0.15599548761564197
4298,-0.14835620174960917,-0.10615985618491508,-0.18451140303853641
4299,0.14831136940543854,0.13535768976402052,0.2608326543030808
4300,0.22412259782416344,0.288856244695777,0.5055306842696494
4301,0.001073022431786308,0.03051270093977565,-0.06285360742694779
4302,-0.12588325187893368,-0.037954038472778784,-0.13530072435680818
4303,0.14751553193414457,0.13847626274839486,0.12416808458812123
4304,-0.10635309315497032,-0.10045556447301607,-0.16891640351953052
4305,0.2012779454843785,0.20273735548648286,0.15282392636597297
4306,0.7512953068975539,0.5564402679924985,0.256597183712872
4307,-0.029444019404283983,-0.017518250830158677,0.007103041075474659
4308,0.19823488536067924,0.140541231493863,0.34357357152647916
4309,-0.013758627034446635,0.037424271724106006,0.004878001754375916
4310,0.6333391654459521,0.5341030581875335,0.723310939469457
4311,0.4361505976491564,0.33302157620766004,0.3141829845402586
4312,0.5106178100087488,0.3110724431709977,0.6781043738187948
4313,-0.11029381254341619,-0.1363975310638713,-0.11138031072734011
4314,-0.01987434845346625,-0.10070986355802514,-0.10765143700033575
4315,-0.08766952990999743,-0.10337133726363101,-0.0234542527667132
4316,0.44252823917196404,0.44776426428452076,-0.08261693620007515
4317,0.45522465728866934,0.35719129403537564,0.4359296994990425
4318,0.6631292046066182,0.5214162145331733,0.20449653234330678
4319,0.8130799662064496,0.8135769307219929,0.7965756302360298
4320,0.704394790913524,0.7314372531276523,0.9601027948065788
4321,0.4450342774136311,0.4433894742919571,0.387376756726197
4322,-0.11330158501345089,-0.08167768328956959,-0.14201666522186351
4323,0.16155192759504877,0.1763517238758563,0.24657252491366388
4324,0.2743294034595811,0.22961096699229366,0.2287904806043617
4325,0.5530244283555064,0.39673484371384893,-0.031216619198025986
4326,1.1131004984971224,0.8103134831232166,1.2036441245850953
4327,0.24728185132516112,0.3083671758192885,0.24561162621701382
4328,0.5788568576112005,0.5801659022082115,0.3484297636723306
4329,0.048174391414318896,-0.03655474817664195,0.08616031855814765
4330,-0.05110817491999553,-0.007961067074585326,-0.07295667866634348
4331,0.812261730907041,0.822977011817404,0.9977317858114754
4332,0.47615196338494625,0.25786173684797387,0.16713595802586156
4333,0.24271693567956976,0.13511709346366385,0.4243775074315348
4334,0.33614205779317397,0.25053092800413035,0.2527753610539665
4335,0.7831932691064944,0.4276096585752076,1.0789897271363982
4336,0.7315064936919975,0.5787804939239725,1.0874857194370473
4337,0.6176097159406875,0.4541534876218951,0.773262079300759
4338,0.0791573032266617,0.14344467805515815,0.21883680037201048
4339,0.153058547099584,0.028904987600281595,-0.006350697746296263
4340,0.3633346439745968,0.2747232478221995,0.19206632937888668
4341,0.8628648876212186,0.9207736263101274,0.5834808986954243
4342,0.2922183676834411,0.2775208885510436,0.14351365572141184
4343,0.31143229738658795,0.25775516693176725,0.2904959358548216
4344,0.521391741455717,0.572742618131749,0.2907858285377509
4345,0.3025321716266096,0.3343968324829809,0.6039295539630687
4346,-0.10464203373575309,-0.08511655473767787,-0.08102807296842618
4347,-0.1838289834504372,-0.10508307398339845,-0.20326974367628703
4348,0.19056065256189791,0.10124406726916657,0.10132761761630893
4349,0.5662687323069178,0.6532758735298774,0.35139355537315153
4350,0.003193075808324064,0.08420771936371851,0.079752377811251
4351,0.8023946285964323,0.39471037199193204,1.093391691872573
4352,0.2208636785395608,-0.00962460085202077,0.15930500169252682
4353,0.16413804813661637,0.10172401435305112,0.017250467141341375
4354,-0.009140037961980374,0.007802609745588773,0.006474324661186248
4355,0.03199573033289993,-0.0030537707111588652,0.2924420592253114
4356,0.2448487742907457,0.2964291560292347,0.2328570377667678
4357,0.2640226018298488,0.14467211348284792,0.026162937064469594
4358,0.3859180227641157,0.38353966582200516,0.05871096709893808
4359,0.48116587512919473,0.3364490813429297,0.613682979632463
4360,0.19382177864732664,0.13252425493813713,0.12251543371411633
4361,-0.02572710321301319,-0.07599877615019213,-0.025515335878655843
4362,0.06632036584630807,0.0915320521412919,0.05815336245187219
4363,-0.06946633170704686,-0.03057999436140746,-0.18238661270191003
4364,0.8147916246546418,0.6747295915609315,1.228682432151723
4365,0.014305955947417681,-0.035624818733189456,0.11103526789324891
4366,-0.1788589739521509,-0.13816347608458446,-0.2695263288912524
4367,0.08091731767055288,0.0694874201812532,0.15494182208524498
4368,0.13527967952494224,0.10367776831544351,0.1917853194468775
4369,0.7541249442708309,0.3545527171603149,0.5647186172895113
4370,0.20846380140915555,0.2262987735539086,0.07656090851835784
4371,0.1948460617865091,0.15712189947309652,0.3681666483798187
4372,0.022980117524592725,-0.02353246164422229,-0.006558763598554007
4373,0.036523755884876774,0.007159958419886481,0.15710999788605307
4374,-0.10995532949218723,-0.10537988763689399,-0.10369485397883094
4375,1.005805257564396,0.8166067008415618,1.0495421906176312
4376,0.039070518827516,0.0754403322877002,0.1926340732436227
4377,0.5155273159061293,0.33490884035158275,0.4118686418904218
4378,0.1745449529032468,0.21300313877332622,0.17444703015648866
4379,0.047835470677327185,0.006471167518443899,-0.09720143789402136
4380,0.15437428960354738,0.10670829041888386,-0.01693017154510168
4381,0.5396770715194068,0.36699227968237325,0.5545036459163686
4382,0.5488623847142631,0.5533618973452057,0.5205198275190994
4383,0.7849575665296311,0.5909249559418241,0.6413140388509666
4384,-0.014686353490729331,0.07578724430213679,0.05583598675840573
4385,0.8723325199688496,0.6274770700277135,0.831074103138224
4386,0.2792703376440857,0.21968962331473274,0.22787597600893905
4387,0.2736468902851501,0.18984839221414096,0.28656905838470137
4388,0.32620895563582053,0.19366928432427688,0.23281802242451177
4389,0.05620074335829206,0.09062067263192741,-0.001727487985024867
4390,0.197553935404146,0.12144582835698214,0.20417198625451616
4391,-0.09152418366880366,-0.11061796137878788,-0.1563939022507701
4392,0.13569194526857853,0.1719164601115617,0.15076686838270148
4393,0.8249740436564703,0.802894737067346,0.9572710808076643
4394,0.47367074157185285,0.4068439233234553,0.5313118608797252
4395,0.6375397716968887,0.3497779684268678,0.7025142487824416
4396,0.7450380110785859,0.3963996572009234,0.5643301686800792
4397,0.33281624677519717,0.4500421218349757,0.3238232394223879
4398,-0.011269368779451394,0.007087490423997034,-0.07830206620555358
4399,0.33762516883482685,0.36045975088706084,0.3286472354837031
4400,0.7686489897594175,0.6193803156914646,0.7797431450122054
4401,0.682480544102908,0.6383566952264264,0.971755322420075
4402,0.005884336116229294,0.051592887049577874,0.029380896559620284
4403,0.5068147826771183,0.2997292869332906,0.09438432521693674
4404,0.8382937164776472,0.8497846401344373,0.502517773496171
4405,0.22380973792799752,0.27689257477586815,0.1049073332124848
4406,0.3646503304787134,0.26256625551007584,0.38149642445098375
4407,0.3405351766807372,0.4177384908442101,0.22721617976747965
4408,0.2875359345580397,0.2959270075483631,0.3003825913834868
4409,0.15207280825961123,0.08504264242414683,0.1568812543791569
4410,0.24308175947438881,0.27948840571543254,0.14337359352294543
4411,0.01411722402310267,-0.045444126615004854,0.18727146376849757
4412,0.3292075071140297,0.1703424212569491,0.05715199249402092
4413,0.7666906842807011,0.6160929012091316,0.8035875841365654
4414,0.5052438153172281,0.35275736200998153,-0.06039790290431324
4415,0.7770033411384552,0.622531126738197,1.2284311933887366
4416,0.6354802158932928,0.3889418775063658,1.0848926801997685
4417,0.21090484206509164,0.19099283432484637,0.35403435536092553
4418,0.614951601445817,0.5769770114159305,0.9380088008513325
4419,0.2746724284898756,0.15105265381597688,0.40966446275224677
4420,0.47399289895367036,0.5023680018239365,0.5613012880442856
4421,0.550865679825701,0.4035224677542031,0.4194535704932203
4422,0.5284347559200193,0.3411840590762869,1.0805963786973987
4423,0.5298454814412408,0.6331010131183983,0.3226022711604102
4424,0.05969132260918575,0.07782322911859141,0.012769701705908743
4425,0.6688843741321386,0.39981683716825644,0.5844026305046723
4426,0.30150688670973436,0.3111724722433389,0.21600196568964103
4427,0.3682371933836144,0.2580112996548247,0.40044948104507294
4428,-0.10797386154462218,-0.09128918071966696,-0.17525786880631244
4429,0.3555187438425156,0.2482473322268639,0.3251480904204487
4430,0.13643758018368435,0.12270922937834183,0.12641401454977275
4431,0.2827853291929465,0.20278220792883217,0.17163148152330798
4432,0.0322556335287032,-0.005899885926883397,0.09654892206735366
4433,0.18945587625915628,0.10095384106279193,0.12921358591983134
4434,0.24488849635151544,0.26331645841379436,0.17145159954784894
4435,0.26064091133813694,0.35654534662468396,0.26743124282973607
4436,0.68537666814528,0.48335725144624364,0.9381452005568569
4437,-0.0736680704570648,-0.04569222627107439,-0.09941297192526499
4438,1.0201712691930709,0.9717688284407437,0.9003376618301786
4439,0.614013316049874,0.46703508528002624,0.4738424504929468
4440,0.07442440854646448,0.12141236904366637,-0.038802787691245455
4441,0.13241387784964176,0.09391836346365867,0.1841981521981717
4442,-0.05868933619230643,-0.0185987361423966,-0.1397448571367128
4443,0.6769041378232756,0.5369931736012394,0.6778460666188781
4444,0.010242093978667821,-0.01988648093862999,0.13302052913597362
4445,0.8758165888857234,0.5516286347563086,0.46416039617784177
4446,0.21004262434592702,0.12251369365548848,0.14696278055117395
4447,0.5829855692150427,0.5487524002058577,0.3655173623747645
4448,0.7959031023479355,0.6878320989827049,0.6973807623372954
4449,0.44465543559248766,0.5943392064381823,0.260315855762812
4450,0.6861730386865994,0.49444349234867535,0.7976545842789451
4451,0.6591826659425775,0.679282017115906,0.48128868736446284
4452,0.3973184957727587,0.47673024586959034,0.3967494730188781
4453,-0.05533918681409078,0.03125151085156164,-0.03234705536824534
4454,-0.15013551943411263,-0.10732509949201019,-0.20342551466938363
4455,-0.19513600670474907,-0.11997096129091334,-0.23364699148187973
4456,0.5832965327994291,0.45014940997873487,0.7627012180363502
4457,0.03433864950772958,0.010520704676561188,0.15383867638554882
4458,0.5354025206095367,0.31832729745155675,0.5836488277974323
4459,0.6153970694639868,0.3152796430207323,0.19006292542259517
4460,0.45522051464100644,0.4175603544016455,0.45900421304576144
4461,0.7383353744465531,0.7590634303923207,1.0427736799063934
4462,0.13738283946593532,0.02919328383242137,0.28521685560175003
4463,0.7464175408607923,0.5807664309978464,0.6748836375629415
4464,0.1889988049865261,0.12131621165985917,0.39788706715431377
4465,0.10197482725215479,0.012929695873558522,-0.006343032767051948
4466,0.2719606168477027,0.2604466789991806,0.0730274969137048
4467,-0.17615666905588767,-0.12422207049289613,-0.246393076247984
4468,0.1962287286074078,0.15248371552304896,0.12375317474548342
4469,0.24692157791228908,0.12225619651003505,-0.07150891099333478
4470,0.3394796212314559,0.1917009213566696,0.11325290037869262
4471,0.7724332533245208,0.5808343443474198,0.9243337942745409
4472,0.27541110829704096,0.16714789720987255,0.20727722097571988
4473,0.1486019085963861,0.13880826200543472,0.19315073544489803
4474,0.14354309650848918,0.09106654686229909,0.10418212206998945
4475,0.4749984831693972,0.43939358427254427,0.3413396790841252
4476,0.2290052131096778,0.1949568231618577,0.3686842316553891
4477,0.9053059228196427,0.9894571072380087,1.1282912591320131
4478,0.31366394243747675,0.4905732900877706,0.19754850088333153
4479,-0.10366305654616759,-0.10448730108757653,-0.19783419588673645
4480,-0.07714352910554834,-0.012764826446358346,-0.13197451913198455
4481,0.12990980501434302,0.19363564077938888,0.03130585303791267
4482,0.7202054434701468,0.4114074291516574,0.29207942796815645
4483,0.03255580599771535,0.04310496136200315,-0.05984148273959733
4484,0.33233019096631966,0.299480905506456,-0.06196567188406554
4485,0.032429590625474125,-0.0007319567603504273,0.13150391115852922
4486,0.17812346573530746,0.07846799586312758,0.11482121657758904
4487,-0.10069369717909404,-0.054396684788341476,-0.06829415899165825
4488,0.9104374725568172,0.7213011147810824,0.5952400820883985
4489,0.8439185110181584,0.6632914514271615,1.0755399213147396
4490,0.20431500387037294,0.07980734372722642,0.3029644303012049
4491,0.06615847902981242,-0.020910798578268053,-0.08632924667532427
4492,0.1872139453407684,0.11217810013546492,0.07654632852300791
4493,0.4238519994818397,0.2739441878201543,0.3137705814594618
4494,-0.03185554478208208,-0.003413899529339126,-0.06855788625255799
4495,0.005872209933274863,0.017132888088394083,0.08001976218247453
4496,0.5221991045672336,0.5429704874413366,0.503015488988612
4497,0.260768492761023,0.3431843614535246,0.19163928394548368
4498,0.4645982423287156,0.3562402290242328,0.25562169025329173
4499,0.353409952326031,0.24805112190666145,0.29000344734148453
4500,0.13069634165395128,0.07016858620620381,0.3071485158720477
4501,0.8094085702735585,0.5349841917515867,1.2945162111785833
4502,0.42697203917101567,0.21371963059059973,0.19026081862937905
4503,0.5001046101503768,0.3181092412530595,0.37285842265435054
4504,-0.04530351765482166,-0.0714389069365381,-0.036023328481807004
4505,0.20521754967125605,0.24897336263853065,0.3751175774873985
4506,0.3967896077747102,0.32890444857880907,0.4416029542303941
4507,0.11138111419658836,0.12037204762630105,0.059721075190284134
4508,0.042536896977981575,0.0870463038653495,0.13367799143775483
4509,0.13548548753628697,0.059237909717440695,0.2872608260707994
4510,0.3507486135211757,0.3807560806658681,0.12750273857588512
4511,-0.15961671354357998,-0.10971059275230421,-0.2128927146532762
4512,0.5539202658935389,0.3564981520009538,0.4415784888570813
4513,0.7869863857829307,0.7320787057862965,0.4712306350838642
4514,0.06919800737146042,0.07480050745672662,0.027152329502725392
4515,-0.12497077823771019,-0.14606806134739325,-0.2043655608591034
4516,-0.05970775824035057,-0.005050706057520893,0.03508055647485797
4517,-0.19424283754220695,-0.170033747801281,-0.25081708456774665
4518,0.8492034885166289,0.6298812359511727,0.9820753352946079
4519,0.09687672312860274,-0.011641327398847379,-0.019131473049750713
4520,0.0034750745953233686,0.08490508270375696,0.00708976748008161
4521,0.7606953259878038,0.6620181759969328,0.8666471060531704
4522,0.16762119990885704,0.19577062610471518,0.27376745001379654
4523,0.7001288641693413,0.5748620638113924,0.9173234475192265
4524,0.3881815604892105,0.41379378485965024,0.31998816850549816
4525,0.6377920893785483,0.45455140013134754,0.5875694947073062
4526,0.4956006314794086,0.2657757103278242,0.13296371387867656
4527,0.36230345584182544,0.4185816411406338,0.5054948311029308
4528,0.25610614774515494,0.2198193825876018,0.17473471680092545
4529,-0.14863520106958572,-0.08918012314190693,-0.09364040114273886
4530,0.4946499278731673,0.4523646950710598,0.4760781421992559
4531,0.1674495411760808,0.17537581434973815,0.14843662972453786
4532,0.36496680799052483,0.21308822245762093,0.13119443428906585
4533,0.3003205576735253,0.2183570737695062,0.07056195452077141
4534,0.4028734492860009,0.29017899054705554,0.299752818980235
4535,-0.06346258573957653,-0.011399034746198633,0.16485252428035024
4536,-0.1608704451360402,-0.12182815128385416,-0.20782339339353195
4537,0.208612367783797,0.1990708275136519,0.22807024442276025
4538,0.24855996159256555,0.1694538432329744,0.027968907546670696
4539,-0.059089633371522954,-0.05981696974984951,-0.09135486968905271
4540,0.048468115428624614,0.01782084492130598,0.27963255056654446
4541,-0.12020116794323166,-0.14919416287954224,-0.15967449124687194
4542,0.0124767010486182,-0.054689536956183615,-0.0770303697123369
4543,0.4816304000262772,0.3206826392133615,0.03217878956686926
4544,0.7033501623367184,0.49377226406909913,0.42852937413399483
4545,-0.1350414106029354,-0.12094649992541018,-0.16583920368125327
4546,0.47813521014883476,0.35044743509602494,0.527886185680033
4547,0.25903171183332674,0.2687130113114484,0.16521772877563246
4548,0.44536154175171094,0.36340977504925664,0.3067194114726042
4549,0.6308965641612938,0.349013600014739,0.5001257019784844
4550,0.2846162452560068,0.4524344750534206,0.3930677664684812
4551,0.8833371220990089,0.8430255708320333,0.3109346294691375
4552,0.23838636809731573,0.21875520917877989,0.42383755931616585
4553,0.8734539321539765,0.6898769908973192,1.0061823219102601
4554,-0.09753147313261945,-0.03877393685172348,-0.062273558938373275
4555,0.6570367515023745,0.9646498603144598,0.8101426676690549
4556,-0.17000625195963026,-0.13752226890746344,-0.22908287396991123
4557,-0.07577953745124055,-0.1495109603183732,-0.24983453836888558
4558,0.8232418294086723,0.7515017875911159,0.9768519000921512
4559,0.685184658735156,0.5316621183749992,0.8597141571585734
4560,0.5489003246032724,0.44599348892677804,0.4687724819980512
4561,0.6116031505709167,0.35408486956943186,0.6283446122744343
4562,0.15109716615558,0.09394883273283194,0.32943658858807456
4563,0.15043584936161358,0.20719508025890998,-0.002710176737739989
4564,0.24675829264934523,0.25417633049631805,0.20826503879973113
4565,0.4241384332249374,0.4364632003099156,0.4120499283060186
4566,0.02939499611937446,0.0827540556980979,0.054614438348704386
4567,0.3698565077717402,0.37506094156119296,0.23991820264976726
4568,0.34401892250044974,0.37577770774493113,0.20838964166139973
4569,0.4132884850553875,0.2506039256114041,0.25708860331902494
4570,0.37140339010406365,0.19521534308769128,0.5772494120651133
4571,0.3398538034197678,0.22633571091677096,0.20943376542475023
4572,-0.12596368805214853,-0.10862282150841351,-0.11055070493497543
4573,0.6442360851913618,0.5831202414647114,0.5735601386480629
4574,0.8567238052057646,0.7240843777764328,0.6127771764405672
4575,0.37469093630820915,0.2417267127217435,0.3161229901763598
4576,0.39427069219507715,0.3285380163773266,0.46835828315791295
4577,0.15847898565221796,0.16270849636822415,0.13560039612952002
4578,0.7546642869860034,0.6807083510617824,0.8988133530594795
4579,0.16134503160174818,0.23734868245048601,0.046316617623433975
4580,0.43143882652110666,0.3039021852185042,0.22710801115549106
4581,0.3096848213977681,0.22714971324344013,0.2994756432342478
4582,0.3980992988108738,0.3508094687909986,0.3288598391458555
4583,-0.04973488466131992,-0.026572945885660393,-0.1406798339883495
4584,-0.031698906728177656,0.0015005200138713537,-0.06709686774872181
4585,0.5978133908351977,0.3541675036271106,0.8437063175861992
4586,0.10519793823519352,0.040651610296829954,0.11694199304191444
4587,0.04246655612055883,0.11872070969788129,0.16316326453419894
4588,0.06871907924063803,0.008750151440930276,0.10383012966974725
4589,0.21751420952995426,0.08283677664245293,0.2440829378603
4590,0.7510278345591122,0.906719984235814,0.5292766583452144
4591,0.10726329145406122,0.12351253363502712,0.2621413825843302
4592,-0.04068955571835953,0.02072682889694777,-0.1506159672799543
4593,0.036229235506616275,-0.03351579329723331,-0.17684879944752108
4594,0.65946543060619,0.5291033852485285,0.7609547109122174
4595,0.23532138838606365,0.1518750026597866,0.18379677601759492
4596,-0.018976683288302598,-0.11787157665116099,0.19967292958418725
4597,0.3124512638014214,0.33458121173932476,0.42045531987126217
4598,0.07052066359983256,0.040373353950926116,0.12392914982453207
4599,0.296576507262001,0.22242285823016883,0.35194886493142197
4600,0.5119194755125014,0.3030573867749877,0.5352832572442858
4601,0.22634263988805592,0.23507056850913233,0.09558994971178869
4602,-0.037039041141005646,0.004251447389848728,-0.03756036490791592
4603,0.1286532644511782,0.061632648182841754,0.4272767304955165
4604,-0.04474754548096738,-0.014391930488712235,-0.041478799600266236
4605,0.8022038326969019,0.663986693561315,1.1672855538274542
4606,0.027704656080940415,0.03845556080549728,0.12572847991203084
4607,0.22372173082901048,0.24479261507843986,0.42004953172145365
4608,-0.03950017237989323,0.003535530709067647,-0.006852553335416123
4609,0.1567622361708476,0.08252585924267697,0.2586381123142256
4610,0.4128898839294246,0.5014539917619227,0.2600277551335295
4611,0.36948974761838227,0.3289956735509947,0.11563285809588941
4612,0.29360738627553973,0.2334692044220612,0.14289403021899783
4613,0.17217176598599737,0.15199082867025604,0.07113785543907558
4614,0.06930819079828576,0.038914675219979156,-0.035237841589386476
4615,0.11464908052421108,0.05741754515936126,0.25036646075788727
4616,0.5011043921495444,0.3934539099636123,0.38996820796609555
4617,0.09501132236674348,0.1499888802696543,0.012269196444812502
4618,0.35799808640101793,0.21083298003307283,0.36264553970899027
4619,0.22966649273049633,0.14844668972095976,0.3023675261176213
4620,0.041172522431583314,0.015457248696615578,-0.08225686094651707
4621,0.840651532707922,0.6620873056212657,0.7111395474907702
4622,0.10490956774464721,0.06284484068487362,0.039322841726923574
4623,-0.1165254212854746,-0.06675143679294315,-0.03905478971980658
4624,0.6484937902584251,0.5427441318549835,0.7936229135213262
4625,-0.11237962301110549,-0.07403637841678523,-0.11907057246914932
4626,0.16807472778911903,0.1403012787892184,0.1107294708598181
4627,0.46565357680423825,0.321075390947992,0.3901174843424291
4628,0.2374121261796538,0.09783764728544297,0.0038013758159269884
4629,0.9640518033451482,0.9264408438201934,1.3710198973620482
4630,-0.02499045045761028,0.16234734315233212,-0.08687848158325284
4631,0.4002271596744926,0.2889674931234265,0.1828106560242091
4632,-0.05450842626760877,0.041535122472545094,-0.09141061880087475
4633,0.7957407199318665,0.9488234024945004,0.23880399076682957
4634,0.7570273847949396,0.6138195811768978,1.0129530279729844
4635,0.26664521328621005,0.2766201231755294,0.12913234449618205
4636,-0.07691250591379506,-0.02615349296307845,-0.005558385235348684
4637,0.177712221087863,0.1567828373312472,-0.03527027710860475
4638,0.5284886736692354,0.5812430873077092,0.8297735608021877
4639,0.16825988607945086,0.11578726819656326,0.2927351276725225
4640,0.22496920804359366,0.2703316730486378,0.08675617111154565
4641,0.2654177442089978,0.3184375872428229,0.1995395995619973
4642,0.25218397868227815,0.24815327162114054,-0.07594949463147715
4643,0.16787801653059042,0.09757143515176381,0.03337273672764174
4644,-0.06775063078052068,-0.013432728713138054,-0.11872072655620036
4645,0.09234283601355697,0.047488708591567175,-0.09707605228223648
4646,0.17593440965934337,0.18647050621320305,0.11568122821412419
4647,-0.030617538463866167,-0.016100510291904513,-0.032009483510504144
4648,0.33370489724150176,0.24271247915493377,0.40686905166779486
4649,0.16359069389179948,0.07972410174326527,0.16043101858457054
4650,0.34943562555961427,0.1833532198168728,0.3720559925728717
4651,0.2458297430137546,0.2902768676211265,0.47808882336667047
4652,0.2633305418370757,0.22084575904069292,0.13075480548816154
4653,0.20806976106126673,0.1737191132213638,0.16573465900461848
4654,-0.002329554524652333,-0.04102314507342575,-0.14079471864876625
4655,0.4408016465208644,0.5010348131167068,0.5074562607652895
4656,-0.016455959200443626,-0.06875517488565608,-0.047656204630224464
4657,0.31476107929732944,0.15206553828082092,0.19432910195159048
4658,0.4466734419936982,0.5781674611232286,0.42471461200664207
4659,0.41259324949797627,0.4237822753157394,0.3069427671800651
4660,-0.15321285616455615,-0.1063800119128343,-0.19662733201529525
4661,0.19836711919343109,0.12683549126195137,-0.025899446292418027
4662,0.1407858290084587,0.24635302066115305,0.30074833727610706
4663,0.4735365938439682,0.20611050501965122,0.49096517150311914
4664,0.6948340991221649,0.6714426248284819,0.2997938742411408
4665,0.1071041648270592,-0.06511698086834528,0.05393276826583615
4666,0.6231216614351696,0.5409241475411863,0.9923081264348659
4667,-0.02575412877916361,-0.06919900602198414,0.20389634375744592
4668,0.6808834833124875,0.3325282206643334,0.4664002871444839
4669,0.08620931029025791,0.12027888707595413,0.05059171294156828
4670,0.2983585027119813,0.47750734173678144,0.10396895070071288
4671,0.024461385425509352,-0.05874423707163401,0.20943707312735294
4672,0.8229479658858383,0.7172943594061831,0.9888735244488354
4673,0.12283061808007778,0.09710709994157729,-0.001349626892118927
4674,0.8145261722535775,0.6542585243510415,0.9395439067886671
4675,0.19494852768476,0.2611614929815984,0.05813182711358844
4676,0.24941828077867845,0.16407790650186493,-0.06043094757502154
4677,0.7479927296332716,0.5613937172775012,0.8812801912217572
4678,-0.13040408608645104,-0.03882177535629716,-0.20005101399281489
4679,-0.1565971603821773,-0.09473021077882693,-0.1405159498240819
4680,0.4209176348512089,0.4165430437018742,0.4031590207797735
4681,-0.08749024266607297,-0.11587813992652396,-0.04186041911350369
4682,0.5314980829942175,0.483819996539226,0.24229766530572938
4683,0.27403804719475633,0.17275041087581555,0.2583817307035965
4684,0.053713779442988496,0.047092651080920866,0.15005086967910009
4685,0.6395278143125593,0.6513557332874338,0.3749206973060806
4686,0.2928469689301303,0.26624540242747496,0.2914173148852113
4687,0.5447538035993436,0.3397304355919424,0.7448841972765377
4688,0.1432754643329177,0.07090194510289538,-0.039168291673506106
4689,0.7917443740893348,0.5521987327933824,0.4027135906099406
4690,0.20565457800308873,0.21192069005397962,0.19419986682113377
4691,0.6669849636591991,0.34750987586887994,0.7388262071600045
4692,0.8880131640858129,0.7027677681700097,0.982944747363717
4693,0.37928532193963993,0.24404128587078278,0.2749306925448318
4694,0.4794055062634752,0.5463459966684754,0.32332752320628
4695,0.7884774058556354,0.8658272196784891,0.7441567855392781
4696,0.2734456406486494,0.26738092478728626,0.12596930007293672
4697,-0.1524578494172023,-0.16004219708858547,-0.23278274939244314
4698,0.11669269559109297,0.08560087220780943,0.05902426255009652
4699,-0.03609634687101193,-0.060908919716327836,-0.08783477281764218
4700,0.11709863796742881,0.10576544751770256,-0.07153195368268361
4701,-0.03052789636603137,0.018305718353866185,-0.046265112967272204
4702,0.18679082416714876,0.08459856637841212,0.25204759793080633
4703,0.12801823098550025,0.11404428591482274,0.11240707638179281
4704,-0.14750200391665758,-0.08487284523834449,-0.13012181789563138
4705,-0.1716422635062902,-0.0841092794571584,-0.22918698999734266
4706,0.15719828723010254,0.15287472876424513,-0.049611598741952534
4707,0.1998339606801134,0.08821548447228533,0.27604535936834296
4708,0.03671482873221921,-0.017712946482019265,0.13145400733830281
4709,0.48663022491159635,0.5265748088385913,0.3043942713985639
4710,-0.25472696926362615,-0.2582018901068389,-0.18214238753948442
4711,0.6571144788355967,0.56300850449274,0.6925440909677305
4712,0.7163409794751816,0.5336233529610741,0.6650996236436537
4713,0.24423893223964055,0.22196009777152192,0.10085750721524134
4714,0.2451959724024837,0.09920102224456961,0.13339106179423887
4715,0.2426515533422824,0.17870506275993825,0.10184984753094084
4716,0.3806889485279443,0.07802712313805915,0.04653833984853528
4717,-0.1888710656960153,-0.15011512499174806,-0.18761049237265726
4718,-4.931920161177494e-05,0.04917151455439139,-0.003833932329646461
4719,0.28629485852548986,0.266442295643462,0.22365716440803873
4720,0.5618989726178147,0.5720386541724305,0.9117535812752775
4721,0.5800156037646811,0.4112638803136246,0.5985255701529859
4722,0.14918430755633194,0.09058525306172838,-0.05857215019062734
4723,0.7700973906215764,0.5321828885858921,0.7534325188179882
4724,-0.14127337995958467,-0.17756963600754794,-0.17817987999060358
4725,-0.00968078168507347,0.03528938666716508,0.14343628771094363
4726,0.17015867714762445,0.16531010229549503,0.1444922691843038
4727,0.4847766669336937,0.2860602632561009,0.6639724536686029
4728,-0.08139711215400913,-0.015793636317471216,0.0011972434150142597
4729,0.32819875481621374,0.11970114704721913,-0.11150393470840114
4730,0.14512911118412553,0.09208224480479221,0.8050896838637658
4731,-0.07945740915615673,-0.021914856352722056,-0.16069603590076276
4732,0.5881802683744544,0.3188003674709876,0.2729915711286648
4733,-0.10296291914022915,-0.04354634550386394,-0.0734764071385885
4734,-0.07250132915999108,-0.058352108522005675,-0.12643653365871133
4735,0.051462410719388396,0.025948295287006484,0.05853108346800373
4736,0.013281098692157434,0.07928065368815362,-0.03565622832115778
4737,0.14631567202410234,0.17280137330373746,0.30773093935470497
4738,0.34373073776209595,0.16941616036251173,0.48435652474398916
4739,-0.07735052202097936,-0.05387555964088786,-0.09374006428783122
4740,0.3594952489405594,0.1823588389402584,0.48125730693919233
4741,-0.09188092030858641,-0.04933295927942449,-0.17938925908932135
4742,0.30499886340441673,0.15895707110504187,0.23590226545561266
4743,0.30938503621277635,0.18915931664543217,0.1950746479476586
4744,-0.16105904060613008,-0.11793149838406525,-0.2129278429269138
4745,0.6009044475363963,0.5012889496191852,0.36158036502297186
4746,0.1777473325081229,0.31257350085858504,0.1375300664302992
4747,0.3253047446543629,0.3164795465109127,0.29443700050548816
4748,-0.051921085703907965,-0.025964473512972264,-0.15075210767273273
4749,-0.20186045920861162,-0.1867936461542592,-0.1547970795766065
4750,-0.07188630542683272,-0.13468851326499187,-0.14975788397208623
4751,0.21433932487078966,0.1613227619541051,0.21185357434779317
4752,-0.0482744076152275,0.07478673620211107,-0.10556620388012683
4753,0.6577272578389892,0.31909215194969276,0.34081113537783825
4754,0.2608133044178964,0.1449843711557095,0.06460521849286227
4755,0.47180590797421473,0.2900491547133488,0.28628742016921627
4756,-0.12462213648568321,-0.0926741463690346,-0.2516043216422683
4757,-0.21179571267688357,-0.2111971148181635,-0.15360337215595654
4758,0.18001824148038414,0.19409839875070878,0.10618596029687577
4759,0.4891240763856579,0.2764727106104765,0.39344547863801527
4760,0.42261062670510685,0.4797036410021085,0.3383857928109719
4761,-0.11574394500660934,0.017953586151867817,0.025874493354639982
4762,0.3429030689682433,0.39871084142307955,0.22110717858608941
4763,0.5204431209321487,0.45164323260253303,0.4738441367400983
4764,0.065790891477298,0.0345858696243968,0.2119346737262091
4765,-0.08059849740759273,-0.021060285004683044,-0.17918382559746382
4766,0.7489257378020504,0.6243484845784242,1.3244168329401536
4767,0.17186821856534995,0.061794216724608386,0.37863526206883713
4768,0.26331591886104455,0.19049735749931607,0.2590653124690141
4769,0.09218374126745554,-0.0416902128945682,0.15430993584466624
4770,0.3276743794836934,0.3412476595457199,0.36440608620319814
4771,0.34364194239528567,0.19945053540826185,0.06206583401578647
4772,0.3720158986072559,0.37263128748507035,0.29055006159685126
4773,0.4433495548536077,0.3809162151164627,0.37544509054316455
4774,0.3931782616154076,0.18482025273324787,0.2695373918377586
4775,-0.12705710375252488,-0.13465365287023812,-0.2501785384884677
4776,-0.22795044185203361,-0.1833555999357177,-0.23994571184057556
4777,0.04095959046107778,-0.016478232845613783,0.034261732627957286
4778,-0.19241069244663644,-0.11376815519258265,-0.09037844913139381
4779,0.2533268546909766,0.2521889776282893,0.18331383092950948
4780,0.3807653309133048,0.25655626548525357,0.37867034307031155
4781,0.6822788792344041,0.29070994965039065,0.40761278337539997
4782,0.35387077892966223,0.20764317977082314,0.32591972374959166
4783,0.043480566963345346,-0.11609480855698828,0.1092529811013987
4784,0.16552804168918112,0.19183050070561802,0.37473912834227097
4785,0.3863315685578579,0.29037656059779793,0.21802964489170873
4786,-0.22481014027552892,-0.2569701429758713,-0.23574246732073512
4787,0.006599631365205472,-0.003150850944833139,-0.12031846603820062
4788,-0.11432732402472678,-0.07135420320452968,-0.20595798465120185
4789,0.3053454669700244,-0.030807382414017148,-0.009855673957809508
4790,0.38123083474223685,0.2772047376746063,0.31226509414826475
4791,0.6719986545769283,0.5094289047942331,0.8702230860702078
4792,0.6070044228869911,0.32367579893076837,0.4193435521644928
4793,0.2668205239418251,0.17354273146170107,0.29552182611526656
4794,-0.0609651999485501,-0.07680088314545697,-0.04556997333040147
4795,0.02834712108889681,0.20581706424185486,0.2561029983679146
4796,0.8404013497232818,0.758136882029057,0.7892577518550907
4797,0.40948062779586736,0.27230589193895405,0.280243473803357
4798,0.48943435978937955,0.49536086427207415,0.4666583340229873
4799,0.09792114656672335,0.1806246306563295,0.3746458976033107
4800,0.5406471770641839,0.4285757498215821,0.5037343521179685
4801,0.3316754036403824,0.3319356310597652,0.07270856251708802
4802,0.00038015996484119796,0.02913645574196444,0.09489500786186178
4803,0.8092498959773895,0.7061292522834788,0.7042576969848682
4804,0.11987230786539937,0.048651832644852844,-0.1289640668200629
4805,0.5977808580818318,0.6743595536150471,0.5306055993965801
4806,1.0137930870131977,0.8114201766228397,0.5424776971159517
4807,0.13018147884118458,0.07897076247598256,0.2443432113530397
4808,0.2861093069254872,0.2821564579835085,0.4743497585280463
4809,-0.014400691307333013,0.18801552458840032,-0.08971334100261841
4810,0.1158537997420599,0.1076718375217598,0.17195705321638344
4811,0.7388012217373172,0.747045619422388,0.21787748746894997
4812,0.39220128984237457,0.1994249571320983,0.2559947756961085
4813,0.42847324763032857,0.2494243945142618,0.3781362722241908
4814,0.5355613225635623,0.4500138271119263,0.7284080073849861
4815,0.21138344134291165,0.1003735559053629,0.47322174619802704
4816,0.2498605224018149,0.14901261989677295,0.002020859812253084
4817,0.11781985004131434,0.09552913917117434,0.27365928856193356
4818,0.3552535801876846,0.22071978246352497,0.25864745463150784
4819,0.13672906089102366,0.12488280030022136,0.28840455665465003
4820,-0.08703077544326177,-0.06623279245607427,-0.11705764113008466
4821,0.7873522125623358,0.6428170221671308,1.0228102421963636
4822,-0.031686362388475664,0.004881838440104813,0.01901282894058376
4823,0.11428942214791271,0.0507162857679202,0.34229755254770944
4824,0.5848016058026786,0.2829685224720073,0.3859605707193794
4825,-0.0393357676430226,-0.03097344284002812,-0.1058253730269143
4826,0.43065811021115863,0.22018807732963097,0.17992051253401553
4827,0.7225319230592766,0.5974580080487686,0.8733628767354131
4828,-0.08400011313584554,-0.03879933072576913,-0.1394715278497386
4829,0.4623813442632121,0.3831004687002444,0.3253955234870325
4830,0.7376112044961873,0.5641300109217171,0.8976044505411711
4831,0.032590385921327014,-0.03119721359894323,-0.11034579537604283
4832,0.43685269290393935,0.36832825418076043,0.2742172671217389
4833,0.708707744275332,0.39306687603076584,0.2748465859937357
4834,0.692873921670847,0.38089186921492346,0.6744204947188279
4835,0.4410040880424986,0.35895733243158956,0.5401343268732377
4836,-0.15441326746648187,-0.16753545507287881,-0.1547034969901242
4837,-0.022780775584826385,-0.034332834174048976,-0.07276379912327458
4838,-0.1144769050586798,-0.0211132115469449,-0.06759302825712088
4839,0.4092600777687563,0.40521462748416504,0.471840685964356
4840,-0.045236405983050676,-0.019474747212869015,-0.09527818504912977
4841,0.7520153816095649,0.579299214648932,0.5296069587089063
4842,-0.19648823455424547,-0.19123661435625416,-0.2820539281932264
4843,0.2642324451654756,0.24279344921848467,0.4612507840951694
4844,0.4606981013728868,0.5242742576391746,0.3231748444314657
4845,0.8976876405535605,0.7460872705174157,0.7607797768554847
4846,-0.17248128745460312,-0.10677949028914924,-0.22686750716728188
4847,0.41648279092571716,0.24382178593917403,0.16509978617044396
4848,0.30492227261190497,0.17626009548583554,0.116051275941768
4849,0.9112738953698176,0.9195728063188413,0.5190222503461219
4850,-0.14542239550997105,-0.12887022188699815,-0.2227013657440171
4851,0.211557901378157,0.20875678932820851,-0.08374442174270802
4852,0.4957145248358019,0.4870648205378867,0.33228855796097734
4853,0.11150940691716649,0.07229286979880345,0.04950028930973094
4854,0.1436569406850543,0.16395830990975746,0.31636182805186563
4855,0.6125903841537521,0.7233634882168276,0.7028878493331379
4856,-0.11176900230789044,-0.05895191113885945,-0.21479633758666328
4857,0.052681644444068754,0.06858449564880598,0.03702822322273858
4858,-0.07995902387726717,-0.04963519736477251,-0.09090541942651198
4859,-0.2278332903773823,-0.21857136069525296,-0.24921141098094868
4860,-0.05670894652380687,-0.015757896776354086,-0.13764955770118004
4861,0.19143515763003416,0.2484758082032963,0.09833712969332509
4862,0.16666451888037903,0.16909185497407875,0.1308471669977418
4863,-0.10514468630857987,-0.14368114584760816,-0.17082697907583477
4864,0.3592891956846114,0.38818767973160884,0.2985300435924554
4865,0.22441845847866881,0.08537373362417955,0.3761769619543105
4866,0.06686659392015248,-0.029732427439569498,0.30607399873942276
4867,0.5314049211612126,0.5658623163658338,0.4656840551990269
4868,0.46755690175892517,0.07985168759941086,-0.010815602555366843
4869,0.3066880978963986,0.3062126858231511,0.15069045649457946
4870,-0.00732970222664775,-0.007317896326363926,-0.08040615548434127
4871,0.2930547139813464,0.31244606274854325,0.2946334062304221
4872,0.6374060236301262,0.37025793181482114,0.273785279330097
4873,0.27980795107680345,0.18876517470372844,0.4377281588691264
4874,0.6481550995810959,0.7782914127626979,0.8220729825761628
4875,0.744733864677519,0.7992563350606987,0.4485666987830974
4876,0.2544147583088936,0.2546329821404856,0.1958900291592205
4877,0.8042644237582144,0.4770767872691031,0.3249912100949848
4878,0.13884453420840126,0.0939391518049646,0.3078639913372858
4879,0.9691690151423464,0.7222664024911252,0.5637148880250984
4880,0.3890426467426906,0.31299025905305666,0.29162558706446706
4881,0.39012541103543863,0.35411411413664506,0.3380204145513288
4882,0.10650882805888084,0.11344714035006098,0.2154171209585436
4883,0.040936900818788535,-0.003868863398330258,-0.02688621908936395
4884,-0.0029593372883199853,0.048162947099965825,0.0010483555778888487
4885,0.40117966029694885,0.28684087853123375,0.2935032226078629
4886,-0.01092666295760969,-0.0871217957040844,0.03154232823731773
4887,0.6924517082391464,0.6309341017378858,0.5477897642429224
4888,0.24884805002623667,0.20896845680655018,0.36764510959421925
4889,-0.12431817426870173,-0.132398185895378,-0.20908807386476924
4890,0.4699651779691154,0.6740587251702852,0.4490240076231251
4891,0.6864293602335687,0.4330076628688362,0.7340671894981032
4892,0.05602495356524839,0.07353418846029403,0.11434399614563118
4893,0.938805114975706,0.5897646464803157,1.0933262646081316
4894,0.5207667860456016,0.4706424958254063,0.5102690630596849
4895,0.11473699615875232,0.11525187957165728,0.03257252305620151
4896,0.5154068362587318,0.4175009673050898,0.382366984760772
4897,-0.0983445619413611,-0.10167992668000103,-0.12781282639337876
4898,0.2680895175457185,0.3341985568625292,0.18028953715611173
4899,0.11216983436395545,0.05011062912277153,0.16566789854713693
4900,0.8424231476832844,0.685476121979417,1.032152536134955
4901,0.42943218787063553,0.44928457898695595,0.3835087986123449
4902,0.31745945527641517,0.3571493615943009,0.3642399500518141
4903,0.2821519478160319,0.3431893248789939,0.24501050085926712
4904,0.2521419241300895,0.19708850986995374,0.2706998892684258
4905,0.15232214060986893,0.0889157083307115,0.037825521223348035
4906,0.17757294208664232,0.08532675596157557,0.1058641385920267
4907,-0.06154295560353529,-0.08442000009275397,-0.16409754762199025
4908,0.1837460359909353,0.2812276382047847,0.11632441392689308
4909,0.3063821902413151,0.17883781859666326,0.4332923443111394
4910,0.1475396495451129,0.07377561331456728,0.10532233489440279
4911,0.4822799715706303,0.30627865816713973,0.21163698990830393
4912,0.5352389420399295,0.5171903484862066,0.40088985493920415
4913,0.6353732134294614,0.7660343830259648,0.42388251271900357
4914,0.15015564475814092,0.05905199026816632,0.19564518345728632
4915,0.07643801950023632,0.0918901200698099,-0.02084874981064111
4916,-0.05926083206964483,0.08708937041440046,0.00826013184190777
4917,0.4998047790675102,0.6316831911362137,0.5068332191544467
4918,0.3297102268944798,0.11306094333656702,0.20216678768627427
4919,0.39492660333108476,0.33946348407717997,0.19361902565299882
4920,0.40418574845709987,0.5803327301781134,0.24193566505367725
4921,0.3120562005910279,0.2691886129902388,0.3301736303675924
4922,-0.1850095256533062,-0.14609828119967805,-0.16170235230597774
4923,0.4588615004920853,0.3101488354584223,0.31660288119280944
4924,0.6218517160354129,0.6762533062987872,0.747579411300469
4925,0.5511512234509135,0.6660311327370616,0.45661556117950775
4926,0.586767612877209,0.6346216967096774,0.564878806325074
4927,0.7569544667578534,0.6511691285348904,1.0358054846853721
4928,0.5506037647111384,0.2906547520569862,0.8419664725590406
4929,0.6869847437069001,0.3565497062866143,0.17661958947891865
4930,-0.08973339253386259,-0.12211887508290131,-0.1364241277880519
4931,-0.17321456683134873,-0.15195763514024008,-0.18944615514422192
4932,0.12338918833463097,0.13138097000031257,-0.007221791631106811
4933,0.15424878880614612,0.15933463576067264,0.3019305787407289
4934,0.6260662940999298,0.31157198580719325,0.2285469011479535
4935,0.6383972378373457,0.5328951021873594,0.40565199933287976
4936,-0.20093476635614183,-0.1941464270887161,-0.15478504977390628
4937,0.517709916024433,0.5390508714157531,0.30276049668747107
4938,0.8421250331863808,0.4889623038004267,0.503571152017819
4939,0.35647569494361986,0.2578393203254312,0.225095046197322
4940,0.16519760175717124,0.14378559426807036,0.34862444474692
4941,0.32984410298218103,0.3362111070085092,0.2123744892201871
4942,0.6818789375008674,0.4127115330296178,0.17284627395722896
4943,0.25478669730949877,0.37444439908562255,0.4418196633311904
4944,0.5931964586155356,0.5710415804634046,1.09552759675818
4945,0.8235048643680478,0.5543156565191834,0.442101231177112
4946,0.21963661340818263,0.11131989284978894,0.07717814982054105
4947,0.9275618833668304,0.5016656882365254,0.6367337995681801
4948,0.6097232306623048,0.5455434059556306,0.5617098645301641
4949,0.4090102246782259,0.5183968927460347,0.6310744660893197
4950,-0.09155721177605347,-0.10771141859758449,-0.12470005535224904
4951,0.18501115076104657,0.1683983282010577,-0.07953812589644438
4952,0.11271341442447791,-0.0742912260629236,-0.12449190976812974
4953,0.22839284208668809,0.14138829849342716,0.29666075522341195
4954,0.7446952041635186,0.49447368897617805,0.9082915102345743
4955,0.32805965735622356,0.24696208032481892,0.21167747516728275
4956,0.1839538071888669,0.1463478660921509,0.2958252343750034
4957,0.48788482272475076,0.3728238506284205,0.5929466378637764
4958,0.12394321346935633,0.0423441252872403,0.06344989838112047
4959,-0.11804229739689631,-0.05480205796351112,-0.14990696723828534
4960,0.5371613211480741,0.3943757736052649,0.3204228038045489
4961,0.11363857273396549,0.11372742837692162,0.19862071141957793
4962,0.82142247426119,0.6599283622323646,0.6216529396180952
4963,0.40371522233320567,0.3149562279446536,0.4692007121399038
4964,0.2401208894570106,0.15808546885065344,0.2204623900477396
4965,-0.10955548732189069,-0.10908777360800659,-0.15670815563040086
4966,0.41482242718762596,0.22032883339588416,0.6600159293405656
4967,0.5588179359731311,0.3725817688656399,0.5576853367924468
4968,0.2034663182644585,0.34519312178331507,0.43264155078040845
4969,0.5770694308759392,0.35476423656113565,0.4649623695483629
4970,0.25387454414308963,0.1927786090406518,0.21227156274687053
4971,0.23821506505726298,0.18103695582529888,0.05168619237369154
4972,0.3133791459497697,0.23682910183163375,0.29675668729203597
4973,0.1898754363614008,0.14224892101424413,0.17348893518024977
4974,0.4830816989568425,0.30464019235614015,0.3705058434873525
4975,-0.009959522853598135,-0.030827924319071554,-0.1404186593924387
4976,0.5793938656423319,0.5313809097079576,0.6882083249006428
4977,0.1530943698833087,0.060413865086687224,0.046736873623063335
4978,0.36887795188930195,0.2781270103899762,0.4259399587315329
4979,0.4670568933061976,0.40146796949229446,0.42490394231624884
4980,0.6444089244621738,0.47511340372703637,0.732735081547248
4981,0.023542812267210556,-0.0478543951507322,0.05548691249125959
4982,-0.2279649374483752,-0.2245063006389575,-0.279345497320457
4983,0.24339435599157233,0.20814935350404618,0.09178325165919765
4984,0.8392237005439795,0.6774338566592273,1.2333894905782201
4985,0.34030870490067056,0.4474160314154716,0.28058920948246313
4986,0.14681082309738125,0.1919487626571299,0.13866422411525314
4987,-0.12586944865028737,-0.10817971084299338,-0.23284467931594144
4988,-0.014113751105896966,-0.09224275576582575,-0.21777980201067604
4989,0.2839506450534144,0.2779340085618194,0.1980906532597133
4990,0.17034996954578352,0.13075373893504905,0.2300072007121423
4991,0.4896408700755994,0.45075444280929267,0.47334646846345896
4992,0.5197711528572166,0.29720266549325536,0.46088142723749614
4993,-0.13173359435379028,-0.08247669193286022,-0.05551253432728265
4994,0.638304993427798,0.37579709724716537,0.3896535231543814
4995,-0.09836426355911909,-0.09874697461047288,-0.14406515840299228
4996,0.053828239247186715,0.033380369475282334,0.00640021466342966
4997,0.094639417048761,0.03579013453531754,0.2091542878537631
4998,0.015985077742221465,0.02903019327995371,0.017499218869286626
4999,-0.06638859501919525,0.03442630361415655,-0.046150208680665106
5000,0.4047488789590923,0.2663500907475542,0.3911473956407172
5001,0.8180715178355249,0.7166816817058006,0.42075555149939325
5002,0.37439239902784793,0.4717914199759665,0.3933011936043751
5003,0.6141994000970517,0.4908786072718514,0.5259474679285625
5004,0.09251343279139745,0.05893387384749604,-0.049865085872380255
5005,-0.03407299976322431,-0.03810130146549273,-0.09186272259846973
5006,0.3682935348986749,0.3665229615452088,0.3151785228853732
5007,-0.08826470781224782,-0.036543603512297906,-0.11533170014972882
5008,0.8796432285556257,0.6433232948171586,0.7053159101572182
5009,0.6056533584220549,0.4614385768028568,1.0471312407007622
5010,0.19106465188971433,0.09405135290370681,0.29474899717709446
5011,0.47224253990252385,0.36950592798168214,0.554044738682071
5012,0.27180174929131407,0.34550994738622554,0.34109450692373566
5013,0.14132508698302115,0.06924983836488852,0.24424740632227704
5014,0.2295432746918129,0.2184443359918311,0.09514750166840891
5015,0.08506442643108048,0.09193384236556268,0.017009891017433443
5016,0.5790817070531462,0.5484556923696626,0.8575647720346158
5017,0.684316571125958,0.7245154875499786,1.084480447687035
5018,0.3893937123994946,0.3165695789191154,0.1834600124197454
5019,0.2843846684601943,0.28786269047898205,0.5091804780403353
5020,0.11973015199488879,0.15197249030617366,-0.03649211439247535
5021,-0.06302787372802476,-0.04031605969576979,-0.15495420887176536
5022,-0.18280712660710685,-0.17529227716878593,-0.10873582303014817
5023,0.6534270369299184,0.527049526650798,0.2505958903797316
5024,0.006489182484489264,-0.01440620142161353,0.14661739601030943
5025,0.3371974821024313,0.2777235899556001,0.11173040777857524
5026,0.7444183989845796,0.43958341111855237,0.8149200584617391
5027,-0.1343979949370493,-0.16341069029951105,-0.04800983555077398
5028,0.6666340028804785,0.7051488248665578,0.6346242030241238
5029,0.5007008961527191,0.5053319845004136,0.3115478474380702
5030,0.42303674079936937,0.411212069418033,0.35480869547229066
5031,1.0988831666766488,0.789835810763573,1.470214608559985
5032,0.8955861855389908,0.9378001192287968,1.2144622408352297
5033,0.08750409430650175,0.05599723981165794,0.05152214385663423
5034,0.2778402521021308,0.3453822857771749,0.15303900327284814
5035,-0.04442704077023829,-0.04884854891117085,-0.1277334979703254
5036,0.8195606566046381,0.5498285771661804,1.0247441729591658
5037,0.2951248330617686,0.28345118596697394,0.23643213158893195
5038,-0.09822745395102406,-0.14058856675337872,-0.14718947800085436
5039,0.13196815553583696,0.0015766119118829636,0.27262288748239505
5040,0.5179617869125552,0.44718180754757486,0.07326727652893128
5041,0.1935436538216273,0.13010970693908575,0.32540930521330136
5042,0.23842599911747842,0.2273671377135984,0.23237713711210461
5043,0.12973325362270582,-0.012856733399646103,0.040961780917290413
5044,-0.12363566030505868,-0.09214420780100441,-0.17038557780858432
5045,0.7408522519211067,0.7725359920304569,1.086688924924987
5046,0.6014361141512077,0.43206074880717793,0.02374577482851037
5047,0.2597366038267672,0.2793841938299406,0.1727468266404577
5048,0.8233707138141311,0.8351586923573078,0.7964257774620387
5049,0.20142772563776967,0.11257515324220968,0.09643856259465156
5050,0.453528025601178,0.5541488078111056,0.6492407278116958
5051,0.7199757654404786,0.4276980458182371,0.6658223538428234
5052,-0.05019432835297488,-0.012698874851335362,-0.08531339918653869
5053,0.22577085992722146,0.0385155336663181,-0.12629653813541997
5054,0.33031558680076234,0.34456523741855793,0.2940499558286698
5055,0.5473539574287467,0.3887417878678525,0.35535558492248276
5056,-0.26029348562994536,-0.1331280159461582,-0.12018676216855939
5057,0.2671164021217287,0.1954224254448076,0.6918438167877128
5058,0.6597590999294594,0.5798458270782214,0.6425936763866098
5059,0.020756998199517263,0.09012106806925058,-0.011018249973161032
5060,0.40524585894460774,0.25591034407925295,0.3396684318599541
5061,0.32689141225474705,0.2393735978944762,0.38266206926390867
5062,-0.07807390932264657,-0.0857065151325791,-0.11392772935849016
5063,0.22717724383237914,0.13977908065535227,0.49620818482847207
5064,0.7334030870862558,0.4889238147181909,0.7436937047857011
5065,0.39000795378729824,0.39787698946509953,0.2728871014242835
5066,0.12827412309381225,0.04032287929507605,0.22914509009926864
5067,0.2988580738268243,0.3289438875363444,0.1454289082174547
5068,0.42729954928521074,0.4512022801658433,0.4783739417597246
5069,0.19357925797220443,0.07514733439609755,0.16508026785907726
5070,0.3489308591200462,0.2386257111644885,0.24364781672134783
5071,0.0833986870507486,0.09847068054666419,0.09010592292995834
5072,0.2589542173065804,0.23231283510743062,0.28042034846107255
5073,0.5713894199759553,0.3189370995153238,0.6166009820442522
5074,0.21717511927856537,0.14202306677749843,0.2432763072763644
5075,0.010329858843708406,-0.008233044562772962,0.15291280542679941
5076,-0.0060205486236702965,0.026239520193841237,-0.010522657189546814
5077,0.18881510587569594,0.27610635969090236,0.04642097297960124
5078,-0.06244170252877268,0.0028841796956555754,-0.08337714722872058
5079,0.5035832127335502,0.32550854489424497,0.5181396476053362
5080,0.8158913599655957,0.6856418648762015,1.0552944262551218
5081,-0.1488065274022008,-0.08855952850672999,-0.14524673114087738
5082,0.02667891336572148,0.06541455421455833,-0.12950072158756243
5083,-0.2454392620363277,-0.2253380606688995,-0.30096980003570417
5084,0.0665419138131702,0.08239237568073188,0.04978068806304736
5085,0.7456787906635067,0.5749813764981693,1.0193574499080102
5086,0.614034012349747,0.48238220756199124,0.3422241475731047
5087,0.7398650174983838,0.5510126323182496,0.98031447273247
5088,0.3020116788953784,0.25128423976953185,-0.0398421111986762
5089,0.4831745767994571,0.20183717055466488,0.010625096207713458
5090,0.33177586228032463,0.25085533166095986,0.058836028425767184
5091,0.11566120809375491,0.07986613599574022,0.1133163171753151
5092,0.1360428182405189,0.09404849311424823,0.05421413794311225
5093,-0.07481581566061768,-0.03823198451957699,-0.1066307391000727
5094,-0.2142578402361276,-0.17591804805800282,-0.1863358007475815
5095,0.23131229311023693,0.20098971169686108,0.18036497988906675
5096,0.7822655445045279,0.6880127291785578,0.08047170454446295
5097,0.1791446986462737,0.15869402179647762,0.3447740890611799
5098,0.9337795064071865,0.7860467959904405,0.752023315554539
5099,0.008929087388903856,0.010837824234257498,0.05454627963359626
5100,0.022396080050551825,-0.05760174840799359,0.011654385212656493
5101,0.44864501921007705,0.8467819881329226,0.6438778999807662
5102,-0.22050306410656062,-0.18783636518448243,-0.2606139420806074
5103,0.029860858320599926,0.027292983515339708,-0.10392174988676328
5104,0.9905472034898919,0.5702215969182747,0.5714038810066973
5105,0.39856103043524427,0.44571838899594596,0.45915071961856735
5106,0.09191212989980846,0.24037417106658165,0.32515007425813214
5107,0.7109520593681198,0.43190058827641375,0.7798006307123697
5108,-0.13509471348352386,-0.10577952413507985,-0.13664259569383497
5109,0.24505696042150538,0.1896452644335045,0.1479654499546461
5110,-0.11412177935181034,-0.15745738021755695,0.0018668336832614596
5111,0.39868224377239136,0.458546516754202,0.39608022912830676
5112,0.052713081569466524,0.044872831144001646,-0.017753657396996858
5113,0.3475903229074826,0.40830167118046967,0.38365855017935035
5114,0.11187628267827376,0.06951584735717065,-0.009778030162021834
5115,0.3601538732708969,0.45316532537852505,0.3748422002562779
5116,0.6160656002108615,0.5165357041318743,0.933276602689795
5117,0.7898296550951933,0.7576566182888591,0.8899691628176432
5118,-0.14493217788386514,-0.12450832814783852,-0.15576355674888254
5119,0.30956263198462475,0.24984848856513442,0.019792747862235727
5120,0.16399125574154727,0.1211563099884192,0.09333929161688337
5121,0.07139407163729694,0.13109752664811225,0.040188109471999356
5122,0.37286417964677065,0.2696959999358546,0.33762069195637445
5123,0.7319137061597036,0.5040624900412807,0.7005165106743292
5124,0.4744873235972502,0.6283248097322713,0.37419523345269967
5125,0.03591351789029118,-0.03187926266927987,0.13529998078240246
5126,0.692132478920898,0.5214318112715051,0.5375707139156907
5127,0.1447293807919734,0.1181969466460937,0.17737061933704945
5128,0.7770754730066687,0.5050338837466344,1.0812586477021542
5129,0.6237363329752843,0.5105452281539076,0.8619929550902761
5130,0.5581491737556499,0.48562694997043754,0.8271809331115045
5131,0.29453998075813037,0.17990836331211946,0.30965788937962757
5132,-0.02645416164503389,-0.007584711399077793,0.058468538892651134
5133,-0.08827042242247873,-0.07504160752511813,-0.0716248565950448
5134,0.7226813201859015,0.6715528182800041,0.31937443490594086
5135,0.27229139797762314,0.2030615916108367,0.5733447548486392
5136,0.003098169890547897,0.05186307772508747,-0.040363556113190535
5137,0.38403885161825935,0.3534301899807517,0.6730955958382363
5138,0.10652307032613173,0.06737864539392024,0.2618452285544066
5139,0.5261702818233247,0.6257357109964192,0.7852982617313069
5140,0.354609626107933,0.2748608403758488,0.15752980183260723
5141,-0.007837910848595753,-0.12620096004362946,-0.14261745751296884
5142,0.02277295309847438,0.03785053415137618,-0.03628960682711102
5143,0.07383851534361252,0.09165569536575768,0.021285037019969755
5144,0.09267426533266421,0.08470474200475397,0.1368071637575925
5145,-0.015694190878955516,-0.028104749018419084,-0.07224043044175099
5146,-0.0004610333770763697,-0.07235314464754905,0.1703796333646026
5147,0.37182468065003693,0.2929658996282938,0.26290976661195486
5148,0.08495754712214532,0.11365151126959927,0.22666588893781192
5149,0.22692564888293254,0.12599011452682718,0.16346362647329338
5150,0.2000357366850054,0.14984503415959072,-0.008924783750883458
5151,-0.18796096467313972,-0.09860193269470241,-0.09948526458653839
5152,0.2742027445613475,0.2026167013814344,0.3232386906513265
5153,0.23780768546820052,0.11852330929318233,0.19200473752225444
5154,-0.05516589776484826,-0.04445683962138891,-0.1477034487282013
5155,0.8354167935059473,0.7538510815327144,0.8116194855398968
5156,0.37772191067425864,0.2755700201614524,0.4913211386800256
5157,0.2968646476768595,0.259707729552054,0.27448411471132195
5158,-0.2056894027858922,-0.17133516297937768,-0.19865482271870993
5159,0.8654060091567799,0.8783019298070243,0.5900924096413325
5160,0.5210027596742759,0.5122974338347657,0.36061511007368097
5161,-0.00442392076574083,0.0730253916636916,-0.09552275435752611
5162,-0.1518927594723869,-0.05136388628676092,-0.19142954087591524
5163,0.7382707740384482,0.8395947797854999,0.30484026392352215
5164,0.07988490233636081,0.09938523765821983,0.21359492225048426
5165,0.10660637159097908,0.07854957246655969,0.20222981738007118
5166,0.3419108662461152,0.4763383828121306,0.2107420502001296
5167,-0.1589529992928771,-0.11029103265504991,-0.03499172742759016
5168,0.07045663316840156,0.025153902509922554,-0.10142071141835651
5169,-0.04905849027501652,-0.07514802568528256,-0.10552271702739968
5170,0.7188229457159963,0.48144605700806764,0.7464528354557192
5171,0.7869138423499253,0.547275678218549,0.5348279327988446
5172,0.6855077057562526,0.4528716117339684,0.5655808490333041
5173,-0.08681155258598805,-0.08975348288800711,-0.12584999446133527
5174,0.8493395300997313,0.7462554223259594,1.0500159439154473
5175,0.7984122784464507,0.6886980656787853,1.0153511735679985
5176,-0.10337158538965907,-0.07548310135118153,-0.15829413917216273
5177,0.2491923685012689,0.31686965072727835,-0.025102249550829514
5178,0.4227015674157897,0.26860440773842,0.44772081712275225
5179,0.6010313137883561,0.6333023027390339,0.44922084872710855
5180,0.049184984872775894,-0.009529683929622723,0.01877566369035244
5181,0.24960986168763322,0.3271745506315664,0.26823558355315935
5182,-0.03829660678292035,-0.000856421824801834,-0.1109789417768039
5183,0.2876938013138608,0.20572038945837035,0.12625887395412239
5184,-0.12084433201640354,-0.01763316125859249,-0.04183819901123009
5185,0.04340350870017873,0.09586737352467778,-0.07272352662835813
5186,0.11764045221546704,0.19631451095813457,0.12645587730163976
5187,0.09976007814548815,0.09880841615424574,0.29287017359564493
5188,-0.06598785954317321,-0.055029017313712014,-0.12471280065321022
5189,0.9402666827211146,0.6106527996584845,1.0349217282881846
5190,0.6755743742476967,0.46049441184360895,0.5316169573001568
5191,0.48026485344221115,0.5185457126943669,0.6546160852594827
5192,0.8851598842750639,0.5732869757219359,0.26302564504166015
5193,-0.019583874124818323,-0.03333409058812464,-0.0927843761769842
5194,0.37299824797762327,0.10684264182107772,0.07106008634289296
5195,0.3922832381947643,0.27177556567937344,-0.05077917948352395
5196,0.25896657783440036,0.19192464070686355,0.42541679949853317
5197,-0.1964920685760928,-0.13623231592488716,-0.08727895511397155
5198,0.29586622446118915,0.16917705219117596,-0.034707334262622846
5199,0.629761189018228,0.46563312881135865,0.6617477246234191
5200,0.09546216904427696,0.025207050188080116,0.09161202427779314
5201,0.6797237225482913,0.48461074639569524,0.935702769866541
5202,0.2904038801596198,0.26381604694996597,0.22112010057525522
5203,0.41078963876855945,0.32404020895423535,0.24125414705181236
5204,0.0302814530249107,0.05449862063690425,-0.10707319366915546
5205,0.15964546493550769,0.2916932402421921,0.10643731849792304
5206,0.34908884927157313,0.31287695317231456,0.32024068091628055
5207,0.19031421165257756,0.17029126347128232,0.2292388650234054
5208,-0.08866027270716492,-0.004399937063918502,-0.10866523310193743
5209,0.11975493863694253,0.27293329045365855,0.2581019967037774
5210,0.3884115161437218,0.4049562796028676,0.44751364699899443
5211,0.6293120044657452,0.47444352481356833,0.7487418026029831
5212,0.7027947397773455,0.5280698882997306,0.9567800435730367
5213,0.3358472233336518,0.3828703916807883,0.2927679121747475
5214,0.10153486330213024,0.020121170925901266,0.26043874622337726
5215,0.30632075189135355,0.36937513300584524,0.15844954039071513
5216,0.5572519752898155,0.5487928128491686,0.5745094645542759
5217,0.3529497678930664,0.5564767857195716,0.31291869961414887
5218,0.27672466226673365,0.21526872645537432,0.24934368925349681
5219,0.17285777519836443,0.07509335592511834,0.4604108474352713
5220,-0.07550862130679292,-0.057404994530879216,-0.0793319682526098
5221,-0.06514272753853001,-0.032545989376559614,-0.09478096650243695
5222,-0.16187065610093787,-0.10715467455407424,-0.24642323338326377
5223,-0.16380726434078519,-0.13135754317456494,-0.20833496834098586
5224,0.37276042514780006,0.36056434011322347,0.15779398076350826
5225,0.10491564076761861,0.057960738854482496,-0.09684241915107283
5226,0.5865174019173613,0.543769859650697,0.39168445207697467
5227,0.49565120344935387,0.45892164822000825,0.14039692007492177
5228,-0.006879338388783518,-0.127512961687004,0.1878009580793052
5229,0.09377719147139763,0.10833412552422472,0.10293340611656743
5230,0.5088862677761008,0.5378112913527942,0.5628252391793798
5231,0.08309249684810349,0.07316784034278645,0.2869366072112747
5232,0.1623553346809139,0.04425619333846553,0.247096841223873
5233,0.7029573823785431,1.0447482704651074,0.8856418676920708
5234,0.7702549197562456,0.681473580959802,0.63138056046191
5235,0.44458115546247257,0.3078285575365569,0.061587787089206314
5236,0.39291460761151575,0.5291513927473177,0.31743078469718977
5237,0.9756339373393839,0.570902617909886,0.41120768762410154
5238,-0.17494583879646874,-0.10983111501138643,-0.1462710382031397
5239,0.4598907491073112,0.35974050088643716,0.36434821547614815
5240,0.26479702491125834,0.21707459973586363,0.17699775132819529
5241,0.380561953306239,0.20627983608354272,0.27996296596168
5242,0.789656047294016,0.6261421935949585,0.8085618860888486
5243,1.1933339522122806,0.9030263666232381,1.4405222277183816
5244,1.0525321890299577,1.033236114511654,1.5203042613712339
5245,-0.22555657440324373,-0.2378684683825646,-0.1779700018498237
5246,0.5379079999236664,0.37857243775146854,0.15795417929654754
5247,0.4298510922293577,0.21428242258293295,0.3539378185147264
5248,0.19968310195473027,0.16329462528020566,0.21070199459852756
5249,-0.10188490777208015,-0.03634136239209851,0.012598233353799282
5250,0.8682417371029862,0.6472311743490942,1.0657518874956735
5251,0.07585314423715217,0.15476808394712482,0.05366081882968454
5252,0.7988718645837929,0.6116876320558406,1.1680867920593196
5253,0.26202983538351554,0.09701607482109331,0.18161170027051687
5254,0.12020955032629232,0.03426487243668208,0.2699849395856302
5255,-0.12913125699735595,-0.1114042506582632,-0.21210509833401192
5256,0.15437061462380286,0.13240513921287933,0.05506519506776475
5257,-0.09537037074389898,-0.04545726915921733,-0.21412152475074686
5258,-0.0989415574461513,-0.06854959400471228,-0.06613453549402404
5259,0.8995530606027882,0.8675618132132124,0.6478296033780175
5260,0.4192881226412233,0.42254407447729037,-0.0017165872712422425
5261,0.4420043039388073,0.399287810042914,0.6784597097133582
5262,0.12274397569776108,0.02993111427929951,0.05148048807137706
5263,0.2445115527043209,0.12401853677170682,0.2684838559406715
5264,0.1503654064998441,0.0653994686192576,0.017358439533944336
5265,0.8797008259398993,0.6660392115809151,0.6286765087712713
5266,0.14470588564322084,0.11658209951147835,0.22213541422363225
5267,0.48755856653647855,0.512552346837428,0.5607704514264871
5268,0.17903500818392626,0.11848044716789485,0.16833669841068644
5269,0.42290175438605004,0.29064163108166974,0.45671092578830086
5270,0.3502992466882795,0.46103369374788583,0.4954021404765716
5271,0.6755444566752062,0.4276726239536546,0.6507430663904061
5272,0.6630843524038705,0.617509756173948,0.8786621005105077
5273,0.3093997431106674,0.4026201035235173,0.24835206250233433
5274,-0.08440623137083114,-0.09908787477674008,-0.20696008405898136
5275,-0.09912196294760056,-0.05942499459555328,-0.10838307344127462
5276,0.032635250259107185,0.00188372633208167,0.06213169815731212
5277,0.5328755155134539,0.407818048141241,0.4240859241118282
5278,0.3336953309668276,0.2871180616951927,0.33535272271026106
5279,0.5751911402869072,0.6157161293196203,0.4948675593895493
5280,0.7192721027067199,0.3708364246185518,0.3497527547448289
5281,0.18077637970161575,0.10129080198301321,0.3700954657060098
5282,-0.16890854036353153,-0.06456338329677724,-0.14787458123828845
5283,0.9302389980065313,0.8557881692336129,1.2567242152017548
5284,0.8153600743217624,0.583464401055874,0.6004361768057729
5285,0.7527540862872597,0.5177414360735211,0.6517942846950893
5286,0.8563512758101071,0.6138758383959839,1.1764786737545876
5287,0.03564059496971561,0.06035330079477119,-0.02602617446923572
5288,0.41164368602982626,0.49556774582129237,0.3282066998761253
5289,0.21649888428197062,0.30365349981628675,0.22885428454169743
5290,0.8637697135434015,0.40275450206335983,0.8777196136312364
5291,-0.043205563022503446,0.03323284788518999,0.015447325342364593
5292,0.6891230489172298,0.5460371592664051,0.3936638942243691
5293,0.7061030064514333,0.2822190325157643,0.6994651061430377
5294,-0.1298875533035696,-0.06735742394864108,-0.12293669289879305
5295,0.2507607807658423,0.24776979997558657,0.28866481718541825
5296,0.3219905012225408,0.23224516917580895,0.027939694872758825
5297,-0.09972918247862417,-0.1233557362203358,-0.18763923499878554
5298,0.740566268442296,0.6591527985576371,1.0063263306140486
5299,-0.010351443916883696,0.010438165805018107,-0.031059451867367915
5300,0.10547876265345324,0.10851610989680238,-0.02155289660820392
5301,-0.08251944491107499,-0.0927481950580279,-0.12153813694640747
5302,0.8153279313581292,0.7919127974050257,1.0084701589521878
5303,0.7247004155211827,0.6623135338032826,0.6078688441059392
5304,0.13543088897168243,0.18514472813303517,0.2430495671406563
5305,-0.03516921471801371,0.013884045692277303,-0.05632976509366694
5306,0.1602929465156362,-0.01268277867781098,-0.026095788512923712
5307,0.17166659954302843,0.031042302139808298,0.1170559475960804
5308,0.7745992217342372,0.5978556096144032,1.10555179986375
5309,0.27132132791840147,0.3292058721516884,0.28220667682452594
5310,0.365914726321219,0.2221650707155307,0.15870458521696262
5311,0.43336861631940216,0.432797525011676,0.4688538996789544
5312,-0.08670450349082781,-0.03585641140309803,-0.09951921155543686
5313,-0.02609085878187767,-0.021893324811110282,-0.046997166435336135
5314,0.8108963844589421,0.6880845330235303,0.5341456435512157
5315,0.1463042021661054,0.2375626544891205,0.13490536497413763
5316,0.17979578230796833,0.1443936424853658,0.028025388326249345
5317,-0.2502198806977354,-0.21681765872582925,-0.22832965988896303
5318,0.5383833318439664,0.5843066719051768,0.28320158189592837
5319,0.13696403844375915,0.12447938782126755,0.33041586058647865
5320,0.7559014122391512,0.42374075513110254,0.04843635611990749
5321,-0.009160154783016572,0.062266559789789566,-0.035122470352132895
5322,-0.18783409472357537,-0.1716338491066487,-0.11582491022006858
5323,0.30654043267581366,0.3163217623110284,0.2587134206959032
5324,-0.1396215630516633,-0.08150962768058256,-0.1729545356707639
5325,0.5974259119011915,0.7102990181334323,0.530267795656733
5326,-0.026511179692766285,0.03268043471308357,-0.06633352120917246
5327,0.09182031355329423,0.00894833916885518,-0.08362837914523902
5328,0.5507261484245707,0.5169462200319117,0.29739347124585924
5329,0.8082073065796975,0.6035440872827254,0.33958389026386815
5330,-0.026503992924034714,0.04062527604597754,-0.058234825692073056
5331,0.1624650748709402,0.1527304483842109,0.11064222241754962
5332,0.7656105829923716,0.8318071159239042,0.99512358713797
5333,-0.13419726479780592,-0.0789114708322236,-0.11501294362027159
5334,0.3219536139491279,0.4213156118420167,0.33294092787013474
5335,0.16934646483497073,0.06213087292403974,0.11574316723708566
5336,0.4415872269464156,0.4426747480663382,0.45333825240821723
5337,0.5262540803171436,0.464352225798794,0.3087698602002502
5338,0.6947098560861824,0.48711983049143925,0.37417964617463984
5339,0.18894704600718604,0.0851169346748184,-0.07900300505261659
5340,0.3228201949375369,0.3124113874714953,-0.08926866600553485
5341,0.33051990435267675,0.39065091571405297,0.25352056040967996
5342,0.14147990541722377,0.07857591413390708,0.1383632042379932
5343,0.7126478848533464,0.5194270243794441,0.7780748739205763
5344,-0.12111526007479234,-0.05499031877684124,-0.08358128924756592
5345,-0.01414300440235372,-0.08109940399755677,0.02888886618104336
5346,-0.011485716911618926,-0.03930152320293623,0.09158903218114656
5347,0.06808006227740493,0.009434504725404302,0.013249833662954957
5348,0.8327760510636648,0.4179644010268382,0.9048093870669309
5349,0.23438773764186127,0.2912935838336168,0.5947580134711052
5350,0.25301342083380973,0.24400304034070186,0.4329596051684663
5351,0.37730525215585153,0.2447046367888388,0.36704383692249287
5352,-0.06753382665081875,-0.04848553635147257,-0.1133726277685787
5353,-0.09639435358072379,-0.011376933151743596,-0.07450810612553382
5354,0.33515326649065025,0.3127900697606749,0.24391262683913295
5355,0.30542619037477303,0.3784175521392046,0.1821552448693433
5356,0.2035774207726453,0.19791652798934845,0.3093261648040704
5357,0.5125664459895123,0.4543168682889813,0.3884131230130441
5358,-0.16623049986085037,-0.15827263997071617,-0.17827121479553398
5359,0.31734432716609073,0.32556506200793556,0.14950839338977495
5360,-0.034044499335714185,0.05313499905948582,-0.10650843313597946
5361,0.7571334736652624,0.7468239992842212,1.2213506204243378
5362,0.13852657388378664,0.11510051685501854,0.3932330785993936
5363,0.7900660388862135,0.7431002509927644,0.9747939146399314
5364,0.033446599892360984,0.016549343184404375,0.058848440488271425
5365,0.2207788676834821,0.13403122186876026,0.2774284299467096
5366,0.11289154166681836,0.14196012644474254,0.067428377978479
5367,0.08039699539311096,0.018124733976855545,0.25473793213094975
5368,0.23610636348548142,0.23154870813607764,0.5584404928050646
5369,-0.17536551287237445,-0.17702322121083325,-0.19172406770129646
5370,0.6189994591803045,0.4877249728487123,0.5679847499519388
5371,-0.11833415455484686,-0.07973969699833283,-0.10400367802904587
5372,0.11072488188468044,0.1382670801644883,0.32664070569077475
5373,-0.2581138503742846,-0.19575422302719192,-0.22680473296333548
5374,0.006157876256559058,-0.04938796444909088,-0.09245886948822724
5375,0.37627512187801004,0.32326679115327583,0.25043935413621066
5376,0.4776948754337227,0.29456597920222394,0.09199389411447667
5377,-0.1424507616584476,-0.09984156468279082,-0.13718236976737264
5378,0.33004190651174814,0.09293255216399432,0.22030343310979816
5379,0.3464232199235904,0.3572574905253858,0.288413994490923
5380,0.057554575975884203,0.06973199031960431,0.013131366707550107
5381,-0.12039094213227386,-0.10022126938100706,-0.12161029690761971
5382,0.0068763323537386345,0.038632642742033596,-0.04876065553420339
5383,0.13729296466231888,0.04544224236327876,0.23625726455592377
5384,0.12670224207128267,-0.02750669713407039,0.10766671429070773
5385,-0.12214628276094741,-0.09100102154096423,-0.06301604430425212
5386,0.27287306623485685,0.21051746174459396,0.3062009934993506
5387,-0.035609435682342205,-0.019837089726403745,0.10564372497593144
5388,0.08879247352349129,0.06967352328353726,0.20308327993303132
5389,0.40550611136770476,0.361033801088541,0.39059127197137755
5390,0.6829754820226681,0.5214803238579504,0.38890278002912226
5391,0.5176614289212593,0.2253882432764902,0.5029903419267836
5392,0.46950273500024364,0.3689559769579889,0.22439025305109284
5393,0.24578480014837645,0.20482557119877343,0.27483526611887066
5394,0.4812641241090234,0.13689914935449732,0.05012649882871356
5395,0.13117715499127813,0.13156806080163586,0.10939193537968861
5396,0.24407409826836624,0.20372005266110227,0.5315271658883347
5397,0.6159788338376668,0.9091130281374293,0.8061888646414737
5398,0.4115594517767147,0.25727236063670933,0.3939922062132619
5399,0.7441324471421833,0.6534272575227897,0.6544905887850643
5400,0.18908333943239075,0.1871613926340494,0.09636961323877347
5401,-0.22995655299605144,-0.1836100795474277,-0.19808656874252273
5402,0.15575370426438595,0.06578405993822689,0.20570671737224
5403,-0.14428545889955102,-0.1023507841467034,-0.1562809009901679
5404,0.2770218576450545,0.13167511236270668,0.20577119426754953
5405,0.7146522332417491,0.6199480093177543,0.8357762996381852
5406,0.4234256387195072,0.2923907308591369,0.2853755228898638
5407,0.7478425452886011,0.8086291716070741,0.6285806276008459
5408,0.6493609622209069,0.4514643101434892,0.6734823084320074
5409,0.6562367538517546,0.5063230721755838,0.9476929265351677
5410,0.46795411683122357,0.32417937668981067,0.3748667663029097
5411,0.9087862764463968,0.5303540565554357,1.0201953310108944
5412,0.37572329360795065,0.5350782734582571,0.21764451951707708
5413,0.10429590854646542,0.18936677849253214,0.328706621431589
5414,0.2278895660678839,0.2897708712056426,0.34918536574688397
5415,0.5684738503168358,0.3659331501212981,0.4675874189127769
5416,0.3125356935068353,0.20246201709250622,0.25336973109482863
5417,0.2335021334951548,0.24983593406885785,0.24200931776636425
5418,0.5079627775615596,0.7653579165361382,0.4657776556292774
5419,-0.06564964948872964,-0.027969595126758007,-0.11650861061289997
5420,0.6977965412762483,0.7033239705301542,0.91746845714195
5421,0.8012188897778181,0.843197676896706,0.38151775969275925
5422,0.06568090248272562,0.12216634132156101,0.001568318564707294
5423,0.16248768430198512,0.09595956448926013,0.09672207031190294
5424,0.054535634163166424,0.028693833252404044,-0.017564008781549623
5425,-0.09959812552841196,-0.13929615118510563,-0.12976358156049528
5426,0.5757296776050884,0.44637236504656275,0.8356513460659041
5427,0.6967172598589102,0.5006238783567138,0.7921727327917762
5428,0.16734731088138366,0.06870930736181569,0.07951866224326931
5429,-0.08488873446982503,-0.03867126321222192,-0.12320118133477587
5430,0.15542474289477504,0.2552604388560171,-0.001762360372412175
5431,0.1507279436270892,0.13938067604046078,0.3268104653145465
5432,0.6782743943204097,0.728582298047664,1.0326202224790957
5433,0.21619431233531183,0.1053720144474728,0.08578988025017287
5434,-0.05409344742536659,-0.04058824084913759,-0.1119765367668194
5435,0.6067387553822223,0.33368874179327457,0.466736018731738
5436,-0.1037178474100603,-0.08805631663236102,-0.12420645604408631
5437,0.7045968718433357,0.5140921940088956,0.8265479096207236
5438,0.1320551487441448,0.07424315548012017,0.06415691261840095
5439,1.0744695132446704,0.9399389420439255,1.0302415459047056
5440,0.8295732680741734,0.5276484213909609,0.26723135434888956
5441,0.41658331783337665,0.24687827175122679,0.29691031685732505
5442,0.6154379027400003,0.4067256715089467,0.7243699468388609
5443,0.33144205736839405,0.3324753894508585,0.3731463071177703
5444,0.34266665542324315,0.21002994903927985,0.31100261402861484
5445,0.38685341136813634,0.5145582712027943,0.32140524470641396
5446,0.6343956344527422,0.6094843254571796,0.8895542514957169
5447,0.4797921057194001,0.6430957055382518,0.385156358451886
5448,0.8741296927118614,0.5479799547084494,0.7614303445918733
5449,0.9367337446627697,0.7565875657900281,0.9993856344218428
5450,0.25700162812851857,0.2606160774080688,0.2760293059687007
5451,0.07288839240291445,0.015958169377210618,0.19470823519742475
5452,0.24277167866229998,0.16294422097072858,0.41107185630937004
5453,0.19182626941822112,0.11561970811139344,0.37195474681712715
5454,-0.1373272459052104,-0.10270669440936975,-0.14142935976821824
5455,-0.11299414000681007,-0.08996029084167478,-0.15872113504797292
5456,1.1256833164387339,0.8630586906034998,1.2098147113662554
5457,0.15951316966126328,0.17618216145180043,0.16517849388593686
5458,0.10736047655537151,0.03506123006856354,-0.004819463928690704
5459,0.9264878377097765,0.8230196855880869,0.631431586644964
5460,0.23136626300124652,0.1255053957302228,0.42151538650953957
5461,0.8263408416263589,0.7521203617759522,0.2981156815406043
5462,-0.048326936850028535,-0.0459326168308416,-0.1478120220367446
5463,0.3436169403806282,0.3757486255286615,0.11366458643113386
5464,0.9759810065090615,0.8800976592536274,1.198041772054585
5465,0.0215448459986336,0.0323255115107135,-0.04332582505609772
5466,0.2950283379678704,0.17993344924636223,0.46678182620512665
5467,0.6319438424731518,0.4869236721809007,0.5883106043536734
5468,-0.11947506547681241,-0.05285095367992654,-0.0830688776495282
5469,0.1702692599653688,0.13340055705174225,0.23669802949979557
5470,0.6365970325025185,0.29814034940231005,0.5072148313418428
5471,0.7752625830547046,0.4882588545107063,0.32524253640366996
5472,0.8712824690649261,0.546621829366327,0.4642451270465333
5473,0.7452485731228027,0.5946218150292026,0.4689285653036579
5474,0.7596364700122511,0.4186621167881772,0.37030084739574276
5475,0.5548633186684764,0.5069450805374396,1.0249804873862285
5476,0.6463397531781907,0.5788431092161739,0.853006162774808
5477,0.8452192216912173,0.8341159865339949,0.48561696433676116
5478,-0.06600103683220249,0.009303879417643879,0.09050134433648194
5479,-0.14551713402974542,-0.1038877458120191,-0.13517969946035557
5480,0.4767312833766675,0.33769062522622995,0.45085659443266923
5481,0.7204055028674639,0.6551672299172289,1.1758409626093544
5482,0.2153678880376506,0.20336933313374184,0.2700849913926655
5483,-0.11902885426764453,-0.14289604836644842,-0.18838070060415324
5484,0.1809964805992108,0.1740280582060616,0.333826314526815
5485,-0.099168841634105,-0.06443374258917789,-0.1337948081940894
5486,0.784082213442316,0.7722850594193877,1.1662864324367326
5487,0.39564819181050126,0.16327593375510419,0.03358049898211024
5488,0.7955297477374788,0.3771853055557126,0.893424335170492
5489,-0.1345051829237589,-0.08047738212811684,-0.17699422052212532
5490,0.7800449867477448,0.8544925100679073,0.7607883227934762
5491,0.5161748420669499,0.42709523989362896,0.4564036349249805
5492,0.2849374953907633,0.14175096465455272,-0.040542246301792595
5493,0.5899635142432273,0.25768316546969916,0.47895650432831816
5494,0.6826499759779301,0.525395887752172,0.827991413733542
5495,0.3938579946156777,0.2948448611852468,0.3256436323506078
5496,0.12363401784376737,0.019249275668464128,0.285882173663774
5497,0.09864695006299051,0.14522784742211736,0.09978174183653277
5498,-0.09764235068539284,-0.038333986221350314,-0.13531105904006735
5499,0.7555039799517891,0.48966217141783974,0.9898016206948896
5500,0.34060427917299063,0.33064517012098005,0.07473402114479133
5501,0.18563143722238995,0.2229405456467628,0.020859604537371013
5502,0.24237076452095185,0.2133443567220321,0.06828896520715055
5503,0.5093540419098672,0.22476919185410527,0.10785420853804517
5504,-0.21647528762580104,-0.16614361127803667,-0.2418165737517941
5505,0.18566812018846113,0.07922013572649544,0.11021626914411176
5506,0.3401444566359204,0.15050350406308977,0.04286794559463236
5507,0.49746328958599073,0.36031524567948825,0.33685816503311594
5508,0.018111030541251294,-0.039350900612630135,0.10866246829515291
5509,0.27887512412457904,0.17357330366025692,0.2872302114685954
5510,0.6867954227386273,0.479263283085015,0.6116344398580649
5511,0.1290272977040614,0.07850637089145063,0.1996285611702524
5512,0.44592056308312533,0.30701679450883956,0.49880045775453286
5513,0.14657369305668722,0.1712566885134681,0.054154780937900604
5514,0.7503920894817966,0.3819722680644033,0.5600314702445293
5515,0.0676858479239606,0.10199309237453558,0.23760792135024578
5516,0.7621259057471856,0.502695427026536,0.8143366893174069
5517,-0.08324411426109157,-0.11927913148707625,-0.04143460487430717
5518,-0.052500946858871855,-0.005289482311028659,-0.05284915149383318
5519,0.43132293854085746,0.3983892134225968,0.2704475957251693
5520,0.22830024120186332,0.1700412380946017,0.0962968968835407
5521,0.46784146619069467,0.4608222510664275,0.48916418947326035
5522,0.08853737425529884,-0.044159183789994505,-0.05587856743730124
5523,0.4453243698373961,0.4198556221809113,0.3608895720974954
5524,0.22708325626467363,0.2728920379505322,0.499384979110409
5525,0.6901380143561224,0.4814050015632019,0.9197356018758063
5526,0.4095500084367998,0.40718721145347425,0.4571641282324883
5527,0.6505971700031428,0.4291155535031499,0.20065280721386203
5528,0.4966515975546175,0.40535201399145215,0.6979381017168056
5529,0.03755211740656783,0.05986605355772756,0.11588460443033455
5530,0.12469060302191282,0.07751734520301756,0.37894669585252716
5531,0.40106883323645803,0.39393112730203295,0.29372262520915116
5532,0.7176143935955692,0.450712670602577,0.3963759930901898
5533,0.6811919717162187,0.6365768385560264,0.8847563280443471
5534,0.3346544341978166,0.3915341330324875,0.2864473321102152
5535,0.6825217963723105,0.6148278335391362,0.5630242996933683
5536,-0.08233662878746795,-0.07088594750087196,-0.05607118754875107
5537,0.05076995805206197,0.042266061623099205,-0.049675812395834296
5538,0.3771708018014026,0.45205652607333113,0.5743263376707719
5539,0.5854855176106069,0.4699177838824602,0.8022066621898913
5540,0.03315839356254635,0.05838106139814747,-0.06449665124056914
5541,0.005445184566069683,0.09556152850673993,0.04217987394086742
5542,0.21886460996508128,0.23183686247428037,0.4086268735906453
5543,0.20459030852631144,0.17301859692015364,0.22831383339203626
5544,0.12566190832463398,0.139651667678645,-0.03729331807988834
5545,0.4652841866521156,0.45976039974174543,0.334195522829992
5546,-0.10861768377058645,-0.10239454438360762,-0.14416186552357424
5547,0.3329650648517204,0.3928501500828847,0.310784350710152
5548,0.7773131115486034,0.5931336395132594,0.8057001024355201
5549,-0.04868847673076382,-0.05102196386718516,-0.05062144102756305
5550,0.06674772002436202,0.02012453405486747,0.19400716829216869
5551,0.8416394070583493,0.8387071943804516,1.1242955793584808
5552,0.06871730446511215,0.11558115552560588,-0.01960479317625774
5553,0.7727369897122294,0.6664547138110688,0.8862924253065154
5554,-0.035508525453067485,-0.005764929653080841,-0.13247351573171995
5555,0.0936924443899303,0.24370413070446761,0.12783010920704996
5556,0.3066871463846501,0.19510964759424843,0.2673248676490796
5557,0.3709015661658783,0.27789223444777256,0.09369653208805206
5558,0.34987597497516454,0.25434245984754433,0.3529289017717028
5559,0.30668720924863657,0.2281233766522317,0.12429024362856578
5560,-0.10452111109358653,-0.029802906039597454,-0.05575664318416129
5561,0.6724346709540869,0.4922047467353896,0.4038843404618473
5562,0.7517652738180955,0.4988287575192285,0.7072505073472213
5563,0.029846640240964062,0.012888516546782691,-0.01760470221715582
5564,0.06696401503638749,0.07394860750359289,0.021679391406798088
5565,0.22333478367627313,0.26165970985104137,0.4726235674737318
5566,0.27480789137285244,0.10295514297369945,0.14639010906001015
5567,0.05378860966424548,0.02437047265392156,-0.018462362106193564
5568,0.36107391984826376,0.2713890574644804,0.34055143372858754
5569,0.2174418921801513,0.07893443622601914,0.31122562457150815
5570,0.4733812821469623,0.4571122840231805,0.03491222552278628
5571,0.1440669544209403,0.09394194958662005,0.0055226975363089625
5572,-0.0049712903710767975,-0.026144550615799567,-0.10111040893716428
5573,0.864422600570182,0.6786697777870083,1.0823765378314363
5574,-0.010031206002740989,0.041614155247973184,0.048793814508271804
5575,-0.013405323181553186,-0.01601257830241154,-0.0855564283499054
5576,-0.10388314056671932,-0.07073489050461723,-0.1890428268667348
5577,0.5259881430177951,0.32517341044594406,0.4892588717725075
5578,0.5261592842637708,0.561376970713859,0.4845915041913722
5579,0.2447860253464409,0.18593065398989062,0.19284509663383265
5580,0.2978104665583907,0.36333328633977446,0.40494761808589885
5581,0.7386320298388778,0.7314715814459876,0.8859540812151669
5582,0.03620197638566869,0.06732524322841149,0.03800442658286696
5583,-0.08488006666318926,-0.04297332177723012,-0.11968112065586967
5584,0.19881536967338032,0.26576774850660656,0.1884447941892473
5585,0.6076618745710796,0.36255229884515194,0.40136629541532365
5586,0.27874773802365693,0.22968540588565522,0.18367919603700456
5587,0.3000728112114186,0.24766234842237833,0.1138835660602584
5588,0.8199827749165796,0.5699720547384595,0.8331658402383408
5589,1.1418763195222783,0.7755591578495262,1.1311092534028293
5590,-0.14182480148123067,-0.1304362768663352,-0.18314351590435296
5591,0.44479373750257034,0.44622124583844336,0.24419037975264368
5592,0.05697833841587219,0.21095273549909188,-0.009773436069866248
5593,0.16135098679514925,0.195414114478905,-0.007288375577687245
5594,1.0410459213324295,0.7469192650287533,0.4405086361681818
5595,0.4431463487881231,0.3597617673136586,0.22188132209751554
5596,0.05445841770610094,-0.0027669614778448315,-0.09869827313064561
5597,0.11777839777855736,0.0891953124140612,0.20613088395827983
5598,0.48414916054226453,0.2619076773540292,0.2748400458321243
5599,0.006493239908710757,-0.05248877602305091,0.2832233825621575
5600,0.3678185665938005,0.2665512218928938,0.382570717762178
5601,0.2485813379926327,0.22345436886040537,-0.08555192481927676
5602,0.48659355856819575,0.35117746531256455,0.5421996427675198
5603,0.008068568298991607,-0.04589857864915314,0.02235995841708771
5604,0.2616611521906653,0.12759201789981023,0.38687315950210577
5605,-0.050049897060521764,0.04008098098476154,0.060253715792428775
5606,0.32001709866674055,0.5489878505465697,0.4126627748208678
5607,0.2413248219526296,0.2825211030564996,0.17294912763776704
5608,0.4966128464445809,0.4219739927479118,0.35585117846053294
5609,0.09761784066477874,0.07593782129816096,0.09424728860458975
5610,0.7762883283147866,0.7322731449917532,0.9504061728788378
5611,0.3187193017167145,0.26635598560864815,0.05983746186430361
5612,0.2031750849938172,0.16759085572142296,0.21556131966674164
5613,-0.11127294364191287,-0.0688879177345334,-0.18496433774174736
5614,0.749178985119102,0.5664985309458865,1.0606057016087256
5615,0.6183779703457479,0.3329472579651851,0.8789793946345004
5616,0.05855301614214725,0.020083233525231003,0.20095117785413885
5617,0.5155435290832071,0.20512816959951596,0.6573519195432369
5618,0.6351128885220503,0.6096426116018385,0.43384787989485885
5619,0.8248894890727887,0.8806150763275256,0.9151904335864398
5620,0.32105806150597016,0.185301017305479,0.32079195227864
5621,0.642663128186115,0.3496705541964682,0.4410615672580531
5622,-0.03518668645812728,-0.06273628317799473,-0.02361911452525678
5623,0.12382351629897603,0.25636502808067196,0.2397847385256775
5624,0.32879197242640146,0.15029818364034853,0.3193540575355456
5625,0.08846865445935115,0.059987797573665125,-0.09566816847316728
5626,-0.07949606006869558,-0.11535162007122013,-0.19270797019276076
5627,0.28554897920176625,0.3017416424573063,0.22025504025129972
5628,0.591480035176378,0.3891827916993491,0.6124811938340033
5629,-0.11117138184175268,-0.060445595952288156,-0.13909154806344415
5630,0.14195978842542112,0.08494874745652248,-5.172021827126727e-05
5631,0.21559302817560622,0.17923948291775815,0.2840516310672381
5632,0.07237504440090636,-0.01168996064301131,-0.1395241708700531
5633,-0.12307164345665944,-0.1395536268336901,-0.20336390897396694
5634,0.06708737942458409,0.08628873033337103,0.057577898148646556
5635,0.042876950306452555,0.03283075283058179,-0.16162267485278614
5636,-0.065835117227237,-0.010013239360385673,-0.08599672757890364
5637,-0.12955588761862713,-0.06082304864112709,-0.19905672581513145
5638,0.39827388680531506,0.24098974931965111,0.18492533361177044
5639,0.27497138491222706,0.28019884982381194,0.20863585922121852
5640,0.49047431443919964,0.47627793871145285,0.8074400020945245
5641,0.4729807417778291,0.35907623452548276,0.18950620371884996
5642,0.7012883433472084,0.4526873402342928,0.7360143925716769
5643,0.5444877135629183,0.4131222271268111,0.20694751682583612
5644,0.1805797923217225,0.13808273877694566,0.08024516168632534
5645,1.0620654545004604,0.8094151428052441,1.0849625565222247
5646,0.46267924128672266,0.3859854369647917,0.26484998509221547
5647,0.189035223676143,0.05916842614369777,0.031768290215620665
5648,0.2605310712345361,0.2826612486071878,0.196227196139652
5649,-0.07418992412487735,-0.06071151261608232,-0.10192502046090846
5650,0.29641301857786173,0.4379269518653923,0.22224495181422732
5651,0.19771082609662738,0.11691739904241949,0.17247097554883695
5652,-0.08739483923452684,-0.09237715749116027,0.08272493012611482
5653,0.7020271225436903,0.6349356397583124,0.5514169879134225
5654,0.5714637721134488,0.29035977712257255,0.5856796522775589
5655,0.27315371229532315,0.27145060941700216,0.16691713309929668
5656,-0.09695963721821055,-0.04279483426952402,-0.11088320018064468
5657,0.27264677520622316,0.3061480071744651,0.12780047503121517
5658,0.3414541796907038,0.44047468034896453,0.24952032903123444
5659,0.6149307065203014,0.49314568179928164,0.7472724515732481
5660,0.2751494332086104,0.13187286298077128,0.111808250762647
5661,-0.05154955383754456,-0.015127866106523169,-0.003505139345227115
5662,0.7520518317879448,0.7796092831016936,0.7051692826325746
5663,0.29510749467421804,0.28397421861546657,0.026590643135391057
5664,0.15451217506093662,0.005150969637363945,-0.10694499831287663
5665,-0.046010406374311086,-0.0061838631757208384,-0.12281798741395611
5666,0.3786508160046935,0.18755787093417942,0.1739166162179362
5667,-0.16494558377739266,-0.20505049518195329,-0.22971636113512317
5668,0.20053637522686896,0.22716265723893714,0.2534521418042439
5669,0.5845688271041198,0.47563405599486464,0.2960196960630346
5670,-0.14334700636982478,-0.11657638938709292,-0.11543400776615764
5671,0.25312468196514515,0.18857205544320665,0.5547734497849743
5672,0.14270693257593958,0.12256025377196633,0.3588473949860713
5673,0.3846149965900747,0.3890254870140475,0.21654302827055694
5674,-0.11110498170128313,-0.10910361516126243,-0.18407094164503635
5675,0.3562918020869945,0.08319692547389268,0.11420587286490691
5676,-0.10806422356881906,-0.0763717486123856,-0.1775646716499768
5677,0.036025295972251126,0.002225778640753795,0.01750063240343369
5678,-0.06376084897388679,-0.05591846860395411,-0.10816771928098701
5679,0.7267504929601709,0.7462725305790086,0.5504466995780388
5680,0.3450349759517466,0.23878181701613022,0.30714391208497926
5681,0.7816794022854083,0.4018337642848284,0.4085397791121814
5682,0.23633226199755164,0.28408390664829675,0.0080891865278796
5683,0.7646711190719078,0.37174853949718933,0.4351967827549279
5684,-0.05726135642553132,-0.01430490492700065,-0.09181898491962903
5685,-0.15387512925723068,-0.15967930686886045,-0.1659857862469457
5686,-0.013524315639922624,-0.08754419236849298,0.17048665739926405
5687,0.24919803672093854,0.11215210701633116,0.2835993397124488
5688,-0.07561044181781529,-0.0126219935868771,-0.28219102505928484
5689,0.02367885798012459,0.09942707371823545,-0.07882046494295669
5690,0.13761209034737787,0.14031882285607278,-0.01920127618063494
5691,0.6443536926505775,0.40232617577387164,0.5813402446962763
5692,0.2235476738051505,0.21239890766087988,0.23600641781095866
5693,0.19365739592982645,0.23713658702841522,0.08741182192819541
5694,0.36789524746017044,0.21245444841287364,0.4252813765759744
5695,0.10109775975333402,0.09757575245286287,0.16831424712385967
5696,0.176501444143929,0.016868903159571014,0.5611174910293122
5697,-0.02603292450342065,0.049761197080609776,-0.1533804691118531
5698,-0.06368509048320903,-0.06310780348832201,-0.038789395165727325
5699,0.08349207439243189,-0.01023109286344892,0.026196208044195757
5700,0.013974427946222168,0.0038469859312029175,0.05270762673718532
5701,-0.07225773808766067,-0.06514016752697183,-0.12153674836231121
5702,0.8190892718891443,0.5352726399026642,1.0960418227362791
5703,0.020443209808284957,0.0677107622947346,0.03552780304154379
5704,0.2704630972679478,0.26532211660480165,0.12399124136550954
5705,-0.14768062459362363,-0.1640309561435288,-0.24515598993094567
5706,-0.19675652336957672,-0.1545836381411737,-0.21209934882726467
5707,0.28277533489160245,0.1870218609300187,0.2502573471744185
5708,0.4263074819341117,0.3258952426632582,-0.012894386010613434
5709,0.2968826633623354,0.21807471836692827,0.06278356954873066
5710,1.1637752362852902,1.3110297441695886,1.2032693961016077
5711,0.795251908367363,0.6105311128953024,0.4861860179676858
5712,0.39128670185414727,0.3539369228647409,0.18295837016219618
5713,0.9219830841726884,0.5395615540793139,0.8702460047075693
5714,0.39123628458663817,0.4525842845670416,0.12489531721821256
5715,0.7968647945347758,0.452021161389875,0.7262266790364265
5716,0.6065395312596289,0.3518431142127503,0.08312614042996458
5717,0.6152633355609647,0.6465852978013871,0.6061053683637814
5718,0.1688634414795256,0.1852883974054238,0.33437973065592974
5719,0.48734033203331295,0.31366603446384733,0.37513560437173576
5720,0.3941570277334947,0.3250875454011437,0.5604117049423081
5721,0.0274411126745584,-0.009709807205291354,-0.03144329623000386
5722,0.579363401135828,0.38266454867832667,0.385009321722132
5723,-0.1540831278200926,-0.10989595936978114,-0.2190483650785524
5724,0.8491626550676266,0.706908774420127,0.9431750613074836
5725,0.2373822791333613,0.39026226787135787,0.1563190114769113
5726,-0.1536752320167113,-0.13245965152125294,-0.20006422330395668
5727,-0.14245021424628102,-0.11158868244551623,-0.16279233290369555
5728,0.5836229078558619,0.4656470166749278,0.7088295856510631
5729,0.855499508875408,0.8076938842511372,0.8238320025800052
5730,0.3804629220458615,0.4280408347666822,0.4124897073543736
5731,0.7431701866667135,0.7973564919395606,0.7239189042090874
5732,0.1088917200883659,0.09677006725376613,-0.033921801496030635
5733,0.36778710418764704,0.2765017487880923,0.22380512916979822
5734,0.2452500590199589,0.2339704678271486,0.2843633773922216
5735,0.6546268890103706,0.36983806401306274,0.8201727541245258
5736,0.5118780717605131,0.3511742262564883,0.47031815971355373
5737,-0.2206629758787395,-0.13837154820105335,-0.24291223851889465
5738,0.41627256995417805,0.37935592220314196,0.46485165637601145
5739,0.10595698203328308,0.1033735431510987,0.13366207505037808
5740,0.4823177870855193,0.4022289607257221,0.23157454341606498
5741,0.7323486919069038,0.7754806302526316,1.216295788749333
5742,0.17932913701279984,0.1233024059082597,0.2782087045782602
5743,0.9153317575052664,0.7468723496639593,1.0774376308083546
5744,0.23424658972843915,-0.03637867325150956,-0.006091645367970799
5745,0.23497037611201832,0.25074937113568185,0.2498764317374802
5746,0.46613512034762206,0.31573847404566613,0.6385116167532345
5747,-0.044572876312280685,0.00015346303109731174,-0.09993956775572921
5748,0.31519407198061367,0.2821191685199431,0.02206598241765656
5749,0.23187745910344493,0.1092933826863951,0.24465214225893717
5750,0.0064878171409463725,0.0058045513937936555,-0.03874353643298556
5751,-0.06089748919421356,0.002713998643238069,-0.010992126173411387
5752,0.28528936351813705,0.17418101456269763,0.19829773084750246
5753,0.37763209305613765,0.1901206655230825,0.4137066711098343
5754,0.226862131876439,0.1614702366207763,0.23452858973812263
5755,-0.133358035524333,-0.09176983219698309,-0.1468589350357613
5756,0.4828857628508132,0.5375945288430661,0.09531521982607782
5757,0.2741752260545811,0.143358889916247,0.10123851296224795
5758,0.23306769182395404,0.416730710956021,0.2546637021912592
5759,0.3651536304737244,0.22218902311196675,0.24609715490982498
5760,0.16618478387336855,0.13585299513506,0.026682164480451576
5761,0.0630386169576651,0.08813975438751442,0.15954552598659966
5762,0.504087967404194,0.48711550432847095,0.381866599793532
5763,0.31347534802423427,0.3644109208160775,0.0773242231228688
5764,0.3578009411963454,0.2554211960698909,0.2525767430919921
5765,0.3162166245137692,0.29431179301691324,0.20128152432335034
5766,0.19678618233153156,0.11908607148067518,-0.05667086425627288
5767,0.15662108921293938,0.09426376251325719,0.06787739182442176
5768,0.3863920236818139,0.2557918182108656,0.4499526316577056
5769,-0.04025137043157101,-0.012104606648834615,-0.046912334316415394
5770,0.3800671018745936,0.3390132143133755,0.200407589534787
5771,0.25458857945506086,0.2281938882214518,0.2957753663397782
5772,0.6994601320727765,0.7203622628207356,0.8306200152147898
5773,0.04969629283033172,0.25004986344999347,-0.011640738454784638
5774,0.569750092209758,0.5002861839182935,0.315757123761363
5775,0.2969364268487733,0.25738044460793663,0.18435001499728765
5776,0.5306090693916286,0.5359765159969132,0.33806647235407006
5777,0.014342787473539342,-0.035036039545710995,-0.19394595634577483
5778,0.5332643451227697,0.4378476884502758,0.41699466523175865
5779,0.4892032849270014,0.31199349334852444,0.5797861871917285
5780,0.3416488061882317,0.22107154618058256,0.36139253585684794
5781,0.27420278133809495,0.26788347316178607,0.08319076774418588
5782,-0.06278778313588185,0.01622563375625452,-0.08968293114433457
5783,0.4630404832178878,0.320508687270012,0.32820050588641503
5784,0.17912322555795757,0.1539054274735432,0.12152986223148465
5785,0.399534322268005,0.3102112888757502,-0.05772921807569997
5786,-0.0069344504290171916,-0.02653181752283318,0.09203351877862831
5787,0.1909733771693174,0.1104189890846563,0.08569815920863322
5788,0.16591181366233432,0.08158374403213431,0.0014894261352007554
5789,0.3538906729500513,0.34447169185058835,0.21167014134178674
5790,0.4311615142260441,0.5517379138353005,0.3654606406742802
5791,0.23133505497872897,0.2339750379129939,-0.019218886089578113
5792,0.033909289674562526,-0.03724257908365247,-0.18165502671497102
5793,0.3860045179866929,0.3915417145802733,0.30047790395596685
5794,0.352498345356943,0.1288935015860022,0.24734249159100785
5795,-0.11193226527507516,-0.07790585814512929,-0.14306265822323638
5796,0.14586884065710448,0.16856565441421556,0.089441728969885
5797,0.1717529110166025,0.34579793450675345,0.059152665113176184
5798,0.6869791264565923,0.5959298160205035,0.3108148173962253
5799,0.06828465414191731,0.045624075222846505,0.21998365435052425
5800,-0.06294387887977504,-0.07607297064933827,-0.039630610092859064
5801,0.33971352163258817,0.23613318318798648,0.42543038821532697
5802,0.10626918319209544,0.013085919855147843,0.07243738267541522
5803,0.585823845101052,0.6211192099293137,0.21938179604417485
5804,-0.07981674451182286,-0.06868091189308534,-0.04228803210900123
5805,-0.18107505745192287,-0.15096908293803823,-0.10918653060422623
5806,0.06913257162881159,0.030431888156809972,0.14978026679021417
5807,-0.1901258423675125,-0.169477084142866,-0.2575126185532778
5808,-0.23178023331801434,-0.2050100549001137,-0.25666296687905465
5809,0.3488318086473845,0.30938278339551606,0.25350736468360013
5810,0.10509028248903185,0.0676757167425448,0.2064101614194136
5811,0.11695401858080046,0.07914837381314221,0.30249766948374845
5812,0.7004515790650576,0.5509093305562189,0.918024823416032
5813,0.26883850908358164,0.20307193559741044,0.2576414807042069
5814,0.3145597984589086,0.1592096490356898,0.4118929608820521
5815,0.15988739489941706,0.19956256371257508,0.2325574939942816
5816,0.37216911742031744,0.28154732711313546,0.4353839877624124
5817,-0.16221018646896357,-0.14358267929586066,-0.20755230715944795
5818,0.20764601892959078,0.27187345912940963,0.12540622578960336
5819,-0.19617507369306364,-0.17478699073250892,-0.22587807939048843
5820,0.3131756074186671,0.19920197014967567,0.1902738587251711
5821,0.5003681627139702,0.5580148190892593,0.6858230682295894
5822,0.4088654422497904,0.4480429298340911,0.2902110293270006
5823,0.42789775708244204,0.28533516607782805,0.04149264698088739
5824,-0.10730003943286559,-0.11103826357457025,-0.19838173388721558
5825,0.386989212016297,0.2344700969007687,0.08201663605611165
5826,0.9215304575575944,0.9004644124782444,1.1687798815184411
5827,0.9752565968713958,0.7242234656277484,0.8994688288521511
5828,0.8546826995995318,0.837998439511495,0.8863691660087383
5829,-0.06564145230344987,0.010237448220459688,-0.03125488963697243
5830,0.4750475317614864,0.4769696144622284,0.3696761357097291
5831,0.14366736307211725,0.13823559740565972,0.14666053409985924
5832,0.45998999084751224,0.37437329874783143,0.5012266807695627
5833,0.21732061352209908,0.2529290127054149,0.26051584862929156
5834,0.5563011689236272,0.7565362835172567,0.5585074231851042
5835,0.3368288394693191,0.3680815307804344,0.26928590064158064
5836,0.028920832466880375,0.041118177382968524,-0.021486897735431
5837,0.19211465012605267,0.3904278035152273,0.23653693458642255
5838,-0.10133356037376229,-0.1244702420466901,-0.10477515325139419
5839,0.05961848465286712,0.04838022544665699,-0.006979486314297345
5840,0.7619756097984094,0.5899164515327819,0.8457324902013734
5841,0.5864836310636983,0.6022857631548468,0.4324951745161074
5842,0.3665442646717465,0.45872125928203467,0.27093050245966777
5843,0.14384740048303457,0.09784306518437269,0.45840959511266566
5844,0.440515695542661,0.3993560211599756,0.25773932138893274
5845,0.19822837074632704,0.17624264261061984,0.2512435228965215
5846,0.9449998847183227,0.7434244145407352,0.9667278549890641
5847,0.5020980856910893,0.5502221644287659,0.7565046311329657
5848,-0.07339834101773468,0.014432831799617185,-0.10051624404432069
5849,-0.0633125576530893,-0.0697590714708497,-0.09700956633466318
5850,-0.09054217530798903,-0.09407450808610518,-0.16078346439439484
5851,-0.2505311456446835,-0.20483338249619198,-0.13796819324852883
5852,0.21383348615046094,0.2356309812646631,0.2751537748431727
5853,-0.13222929779179937,-0.10989018205381618,-0.07578710577900316
5854,-0.22422149608063235,-0.24379035041100294,-0.25448229206931505
5855,0.12192428666080146,0.3316569058909882,0.1538396896480796
5856,0.5811527833966255,0.32553715098913916,0.5067506560586621
5857,0.8115930178701514,0.9651627107959182,1.051879212384235
5858,0.3975567020052302,0.2541869308219702,0.04151057969223282
5859,0.08456734851221936,0.08180068566995136,-0.03243623417780228
5860,0.6894526511885992,0.6295386766169528,0.2480683514634745
5861,-0.10974513351733828,-0.05568105740554463,-0.21121564727762077
5862,-0.13450551263884447,-0.0650197463950497,-0.02516887499854137
5863,0.6364605174182301,0.4314057468419561,0.46889445911745486
5864,0.9930519817473158,1.0325898123073318,1.49023682019934
5865,0.10353716761409748,0.11327908460455638,-0.015494980718367635
5866,-0.09450723831662322,-0.10773362449840518,-0.1770144198561573
5867,0.1507460581492277,0.06106528027591973,0.36081927367191535
5868,0.164896950294654,0.14090049059120502,0.35694332827949604
5869,0.4993042483501646,1.0344083758153886,0.8708037752901026
5870,0.16395718483605481,0.12670945714620419,0.19930444983965234
5871,0.1884551899794844,0.12885674046323392,0.3391687909382768
5872,-0.12163868840930692,-0.11480533024265405,-0.05728536711571741
5873,0.38782854734867156,0.4424535460675021,0.3482255894430053
5874,0.18597884456471903,0.22264773746574829,0.1270266320717246
5875,-0.04175903437823647,-0.02763113913538895,-0.05419244185908911
5876,0.21327328451065042,0.417024088172371,0.3985387860981551
5877,0.4833116265093371,0.3560935920170918,0.3035553599687455
5878,0.41576231647936623,0.31207383307195324,0.17214634597776546
5879,0.028836127286493207,0.008782094255493478,0.17104105220529808
5880,0.19864456122205176,0.03608461310182465,0.25609536271578603
5881,0.17081860661868187,0.055082095423073074,0.3631145004184293
5882,0.09155782449306415,0.1026984430800586,0.05780995429226832
5883,0.3596331710502845,0.16693336009700155,0.110559109122224
5884,-0.0571267692145494,-0.0770242271722752,-0.15331873301533538
5885,0.3402434120432778,0.15714124438258703,0.06093179862098741
5886,0.24391922262272359,0.2826118459675482,0.164611486393196
5887,0.7057068681072622,0.7423248310255857,0.9311720756176902
5888,0.24645282873772012,0.15742610976683813,0.0806162929319496
5889,0.06740875433190907,0.02640988500828345,0.20888639790955077
5890,0.2594762294079611,0.23902800138659197,0.09208673919380606
5891,0.7040205117117813,0.5952496757931802,0.4203870911397576
5892,0.02955885820937887,0.025076275851088736,-0.005333719619868282
5893,0.07774902291818808,0.07148343791494183,0.2369483115855544
5894,0.8027268410422841,0.8106105490965596,1.2391340361891685
5895,0.1628689134300143,0.34666179897488436,0.13857060511579555
5896,0.4421052831686576,0.3999265296179366,0.07835518366486616
5897,0.21750029408975968,0.052343056841088975,0.243146619600082
5898,-0.08142171388985031,0.015678451796021342,-0.032879241639118484
5899,-0.07578232598872003,-0.05022089016321152,-0.11006697892422901
5900,0.18488668671939923,0.11713635339173112,0.32081597120359984
5901,-0.10440780752028256,-0.09039294212395643,-0.12166572844703505
5902,-0.07623315806238906,-2.2055435363377285e-05,-0.010334393601229341
5903,0.47688602909048416,0.2768998692864266,0.763786748094351
5904,-0.11007246641190616,-0.08959751952641248,-0.10241222975748354
5905,0.2736383101677622,0.31637460620335967,0.21950227163497504
5906,0.2912116680256638,0.12105262003717332,0.2117152850662123
5907,0.5992202331791283,0.5985813386023746,0.37727858404856285
5908,0.12767225368534096,0.13646161625618802,0.22338055104146148
5909,0.07745335843105461,0.0445354824221762,0.18073488601004506
5910,0.10147671051940854,-0.03866155953187633,-0.161455980751942
5911,0.9271034347455678,0.6935373822607351,0.6691454522042108
5912,0.697400241239506,0.43754501426146253,0.7123907383288717
5913,0.8481955437057696,0.5824935945504663,0.6101967927148306
5914,0.5843568103356584,0.49076998386281523,0.7531423216085784
5915,0.0372127246538414,0.07299215117060553,0.0016389420978852876
5916,0.7881372684688712,0.7471007683850099,1.1720692624892246
5917,-0.060627702146839435,-0.0013716208035419175,-0.1104324505212132
5918,-0.2425906007992994,-0.1866270928202025,-0.2434984824317986
5919,-0.07434970026527643,-0.08370661202252128,-0.1129862504302993
5920,0.1104336611220249,0.026010488594408576,0.21225108096631384
5921,-0.07572764313931934,-0.02641857547083437,-0.09905922227779518
5922,0.5084974552737629,0.262601741141576,0.07783935654166196
5923,0.07295288548707157,0.11974025242117659,0.07300345396631713
5924,0.877645221368665,0.6092867668546589,0.5285445262488122
5925,-0.024576652099132623,-0.00017416090622024427,-0.12269189219877163
5926,-0.01585499269501689,-0.03717245151041415,-0.10490633106865166
5927,-0.030988665652161518,-0.04139696757582745,0.05885511998065107
5928,0.8220641376994562,0.8721160562645918,1.2211714884938765
5929,0.40814562770066765,0.2439431628211246,0.29574896992567923
5930,-0.11399589643577446,-0.09311508114107214,-0.10995414154738958
5931,0.3797001529677999,0.4230021069687169,0.20212031288881782
5932,0.4040516296572596,0.4526595898272656,0.4160580928285489
5933,0.6289989095004078,0.3314992345613157,0.8326870216897262
5934,0.12580111824075346,0.027071917113015598,0.31299268112435485
5935,0.264343815464571,0.1337851402354313,0.17719219897588934
5936,0.7617089253650526,0.756727360390653,0.2943185052691
5937,0.025830470774389713,0.1939277150686607,0.16335369079822648
5938,0.1772540598972876,0.15215739762234493,0.044094232722721616
5939,0.9449083252470083,0.7678258276241925,1.2673862788828787
5940,0.5244924350157123,0.34207547088405055,0.35855300442940385
5941,0.3893202857570337,0.2790827608793982,0.5388424275356518
5942,-0.20069499269863278,-0.17221388132280824,-0.17476131435613684
5943,0.2781050952145112,0.3291370626147361,0.27569671775288995
5944,0.8831617139232946,0.675502684185521,1.0354435840873926
5945,0.9080629333165502,0.9398587505965867,1.2903207370896532
5946,0.29963195224168593,0.24393978188473797,0.6259377279460387
5947,-0.1428839414814771,-0.13995606978945851,-0.2339296248372411
5948,0.22636204061550802,0.3699914427031159,0.3382856686270621
5949,0.47954832755718857,0.2391348844123049,0.32910635976165303
5950,-0.04997796477648875,0.02016161862452126,-0.03183854232770944
5951,0.23779793521016135,0.04950995719593987,0.13592300773790456
5952,0.019863666059814156,0.013358242455841607,-0.09813160880967076
5953,0.7038007941854745,0.6813453370660079,0.8911070298628352
5954,0.43604007106551324,0.4114253441781388,0.1190201940188289
5955,0.25428853986039845,0.20345027326796794,-0.0366394802010801
5956,0.46476010370300425,0.20052304047522007,0.16262750779228718
5957,0.8693091406535376,0.5434878568834611,0.9989790422157265
5958,0.7861922937514936,0.5717095077879295,0.8562685001319297
5959,0.3440475099832303,0.24983630646074206,0.3155699669417684
5960,0.008875952054592684,0.04731825750530971,0.024751892323690017
5961,0.19550032069549306,0.10962828459692942,0.09102016834078364
5962,0.18493237935025664,0.24743907288574607,0.15744140354777536
5963,-0.0893805118416039,-0.06561919598974242,-0.16312040870884814
5964,-0.08658956066830148,-0.0756054218651192,-0.1327759920404069
5965,0.8637141827000345,0.863070905572876,0.8321724366892858
5966,-0.07804856899234736,-0.051362179204346825,-0.17319290086494898
5967,0.3328261965391568,0.17146504323867062,0.37625843405502946
5968,0.35466045695826764,0.2556692000531464,0.2666148623838358
5969,0.0645490936798847,0.022332850139130223,0.24345535437596433
5970,-0.05671805084096637,-0.07265171113086122,-0.12003569910624823
5971,0.22877510549011415,0.2187696134843471,0.19479028443340574
5972,0.16903424152114566,0.3173143610460336,0.02789076722547512
5973,0.26839541622564833,0.1738347128248614,0.16608564492781608
5974,0.12060434655584684,0.1183847591651892,0.056943924165552495
5975,0.18179613968147357,0.1538545353057097,0.037422609154193154
5976,-0.024547177733361458,0.005192219804146747,-0.12733052288989555
5977,0.1044688885909062,0.04346052628686059,0.2488471868651394
5978,0.1528457221282311,0.10268718307065283,0.05446582028588032
5979,-0.03713111624638088,0.05764556006325039,-0.013827298787053355
5980,0.32490402938670937,0.22880645499888974,-0.05862912708191137
5981,0.37239980601809,0.35933607155490077,0.47051180216575594
5982,0.6258051167185887,0.45472961953163593,0.5106608824115741
5983,-0.026563979558123174,0.0242326424301178,-0.007234878858027538
5984,0.12176948948180333,0.12681307687459342,0.06684006961175504
5985,0.02510457216968076,0.0313383759516066,0.2166726983917513
5986,-0.11252274199589574,-0.06089506069791517,-0.21744809674568233
5987,0.31012149216527196,0.2781493033979321,0.2620744640076671
5988,0.13871592074342254,0.08798354617037818,0.3458836317462233
5989,0.7527973934726211,0.7591062012725467,0.8308177710852418
5990,0.14663414752503612,0.04929175530658991,0.055461213005763454
5991,-0.10083278019590192,-0.08985152279535191,-0.12863635921407468
5992,0.4398526292894862,0.31191255897358117,0.4993489905318891
5993,-0.1387702461383078,-0.044685851990119985,-0.21092839316231937
5994,-0.17353455743389223,-0.16487375029045226,-0.19244513192041846
5995,0.6839005841699668,0.535591864268834,0.765205892696218
5996,0.24135326603619256,0.1740893518883755,0.16029330279497422
5997,-0.005778738584937604,0.07278870952290406,0.0022214145805152796
5998,0.28916191495146304,0.3623851859885665,0.31489110134027043
5999,0.36626253989480606,0.40302397954671476,0.05111699285750815
6000,-0.02388094239261629,-0.0048438621747634025,-0.04792252348252979
6001,0.6393425351457811,0.43033433892520834,0.22532613932584367
6002,0.35562588851825105,0.30550205611774284,0.24802505114201856
6003,0.09135213268473596,0.0700531652625287,0.1532015635231916
6004,0.180046665377388,0.03410790036457012,0.09732299105738451
6005,0.1844764771064229,0.16535334692446546,0.2159210267314422
6006,-0.20540600484041682,-0.1688385886757896,-0.27690594803081814
6007,0.04145081774548909,0.049675746215283256,-0.04128239961015934
6008,0.3374450859185385,0.24350827995806656,0.08844330436461045
6009,0.26192796505946325,0.21604895344390052,0.12245117415169493
6010,0.2962592933119059,0.1369770153670351,0.19014135841535307
6011,0.45447172696385074,0.4877613762359432,0.3174738770538328
6012,0.7725818500531119,0.5842666759717254,1.089205358894345
6013,-0.14240827930614353,-0.10930755346491272,-0.22620469618659833
6014,0.21945401738514714,0.19519515052772607,0.21746140260863345
6015,0.19383947698035553,0.1259137059914126,0.23804732656387495
6016,0.34525665702953456,0.3304761224560251,0.27115151442627417
6017,0.3366333580474281,0.3861043156922759,-0.039561732410624106
6018,0.08949935479966609,0.07801081465227533,0.08851601262115572
6019,-0.20698425366162332,-0.15557027119252387,-0.27084917009728326
6020,0.20841237882531627,0.30069450851691504,0.4324881435405834
6021,0.19591234690678871,0.19121758734101668,0.4658983795409304
6022,0.8046642527007162,0.6173222933414044,0.9673700608595035
6023,0.892451820840211,0.6692229023365657,0.7698862428118898
6024,0.21341180926247394,0.17312149966874868,-0.014365400840279818
6025,0.2931778319918483,0.23073710333077035,0.44712791120191797
6026,-0.09685175754679154,-0.083746119118148,-0.16015302007147514
6027,0.6087517708445207,0.3993832789046394,0.39414313970264137
6028,1.0435210253082619,1.1095379705061217,1.0764758044823668
6029,0.7280441262882371,0.6643712697228021,0.7700837424366811
6030,0.16221329949446117,0.17983186472872914,0.12279318743733447
6031,0.6841566054551154,0.517829525848539,0.9487101794096171
6032,0.5203361971381655,0.36010461690584505,0.41176650512767177
6033,0.2666400643532678,0.36954614025648413,0.11900228635814436
6034,0.4439811696260252,0.3914890108502176,0.6953708050732001
6035,-0.09650960119744978,-0.09371108900607805,-0.2229884503195232
6036,-0.06649467913036744,-0.024699358422512585,-0.05863530254172633
6037,0.5435569938956086,0.49132933380651833,0.42830328450491906
6038,0.21339830234424673,0.2997224357087491,0.30149142585213795
6039,0.13898226823786808,0.03631521595282994,-0.012724839000868626
6040,0.4370082838690206,0.6613502875647295,0.3967949904139778
6041,0.8199827410057776,0.6148328992174588,0.7348525388989717
6042,0.20146488864535295,0.08443659297886352,0.16504047331161265
6043,-0.04646062389776695,-0.020193063930802446,-0.09242085944186829
6044,-0.0033731294930573474,0.06233575063801733,-0.035781940177652904
6045,0.44000287872479227,0.34170817270187004,0.8045191309619204
6046,0.22661036408335344,0.1697052231431848,0.029091032595961464
6047,1.0123645055666528,0.8802204969978991,1.4085589788948227
6048,0.09757341500811911,-0.04798685471632291,-0.014438425509977093
6049,0.5610351262365427,0.5228865043796749,0.5109467795477851
6050,0.5692599930265918,0.47230540682532096,0.3804387609284643
6051,0.31696674833754424,0.3888423290044756,0.0247102254993119
6052,0.1885105322091949,0.17374928185353822,0.36754543132895967
6053,0.07765300646137208,-0.02821540021222091,0.09993508160090658
6054,0.4538115975305079,0.21738115152460713,0.28526748768186794
6055,-0.18193076699175204,-0.10579818176134359,-0.1558971320646363
6056,0.391521975413921,0.264161402331611,0.1065963836665258
6057,0.04670228245675889,0.062022565963710585,-0.026516241168702548
6058,0.2511176242066375,0.21686909041414792,0.173055519720565
6059,0.40797474765955344,0.46745071701335794,0.33115840246100015
6060,-0.10141224384552827,-0.02146912277322577,-0.044723662855035595
6061,0.2447632209043027,0.36179517479034895,0.24656493545086744
6062,0.32513529217437376,0.38864434074266807,0.46150608085053246
6063,-0.06061774333798764,-0.045577988681397175,-0.16135510925888186
6064,0.8976028419522952,0.8497456959825098,0.9638887571799029
6065,0.01448706074036954,0.040877640872768684,-0.02872877404810803
6066,0.5731613297099307,0.4951649638827018,0.5306543555795189
6067,-0.0383186324351209,0.0841390029489677,-0.06744066579346764
6068,0.27559079115110396,0.23531288031265807,0.18894372781407087
6069,-0.11616665810112814,-0.07488066094333079,-0.17793442244463786
6070,0.5619763282060355,0.311878686311466,0.6737645084534165
6071,0.2566134752168232,0.20277338299870484,0.16298526078908027
6072,-0.07028197941273417,-0.055607011288406505,-0.12282403848778256
6073,0.24408073946530817,0.09106150163619664,0.230212139549554
6074,-0.15549744245203556,-0.12292649148987322,-0.16388527992348012
6075,0.28160815799673644,0.3231374635190718,0.24134437834703326
6076,-0.1063330695294763,-0.12589819491843224,-0.1669527596323963
6077,0.10601453079672418,0.04764047272495642,0.31592312205550144
6078,0.30711328706343743,0.3383011297648726,0.5798187794798326
6079,-0.07117067008850309,-0.008363281964122948,-0.07126006142429164
6080,0.11932898274742931,0.11638077088467869,0.1533853741216511
6081,0.6955366010590487,0.39873299791978156,0.38222450681561315
6082,0.10117519048447932,0.16577308256624335,0.11964813733702906
6083,-0.014635411314658286,-0.0033205108300498054,-0.08165081392968387
6084,0.7896378063580523,0.4141276160482368,0.8706386564809403
6085,0.6782854647750016,0.585372640625859,0.7329886163788242
6086,-0.05410169913821372,-0.026350872868768693,0.04827967375236675
6087,-0.1294937447547453,-0.08997485583637121,-0.14760595982925517
6088,0.5355822146910882,0.34006405199012146,0.4025611589027591
6089,-0.1964290436388596,-0.19686754577581012,-0.20533691137911347
6090,0.5094039793922351,0.5384624186158655,0.8464911080347197
6091,-0.16999000612684045,-0.13498512862790124,-0.13102411825438987
6092,0.14817891229375224,0.09208211558105606,0.17459196933347965
6093,0.23397877445540582,0.18612209877801367,0.40528142393529754
6094,0.5997071367841289,0.3489015715728936,0.4607704331092539
6095,0.7486777123797768,0.5093159546534922,0.5563482721424347
6096,0.21685646165665173,0.19184854177029909,0.009215390849266702
6097,0.2521343322151888,0.20092579047313452,0.5246847144860873
6098,-0.18069833732110518,-0.11706891915299211,-0.18988848260087965
6099,0.5747895446053528,0.27683309891514774,0.6564266282646376
6100,0.2133806658410966,0.1462097304509815,0.1153202586174984
6101,0.7966346589444677,0.7878381401212877,0.797177559048587
6102,-0.11414863611120607,-0.03202323137665597,-0.14288071868515273
6103,0.21157223582291151,0.09300716950312471,-0.03923724055374733
6104,0.299976308464063,0.40775296170344033,0.3492692168968654
6105,-0.021505452839707062,-0.07301346805400255,-0.05874887325068845
6106,0.6798864002102634,0.5379862901782568,0.7420431847008824
6107,0.37062359583403115,0.3770851264938233,0.515163095943151
6108,0.7189051544368685,0.5692531126691107,0.8145905150094781
6109,0.02627834596798606,0.056509816204723284,-0.040180617924784334
6110,-0.14955556847091156,-0.1345905122631934,-0.11230432632092446
6111,-0.08931147951460627,-0.09997796123681346,-0.0762827219591351
6112,0.07857103633843265,0.06959544366771597,0.14684644979062256
6113,-0.17317469377139716,-0.1665116813073051,-0.20319222295223216
6114,0.27090689706648385,0.17785827921327457,0.3233057957438954
6115,0.31750926506355626,0.16200800754227274,0.27856684954673505
6116,0.31747277745403846,0.4295357352646141,0.18642532014587654
6117,-0.03088327404312119,0.04652616071557292,0.019078470764768207
6118,-0.1224377804340534,-0.12240666025460134,-0.0935810908267426
6119,0.027980825037331236,0.050590259761487344,0.131522281826278
6120,-0.04973850792107537,0.009833289110013466,-0.059719861058328716
6121,0.12446902599207266,0.07215799464368655,0.27879196529706496
6122,-0.03161369175525497,0.04169154899541527,-0.12842966640416031
6123,0.5973701354616241,0.3896708465090888,0.43134438349482296
6124,0.35161281957967194,0.30962508250994225,0.3845385819847491
6125,0.4427990742435737,0.31809315073284683,0.32990294731686265
6126,0.11998876819326099,0.026405606638614687,0.21016873365613487
6127,0.10616339204014458,0.07641049969369051,-0.051043365287689046
6128,0.05740432490934455,0.07293407277678288,0.013760075905987934
6129,-0.007647942509093175,-0.030315095182856355,-0.05986988387666747
6130,0.5016336382340734,0.3791345904579171,0.2588252812525955
6131,0.5000113581231289,0.4866933329763523,0.5843577223478151
6132,0.673256288289622,0.5144387500312131,0.6669260633050242
6133,-0.02409107351306894,-0.08229348531364866,0.13610028519390038
6134,-0.0681591968943942,-0.012082631438684932,-0.0041121331041436004
6135,0.12403769910149465,0.07128819958449273,0.13521429613952884
6136,0.08136992559299583,0.0741715330912176,-0.13085972355387043
6137,-0.07379426641888642,-0.03833063757311783,0.024629806885112293
6138,0.8097734415940734,0.41785682256369383,0.781334903567733
6139,-0.09424315285802021,-0.04215344450164915,-0.09429646999265862
6140,0.5072203973890459,0.469880157604061,0.36340651078109576
6141,-0.04413879807589671,-0.02008277785752899,-0.08225742995614393
6142,0.35446788178498956,0.20778948072998715,0.48010827895383956
6143,0.49906746259230306,0.6344982737827152,0.43658635253066524
6144,0.25166411609265116,0.08477399489325421,0.16439090639760634
6145,-0.05447180466885504,-0.09747787690964382,-0.08796084153759887
6146,0.11027593663477653,0.0735950568650543,0.07396170144655234
6147,0.7696477272187663,0.512183246369815,0.9232086407861793
6148,0.6515883071255744,0.5382097172635021,0.4973001096174403
6149,0.8819578451804106,0.8313245697126408,1.2531472666287695
6150,-0.05176937423279537,0.022535181612020505,-0.10092439881847048
6151,0.011298228495758789,-0.05632320678422564,0.044052484707645334
6152,0.8429378697241987,0.6650096775374459,1.002398898860204
6153,0.23694539220045874,0.1841895906872295,0.08433630639665446
6154,0.0312342444198217,0.1605293927958391,0.1981936769470536
6155,0.32857205971986625,0.4064848263645715,0.5449690826427374
6156,-0.21575332219394006,-0.20888592022795527,-0.18724304769511302
6157,0.0823396364957707,0.09285288964445648,0.07060252608255668
6158,0.10317032766407097,0.13627427956064375,0.45896199005308436
6159,0.09933592078097053,0.018581480590436295,0.05288885365187079
6160,-0.1727701563275642,-0.1490226934547173,-0.21339272826328204
6161,0.6793397958820924,0.7202723167330927,0.5593127033736929
6162,0.2186356593696921,0.14166621808904756,0.06660980037086373
6163,0.3988913578691726,0.21394521393354737,0.18959619602264555
6164,0.6877555736792595,0.42614761417911184,0.9461295148544577
6165,0.7441958012899104,0.7077243581016404,0.8961472614980204
6166,0.6318872246157803,0.4084098750595584,0.011072871712275223
6167,0.5115925192117088,0.33896337223274653,0.779766745816366
6168,0.2530971942254088,0.14389510981931752,0.11059837202120715
6169,-0.18335043286408348,-0.14774766400847372,-0.2597397187505057
6170,0.44484284149085207,0.44613183934899836,0.3765262984708979
6171,-0.11728850724965312,-0.055376536989093506,-0.10182108629507658
6172,0.034178990633877415,0.01624646447642797,0.019256979199368862
6173,0.8226377782484198,0.5352816622798577,0.9570510418266946
6174,0.5532337776595477,0.2577701234451446,0.45696402193955454
6175,0.4146831335783647,0.24483249951311192,0.4631150669721613
6176,0.4320189594688666,0.31271193250716256,0.2526708063289256
6177,0.36536811224655086,0.21239185060296228,0.3085360675256712
6178,0.6896764254565084,0.7418697915782899,0.5447159908024151
6179,0.2933159521609128,0.1505953797073467,0.4655286514287771
6180,0.382245133575011,0.40952215538077485,0.48298859740242905
6181,0.8677362466237823,0.8418837761070062,0.7014670979821038
6182,0.04008703821836379,0.023566463152884243,0.11663537010752334
6183,0.20385180820207993,0.18561751514221503,0.19099599393546063
6184,0.3672130973744454,0.30863713095202927,0.3026149115761556
6185,0.464247014983578,0.3982642331320856,0.28590758725106435
6186,-0.061372997956861575,-0.09383730475243646,-0.07833316102707377
6187,-0.017564421727672475,-0.03778161056979468,-0.0245725451700487
6188,0.46171023547971024,0.4634165104094625,0.14841604214828963
6189,0.33401175144894024,0.31292743309891424,0.19191821939027043
6190,0.5466272367599145,0.2761667926111371,0.16331710287507284
6191,0.20470524334187412,0.19029462275875186,0.32311673510624206
6192,-0.06709433921808783,0.04428053240542784,0.14764809851375382
6193,0.644525072875783,0.51464704426499,0.5771808425234366
6194,0.16759898074784219,0.19953677831066874,0.0798968958579831
6195,1.0121667301396973,0.956968027429324,1.38943170232292
6196,0.8323995768257897,0.663218541517621,1.0516200418189894
6197,0.9941892681350091,0.9515074491445794,0.5149188410023655
6198,0.18441777060793152,0.14700385898598833,0.14765817840818873
6199,0.11210018808095934,0.14258991564910972,0.07509912958776255
6200,0.8690659820904416,0.5949153748730203,0.6812528582246937
6201,0.37909777497175634,0.5277387160847817,0.21468399077408407
6202,0.5581963461789332,0.31871929996657267,0.6623263714185037
6203,0.35528325701541075,0.34306799922971853,0.11433590174608854
6204,0.503241955817437,0.27199125610070407,0.5872641875165348
6205,0.20216784941720967,0.13919751607883368,0.05070064710891642
6206,0.5821046655688331,0.5181377713119402,1.0123222883932859
6207,-0.01777651470172703,-0.008607834897915723,-0.11159719353781017
6208,0.6797245881093272,0.38343076241684027,0.7216307999218357
6209,0.0825022243821334,-0.006059346136963795,0.24330684879726427
6210,0.1818403362367893,0.322300622930928,0.12774205020612883
6211,0.43507781543974167,0.2234771665458406,0.3441402665768549
6212,0.6581707533422103,0.5190942806838903,0.370781833461056
6213,0.5766943140156426,0.3462844230579083,0.3607369150559241
6214,-0.09151407286810975,-0.0712465471782745,-0.11503922111358378
6215,0.21714604090626155,0.2592897789403046,-0.11802059818418364
6216,0.39769909052141483,0.4561327584565613,0.5085118550803547
6217,0.6852282413393853,0.5166970267591577,0.7920758952709075
6218,0.14979437392177375,-0.06250514907563309,-0.17656219582537525
6219,0.3042153455285761,0.4185629623389686,0.17346073526470862
6220,1.0388446311087587,1.066506556352139,1.5001137399510434
6221,0.45485941367845784,0.19344492137788416,0.42893090015948676
6222,0.38586692646773346,0.2500213870626178,0.2962687116482585
6223,0.7744501190897359,0.800680711324333,0.8619448019877372
6224,0.28827638329109817,0.25289548325184374,0.18078884549093588
6225,0.03874749413372136,-0.0006201839805334286,0.08867584455126254
6226,0.13095038893801458,0.1366358646650998,0.3029577308979001
6227,0.6185091021012115,0.4218072520506193,0.4022820568172947
6228,1.1175431097846955,1.0788882346049915,0.6363349861660121
6229,0.4888942320530856,0.3132000388410039,0.21503199139512574
6230,0.3989085000155468,0.1492442861888461,0.05138424391120355
6231,0.5367154125860096,0.4334438669257452,0.4555014966579878
6232,0.6128344770209824,0.5552827526063959,0.8082399956493427
6233,-0.14883723624428846,-0.11548594008257496,-0.1394671308495038
6234,0.02001080544441125,0.010309498320203003,0.10130533860305069
6235,0.6747581012750203,0.42801006600352176,0.4135522624096457
6236,0.04616917330506931,0.015808121286574606,0.14867877317589095
6237,0.2542751492109845,0.24181158040067063,0.04543475612247749
6238,0.620894262873297,0.36047478435975444,0.4199304695322066
6239,0.6085453370718397,0.4958913592533547,0.5439400044208675
6240,0.034145053247961465,0.06588501921528733,0.06560316250201215
6241,0.3608838550106348,0.39199198236658184,0.23757581340887235
6242,0.12955341408989152,0.19463076973228377,-0.06283834685541789
6243,0.31087702458154065,0.30020605234306363,0.2845381157850855
6244,-0.10939087383072621,-0.06805754082236437,-0.09558635266035309
6245,0.05259217089248791,0.16256058936628603,0.2986907112967523
6246,0.3666626613460662,0.26518324386507386,0.5189522381489178
6247,0.5006884439055448,0.6008069039515458,0.4283924007061133
6248,0.26691785707484206,0.31250286245990844,0.219401394153667
6249,-0.11156358944962397,-0.11043996715121018,-0.1042936326637518
6250,0.23675155440427242,0.15196586556612912,0.23697598605294923
6251,-0.010083214880947655,0.04340284405951644,0.030583326695079682
6252,0.392285102409194,0.16573012825040623,0.4587923006820913
6253,0.6975734597656931,0.6731029451966475,0.5526770169335806
6254,0.26183243401626743,0.13192283700201402,0.1174155371146326
6255,-0.1533178431994936,-0.1382909650323061,-0.23437582002019075
6256,-0.13972585126189496,-0.13183068830522549,-0.16219058288284027
6257,0.09574224697929745,-0.041860914156032325,0.31259151851135036
6258,0.8352384787913867,0.7132795837860597,0.9687316720361376
6259,0.3805675424094228,0.26927005217820343,0.15863436653295793
6260,0.4797005723900114,0.313555788762802,0.5163586160514051
6261,0.3992279291997298,0.32613509761461734,0.3121130498185336
6262,0.3202142591351085,0.23044967996128074,0.26668104466184794
6263,0.34217460708110337,0.3069085915244778,0.32262832295321986
6264,0.5177733891328629,0.2564795463427991,-0.022240726890312423
6265,0.11719104023580185,0.08377287648594645,0.037100508838493695
6266,0.1006419496598212,0.031842400850558006,0.3159634584406632
6267,-0.09900650486068319,-0.052363026089173204,-0.16940312005384983
6268,0.04296663427542957,0.03901845587074426,0.24039824145470812
6269,0.2468806078631971,0.1620888674771226,0.1711069306672237
6270,-0.07202925668065552,-0.07578670776394836,-0.10403365320451885
6271,0.6532696690057767,0.5054601405538597,0.8910721140786386
6272,0.3134192930537292,0.266100943166546,0.146812711993074
6273,0.25613980910745493,0.16808582815320627,0.19191605342219842
6274,-0.24087199820373517,-0.14611067066007732,-0.25908174340466916
6275,-0.07506289182228998,-0.05732853414048644,-0.08471686559425196
6276,0.2255636993732737,0.1899516339642151,0.14377507912654575
6277,0.4348947713094027,0.3456066649228753,0.3432268992330383
6278,0.1034392623106295,0.1334865627397046,0.10254110841828035
6279,0.30687128586837287,0.2348403376432351,0.12947501169234465
6280,0.6519321729757219,0.46538103895798555,0.7358233126074525
6281,-0.03724991846885939,-0.01655298605178379,-0.12330158815708048
6282,0.040380318885928856,0.04064805817972594,0.0051998169949947215
6283,-0.05224455542740358,-0.038607019949102095,-0.01287241508286574
6284,0.20650169031680066,0.06468668623579421,0.49794247762686017
6285,-0.09261945117726134,-0.010918951667355903,-0.12861840666305324
6286,0.007546128050968548,0.08209009176965876,-0.06019346366208567
6287,0.576100667113572,0.6615872648249257,0.3588163948640837
6288,-0.07494772121156845,-0.05483533938031637,-0.05014705235641548
6289,-0.1009954788695333,-0.06182097849449164,-0.22391001329384175
6290,0.31893909779789875,0.23654842263174913,0.2449738430488464
6291,-0.12834313912835515,-0.09019076551424465,-0.14425388444889797
6292,0.679059295502535,0.4342586994308206,0.5366375980336142
6293,0.036102452738757895,-0.03194339354392284,0.20133415015592115
6294,0.8626230856108477,0.5275979545326306,0.879883961223179
6295,0.1968330212410776,0.10946255617393219,0.12846273657881513
6296,0.17702947435120708,0.1775397840379842,0.37016686661497933
6297,0.02462317133919023,0.20570963123252195,-0.08760129439756614
6298,0.3593536230568559,0.38867848929040316,0.34136270986887474
6299,0.39396339729842555,0.4631164263407186,0.46405299769754005
6300,0.22652455706637875,0.2686788227410326,0.17308036274528815
6301,0.5640986604880844,0.37005450258696126,0.38608149873811226
6302,0.14924037900448006,0.1958865564570933,0.008851565293516828
6303,0.40139180319038537,0.2656816552555512,0.29958690952685174
6304,0.22884789302604402,0.26910244632427704,0.22979451157791475
6305,0.9599145067997548,1.141349619123087,1.1352529877654747
6306,0.39528512216209055,0.31465292893006036,0.3288225217441043
6307,0.733448782288431,0.7025982228406715,0.9601565007973769
6308,0.6190553707454456,0.36679338063654865,0.5207074762212585
6309,0.48739343305385896,0.2979897669763316,0.41247568361974096
6310,0.522251718624217,0.3023745404341478,0.30791132557200473
6311,0.5969966013216108,0.31677513281938885,0.21786214008116467
6312,0.23527217677813717,0.28284380359340666,0.3177220715059217
6313,0.8031503183129649,0.7090775821716955,1.1245697789063982
6314,0.40754711777712327,0.3781884355943339,0.7383860218482341
6315,0.013947118481471676,0.03805941598289042,-0.08441605003780894
6316,-0.047037383557320234,-0.03451357328014326,-0.15226191302134306
6317,-0.09568148800793175,-0.056093513870476785,-0.07467877843106718
6318,0.5768925017901871,0.6399459447552882,0.5738525253542888
6319,0.35124766767680526,0.2235774572348299,-0.0021037400849931442
6320,0.2757122035892525,0.14705037919734631,0.028517219080000267
6321,0.7381554034359097,0.6283469588849542,0.7714264061695915
6322,0.5664711856559956,0.4910822749554522,0.4070524928995851
6323,-0.060155723301516195,0.012732307261140496,-0.07319860178122173
6324,0.5926482097841759,0.39329240850836134,0.25891857236818905
6325,0.29577433967633726,0.2136921942832124,0.25311489220735606
6326,0.7039795893728189,0.6512836196389333,0.7103864960883697
6327,0.11996262709637451,0.15488873428742322,0.1737237007594099
6328,0.8918145390864742,0.9029379398434376,0.8150011386217666
6329,0.12011558048244919,0.08398117365326407,0.08330359185492453
6330,0.13250840792999719,0.060864292513171936,0.018434752229938622
6331,0.7780300739658883,0.6561334555444753,0.42689013104823004
6332,0.14706028389259762,0.16380564144891885,0.13905535900922827
6333,0.37789883343947706,0.3372049858788031,-0.10332782280069053
6334,-0.10006342086784192,-0.020741480051659877,-0.08873401371396539
6335,0.32487899335467607,0.24646195852919495,0.32871219155875697
6336,0.4007877317660373,0.33962243438778317,0.2870862810127017
6337,0.6328734948683175,0.4376646681063545,0.6652180524284459
6338,0.30337653920697294,0.21887974872211102,0.5155168143078943
6339,0.2594388315032752,0.2339635320892839,0.027222670996597254
6340,-0.036172903822601965,-0.10315003761285646,-0.2346858385123014
6341,0.11306063452539106,0.0413955335131555,0.09647117777899572
6342,0.39387289013039917,0.31340243274981594,0.38587135282140306
6343,0.6499879942557472,0.3170920296072599,0.6796609965372762
6344,0.44453747224248197,0.4243269500913054,0.008113943219157704
6345,-0.15036992680206962,-0.09011900496846992,-0.1987066297410509
6346,0.1660181741364426,0.27248776613674575,0.3338485676883485
6347,-0.03175435058294884,-0.034928445836278965,-0.0876331053897772
6348,0.6302101391554022,0.8555573209699654,0.8512414351377131
6349,0.11101541010826943,0.0661090772907873,0.08127281631567085
6350,0.23243353001097478,0.24372474592684568,0.29383369384991087
6351,0.8029941395457809,0.5801115726905757,0.6715637151126197
6352,0.4312178149178978,0.16204069810848076,0.050520335090639135
6353,0.5421370134644397,0.34208886807310557,0.12025571709500493
6354,0.2427000346413264,0.25928303688962107,0.37814732325729206
6355,0.4431201610011599,0.3183095331627477,0.43925425599503853
6356,0.3386760336001646,0.13743942503857953,0.2833454306140053
6357,0.9873060349840856,0.7174984229962806,0.6239977088827926
6358,0.4732043409529554,0.374751511287837,0.4377599583563927
6359,0.27257808004323536,0.1973412751807988,0.4756842577310205
6360,0.14527135182198259,0.09983960202730491,0.11923921782489066
6361,0.12435698598097389,0.0720393300887725,0.10029792685327221
6362,0.4613821926006325,0.6199020475424266,0.4135505665803645
6363,-0.05999625591785018,-0.0653968119447298,-0.07279873285214133
6364,0.5884854605167191,0.4265827377825018,0.4652521798372806
6365,-0.12575802390419488,-0.12160380060394482,-0.1535496540018212
6366,0.4300492475257427,0.22972522381667737,0.33131434781529867
6367,0.6492492091049993,0.3747301316499725,0.3319990145690843
6368,0.10076085430261084,0.05529336326473677,0.012293761232716971
6369,0.7138569007009556,0.4384996895085902,1.1609573671490967
6370,0.5687789481465826,0.3338647120680567,0.6696731878424169
6371,-0.09979074788533737,-0.08804239262077773,-0.11680750898628012
6372,0.37584610698729404,0.24206205019638238,0.5473399107578303
6373,0.2986327284095813,0.16226588966812683,0.3756852211949644
6374,-0.13306008740381192,-0.10691925591503704,-0.14152398053811688
6375,0.05167421320937282,0.03299004082545487,-0.1805529673893984
6376,0.2995797116242518,0.20511510981917724,0.2240885242578321
6377,0.5860936742885492,0.45853094714590714,0.4163427897680394
6378,0.7966455761059701,0.7839944428981851,0.8122175244265628
6379,0.4222802531722929,0.22971031132496456,-0.025234198577111955
6380,0.04281773963878033,0.04126514443014595,0.03061200689075605
6381,-0.14737618672862562,-0.13625594300183574,-0.18370237625738195
6382,0.2795889496948729,0.263235450099349,0.3954771219146509
6383,0.37501413777582204,0.2727582356860745,0.34978243307961354
6384,0.029159499679232592,0.03880186842504796,-0.06199225369154027
6385,0.033572531836916664,0.044561369829930086,-0.1299849023116859
6386,-0.05277424235519901,-0.006169550392994494,-0.14339248259777437
6387,0.3196436556295499,0.2303309214059035,0.19977362300607004
6388,0.6179263315627341,0.4632488449071017,0.5441120214549378
6389,-0.1525365716431728,-0.17051195307445943,-0.13642788421397878
6390,0.6245157951888036,0.4631147844169954,0.45916182982614084
6391,0.6823079389173932,0.44361301711416035,0.39218230971551526
6392,0.027473647036133197,0.08287155973883609,0.19449980335206019
6393,0.9690845198739408,0.845967115906785,0.8322677940100152
6394,0.1322919128365525,0.13440034120325572,0.0578151474377675
6395,-0.07555739318313104,-0.05511579285803392,-0.14652038093526742
6396,-0.052926829311186974,-0.03477348758646592,-0.09829995018173199
6397,0.32133030692766007,0.06744059064846342,0.20750935615252208
6398,0.07418534197188298,0.13451973189104693,0.08675548611203454
6399,-0.10097971656851279,-0.05626958077172417,-0.08384303346583877
6400,0.8032083653568765,0.900649572585992,0.6329101973382982
6401,0.18765468181658118,0.08085317763395583,-0.006987931943156278
6402,-0.061303198065595255,-0.10736752950893513,-0.14527847317025322
6403,-0.04740408530545703,-0.18123105143291118,-0.08087118418557981
6404,0.2728505671503241,0.21106042929555846,0.41529768449565374
6405,0.11288295953967209,0.06940916726241642,-0.08467564839438613
6406,0.4650699785928807,0.2925541357575181,0.41031962276728096
6407,0.7196824186897208,0.7465060120451348,0.8126307506838222
6408,-0.03202875782199177,-0.01177312639077499,-0.07778174121183612
6409,0.7627171641561981,0.3382646505503437,0.3882595731495746
6410,0.027879818832605707,0.0062455995179389046,0.18840849816794547
6411,0.4742322077703893,0.34648051323137796,0.01648505892916763
6412,-0.10594221998443876,-0.06194553440031347,-0.10027422814275344
6413,0.7316287207738112,0.6041320591937605,0.8148442951111778
6414,0.06015132230872844,0.023949107333618436,0.2908638660916951
6415,0.30852753754916673,0.13639169057958656,0.28173727711627494
6416,0.02004426618569699,0.07760256819576838,-0.030613839294880263
6417,-0.056067358250828425,-0.0183209240419836,-0.17195610154716712
6418,-0.0224826407656461,0.007730215971377241,-0.13483418616717857
6419,0.20472102998561503,0.08987970720944549,0.21650795174477078
6420,0.7199984195052345,0.5472095062771047,0.7249261063008605
6421,0.6860636098085675,0.37233131906933137,0.638672296606116
6422,0.07944908722457633,0.07481748894718043,0.07583786413533788
6423,0.8155681158273866,0.6364595462602567,0.809750139775929
6424,0.05656873238179072,0.05900600226466479,0.03996483758722791
6425,0.7451550981256065,0.5622609213871752,0.7428625249378
6426,0.4884102917402935,0.3854100673073302,0.5631749864383107
6427,0.8697610581183395,0.6953611881847404,0.6720125370323882
6428,-0.0399538224371484,-0.022867352460794743,0.0156046017787419
6429,0.14529294313174157,0.036854807551720326,-0.048987566376490266
6430,0.33197261046199844,0.3181614966704456,0.4431965061614054
6431,0.6926947663539484,0.5799449275810591,0.35394031986472996
6432,0.6934874317920257,0.33781449961785337,0.5267327767497603
6433,0.7440879932573774,0.3114795609004457,0.27883641333985243
6434,0.27146726693957013,0.23469892974285234,0.5966448700466134
6435,0.08658958337754452,0.14489847030779912,0.08229590296332367
6436,0.48311813329440034,0.2448717489944705,0.7222136909128363
6437,0.08596226232937432,0.07273266755729568,-0.07172671085930993
6438,-0.09155224734919643,-0.04222679898300641,-0.06136663431669176
6439,0.1088193273079332,0.16963518705131642,0.12915579409733735
6440,0.5930207983741305,0.47683847099375165,0.7893423212705071
6441,0.19891029858057396,0.20562268162906383,0.18440705871227747
6442,0.07703446417710391,0.07063368836407125,-0.08640042451904884
6443,0.17697543455935527,0.2184043352945333,0.3243945196824398
6444,0.08128362652441101,0.093321738822846,0.06944424466589894
6445,0.38675880866091217,0.23309037371573416,0.5954415851479824
6446,0.6570408170381099,0.6264773847028495,0.7904867819600756
6447,0.32252487134112906,0.29476724563615364,0.26854629305939604
6448,0.3358375757263936,0.20182112197630708,0.2739401566344022
6449,-0.0939674779109092,-0.09150036718346599,-0.1509963437223436
6450,-0.1289301898464551,-0.08945096808534425,-0.08703278390414404
6451,0.45017275927496514,0.48577446116725853,0.4475618338380134
6452,-0.05665247482928515,-0.013003103181206899,-0.12025200013510917
6453,-0.010161883752565659,-0.06477832395542504,-0.06821345798373346
6454,0.1434142922973436,0.10047962513989317,-0.07346597564803181
6455,0.11325142665602428,0.030121550675874298,0.2602675584642282
6456,0.56095140005447,0.5668442078435405,0.617499335741321
6457,0.08284212780871347,0.01635247362918224,-0.11255866461175135
6458,0.4418134238669331,0.25329152693234214,0.3752109292432815
6459,0.4106452279079229,0.37397013014948755,0.23323184151035425
6460,0.6593059555132035,0.6913087321376514,1.2070974727621682
6461,0.23027132582520715,0.2572447843315282,0.3032670134615698
6462,0.17449620356960005,0.06793179858424692,0.009567623837112738
6463,0.7266506721844939,0.6809280839585206,0.7061542874702937
6464,0.17285771499587965,0.21457040925835003,0.1626298611350887
6465,0.38851707029969207,0.4064216451976388,0.19635386741295413
6466,0.6114613036326368,0.5664301782497803,0.33623361944316654
6467,0.42810729943312675,0.48477374990873434,0.2729046626841065
6468,0.23803487362123477,0.1833336441666329,0.1588902429682555
6469,0.018188023572077494,0.06985790239208911,-0.057910422367829284
6470,-0.25354496953564554,-0.2219990761997931,-0.30683704424111924
6471,0.4503527596089747,0.2756844246578103,0.1396039522295136
6472,0.34702544810942704,0.2714119530725847,0.4747529779617736
6473,0.40249733823219613,0.3379187313588332,0.3676371183838778
6474,0.8483404497218363,0.8517904455973258,1.2351860505191583
6475,-0.13609383724091328,-0.1250847064274272,-0.21686062815798712
6476,0.4874297600985502,0.2911953506953451,0.10859753072543521
6477,-0.015530916549740814,-0.05538282943873962,0.0577290309634273
6478,0.4351183797417717,0.4713113903297226,0.23837479020428565
6479,0.294494150882052,0.30810755165741743,0.19158263412578003
6480,-0.18883606864703673,-0.19343453155594792,-0.29770467604696216
6481,0.37697834363349036,0.382367397910776,0.08413282438739467
6482,-0.00993334140806068,0.05394636759096505,-0.06277585613643821
6483,-0.13668888404396784,-0.09239036603591355,-0.2213875785342454
6484,0.15169462735908157,0.15614330024198786,0.40012059053426485
6485,0.11737425058934581,0.09807963384378438,0.2582457573425787
6486,0.22520429789798824,0.24711507008891886,0.3190895291310307
6487,0.788879943340675,0.7980857783002395,1.041199984887565
6488,0.21466300889491352,0.1172219170406017,0.2293880798047292
6489,0.31913019411943044,0.3428330658194656,0.061928902572558675
6490,0.004656542245726092,0.02224136881677974,-0.0692651086467323
6491,0.36331463917788254,0.10438888569096294,0.17028800208629868
6492,-0.14251949493136085,-0.10040531369075711,-0.13155352411973253
6493,0.8781235723330134,0.7587261722335183,0.46294013664728717
6494,0.4523486786803601,0.3264660180673671,0.46852393109094614
6495,0.08931103222522396,-0.029586251272622377,-0.1061178527180463
6496,0.1952273381725793,0.19612699650837606,0.2645812531346048
6497,-0.047965054112590444,-0.13131367844250874,-0.16652099806046983
6498,-0.1482776558178437,-0.08464958682514467,-0.22985272450990557
6499,0.7970893149935494,0.798945248171611,0.7477038943019318
6500,0.2535497907385631,0.3169364601573543,-0.06709964705036575
6501,0.04823079710425815,0.020196655270910968,-0.04432528676742298
6502,-0.08728272671510628,-0.05842426835374004,-0.14454917716372673
6503,0.39986006857351253,0.22651578340527223,-0.035248181789166666
6504,0.6041801338658239,0.5730655617052303,0.35389519811656944
6505,0.31832365538004836,0.3216782375608398,0.27430685611599626
6506,-0.041881974640309405,-0.0588014061245693,-0.08095970579616074
6507,0.913068211857021,0.7157743020664702,0.8072997611151296
6508,0.0609674871535093,0.038954552433241085,0.11170261580039775
6509,-0.07667196530989617,-0.0797200034797727,-0.17114888595316047
6510,0.20417074211091024,0.10733775684161184,0.18991472742763715
6511,0.8161793819484544,0.6690084436908013,0.9499213070736838
6512,0.5765079045291928,0.3910393889641499,0.11974773376834635
6513,-0.04296056206383425,0.00643446198595643,-0.08219551646336132
6514,-0.06401520726606513,-0.059891356300434406,-0.14323055060909018
6515,0.6196470821738091,0.3636118395998673,0.6363394700722904
6516,0.135111773465445,0.11290439926177398,0.28158446270856285
6517,0.33256644727839935,0.17851728481536533,0.21739234606692182
6518,0.10924411073536522,0.09249724405597393,0.12241136444670286
6519,0.70200057706999,0.6930681634961429,0.8309318717078182
6520,0.2877046356670352,0.2751096440831129,-0.07011174372210105
6521,-0.05415212089050003,0.026021199343313928,-0.04732258957470403
6522,0.1340060636030198,0.158133725305444,0.16654728176047384
6523,0.9705494170893945,1.0216109344718962,0.6365962501989599
6524,0.13554133840409377,0.030584136195244804,0.34034136646280966
6525,-0.02889014280183755,0.03504593846824622,-0.03390185691662839
6526,0.23864978074213328,0.20458114326205834,0.5373381671027277
6527,0.2068414711455513,0.1911259780678567,0.17126181628141302
6528,0.48740132976909045,0.27648660227720123,0.46245800929061254
6529,-0.07893022891215384,-0.02167056566608838,-0.011786235956851465
6530,0.26626736272121154,0.17924343520176267,0.13384612954024888
6531,0.5080032596423092,0.5309622640074063,0.4515190280612018
6532,0.23961498248505841,0.19313745799627124,0.1946242125663693
6533,0.28388324458342606,0.15362001245867796,0.01617813929800649
6534,-0.05135247405904342,-0.11203659156946344,-0.1132434672028062
6535,0.1380206040348022,0.24201748167614068,0.2803362343826086
6536,0.12111856420660572,0.3314372893900914,0.06829500970113411
6537,0.2401427910285916,0.08309027263403101,0.13010849020438053
6538,0.028940548423909807,0.05925945280720257,-0.11645420706366127
6539,0.4410702983964716,0.1985935748169565,0.5834927391542761
6540,0.5185506258924992,0.36499778382870063,0.4482709815640731
6541,0.3586253501409371,0.25901220020745286,0.23225905456929952
6542,0.5818192649158798,0.7342134931095203,0.8476622032581749
6543,0.6361033174603585,0.6021712944186628,0.9313428791521523
6544,0.5202316274977179,0.7084293332351734,0.35153583006893063
6545,0.14750984206331785,0.1309990587684311,0.10977733313131344
6546,0.13113659853870585,0.09169875856253018,0.18182330452847895
6547,0.4000878114365509,0.20781298450110652,0.22968536923649485
6548,0.4030813006108698,0.3221859337944719,0.4931192415564969
6549,0.6862313334905861,0.34394540202387347,0.500078258500271
6550,0.3138704092093747,0.17940100288959582,0.13953163385712708
6551,-0.15203143979722555,-0.12842032065876563,-0.19221447746732423
6552,0.5610985019776149,0.40764568325853157,0.42105220853131975
6553,0.24693435243132367,0.4633766922128302,0.28552043232290236
6554,-0.012577565462602247,0.006486630315394981,0.027771994055912907
6555,0.4270027528965281,0.43918228764142064,0.26543749951424345
6556,0.18334999032602695,0.07258367885742945,-0.018906376731871788
6557,0.40336031853356635,0.2800324741928002,0.3560867406140038
6558,-0.2577534448366521,-0.24742186545009348,-0.24324293054289992
6559,0.7602643391551038,0.3804852943104531,0.2911132159755765
6560,0.06941040880529581,-0.015808782928300125,-0.06531360803213415
6561,0.676872259204242,0.4791859504702791,0.7440578967885159
6562,0.09991031963751218,0.07304817109382378,0.02664377101389337
6563,0.28957977803383295,0.24633368676369982,0.2044358660170027
6564,0.15550617145508738,0.1505659411102902,0.2201980635740406
6565,-0.13525585912813154,-0.14624711440313642,-0.14571935426484262
6566,0.027719501834040372,0.09220853452128286,0.05144479311742867
6567,-0.11228541681867366,-0.04202509220171191,-0.07144676967323826
6568,0.1629555998783443,0.16345108172245126,0.43988413019008155
6569,0.817091942723192,0.8078802834496053,1.2327452973706325
6570,0.07560146318892169,0.010260796029098573,0.17219083241955513
6571,0.584008477323912,0.3701812324131635,0.29595333588934136
6572,-0.06312146647796546,0.02732389975880567,-0.00023686475245277006
6573,0.10550397568109937,0.09422866117610273,0.16185571980921232
6574,0.8323431186963728,0.6511690613491319,0.8248844314161992
6575,0.4168249328667111,0.28090790883880024,0.25964467108164935
6576,0.9772891013463427,0.842123970052796,1.1522811286224992
6577,0.763278147148371,0.4884552337617232,0.5812732408673524
6578,-0.12043394609968083,-0.09440166805851546,-0.06726817665120677
6579,-0.018558730281930336,-0.00799152429720984,0.1287792770121272
6580,-0.05442034096785542,-0.0032658109550000036,-0.06507879999112631
6581,0.7625924239231612,0.6566995461620129,0.994230503946766
6582,0.6427820138483773,0.7137824026018278,0.6442020623568083
6583,0.7514451330250465,0.6397427055144864,0.8896585607758889
6584,0.8040029353359532,0.43301971513830884,0.7782629445312239
6585,0.11203336955857979,0.11002848015731681,0.11969054520857769
6586,-0.1346586132897558,-0.13437660878035307,-0.15067970075707549
6587,0.20465254226063423,0.30689297669759674,0.24394962440015067
6588,0.009435618969098059,-0.035274986222062266,-0.09344150910370308
6589,0.7105825006338327,0.600154269404046,0.7559011046845769
6590,0.8988723984363847,0.8160408542415651,1.346665499974101
6591,0.27702918210819116,0.21189171463211287,0.08083526927666229
6592,-0.1433632955328661,-0.16108567403811014,-0.22928401824314748
6593,0.35369541551373884,0.24703074751927856,0.2540000265694775
6594,0.12312019282335096,-0.019487174324778533,0.16249257037817988
6595,0.2823570483082358,0.4755016029613113,0.1558836946095996
6596,0.8711190030388154,0.9904008855186359,1.1057263347760284
6597,0.7905525285018069,0.641549177741922,0.6098000849036866
6598,0.7615437998327876,0.7423389481229579,0.7960618629694813
6599,0.7015376039978014,0.5614251483178248,1.1124761018839622
6600,-0.32692236228676375,-0.32852515437118457,-0.3851634588295334
6601,0.4663947709497611,0.5874978245593887,0.561708129871636
6602,0.2424935092720839,0.14705028960541355,0.5178268768898167
6603,0.010273604335516717,-0.02076985744508253,0.024023119206439292
6604,0.04505164295280073,-0.08166108305334241,-0.0695557651184413
6605,0.011009113309804697,-0.016787045906894726,-0.02297802879464106
6606,0.05724613237008347,0.1967010481086282,0.06370646128380231
6607,0.12098690104063148,0.06807432042915829,0.12719358624705057
6608,0.9146581841173933,0.8441202820406666,0.9961907459365442
6609,0.06407645753805857,0.07942209307770143,-0.09596863496439345
6610,0.39193624907564306,0.33476868089626266,0.3454812945173802
6611,0.3705884428264763,0.2950459020254266,0.4323297295408213
6612,0.6299373233816152,0.43656463499312914,0.6578316361999117
6613,0.6874994582617526,0.5260139990796069,0.45336872848921317
6614,0.19547101349109486,0.2549426718476451,0.34267044070750874
6615,0.6293148205992274,0.3712843202449225,0.5010596705125141
6616,0.15778481822846024,0.1005366249008135,0.05369524432371886
6617,0.04971415016688052,0.07758265481688564,-0.07907594812647789
6618,0.24364584344255813,0.13119563577708582,0.20640098939285267
6619,0.6642213628836526,0.5225636083516048,0.7046031908960602
6620,-0.09302770076907507,-0.07602351085391068,-0.21554756267491182
6621,-0.057067638094361106,0.012638138091440876,-0.027413058865742412
6622,0.4147429903637785,0.4177345432968502,0.33381916260506506
6623,0.04392866185820132,-0.01478240062442615,0.2235111742233824
6624,0.3602413406873506,0.21468401377898472,0.22799405232879955
6625,-0.08457749939961079,-0.07685710242850763,-0.1786503785670701
6626,0.2914191554869472,0.38322937460622963,0.26650171499721775
6627,0.8225825868248533,0.5394658151676146,1.3914578177837398
6628,0.24847440202918025,0.1154120693065408,0.13274113849578062
6629,-0.1952774431227785,-0.13801392521692002,-0.257396632117905
6630,0.5553268952765891,0.374282684931303,0.13732198301163323
6631,-0.11337415973326148,-0.09573000824127353,-0.165172989828982
6632,0.20850253814934483,0.17896278452299175,0.08325074282715983
6633,0.04228144820346502,0.014811498316691596,-0.09315416282455158
6634,-0.18481905838261792,-0.1520296033668852,-0.24130289596076482
6635,0.3025521321820779,0.31337831487198753,0.19238334623195597
6636,0.6246680591643634,0.6597465633432915,1.015368861474438
6637,0.568398283685994,0.4241120665686009,0.4433600453449067
6638,0.6406403957344855,0.4853045716193096,0.6070485123673925
6639,0.1274481130192271,0.1462289103898189,0.24764902790820376
6640,0.22083209285175487,0.24586837349710722,0.43394517103190466
6641,0.5160573641731412,0.3179408648580371,0.6543835149724999
6642,0.06758637517089205,-0.030407489485890005,0.13928230291662103
6643,0.2902258071956074,0.2726003491327462,0.23681728929235413
6644,0.908509692465971,0.4993479288020537,0.9660352758647093
6645,0.856310795904601,0.9875545531683936,0.8989278620754109
6646,0.49970929346108317,0.3789584261763628,0.4727265418432176
6647,0.20957103532228571,0.2915312864030628,0.32468301404611655
6648,0.2995435299433211,0.34314690245491186,0.24399737374024233
6649,0.18394681127451062,0.18250612456968818,0.22735636864848008
6650,-0.10905901179676614,-0.07383288818933886,-0.18050311692607757
6651,0.5074874755163215,0.41073845582815594,0.520160841364562
6652,0.169288224415163,0.2063219368271414,0.17492793331789191
6653,0.040608675296528896,0.08837429154973586,-0.05494661452751648
6654,0.5216626836470457,0.19023923182147207,0.18645808965047772
6655,0.6460536186457237,0.37766571574755403,0.24552219225778793
6656,0.674920206761563,0.43899299738034436,0.12238765892136971
6657,-0.1172807586858462,-0.09626482552705795,-0.11427594171710942
6658,0.5088321402691556,0.41849235567867016,0.3210251074998449
6659,0.29047630717113515,0.20154857777137836,0.004482358129879183
6660,0.05567039063432788,-0.009353354395167823,0.18903691169654846
6661,0.4780494085880387,0.31073006837276673,0.8417088796311134
6662,0.33053976131398,0.11706245398276116,0.11629463609006097
6663,-0.21617816299677028,-0.12607382237986886,-0.25631052711203917
6664,0.7531067003585041,0.5489153770883701,0.6247093881094943
6665,0.435642200407907,0.5106446189887663,0.4135394008769062
6666,0.23145218167719261,0.20131621888083084,0.16969710725460252
6667,0.2531469801038986,0.19757467601153733,0.18995235668964972
6668,0.10158251577661126,0.04566061832703028,0.295201721625747
6669,0.6045518214000245,0.40535593485600074,0.12924522162507346
6670,0.11422174295902976,0.11865461710334446,-0.005540853441048377
6671,0.9968668904146303,0.5874814047744361,0.9146995547752308
6672,0.803890767429638,0.5607663775178122,0.6478431370919835
6673,0.006566537698332153,0.0537909807016399,-0.03101440313432624
6674,-0.08770171041811614,-0.04286058979045482,-0.10333782998713736
6675,-0.08488006955890237,-0.04561023457701141,-0.09400291929172877
6676,-0.06257666692061392,-0.01528659927781173,-0.14558349382250968
6677,0.3966469946045932,0.3583051638348027,0.4445336846689638
6678,0.09692076828880025,0.059032466765056135,0.032880759473348675
6679,0.3728707498423174,0.3110135230774822,0.5240721790564338
6680,0.275829392451276,0.17648791933094055,0.2859680121134536
6681,-0.09316274311508965,-0.0975362693995947,-0.10494141742880392
6682,0.6250980142874867,0.4199335417737464,0.44761339861255944
6683,0.42729013619138745,0.43196214078282225,0.2689010709376862
6684,0.20818014562024567,0.07284559573993676,0.39094196210231114
6685,0.3414690976839925,0.29326277389395683,0.16437988529562908
6686,0.5782478760213763,0.32788316045525523,0.4446416334378862
6687,0.6681570078984544,0.6673481697778199,0.6843161394336295
6688,-0.09846143552768838,-0.08294679702846275,-0.16086027430065275
6689,0.5786363574403526,0.4622281244313853,0.6531715524509265
6690,0.1500120482150913,0.060853494659792506,0.037603257670635326
6691,0.7452760868445989,0.6122528287539541,0.7252047030954787
6692,0.8425631763826507,0.8238787890167762,0.5756190582700862
6693,0.19612423476978624,0.034187515543846025,0.11356080074592789
6694,-0.2068481576881539,-0.09038027970860063,-0.1149736811555172
6695,0.4893950512836678,0.27777621329492663,0.15887945116413293
6696,0.04304680370125147,0.05531893563922807,0.01766090767528694
6697,0.06718730762946024,0.06684852220787585,0.0376179801458465
6698,-0.16129339117040742,-0.1582235013482265,-0.1775979421698599
6699,0.2660572505165044,0.17253966685576527,0.18109443691206661
6700,0.7168258351030126,0.5783817816996146,0.757796977567216
6701,0.6324797298270444,0.6377087147157154,0.31312995477262895
6702,-0.06956685114545602,-0.013656930903009457,0.1504039786714617
6703,0.21592875467693906,0.12720900033186355,-0.03788862245549751
6704,0.46404182527092463,0.16096742010086373,0.2817948428449124
6705,0.3828274035811523,0.2419001668123275,0.23887253832461997
6706,0.5423939373961935,0.5125991831391332,0.2850554333205626
6707,0.7069867408443704,0.5569644814090513,0.574692761214008
6708,-0.06737417578818883,-0.05150636836513944,-0.08681687419352724
6709,0.4127209954535078,0.353534752982104,0.3758577865716546
6710,-0.012205503109699478,-0.0449715123893597,0.009397220452444177
6711,0.6760996891001887,0.37123045440832714,0.44264600191035264
6712,0.1626989589633152,0.20136298036549105,0.2787819633717521
6713,0.5220800578171056,0.38087547724145354,0.20878787462708015
6714,0.34056631233617196,0.5408666919780749,0.4019517113151889
6715,0.46733489755367374,0.4014545049758269,0.36126589564701495
6716,0.8659897684943612,0.706631084884185,0.6319838679938321
6717,0.40020213827199913,0.40178565968942626,0.15532710429325736
6718,-0.09321496989290345,-0.048338113203570954,-0.08554116737617024
6719,0.25660903120607936,0.2261309475988018,0.19822149787173893
6720,0.08312666997717,-0.050027393631616346,-0.14542981917524667
6721,0.07322274356262337,0.15418530296816924,0.11249877157179378
6722,0.6458396960585593,0.4939944280789632,0.4512654933609781
6723,0.34744583320877176,0.3643904852885036,0.3216454476842152
6724,0.01607979399094428,-0.0037407691323535497,-0.11126500762584768
6725,0.44026146673835753,0.2640848100193336,0.4083568619839075
6726,0.11220975988700199,-0.01937027516664569,0.27329270047059984
6727,0.16322376012137774,0.12893300907762217,0.45105370274193457
6728,-0.034071697569367454,-0.0276824458768008,-0.007683396789802011
6729,0.33737149563317703,0.22949029824292722,0.3559114687149416
6730,0.4850732626527956,0.3912529213317919,0.29758533393368447
6731,-0.06000977210976177,0.0962618945504683,0.11614547619754045
6732,0.012898073551292688,0.0286118426304236,-0.10444911085001107
6733,0.5589143446376719,0.4816830677118531,0.6102547735645523
6734,-0.09664685573123766,-0.060186239734135616,-0.13087734480536317
6735,-0.06458357345245347,0.028476373648238074,-0.10650437902744747
6736,-0.21245206400970906,-0.14382540734409544,-0.27703264688326656
6737,-0.057898304027129255,-0.02999287195847855,-0.006272495078295193
6738,0.3466786792501353,0.2442030050380446,0.5332171424477117
6739,0.2235730576049766,0.1410312290081428,0.4518186957708088
6740,0.15285009939857952,0.02610183272865907,0.3080121586294806
6741,0.22078835064548508,0.13488556320369138,0.2152093722617454
6742,0.37020915715570624,0.2697732849589407,0.02730564780692979
6743,0.3879626812703336,0.32658550952577725,0.3621976018852897
6744,-0.14359394068391163,-0.13620144622187513,-0.16637231082017456
6745,0.8096021928711685,0.7503326376528541,0.5963817811311853
6746,0.5653873917000618,0.3714356167540642,0.1294223451015064
6747,0.6619002689653251,0.5243543132306734,0.8084980335858647
6748,0.12073023377006309,0.16757106773797803,-0.0019117585782080226
6749,-0.05739050289549974,-0.03206551103041322,-0.08630841905401965
6750,0.3036201163156349,0.08754175932751296,0.2816150589473143
6751,0.7744062995454379,0.5902269861349785,0.6769292558114253
6752,0.36976943137339147,0.36783001514523206,0.30596464837441517
6753,-0.07981463029395597,-0.015725073852141613,-0.058878679430177217
6754,0.33385716945855703,0.16176313024246713,0.1940943447264285
6755,0.5185983634911719,0.28170411497922787,0.33662521128521683
6756,0.26950936040651774,0.36471770664087644,0.18316786912394378
6757,0.28044575851531617,0.32686368057879944,0.14721610865537427
6758,0.4640268536101413,0.21889979225425704,0.6558484861375062
6759,0.7095512257248717,0.5888906341228506,0.286596356901498
6760,0.10874368280076063,0.09364371516342707,0.25034547116475303
6761,0.04791786616363347,0.08510237822157785,-0.04235850360625737
6762,0.019599256365643747,0.06429229421830152,-0.06284492786251483
6763,0.3502890497189486,0.17690721466716797,-0.01199858770401574
6764,0.7124523231266706,0.9422779285293892,0.33035730878063574
6765,0.2642626459410031,0.2633267071874359,0.18553064025110366
6766,0.37769723499811936,0.22158232035123215,0.28473381752532756
6767,0.08849713121712233,0.05509439184631315,0.030462140069376975
6768,0.22699097718994898,0.22993127545420822,0.2049728002125415
6769,-0.00723830917839452,-0.019197994128476115,-0.04452462924759648
6770,-0.08698472094758136,-0.1596373782516507,-0.11889543531012647
6771,0.40260116585551686,0.4475824389808143,-0.008324969182603836
6772,0.08847438407231767,0.07608689831218407,0.12032567585921883
6773,0.3818993891499256,0.2717525669234764,0.4760931512530253
6774,0.5439181190935845,0.4473585534812894,0.33781654404051564
6775,0.3664772053009955,0.3447686534015455,0.1836216839470346
6776,0.33210560778672416,0.498303319688997,0.4432683253644063
6777,0.15456329335067087,0.0724974086973007,0.14320735591066347
6778,0.5410411852686892,0.40873201496522316,0.5194151241111651
6779,0.23504590189392593,0.322581550389754,0.23153118518698834
6780,0.5261119230487099,0.64642863422589,0.4085888958299668
6781,-0.038796386376435565,-0.011366244360187405,-0.08474245364201638
6782,0.1783898719026331,0.22886988285677146,0.41650757458900767
6783,0.44993060018419273,0.3497659878966737,0.33016315155321974
6784,-0.17885831605250047,-0.08588441097504051,-0.21253483609422197
6785,0.10316912411604995,0.07759313226686682,0.13195574134530919
6786,0.3279185766626269,0.35600547151588535,0.23658081223140903
6787,0.1424374521350782,0.20007184726678373,0.09878465742485831
6788,0.642849924361067,0.4753817314670772,0.44653665338965354
6789,0.7948381116113896,0.5570617589105205,0.9264213001926522
6790,0.006016328691097916,0.023922765427104142,0.07307083858063779
6791,0.1270331851681583,0.0917711027468413,0.2521474883876307
6792,0.8806920103997828,0.6016286192550901,0.7498567950151669
6793,0.3617112367258677,0.2647846011785291,-0.08246765674913414
6794,0.8326913929857438,0.5555960917994636,0.7601613862733221
6795,0.02291750231145384,-0.008841911216008524,0.07806152671823874
6796,0.6029749559494895,0.5106478362761151,0.39666961091682107
6797,0.1871333204724337,0.06639061600945384,0.26158014942348506
6798,0.8177134946169375,0.8375684530811973,1.1256065669573436
6799,0.7430353140145534,0.41119580875899264,0.35332065454289885
6800,0.6943460149661702,0.6670882466054302,0.42798671131928345
6801,0.45465861955852804,0.35577275282695386,0.30558293864325203
6802,0.9911705381258165,0.9977999202389869,1.3825505370009261
6803,0.835203745566627,0.6303335432378279,0.9444514259037129
6804,-0.06338424485660077,-0.061345685304800335,-0.11589323488833958
6805,0.2639761924581816,0.10230128615326284,0.09098556324629192
6806,0.5279243172684551,0.3556116752546401,0.32473154111046365
6807,0.6847882120390985,0.596318868324442,0.913295087253235
6808,0.26993960924257365,0.3019825868781012,0.31524088982133214
6809,0.017940405466543075,-0.03907499492363953,-0.13947441224400448
6810,0.8106859198811769,0.7234423934257839,0.7409927862305044
6811,0.8259000119582038,0.9454761207600992,0.7283837477336728
6812,0.3590636324002989,0.3778474240727496,0.27792581479368605
6813,0.3884295533425217,0.2561095022280613,0.4807443337810706
6814,0.3193982025337745,0.12964183432528742,0.3345130975275463
6815,0.1351162393840324,0.13074574388858906,0.049738630992554045
6816,0.5802297016323914,0.20063699749359976,0.2976105009108321
6817,0.6133576425098075,0.431739318664331,0.7691854399144655
6818,0.263512388102894,0.2644190760879832,0.3358724866063101
6819,0.5121709110842376,0.6928711218548584,0.6910424888906559
6820,0.39118275014566684,0.23817474203320543,0.11995510407956234
6821,0.153124941431249,0.042725713726166736,-0.020224414591323736
6822,0.05560582488713406,0.009062684889072026,-0.08734918283019755
6823,0.6514585556958832,0.5021687838686026,0.6646520065252921
6824,0.23619342970847512,0.18179585368814588,0.3739415196833964
6825,0.33458812135329463,0.3305551689635382,0.6733613174911885
6826,0.37927334254601974,0.2651175877705976,0.4231703775710529
6827,-0.05017372605022219,0.0030735839668747378,-0.12900764364866524
6828,0.459588148510957,0.38170678188416685,0.08981863401813883
6829,0.34769125522756616,0.22950857487719856,0.20477595625437806
6830,0.7686138639541156,0.7912546617557075,0.8807763128165831
6831,0.3559417474150375,0.20721480193676323,0.3231021849890656
6832,-0.25307565258156417,-0.2498428701133043,-0.2390920365816488
6833,-0.11745321144527432,-0.10116682229899954,-0.2113422234983745
6834,0.164932865972085,-0.015490048105566978,0.011325914244843638
6835,0.7548778710261801,0.7133487650269286,0.6751867603261426
6836,0.3185267522620179,0.32049554205817987,0.2544666234457664
6837,0.40550730034327787,0.411626463393882,0.39971306739216983
6838,0.17259447220698654,0.16594289136556695,-0.11100464341530814
6839,0.7058637835479045,0.48307659151861393,0.610367435999998
6840,0.4650448256828339,0.2540597252452548,0.3455177091895243
6841,0.6711822794920559,0.6809950927308916,0.8284845347791179
6842,-0.18855438919989398,-0.16840704791097172,-0.23361159347049765
6843,0.05096613405103101,0.024418913254857566,0.20085816492504738
6844,-0.11366194945403241,-0.04051684650079879,-0.035033169945140163
6845,0.12773352517262992,0.1381992455804626,0.22048863718214395
6846,-0.16219078928123465,-0.14127413989867166,-0.193153637537415
6847,0.4749486643987124,0.4774607159041149,0.29977480227340036
6848,0.3375167393279499,0.37419967492928796,0.24456383989327501
6849,0.26346699466335477,0.2580739959753162,0.07091523833155744
6850,-0.05846909218567131,-0.058211354269669724,-0.09751725161361269
6851,0.28670486368533066,0.20167729105579268,0.18604856651141466
6852,0.4836319028717513,0.2847143469129043,0.32078026581155394
6853,0.12647010865579245,0.13883538878522605,-0.05787384550067398
6854,0.14641717192173132,0.23678587597652556,0.27598360682650935
6855,0.1231784674040417,0.1596438553309143,0.3588884595614146
6856,0.44746640597216225,0.2920148183302911,0.2968366784625833
6857,0.5335726854891287,0.34531585597120906,0.3025599500516627
6858,-0.08180134079874402,-0.03599485859800733,-0.06866887912785058
6859,0.7662894312497184,0.7940903421465617,0.7580562399364914
6860,0.362420889786224,0.30700572464605247,0.3406221257912663
6861,-0.19510278466705644,-0.09952448615088849,-0.2246533516654169
6862,0.20002664932865422,0.1334066670269205,0.23080239660252944
6863,-0.01866957489466825,0.0031223895464178586,-0.10771858876768903
6864,0.25158392687579956,0.31089534702443555,0.38210614419190336
6865,-0.012702011166644489,0.02118180506756362,-0.016926892055280862
6866,0.2950242574548958,0.34784104254708526,0.25474553772399666
6867,-0.1736547380176824,-0.17711171635848788,-0.23648930864282502
6868,0.9079033562938117,0.5308036041608848,1.091824404182642
6869,0.7099814853266455,0.5205463193845108,0.647892373849484
6870,0.3919934548418129,0.07723758899584454,-0.043246685716733624
6871,0.05285798165128153,0.0398291869766596,0.41645495746146133
6872,-0.14571530752735384,-0.199375967956554,-0.19703548943928517
6873,-0.06522591562180358,-0.050798923858939915,-0.15053834279344713
6874,0.12326950708861961,-0.02595410719971758,0.1391252509380656
6875,0.3621437769232838,0.33946563010942676,0.5395593695022212
6876,-0.10211545617440931,-0.07243374872256136,-0.1654677789546264
6877,0.3648051309881397,0.19625086804020242,0.1987124114154486
6878,-0.08071198882942943,-0.05172364361142012,-0.130021697191971
6879,0.6232746131456484,0.399393833704075,0.5997093758883911
6880,0.24456816711583995,0.16538632949075427,0.27410839051290137
6881,0.5459021878242061,0.5209086114287675,0.30566584782800765
6882,0.3339821203255602,0.20657482654822767,0.3002888206155119
6883,0.010854027070479333,-0.0779332916413299,-0.1315082370865781
6884,-0.0038213149275301284,0.04823695238734227,-0.10479817884480613
6885,0.1099077174982721,0.10136550437734404,0.019086023454651047
6886,0.41833036114084976,0.2943790457735598,0.4385249946669776
6887,0.6761838513819596,0.5182246343101562,0.443843375629007
6888,0.07101783537049444,0.033245228343406596,-0.017073690648422235
6889,0.005687063221467836,0.002424523073782714,-0.017906411821791868
6890,0.15827727948842174,-0.02424861788927901,-0.026630012743695364
6891,0.16380790237003096,0.1550103351139629,0.3121994703704063
6892,0.684956534350172,0.49517240580724886,0.4249193980890378
6893,-0.08178071362853945,-0.10133101775729891,-0.09520010455728645
6894,-0.12096422109426785,-0.17782403876532693,-0.20984058653804671
6895,0.4337582937583382,0.4423442403253126,0.38850036312678315
6896,0.7707119163148388,0.7174321789967357,0.743179184812091
6897,-0.04823544634999777,0.004334270529361417,-0.07329953707948067
6898,0.8666349960767123,0.5503626850567283,1.1429573603204024
6899,-0.00538330535039766,0.06947998711337422,-0.02816264370324617
6900,-0.12914986255979366,-0.2052102537961984,-0.1770805427894383
6901,-0.04150308911180578,-0.08505925911823109,-0.1804901340058802
6902,0.5922638637677482,0.3309610836062189,0.45908073386208725
6903,0.04937888446122862,-0.0012688487847448693,-0.10422539670176134
6904,0.05678035945985038,0.06347198832449785,0.09188571052687067
6905,-0.04681137030303295,0.04993370365259975,-0.0014538317493332231
6906,0.5107260964438685,0.4705093937947693,0.6045981446101216
6907,-0.1848346297138006,-0.132687650939752,-0.19868948234344785
6908,0.14115388874406132,0.12393129582553253,-0.0029036141804831272
6909,0.2425891813119787,0.12720988715311798,0.1277867146085141
6910,0.6584278122694558,0.5877963493164142,0.7871149770393129
6911,-0.12865461309664505,-0.09818517525297932,-0.10788768048236197
6912,0.35955513875416956,0.10521177079201882,0.19797136908214363
6913,-0.06897763379610322,-0.10018133687918251,-0.13165936546149926
6914,0.5259324384803421,0.3793105362492657,0.47380776287351
6915,0.5118804390862042,0.4110705292163157,0.6038229073243944
6916,-0.14604615758750217,-0.054527616712958804,-0.02101989560891382
6917,0.9279424950248774,0.9533173722706307,1.0209526148823271
6918,0.09364187254798573,0.12117697041406417,0.24825717967968286
6919,0.8115614515283878,0.48157219188669576,0.8025335560420055
6920,0.09426866140934664,0.01296061128504511,0.3295494668960912
6921,-0.08370310312809282,-0.03748020006980146,0.02451340922773082
6922,0.08473923933734318,0.02609030099445908,0.06272599056153716
6923,0.04407236874884979,0.0789707567018838,0.005529087655111509
6924,-0.14880702478668384,-0.17174313786269801,-0.11963666368147341
6925,0.7523765394440223,0.3680679826645794,0.4309017665211261
6926,0.1736991488754953,0.22028338093873856,0.3271254389269289
6927,0.22004429496053435,0.10761128090316308,0.17121905538419235
6928,0.5199800834831372,0.262418814721334,0.3586417578796466
6929,-0.06606507338919365,-0.04156050786230958,-0.1847168094627355
6930,0.4089774009627787,0.3792947004675047,0.35590538072944766
6931,0.3262301841786128,0.27718267772480476,0.29302134377894595
6932,-0.14940344325679333,-0.09868153599272222,-0.11446956105493711
6933,0.06886407847111942,0.14534996749259244,0.12131555423080242
6934,0.1913262407376437,0.1461549586657589,0.17237096161114662
6935,0.3952538322357213,0.26991731840721767,0.07206285666963175
6936,0.5174810685717504,0.45516629531608976,0.4924125969051907
6937,0.008289469456688625,0.03760673929434355,-0.047991100632871486
6938,0.04803832066912683,-0.0023812334641771793,0.16453344192062747
6939,-0.07834687619110647,-0.10277212804102653,-0.08982773946321265
6940,-0.11572400318917653,-0.08893922452784542,-0.11812377673661723
6941,0.27756593310712496,0.14582814919964138,0.15521190781322347
6942,0.19736482294906743,0.12938358117811877,0.0011014824201274198
6943,-0.09073074670910464,-0.11192216368154317,-0.18772687143160072
6944,0.03440620881744083,0.03280317493971796,0.17998004671664636
6945,0.4729360951756767,0.3054345293696177,0.17611621134615874
6946,0.03579809922883248,0.013824195416701768,0.08372829754989963
6947,0.6437686831838039,0.37599966176096933,0.9177813626305031
6948,0.07032490687029158,0.01975214504740941,0.16596942424285488
6949,-0.03487456720455617,-0.03534349285303473,-0.09548430999455892
6950,0.153479618837709,0.04504892482545597,0.17260194815561936
6951,0.23055977279508566,0.048629264361073066,0.41873234585897356
6952,0.0717722575939086,0.058778304570019646,0.02999237255261722
6953,0.2715566558971996,0.36179654554903573,0.16701655511131097
6954,0.36785369576194915,0.2015325193128208,0.11183967084822011
6955,0.6994082087083127,0.45531110433161404,0.5457219673083884
6956,0.03709530545255513,0.04606193288802651,-0.03567509313079276
6957,0.9832871215131886,0.6326294941448478,1.1818522167741743
6958,0.05569838358214274,0.02950789375965357,0.25996214933537876
6959,-0.11909467372005,-0.06330983236723364,-0.11530718856452327
6960,0.5843757141500483,0.5012872165371665,0.5470077940358937
6961,0.6895594946247687,0.6660374597562249,0.967359315333753
6962,0.6733400124815849,0.6494447072166483,0.5711556790793739
6963,0.19960895847831805,0.1178091232076035,0.24808019401573556
6964,0.8176257174454271,0.6792213174166837,0.4239568092743766
6965,-0.0017424673940135138,-0.011950607286510206,-0.1289261265199355
6966,0.5295723189578518,0.6716001248158017,0.44201960777577676
6967,0.6787874511189704,0.6004304134625333,0.6388692884768998
6968,0.20858040218808527,0.10311601759275568,0.009329483431051555
6969,0.09847670337877368,-0.0014653935684427744,0.09504209749532921
6970,0.4229769471199889,0.43999570186080494,0.14823935599507476
6971,0.2844150404489949,0.27222169181605405,0.19865000123262977
6972,0.09068036856465511,0.01593512815824516,-0.1677831359852897
6973,0.20516016892622013,0.10893415495716718,0.06247266512353922
6974,0.2686544385115497,0.17049572605803842,0.05345832796877281
6975,-0.17273334572058852,-0.09584318301507799,-0.19141158433502226
6976,-0.15717478906505988,-0.1562456225338219,-0.14591393344261083
6977,0.3386709506825969,0.3349246720011758,0.34759457311765196
6978,-0.09825941453099263,-0.01056859126204479,-0.14001766334681232
6979,0.20355188994486562,0.05938382808000453,0.04465997252853793
6980,0.1505624799291787,0.1566944107482422,0.3238929261761174
6981,0.23021184779071713,0.17378521867399765,0.008953574182613666
6982,0.5074234300248417,0.28922395159604264,0.6838209425217021
6983,0.41590399474957973,0.5034563682166964,0.36878393608249693
6984,0.38405371365747243,0.37809016920158744,0.5014989997643049
6985,0.1992250123042394,0.19633868937551724,0.3703978903148488
6986,0.9098431440363697,0.8506377203897848,0.7181378914461511
6987,0.12950531380130204,0.061241306107145066,0.29790585506863554
6988,0.8170455961652425,0.5866784364286235,0.41515194792923826
6989,-0.005579459402091591,0.0191755891055696,-0.06550559624592844
6990,-0.17622838321815038,-0.1671012285612995,-0.1998750785602329
6991,1.0277045623371701,0.8345947892992045,0.7804587780508807
6992,0.4909595070917472,0.46668207874029566,0.2871070022087505
6993,0.5130658844534344,0.5004226756126138,0.37249225621901827
6994,-0.07795025800821731,-0.04301606897994692,-0.03473802496238909
6995,0.7549927769862741,0.7496790518129264,0.740701223968508
6996,0.8278038644954648,0.564209430620281,1.262463342313639
6997,0.690450948608123,0.3739215312731561,0.5200540942934291
6998,0.8137905671389907,0.44526294696952307,0.9075002353490795
6999,-0.1898685929538939,-0.16347897442846893,-0.23088349307170442
7000,-0.11706210447096976,-0.09357588001054573,-0.17245735302034815
7001,0.21591324824205427,0.20499290188271635,0.13412458860859977
7002,0.576039055715132,0.4854638608880073,0.9535760948787115
7003,-0.01519979265806759,0.031293305204200594,0.07715514924605094
7004,0.5163860769127266,0.5408790155793635,0.07744974439231078
7005,0.2467211354387433,0.18815758393987414,0.1753545821458422
7006,0.2811002496613386,0.1976772058627725,-0.0056768257473814865
7007,0.15747452275287444,0.10610905270482474,0.16738699092119225
7008,0.5277579873128979,0.4243810858681427,0.51502928172937
7009,-0.08830028437570492,-0.08220599222561475,-0.18521782819508004
7010,0.1076576709878645,0.09239692486257689,-0.02860917633735094
7011,0.58312010997396,0.40433363625016594,0.3584349802632798
7012,0.011176734728188586,0.010109613468771261,-0.020883193344014672
7013,-0.05217868543448223,0.01093945675855812,-0.07532588289036135
7014,0.4396315261228838,0.21401316083716782,0.6636051204216782
7015,0.15266419799486575,0.09129211815926253,0.011404012011682951
7016,0.1575419097623918,0.027315951918479575,-0.03135696679411548
7017,0.21622483388848712,0.17181176419672073,-0.06780072116270419
7018,0.13699027401034125,0.11281943600510802,0.05533750350623001
7019,0.07687609599809941,0.10830864735260315,0.1091967505801188
7020,0.8715774483948264,0.8694877591063848,1.1328326479938147
7021,-0.17699624990802876,-0.13177818753285442,-0.19946950647413098
7022,1.1241542101227333,0.8556070020127156,0.5384735398619054
7023,0.28659476421065144,0.14807457245652422,0.18594119629102934
7024,0.8853226045184364,0.7226476975595044,1.1527716881357417
7025,-0.021332393551825035,-0.05147273118490803,-0.051189682911966794
7026,0.6949831499025796,0.7007718250346138,0.4935493815314427
7027,0.40058718794628456,0.27186328607263355,0.30996754166681817
7028,-0.0864097344162118,-0.07837464504164982,-0.05278745675135177
7029,0.33863299228348276,0.18314359621342735,0.5578655742101815
7030,0.12552097732283296,0.08761246187843019,0.3349920795150312
7031,0.608878030317969,0.6212069459544669,1.063782226717937
7032,0.5084881708096145,0.42746010161848247,0.5765421167563631
7033,-0.08720657563225043,-0.029748221768269856,-0.1600052736127383
7034,0.3073315013422373,0.1903195880260795,0.19367566160433092
7035,0.5051326452905602,0.45698998598497065,0.7094856546197286
7036,-0.06812971675021517,0.013085677663105866,-0.11486646536518197
7037,0.446391893086993,0.46506119925830425,0.4029046709382029
7038,0.21288327868415946,0.17553250330702874,0.031031191142282255
7039,0.02688937470245767,0.17246724927125445,0.050080027153182494
7040,0.8816791415324301,0.7440578313843684,0.9872577968337073
7041,0.7034794204070445,0.7306808463594987,1.203184883078121
7042,0.7326016622451039,0.6673856552997286,0.9963490499334442
7043,-0.09086110536778857,-0.11666532342209024,-0.14388728841328202
7044,0.47563635126759984,0.223216140257938,0.3362848402500116
7045,0.5463552434084766,0.21133966953555916,0.9555276678596427
7046,0.3855863364223231,0.19071569330430815,0.3424695337743191
7047,0.7029630255899606,0.6267471928654036,0.9525951065430951
7048,0.3832480519628507,0.16116876257740698,0.25649578924940175
7049,0.8141398573641858,0.6833818474687707,0.8948482284151211
7050,0.8197248477958823,0.8113767158836416,0.7233726178353235
7051,0.15440873400760902,0.17588156139447397,0.072166531695107
7052,0.9876342038350578,0.8251052186903387,1.0633946359316018
7053,0.3047228184855011,0.10423770963695467,0.12599401681196487
7054,-0.05402293795594393,-0.115948765139115,0.19927210621827962
7055,-0.1450275031465964,-0.133686255057335,-0.17501590096798314
7056,0.20337324274366853,0.15218950349469518,0.1531331436798684
7057,-0.11984221564014541,-0.07558062084879724,-0.12083589906993009
7058,0.054976715656305464,0.04976563844128523,-0.054483680187306205
7059,0.4961835178644656,0.497995409579844,0.38767843126514134
7060,0.49633163138152114,0.38435570029582133,0.3947792646259267
7061,0.15728933604743367,0.16299584037906767,0.18729343404818644
7062,0.40518007749958884,0.289534344863811,0.40551391720990404
7063,0.34433414957994257,0.2728297146935059,0.3018457414843976
7064,0.07327772155166912,0.07303766390932553,0.10046715648849025
7065,0.4290937723652717,0.4665963073041377,0.27995284418594424
7066,0.31740369527711687,0.2027049026048462,0.4575127322998409
7067,0.7598812812501661,0.5137788372275787,0.3452666188705744
7068,0.0584414713832937,0.004209862587688962,0.012795657764784085
7069,0.49823549671225686,0.4849811186291044,0.5077690469245717
7070,0.01936054541018395,-0.005500422761375523,0.2272211630918104
7071,-0.2118293745185852,-0.1869004857783395,-0.15541103128102884
7072,0.30492591365078625,0.30570484067892734,0.18397514201035903
7073,0.6704462405536225,0.4511229958856511,0.987371256583162
7074,0.371228231204932,0.30926702008482043,0.31544507269784683
7075,0.12190176808794795,0.1343551179388356,0.26405248934168424
7076,0.01384697504209842,-0.08483665850579991,0.12332639390652433
7077,0.27545647716393074,0.22832549976348404,0.44209180418810656
7078,0.48773210492593644,0.24860351906171974,0.5320173491712787
7079,0.31262850540100207,0.1681873457695422,0.3550118725323044
7080,-0.18302066317331778,-0.1197764080595477,-0.2383190768171083
7081,0.28256416192882283,0.07850077863919003,0.0937068792491349
7082,0.1651512151126,0.023920006161237017,-0.040166706209413316
7083,0.43600360577341424,0.353843632512711,0.618435716151899
7084,0.43623985433569046,0.27484649745366396,0.3398295206035207
7085,0.605064418855771,0.4740142444231168,0.8266621967157706
7086,0.19582321265133196,0.2989296858489632,0.17710155106862913
7087,0.09410239474893767,0.10679868870181375,0.07188689273147753
7088,0.22298725279466058,0.03355293268925008,0.28699259039934577
7089,-0.06374410833945099,-0.06175346717439456,-0.1504420233210948
7090,0.8257274696268087,0.3932395171331453,0.579867986702385
7091,0.31756271482377585,0.34759764616915123,0.40737733674037035
7092,-0.007723869682102924,0.014170141178847295,-0.08199485409217588
7093,0.3818457111679583,0.5459162146349106,0.28613494919712124
7094,0.5922936206636951,0.35693180160741544,0.5008278549036644
7095,0.5988332415608921,0.309120990889318,0.5046540569485567
7096,0.5326316220061906,0.4793343539742885,0.6468503875570077
7097,0.1511473951781097,0.06214285895247951,0.056342117035663275
7098,0.9463051930518611,0.6213340680559785,0.7226690947018186
7099,0.17730020808274904,0.12704316460455778,0.09167113824562989
7100,0.5013811809152129,0.4106741879902096,0.41742590225245424
7101,0.5564354798099915,0.3212451565520087,0.33093137674916395
7102,0.09990269508009053,-0.0066777286272097225,-0.05091896752070324
7103,0.6746017597591722,0.5841222994879247,0.5478679971045131
7104,0.19876972762261147,0.09345293822403966,-0.08321893581819928
7105,0.4454428156169552,0.34319768052598865,0.25127116605004995
7106,0.37411986103006,0.07925794939289377,0.04515239167915852
7107,0.08323938066626879,-0.00801657479763096,0.20073795814447903
7108,0.15116250454724112,0.02263144542882345,0.09621608576276763
7109,0.5003680900847236,0.6373259185015678,0.26878705037634476
7110,-0.0003349901110075715,-0.03007648816629871,-0.10836919473375584
7111,0.7478242483822,0.6468775648031249,0.8485043150250127
7112,0.1350459908488697,0.1792593281893642,0.13187065499044404
7113,0.7104717460295351,0.6152544869652385,0.29848986817550394
7114,0.40259558907296045,0.24735062711510425,0.086887412060632
7115,0.3506527491806868,0.3322568120754421,0.10959093537360598
7116,0.4298706523502078,0.5171606402578903,0.426603648408413
7117,0.07748721443810402,-0.012066948654567256,0.1995132725869504
7118,-0.06241321749824369,-0.031204357619491807,-0.12254948679787603
7119,-0.21723532134273893,-0.20181767182975086,-0.2082585925610575
7120,0.20456334394084408,0.11425955512840602,0.1153059690552114
7121,0.6814767882022821,0.3304216438667602,0.6192871365404768
7122,-0.15780401688292678,-0.11780074778679128,-0.12639700954790223
7123,-0.1611640928782091,-0.07145232196752127,-0.2796267791853665
7124,0.3979984544880484,0.37202224885652946,0.2642761022691491
7125,-0.0659160307225033,-0.05888001150088262,-0.16071572156258807
7126,-0.07162225142783463,-0.0481424756955815,-0.14844580800334883
7127,0.9319762149016126,0.49446086971209513,0.9994115287762151
7128,0.6426908525795141,0.2746459326759434,0.7196444020909583
7129,0.20404558875719703,0.14070771967879359,0.4260871231328791
7130,0.8463948648497872,0.49511180700576873,1.0756577453151892
7131,0.6288185240362374,0.570930233691898,0.8492301283745152
7132,0.2543033879078933,0.23421101521343668,0.08831624349233991
7133,0.6576856353614673,0.5794139880900377,0.98062543931641
7134,-0.17479730604050014,-0.13833222336038187,-0.23095018183905358
7135,0.7310369241752297,0.6733668094695842,1.1148528080678397
7136,0.679143425294378,0.36039502302029414,0.4700279205897717
7137,0.13030128853579126,0.18214157208998305,-0.1193989967637078
7138,0.12308002253611638,0.16312243999500775,0.07591276898635058
7139,0.6709845543653659,0.8108891471935673,0.8417599081768368
7140,0.043710602760354655,0.08823741766810178,0.03971863668474085
7141,-0.19970344908796245,-0.2330324038945023,-0.302793480715541
7142,0.2206235805967378,0.28390847078255077,0.05387428013403994
7143,0.33899628608807264,0.2293743880598682,0.208288228311301
7144,0.19222947013712433,0.24869447723798288,0.40837068378903574
7145,0.07295404528991267,0.07175066737060565,-0.07699035758871842
7146,0.6046341701030227,0.5565532036474246,0.4308882363018336
7147,0.7767126667809983,0.7059065200078551,1.0146099989481576
7148,0.7686616074762329,0.595851896026516,0.47674511448979184
7149,0.16230567258067596,0.08585880292968295,0.2607900775817109
7150,0.5759843163466858,0.524193040441447,0.6350938167918658
7151,0.1332531668892405,0.05173129423943634,0.25200772782993686
7152,1.0214998152221915,0.7487604239332026,1.0178835581257122
7153,-0.12494978028232873,-0.08875276722601166,-0.22539424534511343
7154,-0.16365759641482847,-0.06838569751368417,-0.1983023053605737
7155,0.962244206185165,0.7879776989076464,1.3402317699233022
7156,0.5866078469011102,0.6662253807094751,0.7401408376588265
7157,-0.11477859488044229,-0.03587440251726337,-0.13034281799784686
7158,-0.15472041593736974,-0.1282447700549395,-0.14608455320117186
7159,0.9856333873369498,0.7209647361267766,1.1583849578621925
7160,0.3480062337608465,0.3590099819986907,0.3882743165579614
7161,0.48044376454856175,0.5091657778381491,0.5346823956974847
7162,-0.07440115684050475,-0.06512482557585098,-0.11478628732918617
7163,0.6206039495924445,0.32293213816752764,0.645733537668276
7164,0.11133099845485606,0.10310850692731344,0.02660934783034996
7165,0.44126694323660476,0.3136202959231378,0.33984334169274666
7166,-0.03590081517981991,-0.022603668436339208,-0.11983495247074594
7167,0.0014686878914325074,-0.05980350754693542,-0.11939531368473688
7168,0.3671821508735187,0.3369833584744837,0.25665688088124994
7169,0.6219434960756347,0.5578205195994479,0.7102240231470147
7170,0.7556443786280262,0.7449910874342061,0.5123907341853775
7171,0.758842035962862,0.637682277555107,0.9742326160417694
7172,0.09383798798061616,0.14690326646807028,-0.041660838813920686
7173,0.15917087142658137,0.11881490633444902,0.3758107122325005
7174,0.3782408514973532,0.2356173985846557,0.05327498141579179
7175,0.2720500416439018,0.27876269238131646,0.17622155370903148
7176,-0.010903877981045085,0.017337623516893386,-0.07014734584732851
7177,0.0426104829586571,0.06611332112304713,-0.05656265100331248
7178,0.10189014860399381,0.09862012781754648,-0.010180721731049891
7179,-0.2108175450673786,-0.20878406658037107,-0.30103267071290996
7180,0.4383817868164881,0.5835131062331878,0.3834340307245707
7181,0.14842691759475946,0.07283947278677627,0.10091756148512188
7182,0.37942073504004004,0.5119593511891138,0.26082551844405555
7183,0.4836072899438659,0.5526423684277235,0.4872927318361706
7184,0.8888189062471556,0.6198081384143805,1.0674749632248193
7185,0.19572447556964967,0.19734701983115754,0.038357597999343795
7186,0.9514738375071699,0.5689891209613651,0.590249292317897
7187,-0.16286550226484742,-0.11729106220143193,-0.062262291290747784
7188,0.023922818664169565,0.003197201902875646,-0.10824876461245803
7189,0.4734833122381117,0.45761669182072917,0.3802357890951089
7190,0.05387997473989836,-0.012784258884243727,-0.1375665678626382
7191,0.43459182398523777,0.17839191687357658,0.02218233505471412
7192,0.2904903403200181,0.2417532935129434,0.1980847112967854
7193,0.7934267343159338,0.9311652098359231,0.5158298447282208
7194,0.1229655659154485,0.08593898721548476,0.1688347193367321
7195,0.26282677740308014,0.12945342612493693,0.041095664034842994
7196,0.6962444722328343,0.5032683680639458,0.5326461144779102
7197,0.24114825120829853,0.10430785188717251,0.2545723836068008
7198,0.5811368468692828,0.4216015870854368,0.507265691117623
7199,0.2804706318236805,0.32125640383131326,0.47693332471111405
7200,0.30241063745081753,0.20066511413545696,0.03848049000394593
7201,0.16859243062369256,0.15392780319124277,0.06376655684827126
7202,0.15816323955084188,0.05147332165528451,-0.03485371469712095
7203,0.13284301600337312,-0.0036446009054224016,0.11819324159171307
7204,0.9215425153508217,0.7229204700598459,0.8559588166983811
7205,-0.07297135373494168,-0.0650040151800988,-0.09601583268920266
7206,0.025902667347339925,-0.004181077543438438,0.048029631476168344
7207,0.07233975108083257,0.057990807059002725,0.22257981045894715
7208,0.4454140848240902,0.4688861374618687,0.2948545417831656
7209,0.1987754529197059,0.12285352244561931,0.15712741141814446
7210,0.9411218675489881,0.6759016132218598,1.0963184559175625
7211,0.10109038709488694,-0.018710322817820035,0.33986393474196075
7212,-0.1254809987633715,-0.09735680500697785,-0.14118646988973027
7213,-0.13237862771362252,-0.08322693597679676,-0.12477305977505371
7214,0.11820720559495768,0.14462436502473364,0.16518655220035927
7215,0.10281915537828779,0.11124573837212504,0.07504796678103043
7216,-0.180937413084843,-0.17833223039709634,-0.2246109987639131
7217,0.7486684948548255,0.5024062951585113,0.6070398809978661
7218,0.1357028356512806,0.06280461542154891,0.17167586807520463
7219,0.64689513431753,0.4430240622394781,0.43306371534582055
7220,0.6606028216694986,0.4359650989290509,0.8232199125400264
7221,0.541855986336522,0.40025028449347144,0.5576568922863034
7222,-0.17220613926479678,-0.14002601446438323,-0.16819284119554934
7223,0.22607444915463315,0.12172453407152672,0.19023746855806656
7224,0.33918038942635076,0.31579564347252376,0.10628401305356672
7225,0.4586969073466176,0.3181882889108465,0.2505643759033078
7226,0.32886033175552276,0.21901952726058327,0.3570507655944257
7227,-0.013285375668735444,0.048251658096989614,-0.017109602583528116
7228,-0.23910183918956496,-0.17495179184291354,-0.27645592957153153
7229,0.6835185266492623,0.5783142273290083,0.8035300261104332
7230,0.4454615738423908,0.37170850183609416,0.3093365374479826
7231,0.06213481344130134,0.04802705328786394,0.018993176441910675
7232,0.5074263756875679,0.4162018894256856,0.24611190089114698
7233,0.3566490568417866,0.370856443155799,0.20775268316295747
7234,-0.23031655570849363,-0.24805450958162922,-0.15412398892648782
7235,0.03353644202579309,0.04905670480475055,-0.1289394546313417
7236,-0.0783212584761318,0.013209266578031231,-0.08128546875267884
7237,0.1797721245108186,0.15613753248348128,0.25805629570472965
7238,0.4400689987413984,0.4460912282600009,0.3569245164018342
7239,0.2089586809011772,0.27131568427303066,0.21930035621986121
7240,-0.04918063340290102,-0.0013386167211782984,-0.10795833746380035
7241,0.5516585595613492,0.5516820368927562,0.5688802850929784
7242,0.16140122385803468,0.025390486070505203,0.11157457549322869
7243,-0.016473404630799937,0.04473441482969198,0.025580043834388277
7244,0.9923570348111328,0.5128514042894734,1.1223190627620694
7245,0.48677004570483584,0.5362499361127699,0.3746730142062813
7246,-0.1169367444097541,-0.04663520111256947,-0.0844251065685061
7247,0.56623208610127,0.6401165990069351,0.7925258045113659
7248,0.25064521748091173,0.1983215498159414,0.2951506548673466
7249,0.1847107586775334,0.14630007064584394,0.24191163111154657
7250,0.7930287565807796,0.7871450628465997,1.0641000866658001
7251,0.28504761495275055,0.19211321323829478,0.1781698459100749
7252,0.12705903915803685,0.1225710318207307,0.1960825039379439
7253,0.05301654766725927,0.010906089289411947,0.14082481145225834
7254,0.8225447732198794,0.7084582575309832,0.9565959187754938
7255,0.06249304836959757,0.02469738979545788,-0.05938416863910656
7256,0.3631972905142009,0.2923040353531954,0.2997489488696554
7257,0.26909803931959453,0.020489512838448354,0.18082229226698598
7258,0.1984553500070625,0.33562244655301887,0.11511960930788767
7259,0.10744656993896462,0.2468543358099735,-0.059385541399226915
7260,0.3695290726408085,0.2264216746562666,0.029594207353220936
7261,0.1127468033564869,0.01565527328467997,-0.026828221158301302
7262,-0.057232909965790224,-0.0061982117899582745,-0.061530733085326084
7263,0.1226400104993608,0.1099453822357952,0.21059032452932103
7264,0.17183972630457256,0.2058747716418956,0.26935849531009026
7265,0.13737224072957077,0.06638506897030272,0.14399865988617044
7266,0.6826019303706723,0.5806431178569074,0.930272809589406
7267,0.10836284199040036,0.03735198737215151,-0.07818333599004623
7268,0.25696827897021013,0.23549456739090457,0.5369481516092438
7269,-0.08303538556989232,-0.07366446188933062,-0.08696419597926819
7270,0.6488368797081088,0.5061818828925955,0.7784129468251988
7271,0.04397524084546256,-0.04691614745977457,0.02418804140216846
7272,0.1866380844477653,0.10355762662523538,0.13477499556038164
7273,0.05003687782854227,0.04754632179520302,0.04674080233436384
7274,0.1467545721775929,0.07294104280300617,0.03927797443961789
7275,0.819961084147155,0.725896921884917,0.9666584152683659
7276,0.836115945427284,0.896375333781315,0.8498349050283531
7277,0.30235008807306873,0.22723880767042326,0.5175774366023367
7278,0.13019911640189896,0.16000945162576063,0.2492781941093556
7279,0.09465220260312357,0.14333206654459474,0.050318990840377165
7280,0.28267585325429256,0.2018587126878808,0.22609909145704377
7281,0.5342027379018175,0.4947429641144938,0.5131126109111972
7282,0.5504669246850513,0.3403411105060301,0.26588256964915424
7283,0.5901235904262003,0.6437206509380413,0.29985348697644043
7284,0.4424476991401809,0.39969635436849904,0.2083231203441458
7285,0.013401115334607638,-0.040857178571563124,-0.0477882818751717
7286,0.15872574874109735,0.08748177481746122,0.05047360276283852
7287,-0.0366471087372231,-0.05252215090501411,-0.1694636190745411
7288,0.4930210655902887,0.42841445002418244,0.4709652910097426
7289,-0.11324856773891934,-0.07401597928345705,-0.09686933907056527
7290,0.5205278944369145,0.6101271719100518,0.44824331902108017
7291,-0.05761295749064965,-0.09476332838370438,0.0965513505456963
7292,0.3195295185377305,0.2415187231515432,0.2814682067362648
7293,0.16330989411961383,0.1407195241594661,0.3761135971767149
7294,0.07123373066441308,-0.08829252393761033,-0.07873621979423695
7295,0.15476043747018653,0.19448025420759563,0.2540422709518779
7296,0.8331156487310816,0.6085691910650721,0.7243567890265847
7297,0.7241609402606313,0.610827531840896,1.0204413384945865
7298,0.1576964433531054,0.07176940268093723,0.01992846716147012
7299,0.8371218866502548,0.7286772762102942,0.5216284284417847
7300,0.06543295510921565,0.06171297059449832,0.050051629413870424
7301,0.3311601593146849,0.339081605441758,0.2391363180636199
7302,0.35249279730234684,0.2966438536155602,0.45806191237260085
7303,0.36367053845775654,0.3924009907153396,0.010221550822960834
7304,-0.04700095277966576,-0.02365307295022112,-0.029534607053161466
7305,0.6304718400170874,0.5587227342671333,0.7080672725384614
7306,0.26019960085774096,0.3124333633536187,0.08930302737501772
7307,-0.07500210837784083,-0.07438807801670855,-0.12814759598522252
7308,0.2136918419489704,0.39296392940780356,0.16050501018523078
7309,-0.10177995490541247,-0.02874882841428783,-0.12364555838840063
7310,0.44290818912268537,0.457303996215388,0.2833560101828465
7311,-0.018491471132290327,-0.007478722493515666,-0.11256108486618976
7312,0.8886744476030426,0.48770134448451263,1.2543989265553441
7313,0.30136868587386134,0.16677584614735919,0.2829080847327259
7314,0.4660342367052759,0.3419162656998511,0.5353943557889669
7315,-0.1161600355238519,-0.09536598672978691,-0.15854988934049696
7316,0.8576018064692332,1.2345421456346077,1.105803539461669
7317,0.49757812725047645,0.38413053471363146,0.3896240198494876
7318,0.405819652722468,0.3389487748706812,0.09875818857287677
7319,0.6087223376171118,0.6457004840351954,0.37658897246038836
7320,0.779180186584921,0.462419079951371,0.9106364237851852
7321,-0.09872270106194803,-0.08086153627075288,-0.16438229804332227
7322,0.08682942636670488,0.10395792558613226,-0.048427265009939546
7323,0.8745190919929027,0.8681963409760556,1.1812521854194737
7324,0.8233679803953036,0.7740975182306273,0.9964620290257868
7325,0.5785943116023853,0.3883522230406984,0.8435644627330978
7326,0.09835412237099561,0.16257960075261724,0.13903993485362687
7327,0.25166800933377376,0.33279114100506324,-0.048954297752439535
7328,-0.10593222950507708,-0.14077581969074804,-0.1863532897366108
7329,-0.060937779372315926,0.021159489130456954,-0.09671933351970119
7330,0.0003022018415426153,0.053390668493844995,-0.1239219830237327
7331,0.22767586091763037,0.2512562962423681,0.29158798098671346
7332,0.174893966288181,0.16016934305382913,0.10493782110058181
7333,0.2889653965621193,0.5617330774901819,0.3824616113300061
7334,0.04678981000730564,-0.12916134575173244,-0.10207041255351101
7335,0.22820422501398174,0.07513974187712735,0.28540419157826036
7336,0.9411937090603539,0.7799721665116255,0.8321578400866163
7337,0.24202341255228665,0.12379973263341748,0.1620513646343691
7338,0.11564932067328404,0.01568593624692305,0.22432884036859635
7339,0.38633381192275307,0.4976671221771791,0.3739128248629422
7340,0.42554100420519525,0.3261620820174269,0.5024716160318365
7341,0.7577765443865168,0.39744617150212513,0.9443924991322208
7342,0.23201596563439852,0.3914513389218146,0.1543543902343283
7343,-0.14850432126887136,-0.11486968849625345,-0.21044984448479287
7344,0.4347008826500687,0.296690081773443,0.08131897381849962
7345,0.5104525355129779,0.40648280253787905,0.2871250148481119
7346,0.025251777601509096,-0.007536982447396312,0.09902185984049572
7347,0.2642568838821808,0.24530123256936753,0.1355203507370586
7348,0.8958301662305284,0.590010175182546,1.0970424557483298
7349,0.6629002243544373,0.4821457778632947,0.31814146981742586
7350,-0.06100453727098609,-0.025672232144628326,-0.0508763259878009
7351,-0.09327917041512312,-0.16602553090520644,-0.2273893770653843
7352,0.5000422894784673,0.2662100038387061,0.2797558629252075
7353,0.3119459853050053,0.3004269962913273,0.32444085527448685
7354,0.5128390582726732,0.3497079015697848,0.33625462380977145
7355,-0.043232262996450666,-0.01686351265499131,-0.10630202859952054
7356,0.5643735495982185,0.3569464455052065,0.645379817869423
7357,0.5959112225839134,0.43282470090086145,0.952592805848063
7358,-0.13654454165969976,-0.11009557377036117,-0.13424875877080145
7359,0.26243354471229896,0.24718124570000866,0.14180393972945948
7360,0.10804708087016768,0.0019735512678629163,0.17251835620620004
7361,-0.2071641063963613,-0.20026951805155757,-0.2861226904965365
7362,-0.190526780527017,-0.15266685299957972,-0.2598197225456461
7363,-0.10857083993837835,-0.10482209519105856,-0.20370519169797485
7364,-0.15175745195614543,-0.09661113040456726,-0.14090051564304373
7365,0.38922408924423646,0.249333257470292,0.22161560887071463
7366,0.12428413801014493,0.016698380630412624,0.22169768004770019
7367,0.3346720001146639,0.25584895423699683,0.4625149495458112
7368,-0.11800689442341428,-0.03037451106840583,0.024783712013521697
7369,0.37497971279964926,0.37742615573877547,0.36474431072174895
7370,0.607220570333947,0.6951577196123155,0.7291402917754186
7371,0.359811355222029,0.38123406107957036,0.19193584313875522
7372,0.0845807852111311,0.027667926951803645,0.28048756378764006
7373,0.2931622631550175,0.3787386974282745,0.6008956883567944
7374,0.17564491028794627,0.1116171297998716,0.08628124262945702
7375,-0.1679581286252939,-0.11902152424146373,-0.2670248205321729
7376,-0.05095171321816516,-0.055570875540563835,-0.025802765062968303
7377,0.3688922999663815,0.5202876740508406,0.3675794845297251
7378,0.530227198721551,0.44153207425273644,0.45652011301923334
7379,0.9058499339874067,0.5077342040882404,1.0755983878145599
7380,0.8705762408279007,0.47135614564778083,0.45688323144025667
7381,0.15323417531285366,0.06454326910556407,0.23604858208723334
7382,0.22217989223992762,0.19114310649508015,0.47207902203764207
7383,0.3761259327041935,0.1215475070470966,-0.0908188667164399
7384,0.14596409482096284,0.014871206101115808,0.1446694814219487
7385,0.14829822981381602,0.12487915680696493,0.263287047674158
7386,0.302127106047386,0.3645622086829523,0.33842672533806395
7387,-0.07877137735717954,-0.01983839030166734,-0.021908548127413385
7388,-0.14716470387526281,-0.1587966480630908,-0.21539042374159234
7389,0.4128432364007124,0.1536701320513323,0.14327749619983532
7390,0.38780473284663364,0.22311030604794846,0.2289635508057979
7391,0.048793910867865886,-0.005456649161465044,0.17831172931163608
7392,0.050108678016546504,-0.003266745870163401,0.12714360923564527
7393,-0.09973680971555421,-0.06337169060729009,-0.140686546300001
7394,0.7392052211661542,0.43964244825191945,0.528127205791525
7395,0.22413549575163128,0.2034995244711737,0.3806668314780559
7396,0.4844491260189012,0.3041874663596529,0.3553721817686055
7397,-0.21189181361997267,-0.16188066300032022,-0.19073376416161691
7398,-0.09728212342539189,-0.11481104106650053,-0.040210133655400604
7399,0.4578799435202401,0.4883106233031018,0.34027883119949687
7400,-0.13015336638418395,-0.06502643928008822,0.00042853783889218455
7401,-0.09934679826572912,-0.058378074028193505,-0.17059222750364922
7402,0.12580599647724444,0.1479990824620332,0.08171752242310348
7403,-0.04279881616626069,-0.03962522044067762,-0.14877506703720933
7404,-0.05669949306007871,-0.07815024745604104,-0.1188466685585462
7405,0.37753361506509986,0.19539276913124803,0.025224991177350553
7406,0.18550528282024858,0.051093426177221124,0.3614644636414781
7407,0.11508745422029087,0.00465544549575192,0.02974520060790331
7408,0.2102983135938561,0.03567322774175086,-0.20803240172554882
7409,0.4829597254485263,0.5090901104744816,0.730535110772379
7410,0.49787716573702623,0.38036621230131407,0.37873574101625973
7411,0.9585354568645292,0.7890479284599012,0.5461960203822178
7412,-0.08180238450529298,-0.058743292463378394,-0.03351454376575547
7413,-0.16529124273431295,-0.15584815458986023,-0.277685609672078
7414,-0.10027212730787027,-0.08032287459115817,-0.09627637408108303
7415,0.09390269301279042,0.009395254433625544,-0.06214785182105276
7416,0.012799757996355465,0.016915954958432122,-0.03481846290686841
7417,0.0861314200481691,0.012236796989147924,0.19594657504920954
7418,-0.10282273258658103,-0.1442391462935384,-0.04476887161558163
7419,0.5249531732617658,0.6196971736209176,0.3412783318179866
7420,0.4826532925165996,0.40756492756285345,0.41519741404240307
7421,-0.05266653869344928,-0.09062086755255594,0.07023302762253936
7422,0.04570329171316079,0.007214418147377,-0.1269025604542
7423,0.7344187649530118,0.4655362864510957,0.5809750648115659
7424,0.29976737934719666,0.28188020382466217,0.22070055168270608
7425,0.607419877342251,0.4253121298813709,0.19446124258115494
7426,-0.04286776605239184,0.03889370949123716,-0.01832597990435958
7427,0.21978288165360693,0.10641347292533743,-0.02432403537521266
7428,0.9820906822970863,0.5702980128480106,0.8579899377765332
7429,0.12426197175951748,0.013494306859068494,0.10421964040969778
7430,0.6489904626166736,0.450786629661833,0.419578992408459
7431,0.5000934795187582,0.4016793758032431,0.5840742898204268
7432,0.6887928789442774,0.463749461940379,0.4346664446300954
7433,0.3235643412777949,0.12869457480659308,0.17601155616812414
7434,0.5621036765027514,0.3943510576249649,0.57102599174255
7435,0.43400136429536107,0.2607898886316522,0.15000800798930247
7436,-0.2620308171875314,-0.18465314543747458,-0.31402756535559884
7437,0.4549015145182316,0.4788966761072595,0.20529695969387696
7438,0.26133133939552766,0.1468178644015259,0.051431692249013006
7439,-0.08343246028913676,-0.13853255353638405,-0.21048505677964235
7440,0.07062041676691644,0.03029071693527574,0.06345007187834306
7441,0.36491474752146935,0.4154865445365832,0.20709724742291802
7442,0.03689795012751795,0.11409104432213679,0.004124917205028611
7443,0.9007577228641297,0.7274440599735676,1.0832516602758484
7444,0.22273845306203444,0.26603645228848105,0.3651725407989983
7445,0.5006237278752776,0.3155865544287064,0.06297141095964864
7446,-0.11926689166684867,-0.11351543460111735,-0.18621368313239461
7447,0.2751068608961138,0.18229747032194843,0.22192218477827508
7448,-0.14375507112609454,-0.14048302551939662,-0.19330244831394472
7449,0.01373156410310794,-0.028367205021816,-0.0041289541362711235
7450,0.5806029042196954,0.34570344282535914,0.19872848301384982
7451,0.4342546968540053,0.23800550887393324,0.3507405622592179
7452,0.27074326179228225,0.3864423195528919,0.2579790098606247
7453,-0.0729286661451436,-0.016929367486640645,-0.05131368824820515
7454,-0.055711083606682865,-0.03752551567313489,0.11122685885035066
7455,0.6364404980790344,0.5058919111641706,0.3378203701591205
7456,0.5878522855540478,0.620605789174502,0.7579043598056516
7457,0.16705729406185243,0.14655283027852617,0.267497179319655
7458,0.1588820657542589,0.1886150793088568,0.310079547066447
7459,-0.04395104051433518,0.013013780898023741,0.06790253082508002
7460,-0.03841817220645227,-0.04184554507512528,-0.11137808026968443
7461,-0.018765901719170475,0.08731546718131589,0.061733831491374236
7462,0.7831755709403039,0.7449746130895962,1.4499660636115572
7463,-0.10370170184852534,-0.13610958162490006,-0.1407487961996461
7464,0.8453413006733637,0.7982954465466212,0.9710653597141126
7465,0.2555437610469926,0.11987356410979833,0.2778681797588798
7466,0.31135058529267123,0.3312014637414715,0.14655062018895815
7467,-0.1136188970763492,-0.09593395453661024,-0.18340100557525196
7468,-0.03628172770871918,-0.0316964013176787,-0.05575837578598564
7469,0.4092696380097711,0.41003879068329985,0.2572839936947051
7470,-0.2076968359184299,-0.20204656797535592,-0.17810677207343273
7471,0.062248868422620784,0.03496825495541023,0.009140966392924499
7472,0.06263436165687519,0.1271455012445124,0.12804387082463253
7473,0.34221299354281687,0.23834921848008594,0.1306382477181358
7474,0.3161363741575991,0.29986584286928575,0.16770966993586933
7475,-0.12451886698646897,-0.13084624433651548,-0.1615175765206014
7476,0.22900047439516213,0.2921777443177649,0.1363984223494461
7477,1.0996922942892358,0.883545932977682,1.3213558869999655
7478,-0.013441744086276741,0.004182693889884348,-0.1203231665465676
7479,-0.00016937964287566665,-0.019858698491528104,0.12329268426261719
7480,0.2134606383048705,0.19777904614135022,0.1536385951116488
7481,0.6068269338743726,0.5135477911847666,0.49605673947740425
7482,-0.1950028375612025,-0.16859953245975845,-0.26768104793736347
7483,0.19827397723806306,0.24090027152685267,0.2038681270073759
7484,0.9531419480901906,0.5890095535662718,1.2043538517473258
7485,0.11475209474447023,0.23395767973866155,0.17510446502733612
7486,-0.06585425021045288,-0.07583335433882776,-0.08365460571431604
7487,0.765608232509775,0.5700948595941608,0.9273030465910372
7488,0.7526048202173103,0.669415361536948,1.0729552684333354
7489,0.5599924208324516,0.2676508691773405,0.5359735553460268
7490,0.3788108375805437,0.2036039366796707,0.411589434434356
7491,-0.2459048348106937,-0.16372044950492948,-0.26183040945546643
7492,0.43035148615697505,0.48242373589956355,0.2700140300367193
7493,0.5809131148080697,0.35779353833648586,0.06479009912843958
7494,0.23665990716409602,0.1748497865937959,0.1912030443576822
7495,-0.20869596238294952,-0.17948185844926,-0.2005003118772004
7496,0.026745212721332567,-0.0041444573294270315,0.2325873963776488
7497,0.0017369882205264808,-0.0030468434511213838,0.12447729065131008
7498,-0.11607307787876964,-0.11600071696034064,-0.23265321226315694
7499,0.46802379313835263,0.4969752373357317,0.2947052159452659
7500,-0.13335173779297538,-0.07172420741885221,-0.14004610231649772
7501,0.19621291962900633,0.11566974153041554,0.22300481769428404
7502,0.6176863185550219,0.2580495980501425,0.2147425885492189
7503,0.7440748861708972,0.6712262207110928,0.776001024974899
7504,0.6256454239005289,0.3682994503605126,0.39652755256814376
7505,0.07518203563260872,-0.07468944619270934,-0.022871659812562894
7506,-0.19081190788435187,-0.12873185801214404,-0.22296548290673257
7507,0.3569863355136256,0.3769306225764315,0.2740330085430549
7508,0.4147746031162345,0.3402167869699526,0.4401232912376625
7509,0.12668541207554163,0.06991787301705554,0.07810049959325216
7510,-0.06137111113781912,-0.05045997989883999,-0.14967838331084238
7511,0.7775313800883041,0.5762508136032107,1.215718502237836
7512,0.6997521247943266,0.3035166543010628,0.7072881363528991
7513,0.5479173977097427,0.4892267588482855,0.3396857790522081
7514,0.6449916674219418,0.48435460933649965,0.07545274111432465
7515,0.575882409391328,0.5986451959909072,0.4390100558669767
7516,0.2140108913109775,0.21880310714403906,0.04799100734325257
7517,0.7438940882139076,0.43701072652788664,0.3872182636235926
7518,-0.025371756288207314,-0.04390399126797706,-0.10446467986201635
7519,0.26127844626189156,0.30177100724226436,0.505399431680986
7520,0.04066092654375164,0.019568248686475,0.18299531443660744
7521,0.08655836621807556,0.10096241997503075,0.10244049007622147
7522,0.47077260471167026,0.1599019564685331,0.21692592556600565
7523,0.5052490275820658,0.32622670788688746,0.6446826149141949
7524,0.45657175243286163,0.3926657920183929,0.3715047294935414
7525,0.7756231944687075,0.4165928182631402,0.8245869013332099
7526,0.47582241463473673,0.5643069826577658,0.37573972037599357
7527,0.2634076266441199,0.2932820511867633,0.1197547169562223
7528,0.030200124839437237,-0.0170273932528775,-0.13002440233063473
7529,0.7885611034967601,0.8385679462811353,1.1049300614135862
7530,0.1228001662945033,0.1816250029685227,0.32117874319091233
7531,0.3217490782475523,0.29077271423570017,0.200488894448543
7532,-0.062023607123380176,-0.03538880681705703,-0.10237682536087356
7533,0.7124549243062301,0.5619007191025847,0.7945358963055635
7534,0.08438261428105887,0.045131840246543264,-0.08584978653261743
7535,-0.20950294569462202,-0.2192293572842806,-0.2209903504120616
7536,0.8632269340823695,0.712381560889505,0.8586856424107581
7537,0.5027027274281366,0.409139319962289,0.5333912923925261
7538,0.5570502731137899,0.42232013645932587,0.7403476765339172
7539,-0.09540313769595055,-0.08819277658305824,-0.10677286876310799
7540,0.14628808226522172,0.11936378315879681,0.17771547622829265
7541,1.044803352499104,0.6689159736327168,0.5095003101955655
7542,0.5600801284658794,0.24422206751441333,0.47708983518455783
7543,-0.017560769676929655,-0.0314889912854579,0.14813707150547106
7544,0.20521683396719403,0.14777661906759443,0.3232921607814936
7545,0.32068143749305467,0.4131671123632783,0.37574497705889853
7546,0.24495608581715822,0.20008521881134622,0.005180736843082068
7547,0.114865056472923,0.09509694666124391,0.06962890245566267
7548,0.3142345048446802,0.3601933980547476,0.2394530322520536
7549,0.5062876777157774,0.37830344663211934,0.45369509966677857
7550,0.48438841072386984,0.35263435938011267,0.2035611126078989
7551,-0.13444848730620873,-0.08463870128549766,-0.24035935005231024
7552,0.48101421924803334,0.4769115884807411,0.1961031776152542
7553,0.06217691412060611,0.03790882858453681,0.03250777857262377
7554,-0.009636114880531732,-0.08443466083090223,-0.17216420546310152
7555,0.635185987424228,0.5471643713729086,0.35701467385389907
7556,0.26808490675234165,0.2511676438945547,0.4472902152185192
7557,0.596908440914103,0.47767733618804975,0.6679364942896879
7558,-0.1458798363326581,-0.1146770925288163,-0.19101167497294347
7559,0.14289977301382395,0.17791663873838215,0.003285474509060471
7560,-0.03620635563712826,-0.010952332701043566,-0.019052510224937813
7561,0.319939937684806,0.2832942691664726,0.15045316270384945
7562,0.594713986290053,0.530168803232189,0.5357041586900753
7563,0.44159893494705793,0.45513274689661865,0.3931574147249228
7564,0.020963169335899146,-0.015724026091139653,0.16380848411758553
7565,0.16223372662021962,0.1906652284888657,0.2539442073119209
7566,0.07476499307754803,0.06911318211311923,0.2332606285796488
7567,-0.09349666828750369,-0.09788830518535552,-0.17279198132801332
7568,0.5409890210885635,0.40677785154029955,0.6283879196871152
7569,0.17458682190758057,0.09785395995878465,0.1748658472145348
7570,0.14740233536249825,0.11772298683785842,-0.02926004733078902
7571,-0.11904459117599053,-0.12306578689764425,-0.10877333530133726
7572,0.8042111621165964,0.510754200082536,0.7430660718361344
7573,0.23093048501786417,0.12158148240635502,0.335077486897402
7574,0.06636209730160414,0.054813689114190156,0.1626990676581348
7575,0.01349700421651967,-0.006423032942424078,0.025454874165438346
7576,0.14598563784764984,0.12570414957436515,0.13483675103098203
7577,0.6384698073913473,0.43513378791274326,0.9648128855318949
7578,0.620307041630674,0.48798583340705526,0.49010719402915637
7579,0.4013228654876755,0.39173020314133944,0.23331290294736973
7580,0.28071510436432945,0.3048982683288459,0.34071726831745885
7581,0.36919486360494314,0.22857167964063807,0.05106379940199335
7582,0.901144005551112,0.6014093554205335,1.1790364091539032
7583,0.18238076484362997,0.018441053202467694,0.31020258770333275
7584,0.4614699737768224,0.38907318582472317,0.49195330964639084
7585,0.4609774373257156,0.20507950815967946,0.5918471442391127
7586,0.308009675717297,0.3852597760873271,0.36848619363115964
7587,-0.09020263172221843,-0.09830323478758884,-0.08934310179593474
7588,0.8273283353756891,0.45764657330525726,0.8545149868171569
7589,0.14588658468791316,0.05360529341399234,0.009078770629368904
7590,0.624104034780034,0.34024724323441213,0.6158866339016134
7591,-0.056971435776763,-0.04771319932543483,-0.11177199078262567
7592,-0.17389120024446514,-0.10493147817982618,-0.13793173661849123
7593,0.536219413518954,0.33075299669227665,0.10815958560789918
7594,0.46866346911847834,0.4621184705440322,0.38012396370613644
7595,-0.09730607580205841,-0.09940538403515409,-0.23703458654984566
7596,-0.13544214799530874,-0.18240693587719548,-0.18794508346071503
7597,0.45920401240079656,0.4885115818029946,0.3680647753394366
7598,0.035330301697283684,0.01429392911937688,0.0574790097123834
7599,0.24731079398018174,0.18694999362972742,-0.07318213912670568
7600,0.7062154632904727,0.6953736664246839,0.8443235264584379
7601,0.7519568430405676,0.5686909227104686,0.6391210069880999
7602,0.5627260197740933,0.3468350305901473,0.04415754538504557
7603,0.11761486244196173,0.02468891853254296,0.25694737005450774
7604,0.3743401118453129,0.2766879046302744,0.3152455418603213
7605,-0.17166361846660083,-0.10851124354062047,-0.059615023147754354
7606,0.43150794096682965,0.3583911468352883,0.2020984327294839
7607,-0.09238078929870674,-0.08289914275447718,-0.1224560233954437
7608,0.15131441519027522,0.1478098305384541,0.12679150001834216
7609,-0.1040171923697728,-0.026266438356970068,-0.08252535330997723
7610,0.4432921566613097,0.33822690639108477,0.27919999124593553
7611,0.24578524623469988,0.2521150367881393,0.16915274390167112
7612,-0.053435458843323236,0.002547460516117983,-0.13835340211665248
7613,0.7177999870247345,0.4931630044443758,0.4531516586202031
7614,-0.07167915612863518,-0.019065342351507808,-0.012462746973811889
7615,-0.07791459413829971,-0.02215475524941357,0.0018637834089259009
7616,0.24760288726642043,0.20621437349165506,0.24687777168085545
7617,-0.1381343186586722,-0.09907929304687424,-0.1864128779791907
7618,0.7802633319640391,0.6169109453957582,0.9385593492788349
7619,0.8179006745577662,0.7578098141572682,0.4938162371943837
7620,0.4416219671572217,0.3636669545049265,0.22901402478726118
7621,0.25523527916244637,0.4923266035556906,0.21633562272875273
7622,0.6460582851438987,0.6548254165361627,0.4919190261021369
7623,-0.09591664201943761,-0.014850075477916502,-0.1402683026724485
7624,0.36280544177622254,0.3271579576945882,0.3822734907856764
7625,-0.0850722255571692,0.012076848366038728,-0.09374337693064516
7626,0.5990439688269673,0.5668152328019191,0.2578707380426686
7627,0.23664412249862687,0.1118085497256398,0.1570156893729746
7628,0.44472518465770383,0.33373134838985963,0.23107220471008083
7629,0.13427224055707176,-0.004247394955320782,0.28419288715670743
7630,0.33099081335077774,0.3415025635010829,0.3335493954543154
7631,-0.16080282024753312,-0.15180388908027154,-0.23790897918910725
7632,0.10862295841158232,0.14257134271639949,0.0980593339077549
7633,0.18617453090381608,0.07282103574300725,0.3627932541083154
7634,0.07868087592213957,0.02612321642170934,0.10482516760493721
7635,0.27270201600006283,0.2116793001280397,0.13009876985030489
7636,0.013108639225793306,-0.010835697927812027,0.11011592723737618
7637,-0.011089710543190079,0.007340864575607231,-0.10324969325231104
7638,-0.06541260763337498,-0.06223825596518795,-0.0774546146369518
7639,-0.07615453893399204,-0.02172904395188857,-0.08575723225702436
7640,0.7838979796575505,0.5473934224158963,0.205244579382156
7641,0.3462758406187294,0.44244687280912487,0.38101009101757644
7642,0.22104577481071885,0.13157380247184447,0.1731559090607644
7643,-0.12150941679594729,-0.13677595637784157,-0.14630636150194154
7644,-0.0658182338881208,-0.04334974544807191,-0.08138264071326318
7645,0.3731574312321959,0.3665247649074965,0.35404412642375216
7646,-0.09289809184002418,-0.06486518147337306,-0.15025330406105353
7647,0.6802573844612609,0.7376825842126582,0.37953701231931314
7648,0.3181429192318601,0.3099263509507766,0.3162508108121871
7649,0.7350749919667079,0.400670996637144,0.5348614732061894
7650,0.3350901145177443,0.3176854932691835,0.4494945309434897
7651,-0.039419413805673376,-0.07561087856423632,-0.12461417838858102
7652,0.0927064195226861,0.05645195851223228,0.3065863962177906
7653,0.47641683499538656,0.4353159318577109,0.4138122399232944
7654,0.3754368841034883,0.32923254284138515,0.19516514445859023
7655,0.5572414921021156,0.41680673853876526,0.4706627711156295
7656,0.4541300296930253,0.44373521884512757,0.25386004728207134
7657,1.0303842255252942,0.7838947448479416,0.8686498377407343
7658,0.06774998154573275,0.03713873191652217,0.07104765383594147
7659,0.05117261084673763,0.0713085423698383,-0.0218021340469865
7660,0.24631352700207487,0.13635562948034718,0.4440357220954012
7661,0.611164738993172,0.6517718325828705,0.8952123502417948
7662,0.6552564338153473,0.6509194513614578,0.6724351896505583
7663,0.30010097739725494,0.1360812645249141,0.06480437509207615
7664,0.7157860900716742,0.48238840384789516,0.5529836839656728
7665,1.0406591112120713,0.5715199570032083,1.1530162658711465
7666,0.44493270136396545,0.30485948184692124,0.07563761587309692
7667,0.7334125844000614,0.7176553666646532,0.8574707574113012
7668,0.10339301245539345,0.11268249724919976,-0.025695737588725676
7669,0.917131297140684,1.141678817130971,1.178803710322486
7670,0.05889773026457057,0.020325771433176376,0.04806432760261936
7671,0.03870388917057355,0.009138159036470972,0.02113612230425077
7672,-0.20951394657656164,-0.1546678942625579,-0.13925140854814133
7673,0.7439898425122575,0.48494286697156674,0.24608512565261043
7674,-0.025432790332136856,-0.007331732627324228,0.13523347287924703
7675,0.970498133303817,0.7615391745577293,0.7544697143519228
7676,-0.0766745104779123,-0.05682812005078519,-0.16337053647497057
7677,0.5104068733126432,0.5267856818629109,0.5886142840875905
7678,-0.15996655287852957,-0.14197493061461897,-0.2499705416391309
7679,0.39655908437813836,0.27998415367613205,0.3529884101630807
7680,0.4092470604652947,0.28357239149028635,0.33367185126049703
7681,0.8369388709432104,1.0101185247362232,0.8432633962566072
7682,0.13944287217298723,0.13032950070641025,0.27519525631856756
7683,-0.18890057902380797,-0.12006868466294651,-0.19828296993473504
7684,0.26847761249304525,0.14923786538143147,0.3304034047696527
7685,0.34247117885195477,0.354534353816339,0.26221777127613954
7686,0.21380772929259306,0.1862161416427326,0.2983752450417856
7687,0.12536233188867696,0.16505353285506308,0.09687871102930834
7688,0.4265626734445227,0.364980637165758,0.5880002258880233
7689,0.5650040996739341,0.6459083735962927,0.41781529485211566
7690,0.08211421720746159,0.01713821378655278,0.13888327215463114
7691,0.05954688205623282,0.02635327715550062,0.0368194385041789
7692,0.34699753652733856,0.3568973508738542,0.24110996824691844
7693,0.37172455365146906,0.32720717745088157,0.219165322736812
7694,0.5605316518299914,0.47294785643475934,0.6791115500108305
7695,0.17225889517471527,0.04372024525714924,0.12111270139088082
7696,-0.18476733193242534,-0.08737583610531219,-0.045941834335406884
7697,0.21682571099411252,0.23115569093378974,0.1221491937106256
7698,0.5671926590543706,0.34676558221806975,0.25470584988903444
7699,-0.017091926480804376,-0.010325560744434914,0.0586502948851666
7700,0.5919893507087948,0.48221681798405447,0.4768499024801016
7701,0.14183085041625842,0.04475098817173384,0.2626477096176101
7702,0.1194301032009546,0.05517613451381442,0.18254927418519662
7703,0.659556493695828,0.7190582715741416,0.8808769550302431
7704,0.8896012198829453,0.6965102111360937,1.0291838187552402
7705,0.5260178966248716,0.4597262332140495,0.6891890140972368
7706,0.28696822343401407,0.25465504918594095,0.2773071381657002
7707,0.14868069792701766,0.052996340544171794,-0.07982287867828397
7708,-0.12488978844706489,-0.09623097285860649,-0.15219348595923476
7709,0.6518315230100773,0.6057445070975014,0.7341670080356848
7710,0.8815973927589531,0.5770450874290101,0.9279935308102598
7711,0.15882494862760455,0.11826395188145122,0.3800943195692108
7712,0.32511623352256946,0.2470571398019925,0.2026002017492028
7713,-0.13746200745825665,-0.15574654944092903,-0.20517225578515952
7714,0.4828891706955871,0.45953889912315415,0.45481225358999544
7715,-0.017574031772395804,-0.005000619193085476,-0.07155244913578496
7716,0.6739208975780362,0.5881957838801832,0.5857643853013017
7717,-0.09936664211113211,-0.04813386964070021,-0.1895818892101626
7718,0.4992622188552711,0.29794500820370295,0.626584667527839
7719,0.21894081122137443,0.10143816342092271,-0.00012575705127793047
7720,0.3158002275214642,0.20302042389737718,0.16175401804009115
7721,0.539288067039692,0.3421694159992936,0.4151091697186222
7722,0.07099415205604731,0.08992381795413729,0.2160088912301279
7723,-0.10868321958726201,-0.06372834808761307,-0.1648349809320735
7724,-0.08152952831327853,-0.07057946724032826,-0.16157331014897403
7725,0.5357807845671199,0.24109723647067094,0.7779230013726788
7726,0.4109729544336491,0.570245565459458,0.3544625247506976
7727,-0.0628844466591858,0.024716344882669494,0.0013511105213344088
7728,0.3425084571469197,0.2537067798562793,0.14379448130358718
7729,0.14983093810219628,0.0501979581777956,0.028669725450209738
7730,0.7514217719557017,0.6899496470040656,0.7945224525536245
7731,0.20371881546241233,0.12761975521987634,0.3040000852899707
7732,0.7167320993174198,0.6244956240631487,0.5017199581154099
7733,0.18677801867130084,0.12220367261887288,0.17589695286768636
7734,0.5609682881255742,0.44121908876996585,0.37250134623860864
7735,-0.24028894313415194,-0.22482156390093067,-0.28580627426178495
7736,-0.11539923683344577,-0.14663413471930076,-0.18186084400862856
7737,-0.18231731482348823,-0.13960041540711476,-0.19256119102847558
7738,0.5489883521771595,0.3652737321688537,0.6109984774613437
7739,-0.1646490953204377,-0.16463058669101527,-0.19812388664811398
7740,0.571395969535534,0.2492389783238138,0.6117456236557306
7741,0.21150538056550716,0.2871560765382788,0.34820565969081096
7742,0.20191183275919333,0.10118860469659485,0.19868886984796452
7743,0.4657858764024667,0.31379468459619697,0.4639903587092804
7744,0.049904492238936005,-0.007293041886080487,0.019325532482230123
7745,0.5279478075052806,0.849536508636348,0.4614221727937673
7746,0.7866425057175168,0.8214464510797506,1.197582118895105
7747,-0.03486604221688161,-0.05199397541974671,-0.08542882388707207
7748,0.3724885378538245,0.2621755220036146,0.4101980540587955
7749,-0.16286144002692304,-0.09889494317864056,-0.14834294784819624
7750,0.4924851734083795,0.45387482655747635,0.6759346107693005
7751,0.643463735669636,0.7558378258705503,0.7714017990125339
7752,0.5803138369778744,0.46626242965095543,0.3938319272965718
7753,0.7557925663935479,0.6682927766671403,0.6179242665898061
7754,0.10582513517745773,0.14600236680308454,0.2574787021531617
7755,0.23176434603382567,0.05321857938934671,0.33545058919543047
7756,0.02650910227427361,0.044334222605685314,-0.015825743666250225
7757,0.549956570485375,0.21937327556655717,0.2027833045719949
7758,0.42753937099108974,0.3198459881185869,0.1823674253093941
7759,0.13993009734199702,0.12770275550370602,0.005920215069803225
7760,0.6342143603239576,0.3197069715810543,0.42911984577148643
7761,0.04198947868702918,0.07509979758546392,-0.12501037341766286
7762,0.094471214973737,0.054531189682197834,0.3013796531257318
7763,-0.08607813623586325,-0.05841516718444251,-0.14421593534033528
7764,0.5577987197685739,0.3932532618280222,0.2896204506114586
7765,0.03918353874935665,0.035735680960090166,-0.06279850379811258
7766,-0.13847632271530563,-0.12029136314959643,-0.17861285200623178
7767,-0.14492558861054394,-0.16398986897051815,-0.13259442563957746
7768,0.4084713723199702,0.2087912216361687,0.2922172742553082
7769,0.2618461764887281,0.12524597950784222,-0.17267934428232712
7770,0.6760201386941336,0.4365611121855064,0.6957926533709711
7771,0.07151630152861799,-0.05998972540267733,0.0837990703197693
7772,0.2747271301728138,0.2575524894722201,0.21425431260379812
7773,0.26646300210365825,0.16442295954906672,0.15750874148041172
7774,0.11634184545939252,0.15287553252934138,0.14474573064469154
7775,0.9046715376828431,0.8350357321453272,0.7143191102907946
7776,-0.04453398076278192,0.023603462556434307,-0.009887760296492965
7777,0.16075180265865097,0.3314382462094967,0.37564290575634063
7778,0.33401766067041594,0.2401390003058399,0.3589012663425779
7779,0.498773429750498,0.28937194076952033,0.19111127526740512
7780,0.745378573060268,0.7427319285049603,0.8819749639542422
7781,0.7983553342400078,0.46897747438111104,1.0072623874300812
7782,0.1262962154615339,0.1352989690184283,0.04374440003992919
7783,-0.165066314311071,-0.16414390248637023,-0.19473765330116843
7784,0.5301337132531616,0.45589815335314565,0.7418717636300953
7785,-0.12557955845346114,-0.1043111700402295,-0.12767071480384984
7786,-0.17283063512376118,-0.13369866811154774,-0.14600858390293503
7787,0.21782067018963147,0.12907949628591786,0.2523449400776494
7788,0.6506475822600644,0.600322411003658,0.8387695630310934
7789,0.815418295369686,0.5494022887263543,0.4207503561132033
7790,-0.02227201330553752,0.03649513918200298,0.015019199308117681
7791,-0.11189370754543226,-0.12014457833460557,-0.2150071693316088
7792,0.3283228550976047,0.2868481936547387,0.274272716977193
7793,-0.14751007639256053,-0.057007980507161604,-0.12977474379918175
7794,0.18871697420230338,0.1145001009909401,0.13614752290775467
7795,-0.16233754358860153,-0.1375712713480728,-0.20090543934709038
7796,-0.04191220439446963,-0.053700941198958074,-0.09079045651413387
7797,0.6388547705612522,0.5128861967040361,0.32285443939996017
7798,0.036831421320990154,0.08582355929332519,-0.05648605905013615
7799,0.2934200390571191,0.29839514992115657,0.2168130859512698
7800,0.9256169275515735,0.6170205191416203,0.5767755150086376
7801,0.08209619638068655,0.036638506343638966,-0.12250485116666132
7802,0.3175553342437778,0.40339195208706635,0.466090193117924
7803,0.2554288272878258,0.15189812994240626,0.30024009829255194
7804,0.30041897577863885,0.1750865695162378,0.2534724308915839
7805,0.2668758116790897,0.2926772643698443,0.20469700015308678
7806,-0.28851680163675475,-0.24756908024722035,-0.23296021094761987
7807,0.40082344881077736,0.2618065545009345,0.15091297981405805
7808,0.13310356904458964,0.12528562353415196,0.11114677049474153
7809,0.3326707558040223,0.47796586842848865,0.4054355425716871
7810,0.3771895626818329,0.4335997812040977,0.3519309643155626
7811,0.34366700903913516,0.38051713839734336,0.052427113870602504
7812,-0.22079959265489513,-0.15722284223015215,-0.20989932489444774
7813,-0.025813862504072804,0.03423240565011332,0.0015867854332889397
7814,0.02309921307094598,-0.022613098576215962,-0.13347836827784498
7815,0.14139337556909215,0.07016382673645327,0.12768705566840977
7816,-0.09208414261636033,-0.12528993860627313,-0.18516743254393253
7817,0.22359364634940992,0.07257409807862336,-0.07584663606760356
7818,0.031221416258860435,0.18673467195521143,0.2862869227934388
7819,0.8758071221284336,0.39337655970382435,0.46701151191812107
7820,0.9380412593576428,0.6437056901943385,0.8342805184343038
7821,0.3728765592019543,0.39645496545243497,0.18217479645567947
7822,0.3416920085235864,0.36574478972594093,0.37299368293339574
7823,-0.10512410975350195,-0.027820235036887797,-0.045496042434240325
7824,0.26474147045772,0.07467194141812228,6.338524879634377e-06
7825,-0.1292692401340676,-0.10662843828759871,-0.12808262888129418
7826,0.05354558747545113,0.08620697304345004,-0.0578791729085798
7827,-0.04559020124415236,0.014113164500326292,-0.15118379676935878
7828,0.4354525804396243,0.23975027203866506,0.04468229804199475
7829,0.503322867985402,0.7082746554475898,0.556709074640755
7830,0.11903240073244703,0.05990403153329016,0.4602165843389141
7831,0.5497793110742699,0.252964351670365,0.0234915022354647
7832,0.005993843578574909,-0.010534790149848927,0.1184499714848457
7833,-0.17791247275447541,-0.13871593317462838,-0.21593474881383123
7834,0.18431010722553642,0.1595455855230674,0.4572441784025265
7835,0.35967677357892325,0.27520654954211454,0.3396444928956104
7836,0.031965557606340234,0.06553645116610873,0.15482832220569742
7837,1.0919200887674307,0.8056802987487286,1.0965062581777008
7838,0.4399392094058183,0.5043736844710365,0.39501654163346944
7839,-0.12707592066421658,-0.07949965600079822,-0.1377290235445333
7840,0.17045412508415891,0.13042444304041156,0.20687791730542449
7841,-0.19908445071874026,-0.18342754328457445,-0.22713187065498897
7842,-0.15940929839459195,-0.1374443569514625,-0.18572114999536715
7843,0.3785065042357727,0.25098428101317616,0.40303794558755857
7844,0.20404472689617537,0.23840810930814937,0.3925110744638629
7845,0.22191611367490993,0.20123771580397642,0.29715539962320814
7846,0.6005827941692814,0.4711275318855337,0.23113074473507722
7847,0.7262807570140664,0.5579711348688812,0.5414556276809084
7848,0.031116539769822982,0.21783962849283567,0.06293807812268004
7849,0.16242291671091547,0.03344881485496898,0.17715406839200187
7850,0.31690165149483307,0.1968936614124306,0.19728607691629563
7851,0.6424093354366653,0.2995533469374587,0.5035777876407241
7852,0.27109953921783614,0.2195960959026395,0.3031670605855836
7853,-0.016581650485092858,0.01958117295904116,-0.02677778095448291
7854,0.262113898122347,0.14806052361458533,0.427752402158345
7855,1.0269656641623124,0.7469459908815479,1.1247252143027584
7856,-0.08608265010818128,-0.05549225922138823,-0.10382363704435027
7857,0.06669751559852677,0.21195202849856098,0.23673866632784035
7858,0.014167802807340646,0.03970020414256137,0.07833793500297825
7859,0.27560912864221954,0.0326839559717389,0.05143517168961087
7860,-0.08351707037096479,-0.043752657731127576,-0.03792318638621006
7861,0.8739938868544923,0.7932939679037028,1.0181463313912702
7862,-0.041452679011546034,-0.0630632173061737,-0.013624412618679749
7863,0.08186789754251622,0.07044993802821509,0.22806019353204077
7864,0.29923570298043956,0.35705522891010655,0.16584593374160184
7865,0.4536464171550403,0.48712641145657387,0.3205408506325709
7866,0.009084577033716235,0.025632093722818272,-0.0733224959595955
7867,0.4609440484843541,0.40545456506054456,0.2774797588043705
7868,0.8931455996677389,0.7571059596004122,1.230717529861309
7869,0.7469993666382126,0.7891200676727934,1.1087042400837643
7870,0.010303313694921545,-0.04736883286239113,0.05131396166004332
7871,0.3024379232462848,0.3437292278939277,0.5542930882371435
7872,0.25379237119062936,0.22541867526689785,0.13374884021717004
7873,0.4500670376339946,0.48938006474366924,0.8498852269022428
7874,0.09884082655605231,0.2790323992836432,0.06894684107847304
7875,0.0339255615076004,-0.024230926921816054,0.13658149514767715
7876,-0.08742818571234434,-0.033990716126021114,-0.20575433445937208
7877,0.463771005008075,0.250101494087974,0.04830755971827805
7878,0.5683176805535157,0.24218422497893077,0.5820403627710284
7879,0.09696154063701568,-0.04129305819360063,0.013781751196790593
7880,0.7902571077259057,0.6889745704184742,0.956266858367216
7881,0.503239829742631,0.646446407334001,0.3165030141387766
7882,0.8684195102676695,0.6776052302057833,0.9910120066436936
7883,0.02087726170232762,-0.012346197701591066,0.13446250677768834
7884,0.0807572464789692,0.03793299068456424,-0.1354485005712489
7885,-0.10116962970329701,-0.06429076220610275,-0.12808160179090944
7886,0.523580459855838,0.6039557802960343,0.4878245593624153
7887,0.6709530214613155,0.8255135760253747,0.8416848945399271
7888,0.32655880519109837,0.31398380990488395,0.3396500242770135
7889,0.42881988774683144,0.41638031098775197,0.3947757858266985
7890,-0.19614376803223088,-0.10756335557576358,-0.15985387584510302
7891,0.6418401420614803,0.6582154449979043,0.7995674195454545
7892,0.426627279582775,0.2778974348111365,0.2274213262462661
7893,0.064501062321773,0.12827813084076234,0.060689255280356846
7894,0.572454691492855,0.4449310992154363,0.6580567692189061
7895,0.34116265086624087,0.5141836982272838,0.33328398293558736
7896,0.01399113892837156,-0.08039670679827615,0.23710365349891527
7897,0.30588965401414137,0.31920436212488235,0.33797902000988334
7898,0.05015287713090899,0.05215853566608919,0.012518131477438299
7899,0.6645850925657741,0.4627454034817413,0.3537245197318932
7900,0.22330994443410046,0.2541472341590494,0.3395492996193461
7901,0.6881967803710882,0.7181681427438087,1.1542610296135396
7902,-0.19967384690314127,-0.1945621258702953,-0.2259699152924607
7903,0.5258918595789679,0.5722043975336921,0.7166141112314393
7904,0.16302639752886927,0.1370319093009562,0.008970980191064681
7905,0.7533406954531561,0.5635997955250698,0.621791570618992
7906,0.5239331751941398,0.4301737213322965,0.35608006648413304
7907,0.270545471655413,0.3048280282488012,0.19685652320221614
7908,0.4627530676391485,0.5133800492065235,0.3020966477677085
7909,-0.10829923777670791,-0.05752278629967322,-0.11423540957126566
7910,-0.18840186307970352,-0.20412054980411654,-0.2820722307939568
7911,0.1891899083539792,0.09626296291455727,0.1527141988415699
7912,-0.09266948942442954,-0.019251251759564547,-0.09369764670456215
7913,-0.038706135752367254,-0.05566879926356849,-0.051649528333684636
7914,0.6527159474996251,0.5887062975727257,0.8664637258624404
7915,-0.011125158250550715,-0.001991727406650212,-0.058002370237732914
7916,-0.046480421950263695,-0.007514731818543785,-0.07257473092688571
7917,-0.13168325091988053,-0.11520121072289835,-0.1827127468966283
7918,0.6847106397880363,0.5396822117027475,0.721049925308721
7919,-0.10708615551204637,-0.1487519905050514,-0.18647859934309963
7920,0.23931743702113706,0.2033862119593346,0.1399322299188721
7921,0.7744437377428206,0.580281333094407,0.9915502089654449
7922,-0.19522662402657842,-0.14870392210138983,-0.2205848270648556
7923,-0.08461023292303183,-0.09835073316015563,-0.07853124177276538
7924,0.24277901082378128,0.2502074662889764,0.2494474618913085
7925,-0.04148437362653834,-0.011676445440573002,-0.1304756117768101
7926,0.2065171598453539,0.16333640485064826,0.4347552929993399
7927,0.1793819446673388,0.21053375713739753,0.22110769961810428
7928,0.719445652245237,0.5969320448505608,0.4999010739236158
7929,0.901495197162852,0.4487634536485141,1.0084581413576466
7930,0.24709871979672848,0.17819935319867675,-0.02545320128602313
7931,-0.008021131804552217,-0.002664864325031102,0.005088543314365923
7932,0.03130704191960376,0.10006137452988462,0.055129232756505386
7933,0.7173599405043676,0.5874244198710228,0.6070950601440763
7934,0.1342649890934129,0.09286782736081545,0.10342826985977127
7935,0.025156346929528173,0.047778104173366254,-0.02492361178123792
7936,0.37405101235269544,0.21514213671117943,0.5400663148978206
7937,0.6292824029706403,0.5188837031348801,0.5320824503226502
7938,0.11445027189770873,0.22038304869380965,0.09421615186818033
7939,0.5657204815742201,0.738401548459062,0.5214175639353256
7940,0.6735937256529081,0.42407710354961003,0.5289654888678113
7941,0.5040437975905678,0.5284871834802563,0.82021463322437
7942,0.028238679934656563,-0.010474698417140771,0.15467195859492944
7943,0.3007032560796412,0.16613014797393544,0.14236912093268916
7944,0.2561028479608338,0.16112618657618283,0.19767558954532571
7945,0.6112064944812319,0.5318256568685598,0.7295871662932611
7946,0.016953018508168993,0.012502224547775498,-0.03880092664362078
7947,0.8107018430619182,0.5998249530904793,0.8575559497362464
7948,0.6838383238884906,0.6060733179680906,0.535865793243804
7949,0.16005171342584856,0.05354458252770122,0.12722907385416415
7950,0.609162378562278,0.5407003501712944,0.7592209362961055
7951,0.4574584289918886,0.5066521494687604,0.37540213357244645
7952,0.6900449630172358,0.6408031732479262,0.8257416801427735
7953,0.21015263890224123,0.4051297831004068,0.17679736504848353
7954,0.4533370241166559,0.23703872079164934,0.7380836817115872
7955,0.0918475045920939,0.0349709381887231,0.39836619717087784
7956,-0.24117299631223466,-0.16996670375581546,-0.2508865381219557
7957,0.06007964738152283,0.00764318549947407,-0.04615933132174932
7958,-0.13806088381551962,-0.09361495661664454,-0.15087036044664293
7959,-0.10382885777382478,-0.04112203168601092,-0.08974158662933085
7960,0.4350623859859759,0.30293121588782856,0.3744781320474444
7961,0.41537918875871616,0.4878128762114189,0.5298009748181567
7962,0.46563099000251373,0.31009643040169266,0.6566761474253815
7963,0.6075926527426863,0.3385220521151149,0.40169108705667034
7964,0.17522912154648362,0.27332343878555476,0.19003084398045922
7965,-0.0361789980591356,0.09176543164124129,-0.05363891721267888
7966,0.11375531099768543,0.038135756474379834,0.26827297621962964
7967,0.22473796980271543,0.12609949551386324,0.3444549816024991
7968,0.0768541707019772,-0.06356223785878312,0.1370916908989983
7969,0.1702841615238282,0.06783886452447851,0.04156554565156867
7970,0.7017412540849948,0.5182399561174496,0.6013668408285275
7971,0.6448935361617267,0.6094185502513645,0.8959365262764027
7972,0.3826555456828049,0.25638386118633094,0.1251177115485711
7973,0.6437523246268042,0.40397799013990987,0.8444373007944688
7974,0.3579561290091564,0.3781246938174523,0.43963893283365674
7975,0.7190921562098456,0.6376146628565313,0.49901349822111185
7976,0.25857566178251923,0.2374447949746632,0.30394241033396296
7977,-0.06376133930483407,-0.05512440187707246,-0.09077863268660469
7978,0.4049736135912243,0.41345732141990665,0.24727222839226637
7979,0.7034140698098161,0.8388964873666724,0.3390135069688911
7980,0.08866943056676657,0.008056936051144659,0.023207269379801332
7981,0.7163589239352837,0.5431883220914133,0.5189036083217735
7982,0.3605486307644834,0.47322427495850916,0.20272995909637914
7983,0.2216226539878936,0.131984439426043,0.33143853804870926
7984,0.3486555673184193,0.24951558699081433,0.30079939520995125
7985,0.42562092887578085,0.3049961680348372,0.2571750582465038
7986,0.008170994265668696,0.0018568879572342656,-0.10401653928981791
7987,0.001174453195127212,0.04460074228685973,-0.1051381588939243
7988,0.5948351497436137,0.5564138514122399,0.7408830028006486
7989,0.6953345759451439,0.5056097750637123,0.7046987402494305
7990,0.5425846587817507,0.446883052066924,0.6853201614545501
7991,-0.09307469713964822,-0.002182224389164489,-0.08696633075213234
7992,0.40473014143102737,0.30672165607419255,0.19438724164085963
7993,-0.08599264955842056,-0.05437907068573833,-0.08695579445333157
7994,0.10339617109087862,0.0352320417946792,0.21054572279026718
7995,0.5541172572227244,0.5750094423134195,0.48474489987111546
7996,0.224624179241665,0.25428292636586214,0.0908084661738977
7997,-0.030135801809124785,-0.0650702247365329,-0.11557731706206742
7998,-0.12645453168094112,-0.10811756792549077,-0.22259131169124757
7999,0.10212742368130412,0.05764314919303226,0.27404853158345843
8000,0.47947336611598557,0.29949405871102175,0.5331735694048656
8001,0.011637904123704912,-0.024404131152700792,0.1551132741961816
8002,0.41031251175620165,0.41429461637083387,0.24410940992869268
8003,0.9759433177393917,0.6002212114751959,0.633798265924348
8004,0.26033819340577047,0.29673854140110345,0.3691764192453013
8005,0.6001249040283505,0.5348343631219286,0.7428809865381345
8006,0.10241170454278348,0.18789800512384236,-0.049082697930236785
8007,0.5641069344811203,0.6060084875584288,0.8641636834939437
8008,0.15842306223497093,0.3498336774802058,0.3634056141132751
8009,0.3264751761072391,0.22718539133012827,0.13389746002606895
8010,0.17638555244799115,0.16208371072077643,0.3248487865187457
8011,-0.047883413634955296,-0.017767642570394537,-0.10017813608577397
8012,0.02944410301285516,0.028827048849122905,0.08827039811016313
8013,0.1032452749660171,0.07473617960782009,0.27179136751186617
8014,0.20087187397027195,0.23786811818463494,0.032791776932823646
8015,0.5196312964323786,0.28221536823525795,0.3261126124076861
8016,0.48158286529071903,0.5113039827700434,0.42844791465866083
8017,0.4804447523769193,0.26851856896432524,0.5971789319697374
8018,0.21275436386569524,0.29341062084445246,0.2607412571863905
8019,0.6850281551843735,0.627511125216325,0.7083064869477935
8020,0.5816374088910039,0.5914932055204074,0.6765924283747191
8021,0.7982724003315456,0.654114281111013,0.8133945734673169
8022,0.436945526251153,0.2581894396267246,0.09543745885278732
8023,0.4583080721530026,0.4329661749011229,0.703253845332283
8024,-0.13904742789595326,-0.13285682455282966,-0.14519251039375614
8025,0.7000689055445848,0.4378915004814743,0.2752366392358905
8026,0.6175612035242075,0.7473606122078367,0.8216564492144565
8027,-0.08872814855338262,-0.025352760931446672,-0.11343633702271494
8028,0.14527758788086165,0.1300208492287631,0.24662119447113318
8029,0.16589836573698236,0.059822135878336846,0.27087841255680445
8030,0.8049255698082818,0.4483322229509734,0.16761865402677656
8031,0.4134919875095924,0.34396132435882687,0.5067059493975965
8032,-0.1499396504561289,-0.13732221791510668,-0.20989526267509007
8033,0.23397837143448652,0.18616730431298145,0.13895671696433864
8034,0.6415206322918205,0.4789968317294344,0.6126522096593789
8035,0.17532494431829204,0.15984334475021944,0.049843554739290585
8036,0.6107694312047769,0.38830035043931654,0.6422165021526194
8037,0.5777216722144238,0.8396701036767027,0.3992792531521303
8038,0.2095928833045131,0.15520103654119421,-0.049738909134149245
8039,0.48078206447423044,0.4375115103635585,0.4360183035653813
8040,0.06852359207620617,0.09694529221279691,0.1152637138213295
8041,0.5811448499418981,0.5656036589683082,0.5152270053017443
8042,0.758838226340725,0.601282333207531,0.9120307765122782
8043,0.19888090655508872,0.19013914124271825,0.2887019879419148
8044,0.584290205980394,0.4349336256989085,0.714648335158133
8045,0.42357618481917236,0.3340913014932714,0.5567808846931495
8046,-0.0228395319429765,-0.014408511107224076,-0.07241797126271621
8047,0.05191967613843551,0.1897722506373385,0.15547406109359274
8048,0.2675905038239652,0.22998699356007957,0.2542999664737742
8049,0.3068013395911746,0.3258796331188658,0.24952582057405004
8050,0.8952558523118774,0.8189607236841514,0.6744768336760496
8051,-0.19835505373644602,-0.16286233195536892,-0.26796787417470935
8052,0.6498314734533155,0.4426677158570631,0.8473141263354231
8053,0.21300929012218828,0.03739948492803835,-0.024868217587651564
8054,0.39792833799283067,0.44858939542345255,0.2863286289413871
8055,0.706742716276928,0.709555598436064,0.8763045643332539
8056,-0.0799851339760399,-0.04767895125605914,-0.02296736289551604
8057,0.1621151569667123,0.17517566349212377,0.2981653012215735
8058,0.10615492828349993,0.23258128220598095,0.15171014535557203
8059,0.29043156692901295,0.2535053914093175,0.12233566378496152
8060,0.19756477405519424,0.12678211758833724,0.4322717005168941
8061,0.23994510236695787,0.17595911061719227,0.18258933803354882
8062,-0.22279596384589007,-0.21868237574077087,-0.29171395384876975
8063,0.09337996780055646,-0.04669532998848491,0.3919205265720975
8064,0.7823644501257812,0.8773312237224469,0.8100835301566187
8065,0.4022650981003626,0.2776579274075599,0.3672703111876521
8066,0.894813001166324,0.5798795376939516,0.6405641593637239
8067,0.4154583437906709,0.30246452806570145,0.3170418529014236
8068,-0.029456574211448427,0.04088185004060718,-0.06350772019338768
8069,0.7034753158932596,0.6891956637787529,0.9367538107663733
8070,-0.18009244128885749,-0.17911590147801681,-0.20456349919409578
8071,0.13334433583045624,0.0768688851189756,0.09007906439952729
8072,0.49908742022587305,0.496899246693961,0.6933370508531802
8073,-0.125860023947867,-0.07143520812753235,-0.08511536356590577
8074,0.2683566246970437,0.25742456500851296,0.30583441672814593
8075,0.2855046864475166,0.26750905613985854,0.36548929063205327
8076,0.18565970482551553,0.11360741244410799,0.20350136827870235
8077,0.018209667943702046,-0.09960159155243076,-0.07510873508188554
8078,1.072037271237095,0.5799768540353873,1.3709453764814556
8079,0.2461124914162005,0.20973627526028737,0.10500509564831528
8080,0.09016413339162921,0.23495267855582513,0.07617355502551582
8081,-0.01671026297769651,0.02337831759018205,-0.03403388307992994
8082,0.576715974822771,0.4912176869905356,0.4224339047420771
8083,0.41330489978586216,0.34000749272595354,0.24862590817662733
8084,0.2315309891299855,0.17771587276179246,0.4392669600862502
8085,-0.014420403863349973,0.051921631192246576,-0.13400580189111122
8086,0.7779908859943703,0.7738998456987998,0.9600287917840349
8087,0.5667248446928024,0.5764555225809438,0.544342625160738
8088,0.33898084019342645,0.24584947211540986,0.3649601714391639
8089,0.5983123858839239,0.6888036117013816,0.5343307299000701
8090,0.18495273874514684,0.08181378461682098,0.33833007502253376
8091,0.028789915990180326,-0.00019634790453182394,0.21302892370610005
8092,0.6681908440804927,0.5121297535101585,0.3419090741353086
8093,0.3771440834980804,0.24133291822870673,0.26409381835745327
8094,0.029146622465019867,0.0608958847953156,-0.08903667135928894
8095,-0.11437536502110035,-0.07423492929509223,-0.1288962468382644
8096,0.7836231996208054,0.9726987676283043,1.0629561397448115
8097,0.46516757327248337,0.3729924542806531,0.4238209707940517
8098,0.5545999813972953,0.28209644005604106,0.5607415218290515
8099,0.9237553608488067,0.9666297362007497,0.90511054279156
8100,0.6558728847223849,0.4984664750046457,1.091653210567451
8101,0.4486046468142113,0.3908688870410002,0.47026990289955717
8102,0.8828674646828563,0.6596200898735343,0.5035684572619432
8103,0.7310194387921318,0.5834927363350804,0.6645964762442944
8104,0.6704891259535675,0.3839858899673765,0.4167772324165375
8105,0.15573511784610528,-0.027285226689676367,0.13229763486362245
8106,-0.07883609886580145,-0.053927076503854865,0.07696006005641509
8107,0.21909405543385851,0.12368548464500884,0.36831681840215325
8108,0.5532766750616551,0.4161491477436601,0.5100045456989735
8109,-0.07402494393210657,-0.022833800616329114,-0.1281723926095255
8110,0.6511506028696068,0.5922871688080871,0.7873855320483698
8111,0.5732532268345238,0.5519956822426346,0.5785953470577283
8112,-0.18781278809211033,-0.19868673280282112,-0.2870212613027108
8113,0.26489791744354485,0.2093681193059398,0.2642843751877595
8114,0.216483861801529,0.301443361275743,0.1481137563253332
8115,0.13007973463626166,0.14317489479723844,0.004437351342954754
8116,-0.057457250257325176,-0.07592715583321863,-0.2050407652160917
8117,0.26123075838923393,0.11836249368405971,0.19807789629701889
8118,0.11716048712694138,0.10756458252151879,0.11013824385807869
8119,0.458452767909143,0.2458926491178437,0.1762951922162308
8120,0.3960164336998333,0.38957867588288964,0.2235223955662735
8121,0.8084835059293929,0.4709290976587155,0.9104763569978154
8122,0.7683089401080563,0.6268886380622669,0.8973405709510842
8123,0.8008882580614605,0.7477815524413884,1.1069598674457417
8124,0.09996262954317903,-0.008247214128536795,-0.09177843102833505
8125,0.4497862366888601,0.44719197526205856,0.1932291636389647
8126,-0.06428701385267022,-0.051004492271313095,-0.09040333272724321
8127,0.6837508147667439,0.5639488868781144,0.4922912901503118
8128,-0.07772719444113041,-0.03501576641905768,-0.09877807828761442
8129,0.5458458595347031,0.689120739209987,0.3118452078009597
8130,-0.1561655278793832,-0.10772887744751469,-0.12255095682563288
8131,0.008632780493319281,0.03400512708077241,-0.04851127659952903
8132,0.45427936406547254,0.33161625383165716,0.5525685572991295
8133,0.029568169789023768,0.06142661535503935,-0.03735053699846447
8134,-0.07921935371416078,-0.09178044061569879,-0.020349655781526255
8135,0.33464879294195615,0.2953187096834371,0.28287350934177025
8136,0.1152014656607323,0.15586828019943244,0.05029508919799475
8137,0.20087632437639824,0.2609051836979379,0.33034389233844497
8138,0.5820848559854752,0.34755001149492704,0.3505627335074555
8139,-0.03377204164582104,-0.0002587468510144575,-0.0713382529845098
8140,0.585728711803535,0.5459826935136733,0.9228327749307164
8141,-0.1846259175487852,-0.1488346244221045,-0.15096989036448005
8142,-0.02671354478072696,-0.057809231107836534,-0.07617364268113136
8143,0.4555699117983767,0.3125507448742919,0.3712668829968493
8144,0.30677897693407763,0.18890333073857968,0.14096176003682226
8145,0.4356854870470426,0.21184706736252656,0.02743576771220635
8146,0.14687399438866122,0.1252306862160497,-0.09728400597088616
8147,0.1975847324721125,0.17729703899279414,0.31993249504537524
8148,0.7644833395503696,0.7040380314567267,0.39078196414388744
8149,-0.07773466116770611,-0.040623125639804525,-0.06414760092458494
8150,0.5421146253214775,0.4583621932728734,0.4433675447165637
8151,0.6398347972242122,0.5102175709371131,0.8383345952444485
8152,0.4160567906124617,0.46512267028981813,0.4546470935969882
8153,0.12608224960289194,-0.04897482803900455,0.1832992008890928
8154,0.15871427366835067,0.20267639560016537,0.29422195209560087
8155,0.14013194036636945,0.10437612413504227,0.22665910778320053
8156,0.447456536341595,0.44895910853078647,0.38837864947242884
8157,0.07619580498189404,0.08772718869389662,-0.01426740138408944
8158,0.16696994165982137,0.09227591680833425,0.3312913452751831
8159,0.06194971459475007,0.01410833079198559,0.02409157779950366
8160,-0.02373600662508424,0.11884023250109799,0.15390221000017323
8161,0.14042200611446476,0.073454758308656,-0.010487027039292496
8162,0.11409338503303501,0.07132869288413102,0.15473293075608074
8163,-0.04855482702356617,-0.0037429861450152258,-0.15760037791232528
8164,0.7277436817460814,0.6511880828478105,0.730456239948851
8165,0.6692111900103472,0.4860664051336161,0.37488267906367256
8166,0.634677444362171,0.37232353197752377,0.5320564218648731
8167,-0.1410375748435846,-0.10916815883653042,-0.20886233759962214
8168,0.08728057237533471,0.11709735724782644,0.06960024361328654
8169,0.6985477510187967,0.42280845128676714,0.31726108592800073
8170,0.7652623504497873,0.5312846502481638,1.0699163480508322
8171,0.044066302383245715,0.008843570213426188,-0.07108242503117035
8172,-0.08504215595888964,-0.09126202312769949,-0.173147196898927
8173,0.7697372447598709,1.0186019437765301,1.0047291957312274
8174,0.0021806293641104535,0.020133301941052117,-0.06246958741316799
8175,0.19991599544961147,0.05278155232349513,0.19406603797358302
8176,-0.015537854828611808,0.027095101978155567,0.020483884869046953
8177,-0.09077098815980078,-0.11031571694881914,-0.14865972226121382
8178,0.010285941270903542,-0.00980884569137297,0.08842638949251636
8179,0.8038970913912906,0.6255208689951437,0.6561170544214467
8180,0.3616034373444348,0.2612625301958429,0.1658795719030297
8181,0.48482574975023573,0.5485893998376308,0.4340763362357316
8182,0.6500692336453602,0.5042171605074739,0.8138803469388818
8183,0.8926665069074384,0.8069877372729424,0.5045800889999625
8184,0.37636827488709246,0.39484324619699085,0.23735747112785144
8185,-0.1488514661718774,-0.10848186698074302,-0.14332614844287894
8186,0.7504089677873782,0.5048496573298831,0.9041613698252857
8187,-0.03129152049733497,0.020664895186725873,-0.07230781353775284
8188,-0.1607964996435285,-0.12985041157260757,-0.1305529849917887
8189,0.5294569036599681,0.2803047759054793,0.32509195297979954
8190,0.46320475739365263,0.19605863174667792,0.3248458756675723
8191,0.5000467376114988,0.3575230203644093,0.7470965599220043
8192,0.26892399872884587,0.27067864803970587,0.502023168025
8193,0.23218883768295795,0.23941533648181612,0.23107552479560867
8194,0.45224003583224914,0.23001428432247661,0.3176778722267444
8195,-0.0012037763996480821,0.0033155670318494312,-0.1468337684704144
8196,0.8414464479072288,0.6448462707267555,0.5032513981700075
8197,-0.07589958291531884,-0.021869450529946377,-0.062255060714557664
8198,0.1580684143575486,0.19542242133129872,0.33754784142646055
8199,0.1401629096126551,0.09520042916682647,0.10256559918036912
8200,0.2646160255474903,0.19378381620543061,0.39495397888226713
8201,-0.1348294343434654,-0.15889129145089997,-0.20600719171178605
8202,0.3465351633564686,0.24881146889963723,0.05563437346035949
8203,0.041102658219910326,-0.03152218355526548,0.018404004958769038
8204,0.136790949683113,0.3442066121700129,0.27076107827433993
8205,0.6520396002002815,0.403398013356586,0.6426410455225517
8206,0.279455853792445,0.2127256889478797,0.27432914101699857
8207,0.5220123557680378,0.23385638077902082,0.2775059626183767
8208,0.43201363027623585,0.26214214264065383,0.4531585124046462
8209,0.3163026548788792,0.22006189921721098,0.3364747056622748
8210,-0.03895242900425666,-0.03588826972911752,-0.11562214306792296
8211,0.827764831383559,0.5886184531287881,0.7892086084855969
8212,0.8924294901457537,0.7915646761810962,1.0745449434828251
8213,0.5660101484063216,0.5573288255045847,0.6926730700478194
8214,0.290166080996461,0.2826857195398411,0.3191367116523578
8215,0.5244527776470482,0.3980812096602857,0.5387762081668799
8216,0.16750542585772443,0.12490046778348707,-0.09081629954263715
8217,0.3888686290927579,0.16416070423317497,0.3936745551321059
8218,0.29467038052477257,0.2806085576885904,0.2795326179140185
8219,0.6187276748957797,0.5387401760505623,0.04088452485359895
8220,0.32485800324650516,0.371492911532171,0.3357945752546254
8221,0.18043266070865305,0.2080063706838775,0.32911172666907484
8222,-0.1780667812139014,-0.1437808210955196,-0.2711789436007843
8223,0.14778457865060846,0.2861653996351299,0.09711027254104843
8224,0.055227427172056975,0.07680601554309185,-0.03887533547575672
8225,0.2559387471237953,0.13210457757351945,0.29650836591964724
8226,-0.07328344912581064,0.001275230058722876,-0.060639992886304506
8227,-0.020730899331168007,-0.06604836486143295,0.1194263588741511
8228,0.2835771884223761,0.22041714026305836,0.3863754689248404
8229,-0.14958271150811608,-0.08761772244231092,-0.1354480841883442
8230,0.13092618854732874,0.06247452015516308,0.3566165143976354
8231,0.4694457115884765,0.46716177955663074,0.19877833551277635
8232,0.3235914180204491,0.3937518588117872,0.30496644554057295
8233,0.15745261062727778,0.09836397914066919,0.07138594489867978
8234,0.49639794076365207,0.414006794936989,0.27249387167273964
8235,0.410986320306191,0.31386362743888174,0.3696577348732335
8236,1.0251640495227363,0.9997901786369705,1.087466241950667
8237,0.5681445678769412,0.6735838414659137,0.6955005775161076
8238,0.19079210028297156,0.14139477291785174,0.2441281488616649
8239,0.010552025731546344,0.027503700396494413,-0.10463484549592161
8240,0.5115390009790772,0.12365637659528206,-0.030029759435843628
8241,0.8116310238680857,0.6392943378564113,0.9966623908408137
8242,-0.09892737240637739,-0.028130491967037652,-0.030710271907151143
8243,-0.10229742336648018,-0.056713914302145785,-0.14375074565840007
8244,0.18181423247152728,0.16844029293832952,0.16971003302820065
8245,-0.26261300827355083,-0.224305112802078,-0.2571466218381806
8246,0.19930223331740926,0.2167525844705267,0.36661602785844605
8247,0.45838911146783534,0.39908622180971465,0.4305608960387828
8248,-0.11669080952593058,-0.07432430084069175,0.148117737985775
8249,0.771070164484444,0.7690745705177124,0.8260755444068719
8250,0.4004497748950131,0.5150795415439613,0.3613209234046433
8251,0.11269877212649915,0.1383248432327926,0.305545104121302
8252,0.4475479243811866,0.41193730155316577,0.28160427227428797
8253,0.34578402468840275,0.26610467579363073,0.28669718231897856
8254,-0.12601003734100946,-0.1309891547385612,-0.04723749494924534
8255,0.3631001283158035,0.4833700730615553,0.41543922155185986
8256,0.519023930930022,0.5835030336928801,0.5609545660332909
8257,0.718384447929733,0.4388568404235924,0.4313587137973718
8258,0.5777734208617717,0.3839841510092259,0.40865946853501023
8259,-0.049389027904129024,-0.07326080821964276,-0.02708554194696433
8260,0.4044132411093908,0.4078231724444519,0.47547393372295765
8261,0.3288794280675704,0.33284788413270405,0.15374619879201945
8262,-0.04163927134987089,-0.021288299465874072,-0.1357901783240647
8263,-0.16305157808301185,-0.12456330568556939,-0.18361216784687318
8264,0.3242895117730822,0.11554088221355574,0.2132050601705533
8265,0.10207905944373952,0.022749510251522942,-0.06482656337447679
8266,0.9156089884780905,0.523501526228872,0.44651323037049795
8267,0.4993527759162937,0.2803642400786235,0.26287726159871494
8268,0.6187977800566267,0.5633121845648921,0.7191705185463557
8269,0.2665334836110971,0.21398207360667443,0.1574945170879698
8270,0.4619373344833537,0.42156286255880926,0.16266453996205188
8271,-0.0394189793518781,-0.0396743772120578,-0.03715935960612571
8272,-0.08359316399796468,-0.10868254726490112,-0.09722154480668022
8273,0.885297728905666,0.6962036355223924,1.1213767327274544
8274,0.15450640491059975,0.2432805041434063,0.23522902675047042
8275,0.10026686915337457,0.1376244045858237,0.09007452411564953
8276,-0.0987621413615356,-0.10112092790297511,-0.0863787896100977
8277,-0.1070950360173406,-0.10797056061253096,-0.12998466345922743
8278,-0.14261605086302065,-0.13464523203175593,-0.20354569509696108
8279,0.439479180664478,0.22672642905548002,0.3309612948623626
8280,0.8711461042329729,0.7501111178064921,1.046223029233809
8281,-0.18124865117079114,-0.0632440665069971,-0.1251532679507109
8282,0.3066554070564578,0.23840720511197233,0.426879630116501
8283,-0.06204664495610335,-0.06617816363644724,-0.14570015885128074
8284,0.5992667118291708,0.4694660070520189,0.8312516633408742
8285,0.09777554606655814,0.09548592209837548,0.18587787474929574
8286,0.714837446300411,0.5928277319528827,0.786848759124583
8287,-0.08282962230776103,0.009691815573949825,-0.05360174228442649
8288,-0.17470711373817538,-0.19853205952462583,-0.16808430152695375
8289,0.12251944171978946,0.1088846916379802,0.01804073804578543
8290,0.29469673476119906,0.21821250538422743,0.1651736845871108
8291,-0.061927510926957696,-0.046243200765113235,-0.11618248939465259
8292,-0.03115480537088844,0.010675506124464551,-0.14542483902862802
8293,0.46542095525143923,0.29407521180802654,0.5662948338556513
8294,0.5750327250711298,0.4168497129317488,0.4848952314979593
8295,0.4834125935638789,0.26055304182095496,0.23692806753568174
8296,0.05960344103159665,0.126222751042812,0.17163594172765828
8297,-0.10571390620028653,-0.09295058051613914,-0.18732834051527547
8298,0.3134464520689373,0.20005503962468651,0.20284485148759623
8299,0.803242267706868,0.5420105725575204,0.8683795960398666
8300,-0.1351029984488702,-0.06566091571945387,-0.17244957446892806
8301,0.4366026451417171,0.3171150681293873,0.3669450060655335
8302,0.8274359438251924,0.7251759199788081,0.6637828985577297
8303,0.40154825419758367,0.28511176383602876,0.0049206687580125585
8304,-0.03208469272459025,-0.10338673361419559,-0.03700771038653983
8305,0.3717863165533273,0.26922673331829894,0.08688500594820958
8306,0.5394301717805376,0.5518187501536165,0.265322353115385
8307,-0.037389824909349056,-0.09773328229359812,0.1454524424199941
8308,0.9120246525975861,0.6472677385921011,0.6693683316374357
8309,0.5242301423231983,0.45493576033766225,0.5919444192883414
8310,-0.14282190493704405,-0.09589257918841276,-0.20053474837845509
8311,0.7353759847010786,0.4970362573703637,0.6364161811038413
8312,0.4333467798135411,0.17987157247761099,0.034772277608728475
8313,0.15939852141306154,0.3261258469520485,0.24624025326344312
8314,-0.026146157825331695,-0.01964964374931577,-0.010351730634962752
8315,0.3462454590724169,0.4400228373479209,0.2161278431159337
8316,0.01587988044108246,0.0077180608262803485,-0.05247932096922636
8317,-0.0658907049325288,0.015511684821339689,-0.08500415286810603
8318,0.5235763760521253,0.41334197168743736,0.41280940044595704
8319,0.6939743196999,0.6388818602196698,0.4321450067381454
8320,0.18040930270405187,0.18341247627903812,0.21087058275747084
8321,0.6028066431914889,0.29945526900785646,0.2428088159381141
8322,0.3046389012202746,0.11001898404628196,0.16004785237359687
8323,0.2984721402594368,0.29619799261994806,0.16495922146340747
8324,0.22469106018636364,0.3513308780275852,0.06727439134457591
8325,0.4643633128262734,0.38107918148179953,0.1960345797532217
8326,0.8852389255962494,0.7920732975916582,1.1117080969054394
8327,0.2147455611113691,0.3363508225157368,0.42844549638536256
8328,0.2570211184753026,0.25745916572020944,0.24918145380543155
8329,0.4461418081468129,0.383819057814593,0.40123656410907516
8330,0.5707448534711022,0.6046527735873468,0.5816372651198589
8331,0.23755835727414532,0.20849582278071477,0.23175755266065967
8332,0.26730666154284655,0.24122165727105283,0.31346790542494096
8333,0.1740562014995939,0.22854201522575246,0.34827713219039413
8334,0.8831490032601534,0.48353648440591446,0.676930935199247
8335,0.4734073391348481,0.2865479831148612,0.24020582616286368
8336,0.6519434946068337,0.6546960794290675,0.9929284790154227
8337,-0.19709183145924425,-0.14693951068697508,-0.09374345190296329
8338,0.2403368684143936,0.1464275604127092,0.2667009885873435
8339,0.24333368401563726,0.2130250337526931,0.4120119071211146
8340,-0.04505354644654269,-0.03466290598165167,-0.1829591623803929
8341,0.7890324319518569,0.5766037742896162,0.9005769676246405
8342,0.7793490503969931,0.596022550773545,0.6197413834882421
8343,-0.09759669452461861,-0.11951420641290433,-0.15326496015658286
8344,0.6364644662735739,0.5524272948285354,0.680102656276258
8345,0.07802861041422804,-0.0333912291361822,0.11038798588308807
8346,0.7998499520228732,0.44086988953541373,0.9862638960031085
8347,0.3411907742388782,0.5145480801417388,0.3805413448388726
8348,0.7008598106646742,0.7183600205705751,1.0088185965080396
8349,0.3382273948928991,0.3243478412593259,0.31658057001166906
8350,0.0732073138335112,0.08622002541465723,0.08430965864703954
8351,0.5622053628920922,0.3151407884548152,0.09409065819632456
8352,0.2555460677224055,0.20379979229247924,0.2239412079887919
8353,-0.154153424461558,-0.09095660652894733,-0.12182737264779608
8354,0.4421578907621575,0.3253219510467198,0.35190870364390014
8355,0.7019666564804858,0.7255048052238751,0.984864175563319
8356,0.5166620103326118,0.4757872957814713,0.49152839755363376
8357,-0.03619764823474947,-0.00024752846854991795,-0.0042085105550048185
8358,-0.060841080295490624,-0.004719156270100999,-0.06539247528664505
8359,0.3658632648122122,0.37139560614587475,0.34218102806663686
8360,0.8540876925878031,0.6632015582163571,0.9888250167750281
8361,-0.16954226638360037,-0.08994672739267795,-0.14121334457301093
8362,0.11688327570691248,0.056832691418645,0.2880636606450888
8363,-0.011425588683361965,0.029276845684083508,0.20886813029349272
8364,1.1934629488719946,0.9401807141036924,0.8924323879089557
8365,0.06655025122074609,0.022664245441231134,-0.08996285509158697
8366,-0.06518570739641927,-0.06216199861527416,-0.023146241829491432
8367,-0.13881902965432935,-0.09411989901423612,-0.22442740579399878
8368,0.8636399628467764,0.7478310599668148,0.8452918379192775
8369,0.35662193457202873,0.4372325072765795,0.21399948139649894
8370,-0.004684496070904931,-0.05503329671880164,-0.17695914903234367
8371,0.4263734319085759,0.25951820658886904,0.24186943484567514
8372,0.24308275189735262,0.0723027118834425,0.07441458580487259
8373,0.33125463233390806,0.16503362609394023,0.23113914599797836
8374,0.46742282106915956,0.31704217874028817,0.349062895146937
8375,0.6606451888653211,0.4831851748533842,0.3567797893838198
8376,0.18603855389626833,0.1494749919296936,0.2772304521180524
8377,0.19896476087701065,0.28411422232872785,0.2897517179399356
8378,0.7580614091017908,0.6132537634632509,0.6680392200757981
8379,0.3406442745258531,0.2687397363562969,0.0901055244358544
8380,0.4101708790040146,0.4269700019365237,0.38978300685754963
8381,0.371485323190726,0.12659004811884444,0.07888948589541234
8382,-0.1902297407422604,-0.10104342003985689,-0.10436609814078457
8383,0.46512720014831155,0.16676525577422519,0.13638074863207628
8384,0.6921888985507259,0.8257930029700264,0.762351344952297
8385,-0.17697454301946391,-0.20196066837902693,-0.2607479996836337
8386,0.3394047672646954,0.21633645518062972,0.28717556008313316
8387,-0.11490785969932682,-0.10362754029254073,-0.11997101669176202
8388,0.2405796986303288,0.2335279074070864,0.16096997461303686
8389,0.26360389540243445,0.2767357828705055,0.1655033327035178
8390,0.036674569341520025,0.0240773322001826,0.16951686713232017
8391,0.6219130857325159,0.46066447184731474,0.5727758389127022
8392,0.2533965137461329,0.09723414931139551,0.22057214651115697
8393,0.8953959586838118,0.5920425108564917,0.9888459229164777
8394,-0.0245584954071838,-0.0047928850678733426,-0.09197719361709589
8395,0.381249328082069,0.24777569192737414,0.511827682606609
8396,0.7068577449496813,0.49775585369202746,0.38331844742462207
8397,0.4595698357810971,0.40874498492668554,0.10031265867138339
8398,0.04332684796351138,0.03887236636804814,0.06224912254568249
8399,0.19991988844645614,0.24385744446441504,-0.009966964103235054
8400,0.07641435440749289,0.07672022863134997,-0.019300109750452932
8401,0.03210702813432986,-0.02070515663199879,0.19038609139032903
8402,0.08047575302148058,0.039439910035161674,0.3772603727003083
8403,0.36575583300215575,0.3456154764248367,0.2863684964862834
8404,0.5963327135649983,0.4561566094032292,0.3923754679069624
8405,0.11731598983528135,0.18778278440101492,0.27975930524744497
8406,-0.12260978218653051,-0.08916109191871924,-0.11936414039770815
8407,0.5793397107315323,0.6459978759024478,0.31596233447364663
8408,0.24177062262719318,0.2776773611953227,0.13754062436700387
8409,0.2355705525747227,0.2302864909838469,0.2589950751628747
8410,0.10169653186797611,0.1686363041190324,0.1752323029291074
8411,0.9944968597312123,0.955609554198829,0.40636283664165007
8412,-0.10075367371477162,-0.0897326909678835,-0.08472577554633509
8413,-0.11570795768408393,-0.11182217807876838,-0.16802462525056217
8414,0.8813855830253654,0.758248014960136,0.40947872265645224
8415,0.2776947951118258,0.35914818820343597,0.1141368020050122
8416,-0.05712779265943713,-0.06899724870613622,-0.13735140235107257
8417,0.25700852111948524,0.2601869275304254,0.5269340635014925
8418,0.7260145449206834,0.4451885787871255,0.9161687654126918
8419,0.0031360743270731906,-0.026227785202712073,-0.05861830708559346
8420,0.26928385257044307,0.2575787389439339,0.3428885201839973
8421,0.1888699184893845,0.14486034113046453,0.1936357858418296
8422,-0.054778334665491646,-0.10419232748518303,-0.21358634829872158
8423,0.22288731142089158,0.18422426562847494,0.25365353769767673
8424,-0.028620085419955865,-0.0021461251918925006,-0.011181644591453321
8425,0.9901157284404618,0.8835928156583392,1.5242528559029527
8426,-0.12159507803026537,-0.12758270494671986,-0.20878464375982098
8427,0.4203214709075973,0.4021678655594796,0.534173934603916
8428,0.06959035177174666,0.02117576575030955,0.21231547440341503
8429,-0.13395890100729602,-0.11770849893235769,-0.17923738931040634
8430,-0.16176490159592494,-0.12665609212902118,-0.14477633544224522
8431,0.39436291881105423,0.23374006731698427,0.358232223992883
8432,-0.14304987813125458,-0.05837085618223792,-0.17569707156563208
8433,0.662228236655916,0.4073209902723134,0.3156908010852826
8434,-0.21806693472331184,-0.14679130481465652,-0.24522208918193988
8435,-0.21726312148412041,-0.1847590806018331,-0.19898355554913616
8436,0.5183391986187527,0.4081513139190329,0.5147356908767513
8437,-0.18492504151482758,-0.16781999167333805,-0.2543954841278734
8438,0.09962588133626604,0.08113055789640078,0.3726107538716661
8439,0.10539495431379553,0.1143283924301659,0.02515602926640792
8440,0.2551740457521412,0.43570617652752786,0.2322250349489683
8441,0.634234988554994,0.35130556872570473,0.5996380456048476
8442,-0.15607495719260123,-0.1135747668017032,-0.11569533815691602
8443,-0.12990194735063587,-0.12511014470781112,-0.1802803295342843
8444,0.5261481416055376,0.3341727482565353,0.3786501219088696
8445,-0.17119012465991668,-0.14283131064293197,-0.2546276298725102
8446,-0.2026532283522502,-0.21296678752217424,-0.16863352859066005
8447,0.24021412922838703,0.16803915587567753,0.3547867755830758
8448,0.875942683587561,0.6409375365393659,0.9628273961089779
8449,0.23398082833391753,0.28404573487324036,0.2024400702134932
8450,0.17611351654090046,0.19077406476790726,0.13857404178196897
8451,0.41599488096492987,0.3998021174791533,0.33476272988222466
8452,-0.09544560088475063,-0.05395000571844277,-0.07091204372257554
8453,0.7086742603892309,0.8249248681331744,1.0324998767436862
8454,0.35426163469966254,0.29117061970196567,0.34296604841061895
8455,0.054025272466718066,-0.026053054323994407,0.1227099001403329
8456,0.5564873167216544,0.5730209937182265,0.4560687424333918
8457,0.7417000945354852,0.7193766823938315,0.9727739116110958
8458,-0.0034583352686700097,0.06996335135939624,0.021769673564691283
8459,0.5406800161222391,0.4095713155714378,0.5884753548779305
8460,0.3820542928107775,0.3538868484495665,0.21338886706677318
8461,0.5061188515137829,0.3296261285935729,0.38083902608798215
8462,0.677747192039406,0.5954607970916974,0.7268361749295726
8463,0.9409368230244095,0.8074367334115418,0.9819479037467846
8464,0.6088869228116973,0.5221860680136354,0.8064296853000865
8465,0.2509103907029222,0.11309878999916667,0.11687094409538523
8466,0.1619676033711197,0.11618936706561644,0.19741029019123668
8467,0.47779404226533106,0.32942398117431315,0.48756297114923064
8468,0.606129787766092,0.5471319031164033,0.7166426318683463
8469,0.05715377036277225,-0.013682071010270414,0.055191371985956694
8470,0.3361284158661739,0.20374965144189683,0.32352714882157785
8471,0.4544240272767932,0.272332451362276,0.45382830842247235
8472,-0.005956824350462853,-0.057651137773928496,-0.04461145318719495
8473,0.6704342654931879,0.6333134901438495,0.39078744856582026
8474,0.5762800680664084,0.41703128077026075,0.18186679098859249
8475,0.38438444256835913,0.4156704333138528,0.454499603400365
8476,-0.0647172593133839,0.015191883635603531,-0.05502164657202879
8477,0.021117026070208267,0.047093641438719525,0.04304204028614733
8478,0.20149742102117685,0.19465282568179898,-0.0777850837266949
8479,0.2987606089806465,0.25406358021038766,0.5344580228544922
8480,-0.052617239299434626,-0.004526119663122663,-0.08880343930026813
8481,0.2733585141215997,0.18534851231708172,0.21301488695551973
8482,0.724835403033685,0.7058881209551069,0.9635281455185201
8483,0.0034254770915793653,-0.011959815047505096,-0.0034100657664639655
8484,0.5982670250785014,0.49289207391558354,0.46224471102265063
8485,0.030136566692610778,-0.07948888985372438,-0.15764343057663965
8486,0.5211585640321257,0.40391121711507894,0.8356880790601078
8487,-0.13754074946728967,-0.11702612795966683,-0.1707186084389053
8488,0.47507005648207223,0.3407335490944523,0.2993149787744731
8489,0.40587821365398224,0.3607188995620787,0.3206184519902813
8490,0.508711933032475,0.25079714325601343,0.19551614898712777
8491,0.4356909345382496,0.3874657886704338,0.6942218907721078
8492,0.8869606487241419,0.8497656363656887,0.994816956399996
8493,0.3178396011034985,0.2486165547124024,0.3622166772135029
8494,0.03258795749921739,0.03898292459397079,-0.06518486763360098
8495,0.03430669342452597,-0.02812536538235333,0.22812997514575106
8496,-0.0783101420809128,-0.01109736814642659,-0.1740606467778676
8497,-0.06069089232827174,0.008268332651887533,-0.003065018822989929
8498,0.3742992236128446,0.3343253097703527,0.18524738218506243
8499,0.10430006198827457,0.04419645324859256,0.2637349088889218
8500,0.5606563267208027,0.45909093655329314,0.5030670460674904
8501,0.24353023755932846,0.15682110321871412,0.045113674900762346
8502,0.7227027668191734,0.44707615968567493,0.37097542117278537
8503,0.025900280929387565,-0.07122288645563102,0.12894523607780628
8504,0.4812938545734111,0.20172087183474718,0.12281314732443582
8505,0.17304768440875606,0.0951641169901869,-0.001466508915538789
8506,0.2459435702854329,0.19913348536717956,0.22304308119231653
8507,0.2490383215263201,0.13907131309859144,-0.022131711151689548
8508,0.4040780080581794,0.42005142094372805,0.41252639360801013
8509,0.11639517243856612,0.16957867237935798,0.24037055039470867
8510,-0.08150152853579073,-0.05960514258124716,-0.055935311540968646
8511,-0.10778234539286324,-0.07482349766551699,-0.14437744910855876
8512,0.5979031978009017,0.3948772831350962,0.7641374292579395
8513,0.6961199730600234,0.44044850772614375,0.7802899778859067
8514,-0.1748587034070037,-0.2370647265999538,-0.22119742070790227
8515,0.16673170451970876,0.18493446492249443,0.18137553659987282
8516,-0.009191921279760318,-0.023880291531664932,0.0876043625821663
8517,0.21782522599140908,0.15403066818539535,0.10919770430388032
8518,0.5420661139307863,0.37803367851228464,0.558555210463936
8519,0.5627493898220863,0.7245735931117352,0.7286243123231504
8520,-0.1220120120647652,-0.025277165266210933,-0.05716742036391731
8521,0.0976219719951319,0.21578242955694593,0.17060742339598778
8522,0.22311108544296832,0.12660219354919766,0.10752652631379922
8523,0.424146062950874,0.2868982407384517,0.3608079050805175
8524,0.14527659432269147,0.11551759403495865,0.2548455999471615
8525,0.13589187887208243,0.09142687793500914,-0.019665183737359593
8526,0.1361144559412033,0.021371851467991254,0.40425882966979043
8527,0.5411617851666333,0.527841904236841,0.7574314451230306
8528,0.11445063349507101,0.1278611657068076,0.0726351985504532
8529,-0.04937743984727638,0.004058985523476277,-0.11693998859875443
8530,0.09372094839659573,0.1487073439949682,0.11921127882065119
8531,-0.012056749426550328,0.05758262117263069,0.03432152419789869
8532,-0.026217032138058705,0.05022049301223119,0.1377615554228897
8533,0.6390629809716961,0.30043349416571097,0.7085986155312971
8534,0.567038037284824,0.32652755753652385,0.32689880677091976
8535,0.19525371443203365,0.1128160678734138,0.0701498904572726
8536,0.3245690476873846,0.1362132885018592,0.4821228199595813
8537,0.016557474636960556,0.08702447833584404,0.05527972056674946
8538,0.07603572858929653,-0.003845927597587284,0.04963126536422946
8539,-0.10824150352267259,-0.08923435640915045,-0.057681645565251904
8540,0.554452215104952,0.25768204563806907,0.7752982283134457
8541,0.1486734235803282,0.22603024947054196,0.21792190718011106
8542,0.4103371797873734,0.2204113902595526,0.17467664318346077
8543,-0.07244395361061262,-0.01623243908610561,0.00901093803308739
8544,0.02722970758205534,-0.008768007660973853,0.27908950529648946
8545,0.2873640522913823,0.20135787458813836,0.03763966335870861
8546,0.14204049404491714,0.14364071802565825,0.03775893529014396
8547,0.13991962018082682,0.07140818923836889,-0.03385988405806839
8548,0.010812688524639347,0.017620333402847965,-0.01946809484965506
8549,-0.14483980046345124,-0.08473326928758107,-0.13758438033972054
8550,0.8301542476527892,0.5705921840807517,0.6957912243626905
8551,0.5023063700572055,0.26474005498418784,0.43023426339171755
8552,0.7917028657008776,0.4843543367873864,0.5797297087401214
8553,0.9967331367442647,0.588608738794427,1.0929539057092854
8554,0.4283359133510849,0.4270558711912409,0.3461889370773512
8555,0.007961464884675307,-0.02669284570809738,-0.08298142450173696
8556,-0.15010394908786617,-0.1198129165435814,-0.2119919532931921
8557,0.5039503807634094,0.5043555763486751,0.7735742578408193
8558,0.16689803061879505,0.06141063789325396,0.07624385119618604
8559,0.5429976689370029,0.4902702028164778,0.7175841352850953
8560,0.20481101972071647,0.1572251741583206,-0.1352641419771743
8561,-0.062241452452272306,-0.07135067268044548,-0.07164191904722017
8562,-0.11633917038960306,-0.13391441205598797,0.010584563713118333
8563,0.1998817047113972,0.11581362354774871,0.16322057711150428
8564,-0.18460621784541686,-0.11946793061152383,-0.21169568286767781
8565,0.3534410086222597,0.2695568262444077,0.3259563183704748
8566,0.5892815497922397,0.8873227366251071,0.45782803022688
8567,0.44508100714646637,0.33806722814652157,0.3272806922429161
8568,0.05727406071288277,0.06334177755883341,0.2059324376520868
8569,0.8392959319456019,0.6201378189357201,0.6937553758316666
8570,0.4567906750638222,0.4080636597012617,0.37123646155767154
8571,0.10390315761497448,0.04187999604882875,0.20502900538102597
8572,0.7389905816970688,0.7357364404538378,1.0266570307460725
8573,0.06797839662018368,0.019088128212833233,-0.05054730890953696
8574,0.5015252923209848,0.46980184619542253,0.45086274193018316
8575,-0.03311801538747938,0.015765348378331545,-0.0833742985973076
8576,0.4456574074770048,0.2863439954564435,0.1992163275179828
8577,0.24503037092487467,0.18626386020645236,0.13895707801272472
8578,0.5005136677038129,0.398251951262369,0.7542535244654596
8579,0.4368013091779053,0.34395581960780963,0.535812722256295
8580,0.4899132733260343,0.47614594469338445,0.41008104989006355
8581,0.31468533936429677,0.29864017545317867,0.2276029019696062
8582,0.5545363456452925,0.29914228677418353,0.5944552459529948
8583,-0.02699072457706919,0.002785024039536621,-0.043373138771019115
8584,0.21560893314193552,0.19034103938519054,0.5260114573828694
8585,0.19435083998209568,0.16762793478107185,0.03322833629612565
8586,0.45981615436492085,0.49089661781804694,0.3480853320046773
8587,0.1846086958666624,0.16156117948826187,0.035357605710492734
8588,0.25078869664397985,0.18533521218204596,0.4953801678827856
8589,-0.1538555391546912,-0.10967731975624795,-0.12390355690357602
8590,0.2878256650576976,0.21162315685103317,0.19874614516383815
8591,0.025701229284571303,-0.030308906805694313,0.12545456143199285
8592,0.3909770032522757,0.5772346932321022,0.2828638100671508
8593,-0.015091851941537171,-0.003422279454449284,0.0660481145120384
8594,0.6528342816881061,0.5032018181823616,0.6691413137821793
8595,-0.0408949923064873,-0.019082750541748128,-0.037971587307855215
8596,-0.032178044427871644,-0.01626307880180744,-0.04568926667947981
8597,0.012300733177526446,0.03421350574182558,0.11015246329803441
8598,0.4379725843479141,0.2302321618868599,0.2588282084573488
8599,0.1605667095233383,0.12532448956802766,0.5680777236835692
8600,-0.14085172473483099,-0.06795270767495365,-0.14896361546509673
8601,0.27141224233815664,0.10703539423586417,0.24306738716324694
8602,0.4731884753436273,0.5252617806752777,0.7695676307257804
8603,0.48478510605464864,0.5338400526129339,0.3642333904111097
8604,0.7132144695041402,0.762107710308153,1.047685212763111
8605,-0.04872082817865775,-0.020382599765560894,-0.012604544239348647
8606,-0.2164292746511045,-0.2537187819750525,-0.2794150921538655
8607,0.3747011485793741,0.2854412021480264,0.4191778293104589
8608,0.5695755428792895,0.3831788873017128,0.10581622392057088
8609,0.22066391993312418,0.07912527103544553,0.06610070108242372
8610,0.5004390973994879,0.3922407487571724,0.1239865147710455
8611,0.1744657689736442,0.11012306182033815,0.22827037612765655
8612,0.15247409199790307,0.11497140335176415,0.37883153059772945
8613,-0.0497915869353569,0.09401031424949102,-0.09422040410732568
8614,-0.015386483422676345,0.023132552935122508,-0.043850962904084856
8615,-0.07021055156488998,-0.10439719366094569,-0.037672035600462506
8616,0.7144508425761971,0.5680833977813038,0.8541730817743005
8617,0.13001709116826032,0.0701784941596113,-0.0746909020546268
8618,0.40169119384766505,0.4053590696343321,0.3333675827064666
8619,0.2938941424162831,0.31163213664263645,-0.0934066102604394
8620,-0.059239360523329676,-0.0013022575244765466,-0.12353676658100188
8621,0.3175379584291287,0.3420605575518756,0.12563049003708815
8622,0.4265928285207219,0.45207341923868105,0.20685893394484656
8623,0.7617475091798493,0.6594382459215578,0.8391162928285516
8624,0.7098738102951356,0.5212368550700825,0.9974173503860084
8625,0.06154920221542759,0.07620668501070127,-0.03881761435002351
8626,-0.059499998809041554,-0.03907904005568452,-0.09396911475422698
8627,0.08491725993935595,0.1011069045745403,0.137809901700771
8628,0.28139529738109226,0.26527038987360774,0.4218416333150592
8629,0.2983430074155222,0.245514083829927,0.09139318227964055
8630,0.2084508823543354,0.11178222754057532,0.06150256656417019
8631,-0.02260935436503919,-0.03043166293645716,-0.045871296366523984
8632,0.40908982619437895,0.4093773064399153,0.12625708263884405
8633,0.2358995071099228,0.13982583408013238,0.5000464231871822
8634,0.24224934724504732,0.29195659989484857,0.24478098133586101
8635,-0.06656265898072589,-0.09814725311523598,-0.038961280063117165
8636,0.19551231680321868,0.049801801435251924,0.3098607898712782
8637,-0.014012666470332058,-0.001677252879891622,-0.11853740427294379
8638,0.297120557777409,0.11097222108076776,0.3466957012755627
8639,0.47285441525809313,0.4538698162254562,0.4786262026819117
8640,0.44283763282419475,0.41834499308477735,0.5170974962745023
8641,0.5997195972958471,0.4902809593741788,0.6085258841344467
8642,-0.07322677399898425,-0.051123465197023155,-0.08664034044882596
8643,-0.1265913595721997,-0.09573381014722082,-0.12645626989177472
8644,0.35551446519939,0.23839152589307244,-0.03316579421324328
8645,0.7553994417251,0.5735363831262796,0.6356266954299508
8646,0.47164508505643865,0.47553457421879153,0.4668741227649653
8647,0.73209204298084,0.6044656758150979,0.7451485159530529
8648,-0.13917512080651884,-0.11133149291250355,-0.21775841166771448
8649,0.22083895779789553,0.16378304862046678,0.06192816699420822
8650,-0.012361611510741666,-0.018008505064636027,0.019981931753126903
8651,-0.11958069611391209,-0.09566124793872777,-0.07695654459739198
8652,0.05890060429387933,0.03157991674670946,-0.08463304140748862
8653,0.7941945336288696,0.8492650152048,0.8871943470866828
8654,0.6978730450417763,0.4905533046965054,0.0651812999812964
8655,0.3229573610651433,0.1517387962771255,0.18897097673233842
8656,-0.2807738920533349,-0.20151410010659832,-0.291661562278022
8657,0.45105136746922736,0.4264434760799818,0.4394350837753611
8658,0.5613038011381737,0.45164428101654885,0.7913085363165693
8659,0.28134392211347703,0.31791594046454486,0.2370188909224109
8660,-0.11499238470227036,-0.1050689999971317,-0.16145172891561888
8661,0.3524866150962318,0.3941095193300075,0.277941794959357
8662,0.4278592998401427,0.42132820634242885,0.33898533692969823
8663,-0.11986485172725847,-0.11464272297810296,-0.12258724710050228
8664,0.4485293534675934,0.15356331626307496,0.4431999925334795
8665,0.14090251418026578,0.25051446430792623,0.2397112415125664
8666,0.34054890767827395,0.34400094163974204,0.21196986782392435
8667,0.2576452286922961,0.1643770768596058,0.1773383415724088
8668,-0.0023707965422368193,0.028023183935892204,-0.13094701487905025
8669,-0.12433764143231585,-0.1213717829440436,-0.19384574631140106
8670,0.1463185422037292,0.0726545701747574,0.3341087227615913
8671,0.10599763727048184,0.16080964271293396,0.12248274084736854
8672,-0.06420594573805916,-0.057355076280949935,-0.17297474236382815
8673,0.5412636426172743,0.4620965624255553,0.23932538808964843
8674,-0.12651182908498093,-0.14433345837422173,-0.23978451767088005
8675,0.3396288317051017,0.1904987069444246,0.20048200564911323
8676,0.9320212489401727,0.5350199102715427,1.115087745418729
8677,0.009790646199703712,0.09371107464731732,0.2057786939301387
8678,0.27191493990031845,0.18748821969085494,0.3143768653633774
8679,0.5305448369932222,0.4703053690357617,0.708745023518148
8680,-0.08916057995000415,-0.14707780565359163,-0.15853733287683025
8681,0.7005679978988995,0.33345490988929716,0.6143134867952809
8682,0.5027921905789206,0.3840121606837217,0.3778310828312317
8683,0.13623619767500283,0.00961799851319034,0.36018655644209097
8684,0.4631302061628364,0.3453022312114886,0.40655871190496073
8685,0.035236060160322324,0.0911195455904723,0.0014007300300242775
8686,0.6226288146194199,0.5030418964139356,0.8201128238401001
8687,-0.1039453947419261,-0.01854297784894876,0.050469567248953906
8688,0.6553474369997863,0.34409883705813216,0.8498346496961726
8689,0.31909021172874996,0.4127219160117437,0.33384621531195857
8690,0.7592560567626674,0.7944485874764446,0.9091839242301563
8691,-0.06683931922832509,-0.029983312204631907,-0.05613883800857944
8692,0.38290875543022596,0.40502325578117615,0.1687734537063812
8693,0.45880048061432044,0.26964753995989676,0.40356775397629807
8694,-0.1824955890865495,-0.0953332669277539,-0.12594882487023673
8695,0.5700321861342317,0.49090498846585384,0.4231792066504598
8696,0.38638475448067244,0.4437123781471366,0.3225985605934145
8697,0.5588276997884443,0.28716039103224245,0.2866115830721647
8698,0.3912609885303464,0.2297113723242361,0.1224470011330061
8699,-0.07115106591245546,-0.08629983503840721,-0.11027616424309483
8700,0.6249846181668024,0.6143404532794794,0.3169736948612507
8701,0.563636168912536,0.5154286676808353,0.41316380822086995
8702,0.6452589513050933,0.44271365648196426,0.9691982129329251
8703,0.8982708629751077,0.541699867773286,1.1844160965517814
8704,0.47698191365355513,0.28668633437415814,0.3479041791951887
8705,0.25435714520370634,0.06286567280383193,-0.07027870780229029
8706,-0.08768817003319729,-0.10930351325378174,-0.08056960691615422
8707,0.4136510400973239,0.2859161334420022,0.3028476583797126
8708,0.5191990147498029,0.22684450231413633,0.08770776516362044
8709,0.10283201192481717,0.20276934111513567,0.35543331607650264
8710,0.367983105680471,0.31028380707419023,0.5070769522168102
8711,-0.1299894431627059,-0.08214037736933799,-0.1981712975698905
8712,0.056610386615859154,0.2631186159666363,0.3407155266748745
8713,0.01991427614369723,-0.03356020063009557,0.12970568216917022
8714,0.5822531910723494,0.4792925674964126,0.687136446660717
8715,0.27538201116089445,0.140765010417496,0.11438064025453532
8716,-0.1106779162831556,-0.04489530107936024,-0.15642812978982323
8717,0.8030559504470534,0.580693965723176,0.4784160398074442
8718,-0.03329123552019897,-0.04099457753403546,-0.10743338092684451
8719,0.38073034966374353,0.36003533203457394,0.28668841080302476
8720,0.24172728478974292,0.28897633351097096,0.17227766513238651
8721,0.1588836236743234,0.02972007925982223,0.24311122534011198
8722,0.04685495165434883,0.10471734718183967,0.3186319173246692
8723,0.13295152479827843,0.14972046721990262,0.04741753923257619
8724,-0.17948157785493446,-0.12187015965810577,-0.11127661721188087
8725,0.8744844365391506,0.9400827178420859,1.0714929595667089
8726,1.0126970788077543,0.7485910327734921,0.4811148978204862
8727,0.43548803790619517,0.46403857050403774,0.39257706880417276
8728,-0.02405813281571212,-0.01727436019924078,-0.051065332898667104
8729,-0.03161808044637959,-0.027410239982393336,-0.1518094208244517
8730,0.3767537614216494,0.36565537923408065,0.32525295209928573
8731,-0.1557769893274379,-0.1236199702917814,-0.11358686862760003
8732,0.24323026545263549,0.1741950520839335,0.2324858216496246
8733,0.7541703623662983,0.6299375599721198,0.7687152167802818
8734,0.21101025066355228,0.1681440362470985,0.2560909126409534
8735,0.11379763307822555,0.07336796962387071,0.23072032385291297
8736,1.0667470649349844,1.058419380961944,1.3397063919521135
8737,0.46005323012235144,0.21312013631329263,0.2448642686258431
8738,-0.1671899142683153,-0.17027378753315625,-0.2531200651380776
8739,-0.2392082360886978,-0.21435838463955592,-0.17792802173083921
8740,-0.04408735193018787,-0.031239896380288457,-0.08342720157519168
8741,-0.18065072082851485,-0.12802398226761236,-0.2093176634681322
8742,0.7059725441595648,0.6215830839284893,1.075494902424523
8743,0.8381885738600743,0.8002345108915909,1.1419452585023362
8744,0.5074841216747221,0.4103921184929964,0.6484349850978173
8745,-0.1408705442309971,-0.06689492802055175,-0.09053962086793144
8746,-0.03458668597784542,-0.010017948862122594,0.12056190364790131
8747,0.38396783607183727,0.371436078565319,0.6496365971502636
8748,0.08764600845805148,0.0017522404039880257,-0.12060644798398457
8749,0.16962784546307064,0.17848528364815386,0.43437822763996925
8750,-0.04935304478863867,-0.059394292886536415,-0.06563315129724623
8751,0.6320968108072531,0.23072918398015085,0.2272702109444944
8752,0.0706574308689214,-0.07351210808506647,-0.055392567224408884
8753,1.1134014620855361,0.7291988297792447,0.7699320170757418
8754,0.7454993729887438,0.7474698907663748,0.7667351281611627
8755,0.4410276577312082,0.25540202444873716,0.28022051812949655
8756,0.06587816620281717,0.05940358207558716,-0.08878228867015348
8757,0.6869129834853798,0.6906035799333536,0.750942668827352
8758,-0.18228499036325563,-0.15434638522721011,-0.22416788654008468
8759,0.4693056686487138,0.3351021807400263,0.4043976585445257
8760,-0.13342489617893283,-0.0947205125749413,-0.1956572545594948
8761,-0.03550206767071418,-0.06102164410238531,-0.1594530105859281
8762,0.5153404617714503,0.40583478263302686,0.10059757807622383
8763,-0.012171253528313386,-0.006093682951766488,0.011744828351510472
8764,-0.08593682890510768,-0.0810286255711018,-0.1454315340324318
8765,-0.06612865142490265,-0.03419821287437863,-0.1055337371923254
8766,0.1176269997463637,0.04427761926103413,0.1294124851962537
8767,0.3840274514188158,0.38593257675459625,0.142766830697441
8768,0.07437896415635259,0.05763416871522553,-0.05145308646808677
8769,0.04472652339295946,0.15842205845116974,0.05193722973528936
8770,-0.047174895367557035,-0.057206387049531626,-0.038036826014896996
8771,-0.11981960766041388,-0.07763116195701492,-0.17800416490369764
8772,0.1264848645494132,0.15745176667939487,0.2878622354658724
8773,-0.03267745263337751,0.0120431159641603,-0.09030780905923719
8774,0.1734738658436532,0.08658866551715172,-0.012601653270241986
8775,0.06312938546967484,-0.0055639221876016,-0.10965157458244024
8776,0.6618100001484617,0.5855345022550185,0.5644130268512597
8777,0.3029017068314259,0.18021309143430608,0.22933849249124338
8778,0.25342820488768014,0.15991512673055053,0.2419411297350671
8779,0.04182359596277574,0.04140311212890291,0.008004007725344708
8780,0.28405694437003315,0.226698838397152,0.5270382456502682
8781,0.3022480788068369,0.21287741367213675,0.18943471396291933
8782,-0.18806396220174104,-0.20928674396231273,-0.26764016301086824
8783,0.14603449609985097,0.2841930699990267,0.27795136669597054
8784,0.6324233393219909,0.5207524969847044,0.9274936822147668
8785,0.7606440588017516,0.7235693670564332,0.5856860414792882
8786,-0.03797596526910496,-0.0567972370406965,-0.08751791066537662
8787,0.3573789049737588,0.11069400377252858,0.33811998944882826
8788,0.15293399220188086,0.12347570562870502,0.37487499001568314
8789,0.05735706084990988,0.034840550539360304,-0.04638647784396033
8790,-0.04806326385462378,-0.07983366309977025,-0.06466442304824283
8791,0.3404394310982757,0.23956435381495877,0.3893562328745803
8792,0.12113868963922325,0.04468557017513097,0.3316568643261566
8793,-0.05798240987115644,-0.06499105172906994,-0.1822337591611557
8794,0.09296867756086424,0.044030250101626534,0.26578389758783283
8795,0.21106774164419062,0.13675127889283822,0.10165724136441279
8796,0.023475512799169262,0.04626174994764232,-0.06257476158282904
8797,0.5702834242355135,0.37634712852521535,0.6875179808218126
8798,0.6501848823711351,0.4046447498248118,0.39697071199716105
8799,-0.0932876143175222,-0.11479284917280674,-0.15181389118198885
8800,0.22772229787482767,0.2256842439047182,0.5096937965312482
8801,0.44358632095818673,0.3737008529188641,0.37875691575200765
8802,0.2290393892128677,0.16010912295898394,0.3901495130273349
8803,0.09262623650386614,0.03952357465692935,0.10869682285298454
8804,0.14013105925066172,0.05040035835382972,0.26469417090893477
8805,0.01799698000446548,0.043551746141373915,-0.05116815603571867
8806,0.4495086861850466,0.4295574366136701,0.398270086392557
8807,0.9066089067252654,0.6416901165640723,0.7164434488898757
8808,0.21289484636076095,0.2823579297142458,0.5539638770091337
8809,0.45371373418760874,0.4493241389603755,0.49586402149285935
8810,0.5765887945672459,0.6434349064738951,0.5896333461224661
8811,-0.11489050780452259,-0.10070224189991572,-0.13741546360183388
8812,-0.09948275472456125,-0.0848612117596752,-0.18282741622286192
8813,-0.030930770937353635,-0.04354424465483986,0.11784315352865615
8814,0.24796148078932823,0.20331974530373165,0.05621614675275177
8815,-0.21673163409018759,-0.12405385009367143,-0.15430984779425772
8816,-0.04658010204573804,0.00043972194989017055,-0.0616713605850544
8817,0.3269407133703235,0.42339378757894086,0.3405382447688312
8818,0.09679977850735977,0.13944498192283383,0.12121484348044054
8819,0.26587028961683257,0.21479870630308984,0.36503203811846574
8820,0.3649014481177628,0.2441811228989661,0.4445012917512621
8821,-0.01944688626641755,-0.004585010868344397,0.06589247357130379
8822,0.480161906258443,0.29861961796689873,0.32811058192197007
8823,0.17835711498729268,0.17152995522424552,0.3522323616716252
8824,0.6418989650353331,0.48414287689326696,0.515520736966238
8825,0.319261388035756,0.12412076648559212,0.31055224791033376
8826,0.5473763391505932,0.24333217611827385,0.2972668756295158
8827,0.11097202254771998,0.10690431844100501,0.1914067411455005
8828,0.5802317234702827,0.5817856293108437,0.3169808841786623
8829,0.0026669745782794685,0.07831092753484636,-0.007271061552285185
8830,0.4232287970885418,0.48089007640796355,0.352890791622982
8831,0.3083393917351236,0.3495488238733395,0.2899231931672148
8832,0.7108125961851066,0.935337396380949,0.8933541892609427
8833,-0.055004566108267317,-0.04842652029138583,-0.1636422001566573
8834,-0.09601196196900597,-0.08618557228779544,0.02074688623733323
8835,0.5431669548712581,0.33077530093942853,0.5778190388876183
8836,0.3988485280732712,0.39316902578161916,0.10970205626493068
8837,0.15653443808281176,0.09421760970122817,0.016729504289578312
8838,0.4262430005593534,0.358899054259024,0.5633798394386891
8839,-0.13784144591894465,-0.06100556941152324,-0.13483861668767305
8840,-0.2061771262477189,-0.18657751843766912,-0.2092190886278048
8841,0.11814195956302131,0.09578613784994716,0.059254125995321205
8842,-0.13092894877882755,-0.11887962755726544,-0.14423838759648433
8843,0.3343378640233201,0.2724199416354711,0.11879045107628028
8844,0.7710813471230373,0.8077638911467826,0.999623258659194
8845,0.040174165353777935,0.006897537990451452,0.1208069107844858
8846,0.7371645011676315,0.7305162178525269,0.9269291923247687
8847,0.032387795015386134,0.009173567049498343,-0.09877032760117987
8848,0.4037210884858047,0.3992139788353555,0.4689928906941139
8849,0.08730758271154593,0.09977636361296272,0.15790539613105947
8850,0.017570774196737915,0.025518367028628974,-0.015178501992551663
8851,-0.09415978026555438,-0.030806948819944946,-0.1528379537605401
8852,0.2048621174144809,0.23006656030995298,0.03988731357521025
8853,0.35863404005156596,0.682020448407811,0.4087745807033374
8854,-0.13245679055883608,-0.1561351184810309,-0.18157919818566104
8855,0.2966006116482791,0.35525322966115147,0.26409578485004137
8856,0.14025690748365016,-0.018649878284055732,-0.10764576439764117
8857,0.18763524918221752,0.08751046777425575,0.12266496657141412
8858,0.16266206202662303,0.06357132369805862,0.21003720461297015
8859,0.741294932666112,0.5690400874100969,0.3872920167361531
8860,0.5939449224842466,0.45042754139143537,0.6258388044970624
8861,0.3342870254952037,0.32488869100874895,0.44902270180728343
8862,0.19739573982946368,0.23661586929474732,0.06816071493291354
8863,-0.11007712041435813,-0.1062443005149365,-0.19946713794944515
8864,0.7815586733789608,0.7921996055051426,0.5128544420542407
8865,0.3057621196152782,0.4403831747554676,0.21374815430159622
8866,0.20750176856608848,0.22892163839881197,0.22513304152400226
8867,-0.013196217969853041,0.06672550334589711,0.07826570471889593
8868,0.246771704442861,0.26494241710683886,-0.015782438879140104
8869,0.8352616764958651,0.7563930704708908,0.9721348281397852
8870,0.2987397507775662,0.19913239547323802,0.3355020084718874
8871,0.41251650558821895,0.25271467791951374,0.19743518025957885
8872,0.13584560199303342,0.08418454054866387,0.17142888224693764
8873,0.340216386604723,0.30150342261239915,0.247013083605782
8874,0.24737673155110995,0.28972088789786987,0.28763487188978987
8875,-0.13874403026035953,-0.09165621033710325,-0.16351173705714006
8876,0.24901809735843905,0.3908782310951524,0.26004070111804367
8877,-0.08608610260077176,-0.0866288400358104,-0.1317149656565314
8878,0.3388152835779794,0.10081882098441097,-0.17865346626075562
8879,0.059880153009788994,0.011287152623263852,-0.08642433553822071
8880,0.5343919877728371,0.45230718095842604,0.3611010496075244
8881,0.23305698784614237,0.09858651487555425,0.2339443801741301
8882,-0.17489188428903402,-0.1523175426136204,-0.25271667498865547
8883,0.6093263278893584,0.5823045780280967,0.38387069671612073
8884,-0.11640859601553988,-0.07762595142659945,-0.11150689708427963
8885,-0.09492861779459683,-0.07056521381198222,-0.0860518534123561
8886,0.3515528352281372,0.2573608390353568,0.44325421163925194
8887,0.3420756037725534,0.3787777539123529,0.3704284418616852
8888,0.67264720596081,0.5122435137677888,0.4016011805467774
8889,0.4442899541924863,0.5083757968726825,0.32262642155222876
8890,-0.2141643916905398,-0.13481938778121616,-0.1439037181563656
8891,0.4065403739772899,0.3426311755068643,0.10442696376190708
8892,0.5604090952798513,0.6159939006940247,0.5114861549946621
8893,-0.13652556719434983,-0.10447194683840288,-0.048987976625337715
8894,0.5682966370685811,0.5214164519543449,0.70838110176849
8895,0.20500750805674728,0.1443722909174585,0.004385677433828228
8896,-0.22773527536594362,-0.1905155063853865,-0.26479589878584575
8897,0.8024060430533047,0.541464968453083,0.39712757646678876
8898,0.3065973996827458,0.19698644347161554,0.24849847801996794
8899,0.6567251279917041,0.6381727307453386,0.9390188360641154
8900,0.06383087029190349,0.12351099063935278,-0.009637121326463438
8901,0.08045737556380339,0.0778605145024105,0.05502188291139487
8902,0.23321701749689971,0.34223448227214104,0.25067739526122246
8903,0.8282587749832899,0.4056924334990357,0.4655611408507927
8904,-0.15554655071207257,-0.0989967728638812,-0.21938306585259437
8905,0.3721003862321175,0.38816916914909294,0.4011362046402236
8906,-0.0458132451134845,-0.023961348285659878,0.1913557921843494
8907,0.4150740794017267,0.32646311345179546,0.33805923543179484
8908,0.2644858538348136,0.18056029109544292,0.3938074421451794
8909,-0.13821051064140455,-0.04720843378776518,-0.1713126304407081
8910,0.11483768323665555,0.06321753305207256,0.19144740719030562
8911,0.4530366072462684,0.3567362889046508,0.7338360033856628
8912,0.26355814389096976,0.21878917359985017,0.13032456457591168
8913,1.0106863125376475,1.0190012763717635,1.057031563226611
8914,0.5272145006250017,0.4317153743654114,0.5679829874407503
8915,-0.02193567064917712,0.002174536860656051,-0.06368441736446573
8916,0.2434022257771964,0.2455143644334754,0.050268588085172095
8917,-0.09619733793691065,-0.095670444351733,-0.19130330270864127
8918,0.521640476190113,0.45736622488220635,0.9609478089988577
8919,0.6152754174881123,0.6025940311093261,0.3626023602711683
8920,0.22414120330086496,0.09081323855893575,0.07672856842528364
8921,0.6396446145556738,0.39184110216610213,0.12125468393427274
8922,1.0687340134991117,0.8566923967174747,1.0100304777138618
8923,0.33312320985195965,0.2141993991643678,0.05394773378239104
8924,-0.00017229463380563637,0.014717476666558538,0.026388290327356234
8925,-0.09760556716970459,-0.14137677265722515,-0.1829446001809002
8926,0.15723110918449068,0.17358651711534367,0.2815603767203205
8927,0.5569112655175903,0.32105936100385435,0.3987252692644856
8928,0.5955444941715204,0.6000389802024892,0.8801906473409098
8929,0.26025476962848804,0.09855491373675629,0.13913515316785108
8930,0.7433161682015172,0.7969072652322742,0.7913522540636193
8931,0.7265985199005247,0.7134579197334725,0.8102295861072306
8932,-0.12826545184245242,-0.16214729839155828,-0.16207682793387446
8933,0.440110307418631,0.3342460169639765,0.5940094752650897
8934,0.3085574247951681,0.5080315137578788,0.26818257474846074
8935,-0.020706195384641024,-0.011585954662333808,0.06533072120977201
8936,0.6901297493456888,0.6663964011110057,0.3155398295494378
8937,0.15277136335251984,0.13579970250579798,0.20885240327829435
8938,0.580595508888514,0.46250429252159964,-0.0820081032604747
8939,1.0426733567667457,0.918373980277341,1.045701619904639
8940,-0.08302935506602649,-0.09754288492055985,-0.167279330784319
8941,0.12519108668822887,0.04963936923531498,-0.08468544499788289
8942,0.5273794139761383,0.20303022484083955,0.29066168326126673
8943,0.9467615308703448,0.7386934734308683,1.2326742339348997
8944,0.10483877837871658,0.07737634463992071,0.16839898030326106
8945,0.3340929374602426,0.2270319664137066,0.17640140617620093
8946,-0.1351947038435558,-0.14009513912594262,-0.2507425901927707
8947,0.09568332036617933,0.16065863305323425,0.3229165236071796
8948,0.2967781615520031,0.1540737251618287,0.2450178017140059
8949,0.3926133728189636,0.34197668990480845,0.2925343539775709
8950,0.09871035712413723,0.029968548646861937,-0.10878583039130651
8951,0.9504492166080951,0.9322558445003806,1.1476393345053273
8952,0.08629147957727912,0.07083591660987754,0.31978537108351723
8953,0.40566864382111945,0.24823459347325127,0.097067227174368
8954,0.48270386510093943,0.47330244329895166,0.6163744488837215
8955,0.19026466136346554,-0.012953774488364322,0.24785158164870147
8956,0.29973010052310345,0.3721344395927666,0.22660475170809757
8957,-0.13808355393580785,-0.10115649652116143,-0.20076112550121483
8958,0.32862414425834663,0.265318655282186,0.5830857106955303
8959,0.0031243199125332577,-0.03138103408181092,0.2590574539159831
8960,0.5460515851481011,0.32842950949888805,0.49468234120021704
8961,0.6019092704977422,0.42430413611959605,0.11332544482328388
8962,-0.011929121554859812,-0.045155498318532605,-0.00655534594598961
8963,0.8904158676234231,0.651196715230091,0.45444003052417203
8964,0.3689947584829174,0.2175356544602658,0.04965638186562216
8965,0.0175811443028564,0.02606011821362908,-0.01164854884666422
8966,-0.07542105890124162,-0.010766845600625463,-0.06715360631247913
8967,0.36521162772525306,0.1840857813294292,0.031055971520396186
8968,0.8852381999255949,0.7054405321434889,0.6350969931233539
8969,0.5078442827712155,0.4864075682647184,0.3581302282173606
8970,0.31459503343465256,0.13370449768774662,0.2678164237710745
8971,0.8586639603696538,0.6489161898792914,0.6208792490673511
8972,0.18025928614797548,0.11002669655533537,0.20578624520579947
8973,-0.0648202613255473,-0.03385751280233262,-0.04958355625180544
8974,0.759069785792674,0.5302216666356747,0.42515077700611115
8975,0.1699284575246105,0.17588458527210804,0.4509281226852073
8976,0.6003008020735912,0.5608610512922616,0.629355166079955
8977,0.3014463019766762,0.1646836811534942,0.20489969481851866
8978,-0.04017920699395228,-0.07679587311525604,-0.08551558691533001
8979,0.405323269257182,0.23493658905652937,0.1670347008832731
8980,0.2756264848935088,0.18397291510726665,0.2653101091721015
8981,-0.10615331865271338,-0.05431146484106475,-0.1203942476107408
8982,0.002663225718489981,-0.08111236783717934,0.057036488257067086
8983,0.06958106535363151,0.04497088867441357,0.21974798050630007
8984,0.4980184316314773,0.29028014230723165,0.06112745731415403
8985,-0.2052080944097171,-0.2093793343574587,-0.24436108787148147
8986,-0.09077376407586046,-0.06318299317466824,-0.0978891360710673
8987,0.04783461689467838,-0.01614487360696848,0.1361968654890633
8988,0.002784070503372593,0.05430093176023254,-0.02450779064368891
8989,-0.0351494557900357,-0.048981258415934925,-0.146702938147927
8990,0.6077950474689393,0.31464736387962877,0.7571309757048856
8991,-0.17045948358613372,-0.15119016541422114,-0.19860767203904472
8992,-0.09950580657994734,-0.024119584268150862,-0.07148056606974507
8993,0.6912012421077969,0.6585425178598179,0.4061452311333851
8994,0.39925760422206524,0.14351865405408137,0.17561691548912917
8995,0.17677771693187028,0.28127030443815393,0.9243207262554922
8996,-0.14958312457322898,-0.1225196305146764,-0.20152261048228093
8997,0.704429319391821,0.6868172205635719,0.9693905573314807
8998,0.5322346113451046,0.41484831617730955,0.2818655323481376
8999,0.16207356340203005,0.056716258777830264,-0.07920406331051555
9000,0.0912781673101537,0.025599369946839534,0.03246512552692882
9001,0.26120226312167016,0.14105649715377644,0.09579324324785299
9002,0.6218168007365246,0.33225363848663214,0.6242601286961194
9003,0.6733790565433269,0.6145978014869569,0.9238045836791744
9004,0.8150996861574846,0.7748221840955658,0.5920161764982972
9005,0.5270286398460462,0.3686682827416605,0.35703361487009166
9006,0.4087636565025634,0.2902328604279245,0.36702667636567665
9007,-0.07357864655778601,-0.041854399076079796,-0.12268302961594113
9008,-0.17657768608119162,-0.16909149337298957,-0.18780294975195788
9009,-0.09824028983059818,-0.04724387267246,-0.16128974804129725
9010,0.11238785325540612,0.18061273463812078,0.13382556191578754
9011,0.3525659241039676,0.17898917755744126,0.1614511098361282
9012,0.7889303384469928,0.5728624958148869,0.921781042067922
9013,0.4088329439640437,0.3026409832074841,0.3543435670869659
9014,0.7014612968433047,0.5848164963161824,0.4793227772111075
9015,-0.018430075107582433,0.0297377934933567,0.03279375636102655
9016,0.26645413822971875,0.1312423698936953,-0.05188765498318193
9017,-0.01999862624832416,0.023259661794365893,-0.09881169131202472
9018,0.23066226199590623,0.10756419820819207,0.21076249810475756
9019,0.29756305381105497,0.048750418191954026,-0.010224955411848535
9020,-0.10740277201946435,-0.13518448095888302,-0.1939559575008929
9021,-0.12207934333676962,-0.11548214275146551,-0.09931268743301813
9022,0.20950371228243014,0.19827840339090863,0.13409536221906615
9023,0.19078282047511008,0.08933988876491883,0.08952945208435947
9024,-0.14895771384323842,-0.16989824350105653,-0.21031508814113498
9025,0.19492617001080448,0.106798208457622,0.3516449110034907
9026,0.3503873901038279,0.35308797584742924,0.3366625563507135
9027,0.2138288597235536,0.31467658480230454,0.5470415208770179
9028,0.11189810999505134,0.10072819171964809,0.24030541532381955
9029,0.650408904010267,0.4144128110092149,0.4175230833840644
9030,0.8423766233761902,0.6815293949774002,0.47721819809136323
9031,0.6971216553218009,0.5825893230516299,0.708332415018003
9032,0.858011560555852,0.6872372306185255,0.9753639266897369
9033,0.5145450130625027,0.3839840954385545,0.6017413776452121
9034,-0.1811540061736896,-0.09341516173432374,-0.11477394881822633
9035,0.9263059535748024,0.6777598130986702,1.0732405942423182
9036,0.22599947480916405,0.1532616740156516,0.24147372141821188
9037,0.41423784036790234,0.5330990088411407,0.5215118302457091
9038,0.4535176107583476,0.33791010638817487,0.31886938797970577
9039,0.1838938675162285,0.2109033743977431,0.21904632809947033
9040,0.1860096163878966,0.24417117074598815,0.15997693796430212
9041,0.8575713666526585,0.6876286051096123,0.490685580199842
9042,0.3508287837316302,0.4898079853201376,0.42222047365840787
9043,-0.1257122442835057,-0.10010639821011846,-0.11654761457445939
9044,0.26159032905485424,0.28407005079709413,0.30168489439393764
9045,-0.0969664758385399,-0.09979530731920871,-0.20463846999441304
9046,0.372478837356486,0.21618086508454248,0.41293488291419855
9047,0.11804814583998513,0.14949950463591666,0.42438465962447425
9048,1.0674267719651325,0.8380368684401995,1.5133437833974703
9049,0.3718562147622846,0.33889279409152895,0.2992865857688003
9050,0.7324087529991175,0.6058983015141486,0.61255634440188
9051,0.018964564691971164,0.03651150564718342,-0.053360519817683194
9052,0.4654284352860161,0.331557829214834,0.3692461072280342
9053,0.24259478986685146,0.3113657729957324,0.19516794004560634
9054,0.47325654440875,0.4027591828443233,0.5604754060623338
9055,0.5839310556896227,0.6666191654161635,0.6795596456819124
9056,0.43183964505020045,0.29223684103766034,0.5662267520653452
9057,0.7648696912947301,0.6111392582326367,0.9680042083266709
9058,0.687137804560455,0.6198757896408948,0.6074904244148096
9059,-0.10980761529283545,-0.1053363404029668,-0.1051828364102505
9060,0.004110190100449884,-0.02563226254070128,-0.13279442934993624
9061,-0.17240890823146382,-0.11077808614994789,-0.13727522737824305
9062,0.776658769016574,0.5001143946889963,0.44557441457441027
9063,0.68115203498356,0.3608209725907652,0.27276753587561586
9064,0.4966330001516359,0.38092178713826375,0.5091752408694821
9065,0.10193741490494923,0.028372889188632566,0.05460652634564167
9066,0.3811906757776138,0.27874284938925387,0.2524931805132964
9067,0.5570175495562619,0.4140553393313673,0.5973465839074521
9068,-0.059718873233784775,-0.04944579077716116,-0.17294490668508244
9069,0.45813855918243407,0.382802330507757,0.5848062217157293
9070,0.5033445419015401,0.22785331305155498,0.2990688384440321
9071,-0.14447606327282003,-0.2071465975550929,-0.17498873258590997
9072,0.11281015364498437,0.041902692782840756,0.028871515155171723
9073,0.18903679830055542,0.1188149269063632,0.2459421859680031
9074,0.21267180514176176,0.1976487483636613,0.08648749160852964
9075,0.0329144351541919,0.11321875090063949,0.11610482425887314
9076,0.1441672424974887,0.1324665308408257,0.2834420201200951
9077,-0.019856128735283085,-0.05170435598969503,-0.10359778564436095
9078,0.037609662540184496,0.04899309310597855,-0.03467792073885412
9079,-0.20290731722032906,-0.05768907120177513,-0.07669992071136467
9080,0.24545393410317984,0.19616108999437842,0.39462153183130577
9081,0.1938073176166073,0.16080137638636005,0.4510748511165241
9082,0.10232364423209184,0.09263770949777927,0.32929672421869793
9083,0.3580760106924623,0.2765006377623751,0.2906010289082597
9084,1.1135722767413423,0.9310048213385578,0.7086712493713123
9085,0.2776696471383915,0.29095785385293826,0.1999457495208965
9086,0.8180015966328393,0.6005933999269459,1.0207014058682478
9087,0.8126899221354364,0.6176947428671806,0.44687344494035
9088,0.08890637019967285,0.025629819308570223,-0.011680375627514228
9089,0.32225805503999294,0.15978389238065094,0.07938113512395883
9090,0.12369222561026083,0.18961596086167654,-0.0282778927337608
9091,-0.19551559470920576,-0.21244630658235786,-0.2594788743107298
9092,0.21958977980875538,0.2493375664318942,0.23165380766275323
9093,-0.07481255846199153,-0.05162184295134853,-0.08251025041643711
9094,-0.03635798333293705,-0.010311563867840046,-0.13215292590026162
9095,0.21701722467404005,0.08718065760037574,0.007503173405739805
9096,-0.06487597570945713,-0.07809560215647371,-0.03575250448663547
9097,0.29070664087900644,0.31648284515223213,0.15656377496130625
9098,0.31093929018567135,0.2799557901920797,0.2997280598167693
9099,0.1841397321759226,0.13096499371882775,0.28454644277949637
9100,0.8703987490567795,0.7417443740641141,1.092221624676223
9101,0.6961076963294988,0.6202719979454399,0.5706212458681907
9102,-0.13925794217041232,-0.11676280838450126,-0.168099786087893
9103,-0.030972657059825326,-0.03951897174161634,-0.024832369308858127
9104,0.30107737246417954,0.23288041945708615,-0.010769174588808217
9105,-0.1812216202611423,-0.18681165105978426,-0.20866477062398736
9106,-0.20768194424812303,-0.17116397902535407,-0.2203485292997579
9107,0.2975052430278817,0.33684599668655935,0.18584345021671478
9108,-0.14175894851204318,-0.13578785391533854,-0.20525176164437253
9109,0.722979097487366,0.470484769761669,0.4684149824336321
9110,0.2965369634527315,0.2047390864540377,0.1610394666671291
9111,0.1619039651782126,0.050941273797734166,0.28246527226471607
9112,0.6031775962612991,0.5699413414944414,0.3496676757644781
9113,0.4149183392183251,0.21291746714752535,0.09314234489077045
9114,0.32295747342402725,0.0923517458134604,0.18421521745070724
9115,-0.1384706516902976,-0.17688382216855836,-0.12680470726468096
9116,0.28451772239411244,0.32583929025918845,0.16235530332632098
9117,0.2953516619662866,0.3698736964283751,0.2560927757181026
9118,0.10210214029092368,0.10466517810073017,-0.017055134941898142
9119,0.1321690078205846,0.1338655600186327,0.0779134393385108
9120,0.319665849215901,0.2094070951643101,0.20174452936146503
9121,0.3276796762794931,0.25401892861426756,0.03158442970999631
9122,-0.044998950219760636,-0.020908162952089637,-0.11264902767515739
9123,0.15366656270813017,0.027969709304332513,0.08832104526650109
9124,0.055692976333577615,0.045465322611838666,0.01917510558496427
9125,-0.10875344949211463,-0.0533813533315447,-0.15673415780033018
9126,0.33512548627854377,0.4287834100777699,0.20034640495412726
9127,0.7958374730116384,0.4987014000286756,1.1893711866395784
9128,0.45259411329809374,0.31213966793848047,0.3697446190162592
9129,0.7485262216788,0.6353577776990491,1.0084339834525826
9130,0.7763098234675696,0.5659917747295247,0.3586645274675755
9131,-0.05309857555604092,-0.016319540815762257,-0.10391370275614487
9132,-0.10142883111631928,-0.06369154748600048,-0.1418529861656902
9133,0.04461490319612449,0.050126948631089574,0.035144877830700194
9134,0.20035318443281325,0.15550370911208278,0.07757265594941343
9135,0.4746069581689587,0.4435722982448287,0.40549654262017576
9136,0.009707044634863049,0.07378976431016926,0.01100089779489588
9137,0.2930072176612455,0.014978881138446365,-0.04936815915317505
9138,0.2918525558303311,0.09125860851902456,0.2367057155333312
9139,0.09763577566740889,0.11973805364603529,0.2213832903484354
9140,0.6930119370207157,0.6091232607857417,0.468046924850017
9141,0.12643257970211264,0.07392122705849835,0.24415581830817268
9142,0.416145423982629,0.26396710275961066,0.36100115762904217
9143,0.34722318154131826,0.28991414565043816,0.40224047640140803
9144,0.2947930925428419,0.22056818279952672,0.08027484290598874
9145,0.24558176986049496,0.12749799551823604,0.49848167268664345
9146,0.7519031184527243,0.6984530199356889,0.9984977004482214
9147,0.3540660673166809,0.3053155429664949,0.43456899647933556
9148,0.8291394275421076,0.5161095114458185,0.8537872161672106
9149,-0.018756786463428043,0.017100818964205233,-0.09535458692140686
9150,0.36974249612046894,0.3477889154941598,0.34818551611237725
9151,0.042719809647621565,0.1257474884498857,0.2319981194527767
9152,0.28657696732248694,0.25021339231879036,0.33147963328929264
9153,0.057733641075866426,0.07540559359748689,0.3191971016104378
9154,0.23178037898929205,0.22591968097268866,0.2222903754648271
9155,0.3119395123040811,0.35020600176775263,0.13014155867909505
9156,-0.062357395901276536,-0.08250124301929851,-0.08117389685778387
9157,-0.07066982801490973,-0.060057163802769264,-0.06946665871427293
9158,0.3874077801553548,0.4114882740886989,0.34352006195321816
9159,0.38117740301361547,0.2266400116685372,0.32449964913280716
9160,0.36444487364836053,0.2420871029732372,0.4385839567045684
9161,0.9053855705570666,0.6753843339157581,0.6802889116924946
9162,0.2743164433851635,0.3317720073810497,0.3742020709243248
9163,-0.10888873594319537,-0.08474851024954544,-0.11695168810209577
9164,-0.12427944708884087,-0.12421246555578813,-0.1702345975954428
9165,0.7649017913573999,0.49587419164889424,0.661512771399029
9166,0.5238112902726841,0.5517502208240586,0.4384148899395568
9167,-0.1325929668331115,-0.056773109241199715,-0.0706784119887649
9168,-0.15905974114931098,-0.1714832845201728,-0.22836725664776703
9169,0.7385522420972099,0.7471873919980812,0.29353130426402374
9170,0.8073546529003683,0.6585342781377324,1.0890439018533264
9171,0.6393815776130636,0.24605293289337848,0.7339796554638875
9172,-0.08640709195794893,-0.032054851265183704,-0.12951997700080775
9173,0.4019619470940339,0.3053034720358727,0.4542411071863577
9174,0.6552665478000004,0.554152458408947,0.8231818338482795
9175,0.34716064114773837,0.2628246845302322,0.12635209034341033
9176,0.04136093834349008,0.03451294726315601,0.26490361367062
9177,0.15091841296504804,0.16902859678577786,0.3630347893324599
9178,0.05352470001236731,-0.0451392487164336,-0.050934862159872196
9179,0.2171472469613973,0.10496669576915152,0.11995591400488959
9180,0.7250001609613206,0.7191823177720211,0.6349018195523262
9181,0.15899757539861392,0.19506077733322602,0.41370093427689003
9182,-0.16183974633363618,-0.2006417974929976,-0.24541781328531043
9183,0.12994922026613986,0.08487039016668518,0.2882371702571829
9184,-0.12518158006167268,-0.12138970559693896,-0.2271277394278738
9185,0.6551452146160814,0.659789293430548,0.5091764947400932
9186,0.8535845458406646,0.6066987531891699,1.1863320557735881
9187,0.11092938721301215,0.11622011334508286,0.1376789471175477
9188,0.9125967798468622,0.6390557043364744,0.8164446344982823
9189,0.5683996658164423,0.46329857330809077,0.2227524352923944
9190,0.6486546302059659,0.4607385817730669,0.6408186104616216
9191,0.45826718312677195,0.36858141199480365,0.34772994209879093
9192,0.2777171600073236,0.2800826006774668,0.3829745717941826
9193,0.051305965174417434,-0.011865023855472945,-0.030594334320928618
9194,0.5028713716612119,0.3182928139501966,0.4324903275604399
9195,0.5034196500711923,0.515459567689077,0.4828142671919342
9196,0.439611074172507,0.4518364563930424,0.44287932379499906
9197,0.11129475994540927,0.0035931555117172387,-0.14169588904647612
9198,0.1287794279850143,0.12732537273073197,0.04248896571260774
9199,0.4853262705176513,0.34110724598745024,0.35581577615687543
9200,0.7187781308650056,0.6428841864878436,0.7108824321425089
9201,1.0159973081667153,0.8137993989224712,0.7465486006384916
9202,0.056181117511453715,0.12567367730193246,-0.01395386390531439
9203,-0.10909677252330441,-0.12921006893410691,-0.19415216131361301
9204,0.20773067182081761,0.21542805277991706,0.26647515457683846
9205,0.18271964615776004,0.1260621406077087,0.028458168704108777
9206,-0.023540056455735314,-0.0545465662174589,-0.09383816858128524
9207,0.12564701741416062,0.11251739121977411,-0.08955679426677643
9208,-0.08569375600445317,-0.07620768188941551,-0.096596071224753
9209,0.29617636502732236,0.21769226043449552,0.28621385494450857
9210,0.1298023111074491,0.10549532847052889,-0.019897637612153685
9211,0.35745830196315387,0.19168911074129058,0.1559041070482876
9212,-0.06213023198997503,-0.028780884054107392,-0.1105594766182435
9213,0.3020559732518928,0.1826306383797256,0.4562750107195064
9214,0.5172213353423112,0.3434242983153035,0.5669633793498694
9215,0.14491126573926172,-0.0175194529818804,0.09138480298564122
9216,0.6396716421975535,0.3376856437884672,0.533411197997701
9217,0.8178894877840279,1.0867940231092201,0.940636696028649
9218,0.13402204091176317,0.18834910431945584,0.05811756456108763
9219,-0.062099706255198006,-0.09390193169921657,-0.21751834764481293
9220,-0.19876906811271733,-0.19899218597451984,-0.2931818093129722
9221,0.04828527333285337,-0.07583460378159046,0.1397404389719994
9222,0.6926136677675243,0.4429897407588037,0.4368643876289391
9223,0.03742765864706277,0.0985667662049714,0.13631344210197605
9224,-0.10359654374794258,-0.09608915834678478,-0.10123609040353532
9225,0.08253168049158721,0.033510510512337444,0.2529255189558193
9226,0.5038724559267347,0.30739596851048256,0.6819714930760339
9227,-0.11539574435240307,-0.1753819560161548,-0.2169907827010542
9228,0.35512624260265624,0.2966312101761257,0.19345957748470766
9229,-0.1449152154840776,-0.10426041948261267,-0.15370335889125275
9230,0.46577191338420976,0.26921832889441566,0.4892578328799322
9231,1.0039192898081937,1.0381401637139853,1.3481398510723808
9232,0.39821982893062624,0.46997826253289365,0.29606435907798967
9233,0.21043812491622105,0.0814826834423088,0.03236266071052385
9234,0.6619935188985189,0.630404633917754,0.9089607630635077
9235,0.1772097070739913,0.234425985871489,0.2958972410543472
9236,0.363187561386104,0.2809396852490609,0.1822025923580859
9237,0.14979560670679049,0.21415365219695182,0.15630051757245256
9238,0.20154875011277285,0.1919406877006602,0.3403746618494039
9239,0.414274333750533,0.2774152636292926,0.09202586490964881
9240,0.21144973566209369,0.26910376742917985,0.29273354394046924
9241,0.3276069753002939,0.26385513581185216,0.2720052720046977
9242,0.37589577961028087,0.3445324999704096,0.13715979177458704
9243,-0.042662206171865,0.05066852307152514,-0.0575831310333792
9244,0.22962492228885734,0.24116050530277144,0.13129669899670526
9245,0.06654774921445794,0.07917205662062465,0.08853406439075173
9246,0.27748383941259336,0.2173607883039801,0.3638557850643509
9247,-0.12228193150829103,-0.12245739592577554,-0.1512938781295361
9248,0.6534028936350871,0.2976472109018935,0.6401070611786288
9249,0.2739799323488825,0.2531293178876981,0.20814077860730507
9250,-0.036557476241137254,-0.036760043074885784,0.0003407555265506623
9251,0.2857604055080867,0.20495495975247224,0.25404424123625624
9252,0.3342240789806201,0.25233498654724507,0.1470449804677596
9253,0.8244289101638844,0.6780527265470746,0.9751380113627615
9254,0.08131591221138379,0.11762616821238714,0.07595891221737028
9255,0.4990151389336819,0.2043047566537084,0.1603329552270074
9256,0.11475680376176589,0.08661517894323834,0.2467186640253911
9257,0.8007959552276103,1.1934097045762964,0.7048056187062464
9258,0.34992943137848287,0.2702177074995904,0.3353276634352791
9259,0.46721130015904344,0.4858627311310604,0.15273738777260015
9260,0.22250855581870943,0.25322194375269813,0.22363142968350602
9261,0.734680110297073,1.2392561922660086,1.0846949918742586
9262,0.21566419317132546,0.0815287781380647,0.5099021758323139
9263,0.8883483463071968,0.7824818279706591,1.0005606383901116
9264,0.07927358697560005,0.03196834555174455,0.11042661145347887
9265,0.703711614535365,0.42581127987733414,0.3825709453820698
9266,0.3345785827747605,0.24955283453789345,0.24790418740105502
9267,0.01564295435865115,-0.011955930993506336,-0.1253029932595966
9268,-0.056784688313076814,-0.07032591848501346,-0.18691831724026953
9269,0.48084446450068974,0.46589174744128625,0.4019289189573514
9270,0.7125283382547021,0.7992893497272049,0.9358353410684088
9271,0.6833075139473233,0.576147488126092,0.7182656031413048
9272,0.22235247278457027,0.17326520765345377,0.5094195166022695
9273,0.2527039428793536,0.2246328394742323,0.23256863901223146
9274,0.1624177910757918,0.16194659782212084,-0.009620808607099796
9275,0.8323557287246002,0.4267893894218171,0.31151793152425156
9276,0.2617257624302305,0.21502871317011585,0.13521493253741323
9277,0.4079026563960846,0.35224480518770895,0.4220771026936958
9278,0.7278153391957347,0.5800791590586281,0.43218411637166265
9279,0.6848134512743533,0.6536851372314596,0.972305623313817
9280,0.3216834279994405,0.25555147628925545,0.07886935539848827
9281,0.5808925400854013,0.5009432582535314,0.8262187763703885
9282,-0.032732737994619954,-0.013865007678591335,-0.014749948905728338
9283,-0.08850777969919099,-0.11848472033052737,-0.13139036882403554
9284,0.5351841895993241,0.4208710653703105,0.42966297479516236
9285,0.6488832847707975,0.7074446301580084,0.8530669724303466
9286,0.40783339643392647,0.40312791499903233,0.09887358259486767
9287,0.015076994642559072,0.03408248948055648,0.06994298716857528
9288,0.8348117171289824,0.8519109618210117,0.8927670573451094
9289,0.011110652836435086,-0.07836190321603398,-0.05294456081464882
9290,0.6093530957756768,0.34881262696641135,0.2439058345613656
9291,-0.0141761269147902,-0.0021734553136397716,-0.026840976913465098
9292,-0.15802303683639085,-0.11328642418035495,-0.2025421756280621
9293,-0.09226317964099229,-0.0693221899747325,-0.08032599793607986
9294,0.2037400928408657,0.09172826219620145,-0.08735946603078037
9295,0.7439925802101284,0.7010262865683481,0.896340572000706
9296,0.010385333487621384,0.011090824294194723,-0.08082426810045906
9297,0.21799903634944617,0.18282868242937367,0.2429080524890832
9298,-0.2436797546942444,-0.164857477763536,-0.2663718970561497
9299,0.14195255964167508,0.12219095960503235,0.16296056749610965
9300,0.020628722185357606,0.030512845680634948,0.08948629813201547
9301,0.2843674570476433,0.18316570843889268,-0.0631569454609403
9302,0.7806865475773472,0.565361191997646,1.0041002973993312
9303,0.487465803200944,0.32217290380135144,0.3459814915562711
9304,0.16198635211318835,0.20353446798189334,0.186148333238771
9305,-0.11975051648410617,-0.07211089708457885,-0.0772500056434523
9306,0.07890257776711573,0.1481771418403124,0.2837169181672141
9307,0.37022061921123117,0.3120071925624919,0.12176352265373724
9308,1.0340442761281898,0.9663166312754037,1.282672885064755
9309,0.6047720490875879,0.6950518186835961,0.7343609187646991
9310,0.6545553947583564,0.5486624568997145,0.5804721556075441
9311,0.1705564207886887,0.17584829870488283,0.07172278099639273
9312,0.41589324243654024,0.5067544017075172,0.272657800056592
9313,0.5726341443435328,0.418122205369184,0.3585078612264476
9314,1.2322496254415176,1.155750594923553,1.1683416716094128
9315,-0.14741431798668203,-0.15475613380646303,-0.19342285829665073
9316,0.211381874587254,0.19079588744814613,-0.004608560276852858
9317,0.12203107103677269,0.08986263223383562,0.23867591194965532
9318,0.3292856893308447,0.23446670096417033,0.23467549200722693
9319,0.04011637282636871,-0.056326009147238176,0.14409260685856573
9320,0.7710428515281926,0.7809127255523065,0.7384732253286417
9321,-0.10073695278544981,-0.03930631217809,-0.045828617155266316
9322,0.37449209322476484,0.18794684635592507,0.18137792213371773
9323,0.5458502024342213,0.5505132438002958,0.7452351423439996
9324,0.8473561816583102,0.56366313095269,0.8538288917762951
9325,-0.02447808993790379,0.05415702755115248,-0.23572979419406426
9326,0.03844589304423174,0.13084498399343514,-0.15202124759600055
9327,0.20362082001634052,0.10121054060980827,0.23755805205170022
9328,0.7845609046740845,0.4078660350076091,0.7743858423555465
9329,0.04559720632514974,0.07689520734129696,-0.02973554323793659
9330,-0.12986631486132483,-0.11322213790190738,-0.21142409241274462
9331,0.08148475147987222,0.12216869630441551,0.1392390487261974
9332,0.21549431017122433,0.14732031439257032,0.04103815051006299
9333,0.02660328171580395,-0.01707501676584877,0.20692230594444316
9334,0.29225336881222663,0.15982967820881488,0.13055914875496755
9335,0.37511039812518,0.2678777195812201,0.4454623763236132
9336,0.31593926107322656,0.16297289241780666,-0.0015086025836951178
9337,0.2555455131647737,0.1738202707124652,0.2492969071313451
9338,-0.1274018529699925,-0.12508775241810965,-0.11319108261945077
9339,0.2813038641224723,0.1292981141206513,-0.09826781279171926
9340,0.2969340166560961,0.23772606119655149,0.26818328675738123
9341,-0.09703473757935144,-0.07851503149283079,-0.16731768767957433
9342,-0.04650373349599246,-0.030069574706995783,-0.08766402478164026
9343,0.2088103269292232,0.22662869040287514,0.17842830667461684
9344,0.18039067406605014,0.14167833266824514,0.2314293172818067
9345,0.9054935418321106,0.6493937069058533,0.6270102070964487
9346,0.44139150784104153,0.3344645218330773,0.4429928211266667
9347,0.5979865246148144,0.5267788782331828,0.4012648506474801
9348,0.3357534265691191,0.4509425330818899,0.3121612919634338
9349,-0.09476612582707777,-0.05606909300477947,-0.1488999218044036
9350,0.34994062518117763,0.21933450624518813,0.3513815461989107
9351,0.4321427699443341,0.3025138869619226,0.31225635748665304
9352,-0.1428943755692118,-0.12554453439297308,-0.18110419853168414
9353,0.6367980212075626,0.37224253479972025,0.7056905331533989
9354,0.3185631176474206,0.17070308723165062,0.07746493212645067
9355,-0.09484120731584644,-0.06973412214531038,0.02566930233706799
9356,-0.013660012522930254,-0.01304286537047572,-0.07075295605198884
9357,0.19768227980180497,0.049375594854949245,0.29310679304311904
9358,0.4077020179929347,0.32047861103569675,0.33389340680265045
9359,0.1313324902323938,0.06555986921478874,0.13736397762065833
9360,0.022323223806872905,0.08376892293448202,0.00646634364557741
9361,0.05831659498344499,0.09864616280334326,0.0021067525042879343
9362,-0.12627346960338093,-0.06779366691542688,-0.13216086975064434
9363,0.37665024353814425,0.308446308313024,0.3160655390921645
9364,0.38646452158547895,0.5120950820324579,0.2973289601121658
9365,0.39952857911914985,0.40517326994041025,0.38872377970930994
9366,0.6010877683825799,0.3452649742944305,0.43951976134443616
9367,-0.07525991820595257,0.01854354911733247,-0.13113393881463908
9368,0.3403369799747966,0.4421052019226326,0.2586878660551575
9369,0.5373998126252066,0.3511394633375884,0.4864369721852795
9370,0.240955477880463,0.19927594518982228,0.04267698907023276
9371,0.29355214017262043,0.43743520586992424,0.1932714455556861
9372,0.05411655394910975,-0.07469218588655069,0.05474459073803839
9373,0.3364784497884792,0.15092032806311106,0.26787169568157077
9374,0.023587793958429915,0.04695251921813148,0.044255528367276975
9375,0.4311551023626081,0.2485184247321739,0.5394568807811913
9376,0.4246560523784051,0.35322846615238235,0.4538726710932346
9377,0.6074230648527135,0.6278360130297977,0.696816788188056
9378,0.405873247638604,0.2448849728670206,0.25874365361129126
9379,0.2974499188583697,0.22949508926758821,0.12155360772938129
9380,0.7935575969591624,0.6138812357410695,0.9395073287442386
9381,0.4368289771677527,0.35090884075409834,0.6301528546722379
9382,-0.08819398808898471,-0.04473295348708495,-0.1841879259067144
9383,0.6594093018614422,0.46491292195703404,0.7091174254692703
9384,-0.20027173160758438,-0.1476662397660734,-0.13060313471146423
9385,0.34237626499024754,0.5110594396614319,0.28812651597542627
9386,0.5942419462442465,0.4312568067019824,0.8956570954111642
9387,0.5894997766217864,0.45716467693930074,0.6474715339333676
9388,0.06897646852455885,0.006238244301513651,0.29217156989918824
9389,0.7374280132081259,0.5930728809601735,0.983718020320633
9390,0.07017466060874988,0.16313088186848845,0.24033623454873454
9391,0.2998130822449232,0.28572285807939934,0.32314321637787424
9392,-0.18406207854718282,-0.19049026463490892,-0.17643098316544037
9393,0.1391130391068085,0.13533354126467723,0.3560126866524298
9394,0.10068137087717499,0.07592339448425345,0.16006551942761016
9395,0.42560082623655715,0.2921070361353826,0.16510456950689778
9396,-0.020995275355833787,0.02690264205390558,0.00020411351228832864
9397,0.7072602665979177,0.5130449958531271,0.5898601954962117
9398,1.234420507032019,1.1985847950078052,0.6406118172227611
9399,0.014089676070786927,0.057568871980041125,-0.05298853389723723
9400,0.844026995851632,0.7874856464733413,0.5980168671826711
9401,1.0239292487491976,1.0018209244699872,1.0581757667664102
9402,0.6420845037768681,0.34967593631396676,0.5481826671257277
9403,0.7756552390451537,0.6402354415940137,1.0628801600338038
9404,0.4567260459470699,0.4008927015920858,0.4522786704497921
9405,0.1894450510510053,0.1784195953157217,0.24181596526408078
9406,0.014084214349247004,-0.031474154869028714,0.2106168988169943
9407,-0.017691840579981966,0.049979750384133714,0.018021775215858904
9408,0.703302063504951,0.4838048378225006,0.1918131757338566
9409,0.00632147908941616,0.0905780604159121,-0.019039927669389778
9410,-0.17245176904705628,-0.13756494066041347,-0.20620237384517348
9411,0.35544613700806704,0.2331496669820161,0.19729487610220042
9412,0.051655736574413025,0.06604858943497716,-0.11388747571817581
9413,0.6342591476736881,0.3993018748461068,0.7480911254018849
9414,0.38264225606024005,0.5258226137206672,0.44688712650193674
9415,0.7027206063539542,0.4209737979184982,0.3273155526343716
9416,0.45221218690079334,0.21923219445079667,0.1913307033012266
9417,0.1535766981061324,0.1100162474662576,0.21708699536833342
9418,-0.034592911077759636,-0.005261807209289149,-0.13964639268222756
9419,0.24990513808996373,0.17696062641876797,0.3427533070515034
9420,-0.1253700468109924,-0.09685144612969576,-0.1566279013710301
9421,0.4125774462695522,0.561841154117356,0.44778604954250634
9422,0.4768629171889536,0.31350771552524304,0.21745589217850592
9423,0.18269017349840988,0.09589972382416745,0.41333796773922904
9424,0.7785373815159013,0.8084641974732483,1.028383094212118
9425,0.32529463892299093,0.21470009725168104,0.24905225747586845
9426,0.5435506756173585,0.6564408852311596,0.45454727625464697
9427,0.5199122282379276,0.282872710641922,0.14942549591449983
9428,0.043011235411868576,0.023368238488253867,0.18665762886440262
9429,-0.12910751267245846,-0.06603577407828731,-0.14838579283021003
9430,0.36951768895715653,0.24458868862229455,0.21291054817300759
9431,0.910148255880584,0.596967217994838,0.9718796359697681
9432,0.3776676379534796,0.47373047594934126,0.28083808370835905
9433,0.0094421712661934,-0.030961360826443296,-0.06769720142163782
9434,0.6257413207930429,0.5722515512024107,0.7860099002765322
9435,0.2630360456117331,0.22632032701830407,0.4578663044004687
9436,0.6487457390821363,0.6405991771556931,0.4609616820508169
9437,0.36100023374023493,0.23857064911535808,0.25109151999157686
9438,0.24315721526837053,0.18235804623573926,0.16176998311149116
9439,0.28031293602511065,0.21276701021840916,0.3428639265755067
9440,-0.055113219018993354,-0.008981115292095443,-0.10418992769633095
9441,0.9169572648095679,0.6670254246635805,1.1234291874325164
9442,0.24560008035376946,0.14661773047476356,0.17180901873366827
9443,0.03568418398514939,-0.03853291394089042,-0.14000433980834381
9444,0.6567723504605116,0.494415833888298,0.5748130025265348
9445,-0.08742607807861669,-0.08345557753143706,-0.08581543241098022
9446,-0.06922787079994996,-0.010015416798202503,-0.0325869608717948
9447,0.7457798727658351,0.6190062992083925,0.49510484465236937
9448,-0.11939894618505353,-0.11574033107893278,-0.040503577043215166
9449,0.580737033199225,0.7188299706697203,0.38226133531805306
9450,0.8425719521288775,0.8312936048556134,0.8162327111339589
9451,0.4467164488750097,0.36114182027637987,0.5341248929161022
9452,0.26542115637873054,0.27680845652537234,0.1698937705682373
9453,0.3005697900774986,0.27741021418639455,0.1482358529600487
9454,0.3079045287853104,0.2605686982941715,0.4600284619591388
9455,-0.17792950449391343,-0.13490264463840052,-0.15447567947929852
9456,0.24002310168961905,0.03470767375491768,0.07420892820433989
9457,0.14693233138031836,0.06773687738916934,0.27021884308967214
9458,0.48758474397846907,0.1975789974040687,0.1938300552653769
9459,0.05801522605567255,0.08260869622121225,0.22663129997450793
9460,0.319911932399497,0.26058406196381867,0.46355971590431255
9461,0.605499155638447,0.585513081349712,0.4077497645611461
9462,0.4258296930023959,0.3045482452272994,0.5345654680236844
9463,0.09034358528826303,0.01695869057682553,0.34871651601315934
9464,-0.03722071004212746,-0.0245570698538774,0.010908041731692464
9465,0.44885033803060903,0.3727070860491095,0.5385211010976931
9466,0.1832639768362443,0.04329081415441083,-0.05700117085706968
9467,-0.10759769299099631,-0.05604130516708172,-0.14493180970253483
9468,0.17297329216371704,0.11803509432635995,0.048033249442847925
9469,0.038591091309144954,-0.0678372585162953,-0.14001297391516576
9470,0.3099210661128098,0.31490548900803295,0.24195094051132116
9471,-0.14751338579760076,-0.1174349299002917,-0.1970883346763881
9472,0.47522979111258334,0.4685359943992329,0.3991818307907098
9473,-0.16183389595025022,-0.10752826332188326,-0.04466584505591642
9474,0.7739578809360683,0.5758377833589958,0.7732786187176623
9475,0.11907191641271297,0.0038513780179603163,0.2543507484507552
9476,-0.007408452903400087,-0.13760529181209769,0.08910262630369159
9477,0.03569563951042065,0.07194677941981276,0.046404442453442885
9478,0.9267859640691352,0.5438808774749737,1.2819030509345506
9479,0.0530894391508121,0.10548568080787057,0.12146269906742901
9480,0.35159165571286244,0.16850034187433915,0.2734720829767736
9481,-0.1307940406725311,-0.10363491378578427,-0.11696654108964066
9482,0.85413121916243,0.7773556138814897,1.261961944345666
9483,0.8130357560504589,0.6462734597201889,0.857589541207725
9484,0.5438756018767628,0.3449477873232476,0.5106779092133413
9485,0.5816264086284686,0.4324764234184124,0.6261365397404741
9486,-0.13450976106680412,-0.05520580142865272,-0.09001295598921422
9487,-0.13978486185926364,-0.0963867065707642,-0.1579663484469206
9488,0.4076021286871643,0.5932705070903599,0.45819232556425415
9489,0.26619020791966674,0.24675470432557112,0.22248990705577776
9490,0.07183667656692028,0.01999951345444395,0.21434540580274652
9491,0.2722141979496324,0.14984348189655883,-0.11411531866863389
9492,0.49627130705620903,0.4777293704346952,0.5665236434365191
9493,0.3441528844245938,0.16931528656907857,0.21327146591391166
9494,0.5461939282972093,0.5253824938000446,0.5366318404326904
9495,0.7800853643067598,0.5992939773171713,0.813636971606559
9496,0.19926177329165595,0.24578691824609833,0.2798454578233238
9497,-0.0009348728348604896,0.024116653958241807,-0.1117628733269832
9498,0.25211011877858525,0.24538429148271113,0.30347693055234015
9499,-0.0834699673372542,-0.052221051326115764,-0.08618738069444498
9500,0.3556969365878413,0.24909512199911088,0.2941970007293826
9501,0.32332041332556405,0.22593070584877584,0.4569951901933105
9502,0.009363652987231186,-0.01990633484588944,-0.11803586556340373
9503,-0.038390634236699084,-0.036605096983250984,-0.11283402267856735
9504,0.3574849589772291,0.4127727882821126,0.3111009205490891
9505,0.11718380732767097,0.07081745150805063,0.3017121482486307
9506,-0.018562413647539633,0.0503569799737551,-0.09538058476067324
9507,0.0019044206293559185,0.0255636203948022,-0.04741673435508653
9508,0.08422918467228446,0.02184801211849452,0.2827239399089454
9509,0.187075748540231,0.14900647118304122,0.28831149832379377
9510,-0.10585361928117798,-0.062027241109003595,-0.1630701982584265
9511,-0.031287792925806746,-0.05882204155230464,0.21455954972223235
9512,0.51217116247,0.4090474434689564,0.3572974913957514
9513,0.5197219088476406,0.3665316921141464,0.37826010823670075
9514,0.1915162852880512,0.3238259752092847,0.1726215362131318
9515,0.18600518037667246,0.11667512895805965,0.08559051987660027
9516,0.9253849789875053,0.6136991222534816,0.9040258251704569
9517,0.05315396631102054,-0.0034039866054732526,0.3752199213836118
9518,0.5839971508015134,0.43780027628028595,0.3280452409110264
9519,-0.1768273903502473,-0.15886159469945282,-0.20475808957151842
9520,-0.08778436743612483,-0.058564816504441564,-0.132277494909387
9521,0.4512610787352569,0.34085717080652156,0.52939078496298
9522,-0.1337716596643137,-0.10321507140145891,-0.12921092491200492
9523,0.11325771631097736,0.14700486286806225,0.1822172703012035
9524,0.5963761002856052,0.41007821937896805,0.99627114981178
9525,0.7776570666239813,0.6413895626464401,1.1093956692593694
9526,0.3289482451710972,0.15149297107642212,0.45599587437925493
9527,0.03024661444809018,0.03240892946459528,0.2573111974090183
9528,-0.04313108532596943,-0.06425095809242753,0.2188178549859976
9529,0.48463517725706806,0.4790973063152555,0.2678913054955261
9530,0.23837461906638135,0.21005559215981617,0.9095674378477085
9531,0.037155690565275235,0.045378416266727006,0.05813338863027728
9532,-0.21399943036461855,-0.1697931412247452,-0.19530753881526508
9533,0.3702106280159252,0.23276494577507956,0.1152078636241951
9534,0.17535200503257808,0.12411191912352959,-0.042397654800367945
9535,0.3282155606377015,0.2699952285726679,0.20057361447441502
9536,0.767746670208711,0.6979228836589313,0.34974437220347476
9537,-0.1552756917723378,-0.1445618802398546,-0.143294050481935
9538,0.9246260079151363,0.9544690851536319,1.2501450814635202
9539,0.010233945258083965,0.12387707660148739,0.0994192761693784
9540,0.683907375733201,0.5725606381116912,0.3786135805193165
9541,0.464625743481486,0.591516562950503,0.34091913284745234
9542,0.7831529747038666,0.39725579957949386,0.47294415448611793
9543,0.08269704821243562,-0.023624299882696653,0.06740000015595093
9544,0.26261104691750403,0.18453963330858936,0.23069990316748634
9545,-0.12476177099780006,-0.12041285066690788,-0.21550463504554618
9546,0.2566441106712545,0.2723753721082016,0.15964426086518513
9547,0.27074671161613617,0.3238181813676231,0.2907737594926447
9548,0.2990980460475592,0.15798289970426893,0.05527896929053755
9549,0.06188940561878664,0.11501935937436603,-0.00997194910893584
9550,0.6819913169962499,0.6478257430738705,0.5955602107495552
9551,-0.14755421955541836,-0.14744606534071325,-0.2603733231393781
9552,0.2499680478193571,0.26374399907232227,0.4310497221584235
9553,-0.08560375946804744,-0.05059482609584964,-0.03200869376123994
9554,0.1040985987445402,0.040858048528352064,0.36158368462303936
9555,-0.23113136910150012,-0.16953834588128536,-0.1151466601628699
9556,0.25057755784704505,0.22131954571137014,0.49136351135099154
9557,1.1075757987666353,0.7730857981448851,0.319810091833143
9558,0.13523093805113495,0.12173576629636407,0.15330879587024393
9559,0.09278742740947088,0.05477321965377957,0.15239326038930345
9560,-0.1571892656681616,-0.15534931360090876,-0.2025636664243632
9561,0.19956378630092342,0.205641991074214,0.05141501329343856
9562,0.44873010513940104,0.16834169693114642,0.17559859715091575
9563,0.1008839660001084,0.0967140697404909,0.20000096022022884
9564,-0.1679159546033241,-0.13335626208121143,-0.13811077514699444
9565,0.19482830919770988,0.24099459214263663,0.1018808622168752
9566,0.7761680385798733,0.49143522093438596,0.8599431419165551
9567,-0.06679549363450354,-0.024247797932425708,-0.04213817569857381
9568,0.10731279273092276,0.09655090999061677,0.2645242491678046
9569,0.437063050179606,0.32070905180541254,0.49242299119555977
9570,-0.1695570312579907,-0.18603641531134119,-0.22743616662930488
9571,0.04491352727347686,0.06472870972231726,-0.04364269179375946
9572,0.7773678181472907,0.6630986890860862,0.46353369400324507
9573,0.4659811578384565,0.40540444926908203,0.3078949510558988
9574,-0.04530787319707008,-0.022453542363658152,-0.12130892086315281
9575,0.711246260875886,0.506498592101031,0.6734537855910712
9576,-0.08079193390638617,0.00967836286203605,0.02171078582688879
9577,0.6988249336827641,0.5043321654353419,0.7533877574742947
9578,-0.13972630525980234,-0.11645411541481665,-0.13695238280524757
9579,1.027121289247603,0.8190723568158302,1.3582561556239625
9580,-0.03559337443121047,-0.006482113810498569,0.024853211456675517
9581,0.639649522215286,0.3820387930439286,0.7716772259377056
9582,0.07488149967539015,-0.0022883655053538288,-0.07802655321719831
9583,0.622177955924542,0.4061134073281967,1.0197975635297252
9584,-0.012106490180965102,-0.08620141787696112,0.057361436991898884
9585,0.1572513288568833,0.06120343288370944,-0.04481674631080368
9586,0.016178064093036015,0.09084691492317143,0.2193640140098867
9587,0.5681721227352874,0.5726942434123359,0.7434278782246113
9588,0.2063488195726615,0.11868731645020913,0.36525327677017816
9589,0.2253954754895895,0.28499447866564376,0.1336722641080852
9590,0.2637992238167197,0.14946779045147385,0.3103389717495817
9591,0.014493949410017137,0.046727637326403615,0.008588796483496308
9592,-0.08100949790067291,-0.038609640847000026,-0.16155141669593032
9593,0.6382498592372876,0.4693982723856793,0.7873296600083926
9594,-0.014039659827780437,0.026863871875765,0.0023943620022710554
9595,0.12107188942644842,0.21726194038426327,0.27024347500116797
9596,0.6717615545906721,0.37448301580054055,0.8685350054223349
9597,-0.0581349746672023,-0.022069250399817886,-0.12098387986410619
9598,-0.04393039832024115,-0.012169808280628414,-0.08302096465869035
9599,0.19236854903820255,0.06162762004392164,0.18725342461071137
9600,0.2493253583706705,0.10764305632631377,0.04208178705005472
9601,0.2734710753467777,0.20205530777623282,0.3991182417141792
9602,0.6813044526733096,0.5666214409909489,0.20956315293174876
9603,0.14062313316125508,0.029793590918751445,-0.07305216726851183
9604,-0.012593382389796348,-0.03883739802675645,-0.01637629731733803
9605,-0.026123030401794867,-0.06363586149498801,-0.12552211636988597
9606,0.43890363762837237,0.22887833830575133,0.07118875934100521
9607,0.22805538991780328,0.1299372217875534,0.4649221200385456
9608,0.16287520411449052,0.10348656128040612,-0.03942343810780613
9609,0.023641191949397067,-0.0036499213029312916,-0.19024839325643594
9610,-0.026761983223358432,0.11664823390249257,-0.023766183921611672
9611,0.5698593376370789,0.12801780063613544,0.5517034552419717
9612,0.1746707490917463,0.21365541631113216,0.17778154425939108
9613,0.045942818314987255,0.07999727032936899,0.24623692410815545
9614,0.473920303861711,0.5617124029506844,0.6637291918543944
9615,0.3730714143502474,0.2598033032206355,0.34916130610685614
9616,-0.2024839851182879,-0.2016401271119218,-0.2277691659072998
9617,0.27678774145132223,0.1363303439249537,0.340519412894027
9618,0.05713461062027814,0.1275202983383863,-0.025895034238214487
9619,0.34179816247627604,0.4427804353643445,0.2944509345966215
9620,-0.19501380486316144,-0.1601730114139528,-0.1958939726928579
9621,0.12060044217687782,0.06400367633713366,0.12197576668847643
9622,0.17301009915512666,0.12632033852788482,0.12214579290608985
9623,0.32542063864615445,0.5973531322012577,0.4354125307936083
9624,0.31710167621599816,0.35261012770625255,0.09710953408816914
9625,0.2960694555543113,0.19016628698586358,0.2975495952979077
9626,-0.17574174716488367,-0.16807321863127334,-0.13780337634324658
9627,0.3508582524467734,0.18477054327916043,0.20047821828678658
9628,0.45919021935120696,0.2994555184881442,0.13618389149168175
9629,0.005912444501652958,-0.0005959272191159437,0.11443150396417967
9630,-0.1252118331096972,-0.08321076439858954,-0.18282243978438495
9631,0.9375033889317022,0.9584041449333045,0.5051616442322087
9632,0.1850111885974297,0.03771407264300142,0.1368549563117578
9633,-0.07878301265720966,-0.04105297362984661,-0.18707657756301055
9634,0.10681331893479795,0.04052360993489623,0.12044138288082684
9635,0.017554249622015572,-0.09056390911502932,-0.16411249917902593
9636,0.4024045637278917,0.5586469226419071,0.22065996527456422
9637,0.26173323845549956,0.24952496284970027,0.473131082165382
9638,0.30491211799799545,0.30614533796395094,-0.08121361028713081
9639,0.13179234197693424,0.04558308748980755,-0.057278956172833406
9640,0.16698352407147854,0.16359767851044582,0.08066849414728283
9641,0.7036637466934392,0.57004800729088,1.0156448344587883
9642,0.4674229744114198,0.37491560263702817,0.46528159380335876
9643,0.051046098566496445,-0.0003869227222588201,-0.09805157632172279
9644,-0.11792568944119264,-0.061814600520060825,-0.18275195017572843
9645,-0.05275513280537658,-0.006979308206860657,-0.029616840538758127
9646,0.5663802817910979,0.4224073985093011,0.5236813720194009
9647,0.10342350972363068,0.1411739093568991,0.1895197294902482
9648,0.4732406718890114,0.4991322788609702,0.5148646671115864
9649,0.30084362069279025,0.12133260416167735,0.3111201542555806
9650,0.8064557997753401,0.37601380175498256,0.8982582310255685
9651,0.2635797592867155,0.26271205036432455,0.1276304162576276
9652,0.04435530203016391,-0.013380177215929101,0.1572509346823252
9653,-0.019536912360653913,-0.08238491825269001,-0.1904640019034991
9654,0.4397965004324711,0.35145943818404146,0.35747747361361304
9655,0.6652755811491637,0.408195950939906,0.4769021942344702
9656,0.6282089845584402,0.5233511393042531,0.8125756680762255
9657,0.4944480540559766,0.4503116907316078,0.5895691884039813
9658,-0.06211482769473786,-0.09158642696830543,-0.10429655474782562
9659,0.174897633614143,0.15441465116883202,0.2887694534013403
9660,0.4267562324787444,0.2781399353760554,0.5627176433531129
9661,0.18251632626015546,0.0733164660684591,0.22155320151210245
9662,0.35722975232530874,0.3042594352593819,0.15105096247941718
9663,0.27918658277771913,0.1330736003434081,-0.05763982742467355
9664,0.018712682488954968,0.16197828685829618,0.1961629519137993
9665,-0.08937389853192146,-0.048295781477814104,-0.18860698768369144
9666,0.410446197349859,0.2054172908642804,0.24659905634906565
9667,0.0002201258165901443,0.027760943245913383,0.04889631596181121
9668,0.43053462932630304,0.3292150623665051,0.21216511334133736
9669,0.25696285635153493,0.2169318324474756,0.0018559024592574858
9670,0.18133820529672584,0.17962732438499596,0.28101248633086606
9671,0.5496489219792531,0.27150025285468904,0.0727523299745878
9672,0.3437384888954329,0.2508024764193797,0.3355710725291714
9673,0.24601496485924734,0.036260300678554014,0.3463449435622439
9674,0.24083621790781007,0.2238729517437339,0.26216416881002913
9675,0.08554530267508142,0.024471403205410747,0.20474840142816508
9676,-0.008323044923493672,0.03908303231394683,0.05831124577973945
9677,0.5379359444512459,0.26841795327801776,0.6742203335435839
9678,-0.11539490226948834,-0.12349021587357112,-0.1792660078599796
9679,0.36395147443737397,0.18070299157338865,0.3157726137113588
9680,-0.04746854182512539,-0.015886517670250178,-0.046775901177050216
9681,-0.17567131774290445,-0.1554175854030272,-0.20959277938968623
9682,0.6399436947698789,0.4686390477946005,0.29167762916856543
9683,0.8824787743041038,0.6605711697587711,0.33198903203660635
9684,0.5764412910776153,0.5829993759778676,0.4563458868158581
9685,0.2114983505602881,0.12665473325280763,0.09460931734561928
9686,-0.10997256604567551,-0.07463534402811456,-0.15702157214844958
9687,-0.03330036879572329,-0.11213273165876703,-0.005923782374917641
9688,0.04072767671116018,0.0533860743455703,0.15008828942440577
9689,0.32231914582205734,0.25332239757535957,0.343536319731905
9690,0.39809588277325925,0.4672589916533141,0.3836921514894107
9691,0.32710294377520666,0.30404602537799397,0.19417464475919344
9692,0.34362503403221556,0.24833918937916732,0.3237255468398319
9693,0.0051747635162531225,0.01824694461403631,-0.03996322333330382
9694,0.08196531782382577,0.03203008840845123,-0.09486276598906507
9695,0.7684468534039941,0.46280402417120636,0.9997532121477741
9696,0.04714518957636016,0.10816575702523412,0.06337744925441302
9697,0.09023190844209017,0.11898172024054476,-0.05487236650121741
9698,0.07067286974986331,0.03858786153483429,0.24158148212878316
9699,-0.14261984914062387,-0.11685499433580016,-0.15958670934697083
9700,-0.07885994467388979,-0.05060764849434807,-0.06831531079408715
9701,-0.15589367421366207,-0.15279775430289855,-0.12371284941275418
9702,0.5037707705914505,0.5779881138440865,0.25011118497630136
9703,-0.051071835957525624,0.02076395124460939,-0.17072552095297333
9704,0.5604234851763283,0.4215921857216518,0.21246563610408176
9705,0.06647167328090031,0.015397523879362662,0.08739767177577074
9706,0.39443018271560204,0.24182742988509132,0.23704171471952895
9707,0.5737839590169085,0.6447705549253582,0.7875344782992959
9708,0.272845443887757,0.20499764018851918,0.27349659855248065
9709,0.10772435370977074,0.1039608809318493,0.31874023280413666
9710,-0.029603678940673617,0.02254813583298909,-0.028232890609522276
9711,-0.17494015341596914,-0.13900758048733897,-0.21386383930012276
9712,0.4453090132740509,0.38036652964019324,0.25452644309093486
9713,0.07936017131627171,0.16790048221408194,0.1822671922466026
9714,0.25896883508068136,0.20201930991856942,0.20907618453940335
9715,0.18186682957535494,0.17593715412118627,0.11818882409088238
9716,0.10014853898418785,0.1266064634170596,0.18516900860916974
9717,0.5878151523337503,0.6203861149886176,0.510161799400987
9718,0.06291802734915497,0.04316256173084909,0.21877417327782145
9719,0.7555494721329996,0.7036885872530907,0.547692137023803
9720,0.29909875956800436,0.2448173431492795,0.2177094734056817
9721,0.018508155960193617,0.0036367499300999917,-0.11506999504820603
9722,0.8035745237197236,0.5953593992161923,0.44430958607476323
9723,1.337400908409521,1.267687702266954,1.714824319626704
9724,0.2556547938962275,0.34063964938948943,0.2586343103879174
9725,-0.11549792184091245,-0.1320030149722542,-0.15294629185561115
9726,0.12072863081483676,0.06619694452365543,0.2834292557371765
9727,0.10946990477172469,0.10693603994191814,0.06534331203387911
9728,0.2125607235977358,0.17731518319795136,0.7302094558921042
9729,0.09721080878519595,0.05498201026009619,0.23502291940875142
9730,0.08190254761730675,0.10670794473101308,0.35273866408257337
9731,0.35139151948231406,0.2109496296022646,0.21435593504437223
9732,0.6605533209485366,0.4205285122099023,0.7326098021967671
9733,0.11844844373797558,0.09828340847316874,0.1670168967647243
9734,-0.1380680994301211,-0.046094228169613394,-0.09404586410655014
9735,-0.10535463458897443,-0.045404208291480286,0.008272405789478965
9736,0.04739219228729885,0.22015082595457636,0.15886604172593954
9737,0.32576126040043496,0.2593107920005062,0.20231577934364187
9738,-0.06924668511876331,-0.01324638885067242,-0.14996929067735343
9739,0.5886309672759049,0.4952289236747489,0.38760218553486725
9740,0.19319046078685975,0.2823481600501112,0.268304270239353
9741,0.3403092801639718,0.2863413341370782,0.21452798713736398
9742,0.1735562688764105,0.2678659619503845,0.36249881813655316
9743,-0.01220661747538443,-0.03294914779232949,-0.07353191214821764
9744,0.11865329483040332,0.07571733509061662,0.07156037466782572
9745,-0.153942282629975,-0.13352843686101135,-0.1142997167883012
9746,0.5961494150822295,0.41965897482301995,0.2853420053016684
9747,0.39877102510996654,0.30807505758485054,0.09717862492395235
9748,0.2534019950084596,0.19102551634422094,0.1090463176747054
9749,0.06880407962321056,0.07535063804394593,0.1434691398948833
9750,0.3636679044988229,0.3892507902177398,0.29976410644683327
9751,0.3426893839236995,0.2096822002798664,0.2779612238774669
9752,0.24064714430379275,0.18722318568484253,0.1440651935568391
9753,0.106650520903939,0.03166946469748555,0.14636147695905777
9754,0.6726644286747112,0.4502640852282689,0.3745990402738968
9755,0.26034935453792696,0.1625512436272305,0.01874295174964713
9756,0.1985124888558234,0.012620922208481211,0.13757621035373435
9757,0.3677753527764154,0.4498897153338315,0.5029430742157408
9758,0.944169609009885,1.0424628796705746,0.9573655342538612
9759,0.6053019223309042,0.5527538327735735,0.4608618089627281
9760,-0.028829144155384623,0.017606390077546497,-0.10041387144016556
9761,0.5685518454897607,0.7130089591784874,1.1221277484000596
9762,0.9748853098665611,0.8233851456376606,1.4032333502286463
9763,-0.014787682684047176,0.041630918317496546,0.013740051441388124
9764,0.32129472143384397,0.20419396506954723,0.14348190042696096
9765,-0.11233258564681381,-0.09357256085592058,-0.14849364993119885
9766,0.17418526850940852,0.08357987162542901,0.29383686790488395
9767,0.5566693772746232,0.6100917469945455,0.7043664688935511
9768,0.31650107455579857,0.21158664954677575,0.03673150901527089
9769,0.5045820659690783,0.4751526898226197,0.3031195454711231
9770,1.120855036851176,0.9101809021770926,1.591497585531502
9771,0.3220733121528483,0.23897409416701865,0.14946062656211678
9772,-0.14476692206641628,-0.10773030279736873,-0.19226974304011457
9773,-0.050768901148181333,-0.07230054163085242,-0.1369511851832652
9774,0.3700904343645759,0.4838557354911692,0.3748739340693319
9775,-0.15161472915906093,-0.12136186633528001,-0.17566471387352978
9776,0.2886388238401765,0.19727986458221713,0.49958542252421334
9777,0.09476094161191706,0.09327520976602743,0.17124152641474288
9778,-0.18532311565314363,-0.13274999176130586,-0.1781428298592439
9779,-0.15822633064702774,-0.10162060072478607,-0.2117628825123864
9780,0.3752372101252144,0.2167227307940225,0.405394174046946
9781,0.23505496186303554,0.1454397214691947,0.09895476022008753
9782,0.11113364221381783,0.04593780266265424,-0.05413861129725983
9783,0.08694350997808376,-0.005434422811780193,0.03373524549666129
9784,-0.026289044557977204,-0.05852644205137003,-0.01509355809282753
9785,0.24490686977075593,0.1990263990978769,0.0774866604028761
9786,0.012708143346663148,-0.006627352439187106,0.05510959736419396
9787,0.08492562803598358,0.06033724099962989,0.10315736573154188
9788,0.8962531065834536,0.7489637524774175,1.0803480235765597
9789,0.35639814606417297,0.2940095960063627,0.37022074787282877
9790,0.3782273006256054,0.2865869590354002,0.4221039667742359
9791,0.5024403936209583,0.5973781378113696,0.5995344779101366
9792,0.8835394613974594,0.9638761706134908,0.778414132091253
9793,0.3095937540931881,0.3693114650881626,0.44770031039091607
9794,0.26488501371689543,0.23947750223747155,0.22936811365478693
9795,0.7226389403253499,0.6371854530770151,0.8572740216488532
9796,0.40539891054960897,0.29349646200921486,0.5084708766869372
9797,0.8712647008661674,0.6091288513387463,0.8358101341971231
9798,0.5283241009628807,0.47586181490429924,0.4093829896180723
9799,0.3315905109322477,0.24026276660364787,0.3938579346957003
9800,0.36030734578243173,0.377591962972907,0.31672155915707
9801,0.07238303153584269,0.11721073394451409,0.017329298844618757
9802,0.15724492264634193,0.29815006204322225,0.31732021819275924
9803,0.4903066450535256,0.34588231228811095,0.7005207588511309
9804,-0.1634675601121478,-0.17531367558445066,-0.16466248769062186
9805,0.06783507243541598,0.028349818686202344,0.056800441158165293
9806,0.32385427670184486,0.13504256068763953,0.3665461188858563
9807,-0.12157240047912965,0.009147839012700665,-0.11087054663432194
9808,-0.016710118456945366,0.002600006749964745,-0.03457761206797738
9809,0.6171820047142533,0.5619333143315195,0.41439335297334545
9810,0.7717797023127986,0.5233407909028731,0.37334297277143724
9811,-0.02802045078169224,-0.030635373114905162,-0.13884897941744545
9812,0.3408178305353775,0.3960497422299498,0.2046052108478793
9813,0.22323451264040073,0.24017333174079014,0.11669765162739698
9814,0.46108766082318353,0.3943772559285281,0.5410336469768027
9815,-0.06709809194385619,0.008964162779848461,-0.08702923518085248
9816,-0.1391260015957002,-0.1319205693174792,-0.08394701908696822
9817,0.7213295565265616,0.6916052338289711,0.929930772655768
9818,0.2788666234406505,0.07187873813592893,0.37882204030778
9819,0.30647588047728735,0.2192008681590123,0.1330658198504997
9820,0.002898852105868377,-0.01322842991021711,-0.14067680721382858
9821,0.6994617037134252,0.6525683649969976,0.9362465241315012
9822,0.7191624442628122,0.46245300870561246,0.5132513112026487
9823,0.5262960522050804,0.3665481710924592,0.2088566345020515
9824,0.3315493616376046,0.21398299699281953,0.09558341534132975
9825,0.04167697549105509,0.03302405251848528,-0.022842297052109717
9826,0.16690155249502858,0.03404727782349615,-0.008451819249867265
9827,-0.014927063433352816,0.005208517476434915,-0.03524836709332302
9828,-0.002573135618861966,-0.007275714068362915,-0.05702907935391888
9829,0.5775572594850631,0.5062750663586355,0.7466853565089533
9830,-0.23045106048429476,-0.22353587321473867,-0.21580474376090109
9831,0.03453714578775635,-0.022514436977059238,-0.048127881875841494
9832,0.4009958460896086,0.19817150158167096,0.31019957872548964
9833,-0.1887959100677672,-0.12093502931865252,-0.17268161208987065
9834,0.671102431209891,0.5323651978667885,0.5655245032997602
9835,-0.06228283954479241,-0.059099906484566866,-0.12572811328173206
9836,0.16080476460820803,0.10487884139135017,0.21348189484905222
9837,0.060570773411079415,0.1578589099623502,-0.053530522313010254
9838,0.776967102640528,0.5273071671295928,0.868704019383385
9839,0.7284146803896432,0.5143381573530266,0.5111521887780524
9840,0.289142666236305,0.3212662928150207,0.2426751748058289
9841,0.7395050151759126,0.5904191546531137,0.9371501955023411
9842,0.05905255412713517,0.02806972111518058,0.00240982515049315
9843,0.5133506672937354,0.35413843294938596,0.3825554854995885
9844,0.4234580113600299,0.43852681762904866,0.2931819103992601
9845,0.29587689156127683,0.32248412450448605,0.21418590528857262
9846,0.17803975336474953,0.10383642056117481,0.17537717424720922
9847,0.19008052946060183,0.13754200755142976,0.12009904926929327
9848,0.5360359667626324,0.4394605861826617,0.7122890508175601
9849,0.25151630019535776,0.23371412764968968,0.2043524016636722
9850,-0.17653206481417805,-0.14275810373048292,-0.14943148945392193
9851,0.4626413292552156,0.37181366699278273,0.6351906855220166
9852,0.4194336684100677,0.40421916413181513,0.38583836819269934
9853,0.5322886736413734,0.5041938013950464,0.533912986884316
9854,0.09473615963844373,0.036475348027793286,0.0826055002024173
9855,0.6321661169825727,0.30822110777021217,0.29730659276520166
9856,0.05437216357907082,0.04545557053605598,-0.13979468825281305
9857,0.15018691969971476,0.09638176495714212,0.4898380646925993
9858,0.1686074852522319,0.17507339670496824,0.23978433292861578
9859,0.022812524235102938,0.018567090915541762,-0.149049566691433
9860,0.4764341215613386,0.35034542401267066,0.5501846159348793
9861,-0.13954054726856613,-0.1095812272062181,-0.15404694226188265
9862,0.30989808423883813,0.23961888954963384,0.20816756504797107
9863,0.7000481951531334,0.4028627023381468,0.7881047713829237
9864,0.3932791795243471,0.3058854618458382,0.13534883145114174
9865,-0.14927203359319674,-0.1189343908945707,-0.18074916832867294
9866,0.0056461243621612756,-0.04803003583986365,0.08495541849015198
9867,0.8857838231968123,0.6770495689484022,0.8803332478374368
9868,-0.07614418413051272,-0.042213176308367295,0.015909211852612515
9869,0.4852332672644135,0.26637138768107005,0.18635209870014657
9870,0.8209991101991656,0.6901341330984778,1.0598091390001656
9871,0.470319769034959,0.3731746057343044,0.14490758234462353
9872,0.5329236789542031,0.29743901580847765,0.8196194614619869
9873,0.55307297152174,0.41355302810917793,0.597818392774164
9874,0.13737701659315005,0.09793171022453429,0.2855043916518578
9875,0.32951266279522295,0.24639773901988526,0.13832369420342672
9876,-0.09925277272312294,-0.11391736870964841,-0.21211265902913545
9877,0.39550547458165175,0.3526716372727776,0.29921294104574625
9878,0.585608303925957,0.3680611641578353,0.49621933791556416
9879,0.0018048588000394439,-0.012563220056844404,-0.03389537430537315
9880,0.2689152048705241,0.14497264919755493,0.17394968355431062
9881,-0.0054319079345857,-0.10288756393656251,0.1463660926304695
9882,0.36450477823942684,0.14803543635633365,0.06533252675462653
9883,0.04229741114374219,0.08018908226597388,-0.07837126564664199
9884,0.5588557897873108,0.31005672768769177,0.34604221927224876
9885,0.4918740624614941,0.2656540191316177,0.29399704557519635
9886,0.4088327026470038,0.4698217919771144,0.27709012487160867
9887,0.5014317106826844,0.5497752635177107,0.3229732538375667
9888,-0.013463981273421854,0.03381899076916861,-0.04130259157117522
9889,0.02652162785512724,0.018220547957070954,0.02601573478383834
9890,-0.09689942961709785,-0.09526530725944171,-0.1429261121778489
9891,0.32216063005632867,0.19055926787608457,0.47185281409772206
9892,0.8330737180459169,0.6006496481123766,0.7687784430384514
9893,-0.04604537130821684,-0.0037953703087058033,-0.08380000006249033
9894,0.732644775935057,0.7140338474555594,0.5600123819746272
9895,-0.041987388988480645,-0.012096298323733712,-0.08066920370170783
9896,0.8580689392314573,0.657978086177579,0.6628580540564719
9897,0.8285351157311376,0.8901403672020316,0.9757179341456992
9898,-0.0806905650613422,-0.059444447174715864,-0.13421783712187085
9899,0.11336172292900559,0.0796904303106234,0.0012255169489208129
9900,0.031673028472340325,0.030092170993690992,-0.06601907803908169
9901,0.7640089623616815,0.45187482282849323,0.33049954431118667
9902,0.6122383367250157,0.41722670191202416,0.3909600732450671
9903,0.5960212515683698,0.6062750637788841,0.24518582495774854
9904,0.5982136576179562,0.6119797521571326,0.2398853310508482
9905,0.4328617416368632,0.20523105089276283,0.39043309125742875
9906,-0.1387789075006547,-0.11701723347031945,-0.08964953112974794
9907,0.821718534405339,0.6970457783191879,0.40800321625902236
9908,-0.039943336474241864,0.022327797450528708,-0.08167934146886635
9909,0.3627713495979441,0.18295761635917218,0.16839208815698692
9910,-0.05275397713094521,-0.04633866117379315,-0.11398004837836606
9911,-0.08603140789086605,-0.016533427541708168,-0.1266700064462094
9912,0.08309647117354269,0.09567257482293678,-0.06934095153920505
9913,-0.1072260576968761,-0.05788497950618332,-0.10992815369993147
9914,0.5661148947916395,0.4077118406307514,0.4952069059052846
9915,0.35624633677802486,0.23128987972722848,0.19573700062820087
9916,0.4599510658487156,0.3551944780928564,0.4176501048790642
9917,0.7582205807056646,0.40198937567418414,0.5550561101039535
9918,0.7984626039484068,0.48003370164273385,0.7994980517181884
9919,0.13523773915128046,0.05471430105887509,0.1629613118923796
9920,0.7765610969263588,0.6303596105219851,0.508845515694573
9921,0.7707374093610577,0.7693540206632756,0.816986728453619
9922,-0.09988288872962836,-0.08299396545277382,-0.18231106581158874
9923,0.516545999149651,0.30124877862817767,0.9672507511016131
9924,0.8359546193099021,0.4373474073172041,0.49529751221064533
9925,0.7935455786885475,0.6323137370214511,0.43966839092654464
9926,0.6837185371854939,0.4216510183849398,0.442005928867385
9927,0.7772001444930203,0.5518528242226304,0.7959883239591374
9928,0.28169108056463243,0.13369138032950656,0.29577140096612853
9929,0.2658613363814659,0.19982766807003483,0.2245671515550105
9930,-0.1108756738073361,-0.09243293550023723,-0.07324929377569256
9931,-0.09985027250580736,-0.02088244491360436,-0.1904687302202429
9932,-0.1260365416074033,-0.0553833166611043,-0.16214354532640107
9933,-0.053846464441777764,-0.047249262032181494,-0.14135925861810406
9934,0.06347464749579501,0.11152999198787983,0.27997544386618634
9935,-0.12534076149502993,-0.10842981453839773,-0.19827541779089086
9936,0.23550198148589474,0.42768250358273985,0.05251457586219832
9937,0.29703019580363565,0.22293825141109447,0.023174825260834142
9938,0.6932461840124491,0.6423412263947597,0.5821118016394153
9939,0.23310389810681365,0.23294845104079798,0.287337145853644
9940,-0.19018335229712613,-0.1780887930066276,-0.24416135507487735
9941,-0.024618546418484377,-0.043298419302764346,-0.06975383691726256
9942,0.61909256823162,0.33436419381883753,0.2146234236755351
9943,-0.04141651299915705,-0.04826561446681288,-0.11789359733090365
9944,0.1998664841366249,0.2086848894948352,0.06526233338725151
9945,0.09220684473903562,0.11718037680506233,-0.020817106850036904
9946,-0.05394639621446384,-0.04277647910247695,-0.11770780759979238
9947,0.04845624959850858,0.0680826656176523,0.3089369147569134
9948,0.23006958507426267,0.12867111180875623,0.22275998569483946
9949,0.12737836405956382,0.050246714458177966,-0.07573486737392898
9950,0.24977509617978044,0.1961275923322432,0.10897372760800161
9951,0.6642695023367191,0.5800865781976305,0.8014806253608933
9952,-0.10578156615347967,-0.07800625352007351,-0.12927373967024702
9953,0.8374424984383104,0.6975282822412356,0.9316165170693187
9954,0.5697194720702818,0.4266881967333802,0.6764500735989671
9955,-0.1292249788658889,-0.07227908876516964,-0.14386580679056182
9956,-0.08739515819723154,-0.06772942392747472,-0.14028627030073382
9957,0.815983970822431,0.6926216140476342,0.9382196672438592
9958,0.9234959040614654,0.8869535970993714,1.0809489834677963
9959,0.17138503160401597,0.3932757407104297,0.18421051725687798
9960,-0.11732904466521232,-0.08826313199218694,-0.09913534744943608
9961,0.25868653216951554,0.21233779030616984,0.32548981831820956
9962,0.2750175280631808,0.3279791931286897,0.09033257399265304
9963,1.0325524390466194,0.7679058702386503,1.3531178270443487
9964,0.32789626830053575,0.3572933611667619,0.4418824436716402
9965,0.1593769352810741,0.14311049373239393,0.3371389777012279
9966,0.5258534031579847,0.45073285937555885,0.5806571102457307
9967,0.18664108094054455,0.13129619258928438,0.31256937993196465
9968,0.4189563227557269,0.468691273843991,0.41934010851027637
9969,0.32470690441699634,0.2655279470584684,0.24650252661416228
9970,0.7156225851747382,0.7094803757679247,1.145908811510715
9971,0.44374848495137487,0.27173416787164184,0.24337108581410294
9972,0.4138779255260543,0.04080602116545751,0.05688216933075063
9973,0.7401961428815078,0.4041863668066581,0.9323960889248055
9974,-0.14794469343074257,-0.12421821516195863,-0.2337283528916112
9975,-0.07034861154148453,0.05475681348588912,-0.051811983302345155
9976,0.8898882793137572,0.8410856060814542,1.0828391132847042
9977,-0.21683215323239347,-0.17397340396913263,-0.19823877894134212
9978,0.2890092946219105,0.17445494600528133,0.19409286088509137
9979,-0.158966616663904,-0.14452362226916038,-0.08985914933309669
9980,0.776463511802369,0.6667732068469954,0.7336481049687815
9981,-0.06679532050756787,-0.09395578374786584,-0.0270864347875297
9982,0.19970357270670536,0.15170985130142411,0.10074662715582106
9983,0.5762026656820862,0.46426128549123025,0.40790214006772296
9984,0.6787225285337042,0.5713581288425569,0.9795041688417236
9985,-0.04099961940627572,0.05239211131922983,-0.09107838310139227
9986,0.6156503053322728,0.6393142078258207,0.8759763249438992
9987,-0.00895089108263658,-0.017419838046855984,0.0023915399637790546
9988,0.23492485726113443,0.05130699384081505,0.21984751586428453
9989,0.38328509080352147,0.48231790416172027,0.3689375476439045
9990,0.5204853049065783,0.3027384976621321,0.4026241604607137
9991,-0.10610002231201954,-0.11665039383521436,-0.19749416079001558
9992,0.03239038399211669,0.007782086625796936,0.0617882443240918
9993,0.013463005219338964,-0.0421893726898207,-0.1790883769442818
9994,0.661728700816552,0.6791807314656213,0.96053298642762
9995,0.21975420511349375,0.11423422161000141,-0.09862502242184246
9996,0.36565632350846755,0.38541264251444307,0.3995252939500722
9997,0.2974795660930363,0.30095050159056336,0.17656774457618862
9998,-0.12472357542872947,-0.06540345315499396,-0.04290974281220772
9999,0.5960153542341933,0.40541717015468803,0.23132023447281735
