seed,ic_nominal,t,mean_ic,n_ic,active_ir,oracle_ic,oracle_active_ir
20261004,0.0,-0.044468331439676004,-0.0007353200975010012,212,0.0778365967275589,-0.0003270833299115656,0.21395391752902398
20261004,0.02,2.8634177407760233,0.044254390046258245,212,0.4943823498926531,0.04289660871322684,0.533322866212155
20261004,0.03,4.219735335086879,0.06470125575187377,212,0.7499574445461679,0.06448810538252099,0.692963378133943
20261004,0.05,6.9451357708913966,0.10439599551387176,212,0.9757815893858811,0.10791034680614385,1.0121137630784751
20261004,0.075,9.964093444369928,0.14723043943870226,212,1.4558959567216316,0.15920027212203175,1.4107189349422735
20261004,0.1,12.794408299501042,0.1884626434017774,212,1.7637631129816354,0.20765113560712137,1.8088305589579148
20261005,0.0,-0.04258881270917418,-0.0006505739442026639,212,-0.0953322834302031,-0.0016265330126050974,0.10388229024773538
20261005,0.02,1.4505173225214563,0.019983194153883506,212,0.08851841112183818,0.03817301597366984,0.47174846820528
20261005,0.03,3.233417869723946,0.044643556671676604,212,0.285833690853141,0.05755027140686025,0.6557432872030863
20261005,0.05,6.517914557739389,0.08802821051625974,212,0.6750077096321246,0.09688293447396296,1.02374761313577
20261005,0.075,9.662292899935231,0.12981676913527837,212,1.242816902014268,0.14389392421869615,1.4835559983176199
20261005,0.1,12.874556264455089,0.17128861780979535,212,1.662935633996991,0.18902808017551218,1.9428283270502484
20261006,0.0,0.9245169817962873,0.0145776119403869,212,0.04566358236951328,0.04044602686875821,0.5091201273936886
20261006,0.02,4.184446360758855,0.06844083531740082,212,0.5212389373730861,0.0761911701957988,0.8294020799486422
20261006,0.03,5.587401850305005,0.08996892302985919,212,0.760917718978959,0.09449388273156124,0.9894726571545404
20261006,0.05,8.057963827451458,0.1280350516706163,212,1.1815184582125324,0.13114579329318915,1.3094215232219406
20261006,0.075,10.841558306596,0.16793307978826047,212,1.586180600312627,0.17471575675178785,1.7088912722771135
20261006,0.1,13.470028008121398,0.20696777725866328,212,1.8958892337434488,0.21754856430280262,2.107694069553925
20261007,0.0,1.0158657039394614,0.014120603766495621,212,0.08661701467377293,-0.0010076919135097377,-0.1100149731438324
20261007,0.02,3.628089340456563,0.04837673993827206,212,0.4921923540364812,0.03756143712405119,0.1965967079379597
20261007,0.03,4.722105818302855,0.0638645475072243,212,0.5654587142762347,0.05578013488921656,0.3499573821424632
20261007,0.05,6.7885493981759994,0.09368879270137456,212,1.0581710080498625,0.09357284345365355,0.6567364612199873
20261007,0.075,9.610854004669651,0.13417620343198786,212,1.4119535651543842,0.13934486220626985,1.040211260082439
20261007,0.1,12.652415774514422,0.1754655022355027,212,1.675126298441193,0.18539736389358163,1.4235353249623974
20261008,0.0,-0.7571069049395949,-0.011673864423290272,212,-0.28570166344996234,-0.0022835893711685034,0.03956693376562822
20261008,0.02,1.5570468711954972,0.022528139059579882,212,0.18501875866146628,0.033554457340338975,0.4366504684017216
20261008,0.03,2.6589719252058988,0.038917942695209,212,0.2988331930725913,0.05174462056446859,0.6351245966737092
20261008,0.05,4.948636188040837,0.07413854641826896,212,0.6493553264904129,0.08790937195023292,1.0318404090622992
20261008,0.075,7.7614855405883585,0.11589740547903199,212,0.8702411391053032,0.13270503141041481,1.5270997171203526
20261008,0.1,10.306527765228568,0.15317214330454687,212,1.3659608465375452,0.17611618482241548,2.0213723891367357
20261009,0.0,-0.5474704976093899,-0.008243675661329162,212,-0.341152972703094,0.013617045868135452,0.18934043951866775
20261009,0.02,3.089870512706578,0.04372082212035572,212,0.3303292090335248,0.049956414947659955,0.5479620043056829
20261009,0.03,4.485156775277159,0.06283274388851641,212,0.5948896144887625,0.06889637812538545,0.727281581234511
20261009,0.05,7.050595705353022,0.09730138552022524,212,0.9223895666557888,0.10674121137253055,1.0858786381963255
20261009,0.075,10.181983421229555,0.14113742144415875,212,1.201215406201128,0.15103719161337198,1.5339229791375535
20261009,0.1,13.451973307883112,0.1812282406597898,212,1.7397870511216353,0.1929709961478198,1.9815692019801874
20261010,0.0,-2.142579066758125,-0.03476230881549493,212,-0.7146144125542144,0.0017147736477797822,-0.013076242390692194
20261010,0.02,1.062337312901361,0.01595327133540655,212,0.24058477140651546,0.0404442821145414,0.3066027529333695
20261010,0.03,2.7534929966761856,0.040623619049509736,212,0.3502699603393458,0.059137287089080996,0.46634556360427304
20261010,0.05,5.29892361031273,0.07635986855124903,212,0.8000555680107311,0.09729701190461992,0.7855825311853702
20261010,0.075,8.505610226764546,0.1212256598484935,212,1.1567797294651574,0.14186857294029032,1.1840491306662728
20261010,0.1,11.453674556667414,0.16181548284895375,212,1.462034612556652,0.18654167337100755,1.5817125467320508
20261011,0.0,0.7192546767194611,0.01134215888554823,212,-0.0355270285434556,-0.013714808153222667,-0.15988758552944798
20261011,0.02,1.4032266264293856,0.021812021262675178,212,0.18281556128678442,0.026369083009865627,0.17840811305764892
20261011,0.03,2.6802597481274684,0.04257431675941926,212,0.3569071601033164,0.04563256021684335,0.3475721758093233
20261011,0.05,5.263545977018047,0.08373457610292692,212,0.7413690045421273,0.08580719852598363,0.685877013865002
20261011,0.075,8.083873526453209,0.12730229187986147,212,1.218619329577632,0.13501993099524096,1.1085995238424167
20261011,0.1,10.554806107846135,0.16668365009612787,212,1.5994526235738564,0.1811128832778039,1.5309837033976883
20261012,0.0,-1.3818079550938192,-0.02018366617210888,212,-0.43924892385623143,0.008654426121148254,-0.07335303690971552
20261012,0.02,2.7846257406493087,0.042003880416371826,212,0.2596057688908274,0.046420397945926194,0.2587215982700257
20261012,0.03,4.377620947656809,0.0663452287135917,212,0.4546834700865858,0.06685905100201202,0.4244883518903198
20261012,0.05,6.698457723478884,0.10191121781671049,212,0.9298028557400849,0.1047478897354599,0.7554297192573808
20261012,0.075,9.579106931783295,0.14328116628272977,212,1.1231162793586447,0.15073519875974395,1.1678923608907783
20261012,0.1,12.047617772261326,0.17890527434898668,212,1.6655767301123134,0.19508597125345725,1.5788615304522502
20261013,0.0,0.22307447721433127,0.0032730961443080955,212,-0.08924186984257587,0.0004762941770238712,-0.29183778504955377
20261013,0.02,2.17227777017828,0.03246724984822508,212,0.38660009918262056,0.03501884622016719,0.08558511761482113
20261013,0.03,3.472963456928117,0.05418863625208572,212,0.6773402030570693,0.05125697290029695,0.27414647514587154
20261013,0.05,5.859651979955133,0.092623961125641,212,1.305997055253477,0.08825939096852822,0.6508679323982538
20261013,0.075,8.374818259833049,0.13263899526158535,212,1.80900346871209,0.13148185669237958,1.120810563172742
20261013,0.1,10.814732226608234,0.17015542604393902,212,2.224135693385821,0.17329168275458914,1.5893979992248308
20261014,0.0,-1.1013240718892268,-0.01633270879518945,212,-0.03730067616765993,0.01876256358542022,0.09539586332998365
20261014,0.02,2.719188082969298,0.0424258189681412,212,0.4925227419805355,0.05829386087858432,0.4499171100707817
20261014,0.03,4.185868657981236,0.0654649952542573,212,0.6375895564028572,0.07811781970006433,0.6268539685282393
20261014,0.05,6.977900700614994,0.10867401205605293,212,0.9064664436022017,0.11794393508167822,0.9800282801161172
20261014,0.075,10.192736933798448,0.15545388867673665,212,1.603010001188408,0.1659772882151361,1.4200793751525163
20261014,0.1,13.053914344493487,0.19509511802773963,212,1.9355963902632907,0.21113502568696835,1.8584097355519924
20261015,0.0,-0.00992907100082943,-0.00013518419619795404,212,-0.20704367138947943,0.019180394980332853,0.30480292692517813
20261015,0.02,3.6386345190875997,0.05307976740031801,212,0.31103372760377357,0.05905272943499245,0.6682912696173451
20261015,0.03,5.105508628913503,0.07533753806750197,212,0.6832892149559245,0.07801953419074185,0.8501584746910947
20261015,0.05,7.74851830328123,0.11427417100195804,212,1.173387577780902,0.11784346142087225,1.2140814266141118
20261015,0.075,11.053601756393242,0.16147214571429186,212,1.9519307160552757,0.1661813970255315,1.6692194633625281
20261015,0.1,13.833309889106804,0.2025530786228856,212,2.2233002662442356,0.21372946103057563,2.1244487884083836
20261016,0.0,0.45619911997974233,0.006506251503375884,212,-0.06602149443772269,0.015842059332651835,0.004650899964727622
20261016,0.02,3.1374876611793456,0.04383321958651273,212,0.2595634455708022,0.049901625036457904,0.3431225739435067
20261016,0.03,4.334106208409255,0.06125636302489744,212,0.41359253587142414,0.06685452939565281,0.5122982399323336
20261016,0.05,6.593869581707129,0.0921024266414455,212,0.793878289549411,0.10048125268546902,0.850469205058397
20261016,0.075,9.494848613315785,0.1342537807263969,212,1.2874190566225612,0.14105406451254385,1.2727213756057378
20261016,0.1,11.835313904670949,0.169646949124149,212,1.7803218615114145,0.18101612443124399,1.6942872260113921
20261017,0.0,-3.3744414997787735,-0.05214781574471089,212,-0.5766073636885362,-0.007166712524795944,-0.41621857882971297
20261017,0.02,0.8932524466261497,0.013363009000302907,212,0.0019072357230067445,0.03375476088862251,-0.06983229106452427
20261017,0.03,2.88310578876623,0.043615081451738744,212,0.3976839176805066,0.05331593265270308,0.10343295061456692
20261017,0.05,5.541826709320282,0.08446759192435638,212,0.8222634998907261,0.09151386475248292,0.4500307525710788
20261017,0.075,8.528608095894109,0.13113481504820848,212,1.4493284085241247,0.1403689142238326,0.8832454348538474
20261017,0.1,11.309736807109717,0.17287139944027977,212,1.6552791202350847,0.18644343050335352,1.3161994192166402
20261018,0.0,0.24304607220305477,0.0036220659538115313,212,0.3389124891685701,-0.02134732174568264,0.14445287538863855
20261018,0.02,1.0848037345988422,0.016522683555755514,212,0.21298178079757815,0.020600963527329135,0.4756609591769579
20261018,0.03,2.7083566544754394,0.04079746387757491,212,0.4574548630933593,0.041843160402759795,0.641265091467411
20261018,0.05,5.431439895121262,0.08061356217934154,212,0.8603054886874131,0.08395004161071178,0.9724245271697913
20261018,0.075,8.953237199476579,0.12773600784266326,212,1.3325696195069643,0.13406680216017136,1.3861812591186857
20261018,0.1,12.268229821474431,0.17427035104638894,212,1.5940583021490786,0.18382514076376083,1.799581472554105
20261019,0.0,1.308458422614483,0.01929677591523441,212,-0.026695307279870257,-0.01099214029806458,-0.23507620041677899
20261019,0.02,2.952097775779803,0.04482866684942495,212,-0.039782998652759284,0.030975894503631626,0.15782231325143364
20261019,0.03,4.3104653288906265,0.06446877989932122,212,0.2727001971837778,0.05210650926218879,0.35399055386675504
20261019,0.05,6.776195876580708,0.10316704827570854,212,0.7258479915691821,0.0928147204724114,0.7456739705751643
20261019,0.075,10.026081216749027,0.15172838633037972,212,1.313936405773525,0.14195631553460328,1.2338683096669971
20261019,0.1,12.698931812844336,0.1913061200740776,212,1.653460071620866,0.18814495697400896,1.7202377816500627
20261020,0.0,0.5507148044098564,0.008215256256446635,212,0.0831890720600296,-0.004953841104742108,-0.2729080773800944
20261020,0.02,1.6483865158839845,0.024924842204672813,212,0.05101241805483145,0.035093124996416585,0.09995656317363485
20261020,0.03,3.254105754828493,0.05110679502171677,212,0.20750358263500704,0.05457356585698906,0.2862926280695061
20261020,0.05,5.7959024508850465,0.09325123627845351,212,0.41873319374648565,0.09228858445065934,0.6586644422548388
20261020,0.075,8.693812349025924,0.13909967330487932,212,0.9529554405590782,0.13870386196028192,1.1233450640094156
20261020,0.1,11.20875173398214,0.17581370395298226,212,1.4087475835676588,0.18327418969682152,1.5868444739296557
20261021,0.0,1.7902295616212163,0.02635554161443452,212,0.1951094752633481,0.004918485788478129,0.28005209188749863
20261021,0.02,3.627267585416228,0.05507014986479323,212,0.692696167441304,0.048698128931686166,0.6141623526625968
20261021,0.03,4.976287436235727,0.07566807366843296,212,0.9842240712087147,0.07053456451174482,0.7812850377703242
20261021,0.05,7.422391611597149,0.11327949183106967,212,1.2088206049005998,0.11293536853114015,1.1156079151821596
20261021,0.075,10.446221327372616,0.15985428788138492,212,1.7099017450640586,0.16527549827077043,1.5335377621467212
20261021,0.1,13.880132475575778,0.2078997241267021,212,2.250598510907927,0.21624176300500736,1.9513282091252941
20261022,0.0,2.13449289970615,0.032826204854038595,212,0.2947625932458899,0.03229764645996881,0.34522217760388674
20261022,0.02,4.545853129633893,0.06635290963383024,212,0.6822788269428498,0.06863022890261497,0.7166874308582962
20261022,0.03,5.8421859380356915,0.08496198715704247,212,0.9810764594090493,0.087121623065632,0.9022284839992039
20261022,0.05,8.344276512337425,0.11925883220608305,212,1.319840946158959,0.12460096746967236,1.2728486053488228
20261022,0.075,11.048043826595917,0.15500532293480707,212,1.8024512803324497,0.16648065999417364,1.735096341557261
20261022,0.1,13.821003002679527,0.1951268658313922,212,2.016839492930628,0.2093701544330433,2.195977056378331
20261023,0.0,-1.738584366749519,-0.02528661354790711,212,-0.17146409881075697,-0.002936762447281004,-0.11778812345861044
20261023,0.02,1.7211816247039196,0.02501880546225738,212,0.17697655054862985,0.0361197454349243,0.21806333438946682
20261023,0.03,3.2791707498124323,0.047207959908643904,212,0.46500739970850224,0.05578415645699872,0.3859358951893713
20261023,0.05,5.962380892235193,0.08616277102099779,212,0.8058667090782732,0.09405412810777991,0.7215118269854234
20261023,0.075,9.146180074308575,0.13294367176437996,212,1.289395194713877,0.14304999413922037,1.1405353324454648
20261023,0.1,12.250837769586434,0.17609584975641054,212,1.6601619628097979,0.1911991562373528,1.5588811117346144
20261024,0.0,-0.7736514134011389,-0.011412567321068,212,-0.035789121507569716,-0.0022014312355339845,0.22728432262719117
20261024,0.02,1.4487411955432816,0.02149863971694355,212,0.406497024960808,0.03934106593735176,0.5439031084248127
20261024,0.03,3.1157153312652714,0.04526084662817901,212,0.5992539392191852,0.06024902281004523,0.7021721614046089
20261024,0.05,6.104566518595694,0.08721428900165122,212,0.960588417116963,0.10147864888647914,1.0185870336817584
20261024,0.075,9.222424107673042,0.13389175335248799,212,1.369124677512515,0.15112230388362122,1.4137870149604173
20261024,0.1,12.544803684025243,0.18085136350675304,212,1.825347965560673,0.19867442774830815,1.8085096502162978
20261025,0.0,-0.16378094251489414,-0.002521646114306202,212,0.12215325013274271,-0.002508689081886047,-0.014554473169691589
20261025,0.02,2.4173214359252735,0.03675883601616096,212,0.08818280482189327,0.04235973890258002,0.2818498876747676
20261025,0.03,3.957856765346643,0.05940039666459632,212,0.33924529529550723,0.06538865924984072,0.42992061557062394
20261025,0.05,6.844048511453582,0.10041139012480207,212,0.5609436541347493,0.10991182170848379,0.7257582185047402
20261025,0.075,10.197116546175874,0.14567710133579884,212,1.0277450591014075,0.16514609368224753,1.0949016749388187
20261025,0.1,13.192689153433472,0.18896062306390812,212,1.398362385757515,0.21724302007757662,1.4632015097392712
20261026,0.0,0.11627046723868643,0.001748177446287214,212,-0.07182270493872045,0.00015854442862687246,0.06677300896841964
20261026,0.02,2.228831986727695,0.030979455598023713,212,0.36005255050199503,0.041545825128684134,0.3860258272494991
20261026,0.03,4.036874807441149,0.05564673094403148,212,0.6623495767917934,0.062197472310198995,0.545760033421794
20261026,0.05,6.823236229435735,0.09754640687583405,212,1.0838100959828014,0.10355423441302371,0.8653984358687096
20261026,0.075,9.650933704720266,0.14284847444262644,212,1.6763721988595859,0.15293636613355915,1.2651707056556156
20261026,0.1,12.75459944480725,0.18869332703960764,212,2.1236882533940724,0.19957831310825086,1.6650581130333795
20261027,0.0,0.3792168310549412,0.0057699072831764045,212,0.10610976675461745,0.005551497954199644,-0.044662136512370984
20261027,0.02,2.830952069830399,0.043011873182340295,212,0.5826012045435951,0.0452067557801181,0.2873368034376582
20261027,0.03,4.246630122671314,0.06420634845783844,212,0.6085367817627085,0.06578470865262316,0.45349981191327715
20261027,0.05,6.9955113816445404,0.104806668715958,212,0.7429045909497635,0.10527982181737555,0.7860902991880536
20261027,0.075,10.118583381122896,0.14877840089743868,212,1.3136577895602728,0.15546179764052648,1.2021943468845595
20261027,0.1,13.086980477494384,0.19207165179118346,212,1.692031685466366,0.20269514521427662,1.618520277899413
20261028,0.0,0.32124863230102135,0.004596518701405132,212,-0.021030205427903913,0.007992315883208444,-0.2833266373565038
20261028,0.02,2.950804310547888,0.0442715441014576,212,0.018377754192069974,0.052880332356181003,0.07180295907164971
20261028,0.03,4.415548674616161,0.06778232889021885,212,0.4017143414922029,0.07530135313826715,0.24951657193727547
20261028,0.05,7.312232985027287,0.11157919212093591,212,0.790983180293001,0.1165717123146982,0.6051776579201676
20261028,0.075,10.214864905013622,0.1548673224011883,212,1.1404518064033766,0.1687712546374007,1.0500603113556635
20261028,0.1,13.213217933151741,0.19876762202445078,212,1.4584599668889777,0.2191661658305663,1.4950956149061072
20261029,0.0,2.1606750230271925,0.03499376054534901,212,0.5362909253004382,-0.012068577806155514,-0.06942708227579959
20261029,0.02,2.92931691773035,0.04506191079400134,212,0.5204463538995346,0.02716500385835162,0.2596391660628948
20261029,0.03,3.8341330087017926,0.05832967638334661,212,0.5877322764030259,0.04607136546896065,0.4239187408803789
20261029,0.05,6.109806766339761,0.09187532743305991,212,0.8705789385377254,0.0837390640903427,0.7519070607312873
20261029,0.075,8.718685587713475,0.13281027978290436,212,1.2656993453922496,0.13200145397983232,1.1606924002509016
20261029,0.1,11.345156559148817,0.17108046487133147,212,1.6045145556321654,0.17846032373183301,1.5679636647012796
20261030,0.0,0.10184466104874276,0.0015771489556428268,212,0.3796723844182835,-0.004354703800546531,-0.033103321160873334
20261030,0.02,1.8002222759689033,0.027331530546075827,212,0.4545322590364666,0.03795963627006811,0.328904514886531
20261030,0.03,3.6771049619672342,0.05517153801194169,212,0.6286983087427672,0.058677404418194926,0.5101942700511897
20261030,0.05,6.414646382096079,0.0951760748902267,212,0.741263238332456,0.09972901970565248,0.8732683697123508
20261030,0.075,9.082038117761554,0.13750716250875947,212,1.0229511886141434,0.1487276320902019,1.3278776508002947
20261030,0.1,11.817534042979444,0.17877649091965414,212,1.4624573607090308,0.19641317550831078,1.7831093202607542
20261031,0.0,2.085552244456192,0.030519624506410964,212,0.1328890715544337,0.003342262139846511,0.018396210654387506
20261031,0.02,3.330953265034526,0.047944560159518,212,0.30848998616729423,0.04130206502111257,0.3911798463132763
20261031,0.03,4.654824514147662,0.06647913275641659,212,0.5523914078952238,0.061009240434057706,0.577965097163894
20261031,0.05,7.109771391095845,0.10545724266016067,212,1.1500731912738564,0.0986441376375986,0.9522225013038665
20261031,0.075,10.116205331909548,0.14726449151842635,212,1.2792825171608782,0.1443091592281233,1.421123009370581
20261031,0.1,12.519799552301206,0.181343198432693,212,1.4243140717042986,0.18877042003048852,1.890922375772697
20261032,0.0,2.3509870145513445,0.029890045077526923,212,0.3750914993415478,0.0026481495823688188,0.19693546969556225
20261032,0.02,2.928295523091293,0.04448584177611233,212,0.6390616921306211,0.04238661389630175,0.5661364410084592
20261032,0.03,3.8788819369834724,0.06236190347789511,212,0.9765859122554321,0.06239794604472242,0.750586373343551
20261032,0.05,6.083505826115854,0.10230550505562117,212,1.2570991923909476,0.1016319048570435,1.1190966599373695
20261032,0.075,8.400697418811877,0.14247057316689127,212,1.6890875828426886,0.14830187322918115,1.5788229165207939
20261032,0.1,10.683437011782162,0.17758082766919112,212,2.235388630828389,0.1938250025871746,2.03728260750621
20261033,0.0,0.4739649756479646,0.00751859679081285,212,0.2324290234103836,-0.018205855992235762,-0.03849932622834882
20261033,0.02,1.2047592848565265,0.01710822570860538,212,-0.056970912872193115,0.02472036921597922,0.35223339782843893
20261033,0.03,2.438117826173577,0.03605551975298712,212,0.3230752796970349,0.04505912427639099,0.5476094856856805
20261033,0.05,4.658142766975015,0.07113965580505711,212,0.5222021367385347,0.08629168355833135,0.9382552318673495
20261033,0.075,7.612809194071124,0.11754777920761536,212,1.0705928018009552,0.13807580819530296,1.4261036149225732
20261033,0.1,10.102846148650963,0.15773256168083094,212,1.3313616932291708,0.1847913496053966,1.9130771363300965
20261034,0.0,0.554209057454254,0.008704786906314996,212,-0.20507652637855875,-0.0013052471447321235,0.3824023127336038
20261034,0.02,1.9422693031061309,0.0303444995249727,212,0.31819382652141137,0.04344635544443363,0.7611497734041595
20261034,0.03,3.4820346919505916,0.05370653049178127,212,0.7663583776372235,0.06600240274738732,0.9503643808354767
20261034,0.05,6.435108573477517,0.09759761301075752,212,0.9689080314145203,0.11053471106483832,1.3284016259450233
20261034,0.075,9.737532907983866,0.14505801916457411,212,1.371538774411864,0.16299598665182585,1.8000622662563353
20261034,0.1,12.822095553296528,0.18873710828496718,212,1.8893321281036597,0.21374746049459467,2.2705270171157976
20261035,0.0,-0.10371968920842332,-0.0015098128882184644,212,0.15513732880008166,-0.010317452308731104,-0.1548923778985457
20261035,0.02,0.7830288581032607,0.010906394677349515,212,-0.060073232668657,0.02935709891186685,0.20851625841009336
20261035,0.03,2.934363815338296,0.04188380202997629,212,0.23341475214071195,0.049893151978651136,0.3901555078865439
20261035,0.05,6.0419461345461,0.08479761546393814,212,0.6433016804216166,0.0904515402938899,0.7532166392236286
20261035,0.075,9.351008593237776,0.12904125222186247,212,1.2009655969733057,0.13848661299819115,1.2064563303003748
20261035,0.1,12.56793594051937,0.17206106235511587,212,1.615684568568287,0.18596148622272443,1.658792369519636
20261036,0.0,0.4108861574648828,0.0061111961724413235,212,0.28790026322427326,-0.0013553995073869085,-0.40719345306536514
20261036,0.02,2.086632049157088,0.0329974893753576,212,0.053082864538459486,0.035336783630470915,-0.07703796855725832
20261036,0.03,3.4235443717677945,0.054065997558944014,212,0.4675159881888904,0.05276798238353522,0.08825736853246238
20261036,0.05,5.951901873454443,0.09268054390473146,212,0.7544855330451582,0.08860935513303433,0.4192013863073079
20261036,0.075,8.973908822741619,0.1353460075843145,212,1.2289928328033097,0.13322909044746314,0.8333737544436837
20261036,0.1,11.712276812721555,0.17435023261686952,212,1.6070153048368763,0.1770478275322111,1.2478509383032694
20261037,0.0,1.315486709469696,0.020140909049447785,212,0.24215340414326672,0.015382053526065245,0.23208382337880898
20261037,0.02,2.9794901238958342,0.046244004418709614,212,0.6695214801102999,0.04693888881175609,0.5267443301854066
20261037,0.03,4.079104852561378,0.06460498821821764,212,0.8208727009824132,0.061961823786868604,0.6740055850901526
20261037,0.05,5.7042542950052715,0.0900119361831949,212,1.2895224295445795,0.09215600734422703,0.9683511231069083
20261037,0.075,8.184101450923409,0.1275037880207853,212,1.561184151467551,0.12989168997029565,1.3358711679621222
20261037,0.1,10.685629531976161,0.16069074009535975,212,1.7087456093079296,0.1670073820778632,1.7028209772419949
20261038,0.0,0.23727534397892955,0.0038194656039414994,212,-0.25277327382753495,0.011501025080107911,-0.20085485597136468
20261038,0.02,2.36008025172974,0.036262392538077934,212,0.1882515868602497,0.0477381128843244,0.18813497473657081
20261038,0.03,3.7851452511560666,0.05746634094853692,212,0.46367049347307815,0.06621153137698091,0.38256489430831714
20261038,0.05,6.202476581821872,0.09333879876917264,212,0.8530891161681412,0.10259420064679528,0.7711993058668319
20261038,0.075,9.108957420302758,0.13509714576858642,212,1.2245917898528191,0.1465072085782301,1.2563736089773074
20261038,0.1,11.903912682788832,0.1720802646557122,212,1.673269578681595,0.18920699519125994,1.7405849834853147
20261039,0.0,0.2801642191034979,0.004125422260109225,212,0.10801351550379987,0.012163142879834667,0.09378140611394836
20261039,0.02,3.2530006627723353,0.04764654045426341,212,0.3574911780877832,0.05104705006767141,0.4484223641461244
20261039,0.03,4.718661512057563,0.06930903980296206,212,0.5992119509965698,0.0700451652351128,0.6257838404788525
20261039,0.05,7.386796909809346,0.10920373952183622,212,0.9555447448645662,0.10762561249691421,0.9805213437757735
20261039,0.075,10.136464087073888,0.1495669753752601,212,1.5740231308719512,0.15399545517052937,1.423831299172115
20261039,0.1,13.094649801988348,0.1897072085110923,212,2.2471233438103275,0.19870593547695184,1.866820181941399
20261040,0.0,-0.1958158339055371,-0.0029305271016700904,212,-0.15017787664426888,-0.0024936296503485825,-0.1188129355542389
20261040,0.02,1.2632671903743,0.019762751743037977,212,-0.015529878596998814,0.03548406521611309,0.236477956658396
20261040,0.03,2.766912010452967,0.042739712575222064,212,0.4230710418524931,0.054464913825711864,0.41420442762323945
20261040,0.05,5.515459189229585,0.08225574292633717,212,0.5505879451449813,0.0932236389681841,0.769744406225725
20261040,0.075,9.054975114779145,0.12948341719692658,212,1.2247453759400768,0.14094216274036733,1.2141775294512207
20261040,0.1,12.50104891648697,0.1757673624008765,212,1.5526818645599,0.18827647954556667,1.6584003279266861
20261041,0.0,0.833994041756614,0.013471566006340668,212,0.10822549372281903,0.005395270010290983,0.10809718398008474
20261041,0.02,2.9143457311648486,0.044886273751213845,212,0.25753830492500884,0.04811128511788602,0.5006735665533283
20261041,0.03,4.460962586159414,0.06770116716636516,212,0.6755371688987465,0.06842065528800544,0.6970519105087135
20261041,0.05,7.463204842665097,0.11235240475828027,212,1.1289803715819458,0.11178163375448198,1.0899030500315372
20261041,0.075,10.50347764330555,0.15578135190957224,212,1.8341218374033563,0.16112829719924154,1.580966589385973
20261041,0.1,13.572007070408949,0.20173783388068656,212,2.320398112978697,0.21161278137691436,2.0717785394393466
20261042,0.0,-0.5395704065360621,-0.007276903833974079,212,-0.4729992275303361,-0.007335968444339987,0.060765212102242984
20261042,0.02,1.9229454471815857,0.02891098377779021,212,0.23706301001255695,0.03319278580817546,0.40069413825734534
20261042,0.03,3.4845998389185464,0.05271005910617058,212,0.22789452979440836,0.05334681443979921,0.5707198278870198
20261042,0.05,5.9141591707310885,0.09011972899535947,212,0.8681117860557541,0.09326017230766326,0.9108294981043872
20261042,0.075,8.545336828313197,0.13014603287248647,212,1.3740963730231803,0.14313872025396998,1.3359433231323827
20261042,0.1,11.36575450944797,0.1699354956944427,212,1.7894412358911311,0.19045528809302192,1.7608437899198803
20261043,0.0,0.5005638138553036,0.008195285863826488,212,0.19783003339041444,-0.023368637427133077,-0.27813107002414156
20261043,0.02,-1.048118124279328,-0.015410230274543172,212,-0.6695859090689555,0.01512119376890067,0.07557790106120967
20261043,0.03,1.2180087464849803,0.018165376364100382,212,-0.13171884582270524,0.035152786138485714,0.2525100407376077
20261043,0.05,4.370335681923077,0.06682426210580075,212,0.753112950864669,0.07497705244866106,0.6064344382018161
20261043,0.075,7.462732079346826,0.11554792360817932,212,1.0723420443602578,0.12295931619889251,1.0487560397159685
20261043,0.1,9.864318354820044,0.15574038700163342,212,1.5142593367608248,0.16832954877380593,1.490706545979713
20261044,0.0,-0.46921345377152046,-0.0068339707668860815,212,-0.11443403776858309,-0.00531549686885142,-0.08768435959843536
20261044,0.02,1.8538934439567718,0.026504039405712578,212,0.031613010698636125,0.03723471513741927,0.3198240355950941
20261044,0.03,3.426371840680105,0.04843690714680714,212,0.278430502433963,0.057884070661475086,0.5235394645973637
20261044,0.05,6.121587530015243,0.08670555605118657,212,0.7295586663435821,0.10099641288729326,0.9307492706757163
20261044,0.075,9.49009632411714,0.13461478397760734,212,1.1344442336158187,0.15054852731880305,1.4390520983251645
20261044,0.1,12.967975687525465,0.18141879108896214,212,1.7380635821335082,0.20044141042060123,1.9461522970264589
20261045,0.0,2.027450832366504,0.03410661425779992,212,0.26528130448162884,0.004148223371963584,0.04714695136057261
20261045,0.02,3.62418916351812,0.05743587329825746,212,0.5926737861190271,0.05015787143132819,0.3811020370399696
20261045,0.03,4.861110021500662,0.07705550389418435,212,0.68982787099156,0.07117788640697932,0.5482756135605299
20261045,0.05,6.970237236941457,0.10907418800047985,212,0.8708461638073647,0.11446904869973985,0.8829567022828051
20261045,0.075,9.853198258150353,0.15096080636787693,212,1.1949446616739865,0.16504272951319213,1.30181334452656
20261045,0.1,12.415345161639895,0.18949623923520761,212,1.6412974589076406,0.21405012129738135,1.7210593136422567
20261046,0.0,-0.5860751287486927,-0.00929058508983947,212,-0.08087765109166137,-0.015195083456209686,-0.03221766183792196
20261046,0.02,0.7687136705475619,0.01128813641320397,212,0.3058336912941058,0.0222276462904146,0.3272882115529143
20261046,0.03,2.161044313791211,0.032469810154971246,212,0.4563827986096308,0.04015388381671625,0.5071663160038477
20261046,0.05,4.86105381966358,0.07359755360280253,212,0.9262242091100173,0.07820799854126262,0.8670967725099538
20261046,0.075,7.695371219411724,0.11466180144332871,212,1.2939256030023623,0.12230786210125728,1.3171789962494678
20261046,0.1,10.593414155595726,0.1575126313313347,212,1.7224930568128527,0.16685717381142676,1.7672257808911989
20261047,0.0,1.4219935161468809,0.018841041314415545,212,0.3698499356790142,-0.019752566974963633,-0.7033981404999723
20261047,0.02,0.7709514535743953,0.011074350799898488,212,-0.04866389362301558,0.01976292817604705,-0.3242503576012981
20261047,0.03,2.418105912650279,0.0367593480775102,212,-0.11268020069454542,0.040963801157563325,-0.13459627189619117
20261047,0.05,4.7667545487808285,0.07553442565628271,212,0.3275537797998819,0.08040656937324935,0.24477723693939304
20261047,0.075,7.444865957381261,0.12094172183034284,212,0.5893137945921113,0.127308343270631,0.7189203790486763
20261047,0.1,9.873932793462856,0.16297786211171647,212,1.1496743532833182,0.17401452955689,1.1927042976320088
20261048,0.0,1.3669779866885612,0.020123242932899195,212,0.43379462199438773,0.0052945370095513694,-0.05678714704292479
20261048,0.02,3.043556163769967,0.047487801436000655,212,0.27711986695517576,0.04903617211022548,0.36475949490683907
20261048,0.03,4.619789224157875,0.07317305474428698,212,0.4973460992217295,0.07272268005199194,0.5754120385020581
20261048,0.05,7.147573219207317,0.11502101247981684,212,0.7284244796764192,0.11811358295471275,0.9963554339294303
20261048,0.075,10.177978991409978,0.1644677046073148,212,1.4791841383505437,0.1716929833489751,1.5216102003488488
20261048,0.1,13.420567673792851,0.21170664422758737,212,1.9155801811769746,0.22435959591396598,2.045492468228086
20261049,0.0,-1.4393255864816619,-0.020825791104049175,212,-0.2659245120359838,0.006870778566398532,0.1979600023711085
20261049,0.02,2.434412316034728,0.036296700648476656,212,0.29959243697056304,0.047678287323332826,0.5484124142636223
20261049,0.03,4.025381665082417,0.061696735785239265,212,0.6930006796097683,0.06673499752337944,0.72344906501844
20261049,0.05,6.529817505749893,0.10049920864619584,212,1.0415050333045213,0.10535148213599059,1.0730709237189384
20261049,0.075,9.527874727011218,0.14710396028544126,212,1.7236457440592188,0.15414726439215704,1.5091039703157532
20261049,0.1,12.383577885464648,0.19143490350341014,212,2.0024518689222375,0.2025718068743138,1.9438256158979559
20261050,0.0,-0.9647605410795658,-0.01396135268688363,212,-0.19678232616468777,0.0038501582873017902,0.31854105122289755
20261050,0.02,2.1975283687120517,0.03289507710551066,212,0.43629005028757595,0.04064139452794571,0.673696898686249
20261050,0.03,3.366387052222262,0.051312387653434495,212,0.5786723459127383,0.058763109740648196,0.8512419180402185
20261050,0.05,5.973619436255917,0.09006877499295997,212,1.0548184784570132,0.09636213384963578,1.2062043525701072
20261050,0.075,8.81380438153895,0.1336672144508486,212,1.3616339268797206,0.14157471695676865,1.6495409567880643
20261050,0.1,11.4531794311756,0.17363001832917097,212,1.6345869043747536,0.1844728753186447,2.092291214165017
20261051,0.0,-0.28806918524195396,-0.004080360861376576,212,-0.03990659107879968,-0.005198309822796965,0.06697245934559648
20261051,0.02,1.6987625014916947,0.024481909137584818,212,0.18916176908524676,0.034102284673578113,0.38637076922384805
20261051,0.03,3.503419191483083,0.04894820040401797,212,0.6276141504488615,0.053896350695190214,0.5462136866954699
20261051,0.05,6.52769587129038,0.09002832214637042,212,0.7529804029234827,0.09361787918782387,0.8661352063022879
20261051,0.075,9.874614356927525,0.13535240835117993,212,1.04725007864403,0.14216173946186486,1.2663714602993765
20261051,0.1,12.96780077200316,0.17570796328436528,212,1.424613000276969,0.18769820647437996,1.6668263628713071
20261052,0.0,0.10768763343870454,0.001697739403387592,212,-0.33785751588430696,0.002330982986193339,0.05018076505145851
20261052,0.02,2.5488547099493584,0.039582342295841,212,0.33312792124953017,0.042090121303729945,0.38618019551236166
20261052,0.03,3.8996285398266113,0.05939732429650091,212,0.71012416557386,0.061517217878105206,0.5543714841070163
20261052,0.05,6.358777127712146,0.09622656874818164,212,0.9740321645326181,0.10087630515706486,0.8910753013004341
20261052,0.075,9.358742262785647,0.13854767117040434,212,1.5086073479085873,0.15008707302787302,1.3124287422600998
20261052,0.1,12.182417005026894,0.17799790163814277,212,1.8797818164224092,0.19585955266731972,1.734125342949694
20261053,0.0,0.9378457720822619,0.014055603896897105,212,0.10121537752442421,-0.027926921843871376,-0.25926297485947386
20261053,0.02,-0.731295511235903,-0.011122988463499975,212,-0.3620875609569172,0.010389755988971343,0.10375594912621398
20261053,0.03,0.6072282381782232,0.009002046698018693,212,-0.015317528917721177,0.03146560334970998,0.285094030401631
20261053,0.05,3.871414420586505,0.0581466144509952,212,0.5298218097123246,0.07157298040673464,0.6473348169563871
20261053,0.075,6.791966826482462,0.10146495635085244,212,0.9856684524059927,0.11991876161981224,1.0991301364549737
20261053,0.1,9.96150555419722,0.1449609835388941,212,1.4262081805089128,0.16631100281178557,1.549543377809624
20261054,0.0,-1.5878451994726364,-0.023924274328268245,212,-0.034800056711186675,-0.0034498608088210773,0.21992180206521472
20261054,0.02,1.9538480686898887,0.028213300189457946,212,0.28511669621339486,0.036575321021074934,0.5420565354873795
20261054,0.03,3.559967071901289,0.05164881195988169,212,0.8194215342345167,0.05593443698687975,0.7031552928382261
20261054,0.05,6.350436908171068,0.09368751254800146,212,1.2226752529753266,0.09620874136041524,1.0253540319369139
20261054,0.075,9.222548950007424,0.1365124833378711,212,1.7510405677697543,0.1453437229007932,1.4279777165332082
20261054,0.1,12.130035256137056,0.17888018334287414,212,2.056183372845068,0.19249788823472386,1.8302833194897665
20261055,0.0,0.1942767919474333,0.0029924865249274847,212,-0.008323478304114172,-0.016507378851674952,-0.39311502316690405
20261055,0.02,1.3290642941814312,0.018914778148705333,212,0.08052477365307535,0.01890255898721859,-0.013630980258394784
20261055,0.03,2.600475709375143,0.036520727488766835,212,0.06818793031848966,0.03712484776907787,0.17597651844520054
20261055,0.05,5.115987618097504,0.07113607469703141,212,0.5042226284599557,0.07291318266454426,0.5548314759717443
20261055,0.075,8.355414655917345,0.11619840005866107,212,0.8123221120685641,0.11934506809220434,1.0275387451646574
20261055,0.1,11.307856517095079,0.15524257103924777,212,1.3247464408284206,0.16391303955648448,1.499027833284488
20261056,0.0,1.7739266861577925,0.025996074547271774,212,0.15790101981444457,-0.015506159645366271,-0.10106322122126621
20261056,0.02,2.2029866008583934,0.02997530329217449,212,0.32822060328706826,0.021293275439725676,0.2373308645510256
20261056,0.03,3.028037816938123,0.040807961135234216,212,0.439860344144857,0.03911037800530209,0.406661791932521
20261056,0.05,5.7734852723750185,0.07961069002686542,212,0.7837253993848038,0.07665868749899012,0.7455190612449807
20261056,0.075,9.018806054781654,0.1252315157835564,212,1.3165691622447768,0.12051542719943477,1.1693071250831377
20261056,0.1,11.973816853431165,0.16673997684454372,212,1.6302330791581614,0.1648949760411251,1.593123018942004
20261057,0.0,-0.7890389536521971,-0.012147631387894387,212,-0.2887381701187015,0.0038886033569961328,-0.050160747098366494
20261057,0.02,1.3029721299131698,0.01919410761471286,212,-0.0698677023539886,0.039551114897039386,0.2780566815515534
20261057,0.03,2.9791216323176917,0.04344917357458671,212,0.2942500098769065,0.05713203818105757,0.4421122047624484
20261057,0.05,6.136017876117507,0.08918086061338701,212,0.9686631919026671,0.09215957219084972,0.7700660849350766
20261057,0.075,9.007099902542341,0.13277315533508482,212,1.3482285638829516,0.13559971788822334,1.179609355954012
20261057,0.1,11.579364942818168,0.16916330717979683,212,1.7245638615151142,0.17697317287626263,1.5885622884502293
20261058,0.0,-1.8190857884100546,-0.0279291061406327,212,-0.2982286969172732,0.01929598619055902,0.25606647856279846
20261058,0.02,2.2975442126298926,0.035234173348814686,212,0.563276394641838,0.05693764969249875,0.6304288167132315
20261058,0.03,3.8616446031012805,0.05912669987343038,212,0.7902536268408156,0.07567263689502049,0.8176402835340144
20261058,0.05,6.581553683649032,0.10008571910668884,212,1.1096502291702988,0.11489593952360833,1.1920505202763731
20261058,0.075,9.537238791853122,0.14176188025955044,212,1.4683081075741446,0.16116462699584574,1.6598882965689716
20261058,0.1,11.865484102776945,0.17518822101489206,212,1.9446436060183698,0.2041127228165812,2.1273180334320836
20261059,0.0,-2.2907553277692982,-0.031945203302680324,212,-0.532956575055788,-0.01123000953911306,-0.05166196042096047
20261059,0.02,-2.2956373766626466,-0.03327349044259509,212,-0.6834362114930822,0.025285022374572762,0.2941617105014428
20261059,0.03,0.720308577814801,0.010781707738810866,212,-0.03631853645486473,0.043710304013496674,0.467214691171039
20261059,0.05,3.85061061582708,0.0585216993893096,212,0.7041482005255544,0.07987701507117036,0.8135369442138164
20261059,0.075,6.638040507950645,0.10204588995155921,212,1.1240330616030307,0.12336331097947266,1.2467085010341803
20261059,0.1,9.623349359554908,0.14856666352953016,212,1.778647563217854,0.1682640716864882,1.6799844572979328
20261060,0.0,0.0581987356122772,0.0008827937660805922,212,-0.0759336822690409,-0.026633214748581324,-0.3054059070417336
20261060,0.02,-1.662092442540659,-0.024877476529868596,212,-0.4116306777648112,0.012445542036998993,0.07531044081550974
20261060,0.03,0.7495159614054543,0.011073838738549256,212,-0.04885021011043262,0.031457954057648424,0.26590306823684345
20261060,0.05,4.017250870862098,0.059125675750731924,212,0.2554766904441388,0.07000416945118025,0.6474704629126247
20261060,0.075,7.293044450779134,0.10717162405739837,212,0.8845513913212864,0.11747954895584824,1.124965876752646
20261060,0.1,10.188743589795491,0.1487190360235059,212,1.421269261314552,0.1663216599822164,1.602800380094267
20261061,0.0,-3.0499774785703337,-0.048933350624890175,212,-0.3645539502280066,-0.0008057840729820346,0.11794893219217624
20261061,0.02,0.7856084426040191,0.012254396179209816,212,0.34256975196273903,0.03607034747038888,0.4025288794870682
20261061,0.03,2.4900821874948647,0.03842636379994371,212,0.536310772930967,0.05491679132978535,0.5447394273611725
20261061,0.05,4.9820498304767575,0.07645178356343667,212,0.7246096636955381,0.0921021037220495,0.8289662094455288
20261061,0.075,8.33979649289452,0.1238525345700674,212,1.1586675541029872,0.13854854929832766,1.1838125608348347
20261061,0.1,11.36321761079711,0.16591427791890276,212,1.5301311556949664,0.18358332777028627,1.5380709165041253
20261062,0.0,0.45513497767721883,0.006160610092642475,212,0.06772587870780813,-0.022860313164064984,-0.08848526122700567
20261062,0.02,-0.28670337240311405,-0.003844039274736218,212,0.10519072674282809,0.016923227864997423,0.3010243054434112
20261062,0.03,1.605332617520698,0.021865019612320964,212,0.600068209063001,0.036566569988993304,0.4955399432820308
20261062,0.05,4.812533235086839,0.06602851876909005,212,1.0489685670323123,0.07628415252129102,0.8839930304119216
20261062,0.075,7.911627338488642,0.11006502671124894,212,1.5204137243195501,0.12528733914070797,1.3682714713778423
20261062,0.1,11.253640693866359,0.1520284542810312,212,2.0127883572286045,0.17278172834362895,1.8508345933858161
20261063,0.0,-3.3478891704592115,-0.044886273751213845,212,-0.5947494315663481,-0.011793957208870704,-0.2214505983257245
20261063,0.02,0.02183620715539723,0.00033283987700254174,212,-0.15226649281055896,0.025754316847083993,0.10583190116508288
20261063,0.03,2.0563016693369858,0.030126873451547968,212,0.09252548718909348,0.04479074608968078,0.2695088514985825
20261063,0.05,5.187052856097565,0.07498191146045849,212,0.7084246905526213,0.08198989924110234,0.5968787927634299
20261063,0.075,8.62536147391644,0.12414099591782396,212,1.2707769508693958,0.1281289714388063,1.0060070556934262
20261063,0.1,11.337193232993819,0.16272149392222074,212,1.6094777487870833,0.17342055998621214,1.4148803824855951
20261064,0.0,1.628998819526421,0.026632054743021244,212,0.2665988983648746,0.022017634330152545,-0.2849900480297464
20261064,0.02,3.938208112662803,0.058615918677568796,212,0.41695660656970046,0.057930135417089385,0.02238082479028603
20261064,0.03,5.467052374710398,0.07972718398381631,212,0.44380270805907646,0.07515721211403699,0.17585341340275015
20261064,0.05,7.606643350981396,0.11212428142719623,212,1.0374516165906054,0.11150601124735633,0.4823118995242673
20261064,0.075,10.192816148396705,0.14903904012419913,212,1.3914698490882602,0.15313958314470996,0.8643481545427096
20261064,0.1,12.940078920997593,0.1848083175829641,212,1.504679783279768,0.1936696540931552,1.2450590840038476
20261065,0.0,1.284450306681093,0.01975404670010099,212,0.2995627489855118,0.0016609169145873435,-0.16625337348257352
20261065,0.02,3.0210348422392372,0.04567408013701141,212,0.5001850008457891,0.04588776084246637,0.23085788186780368
20261065,0.03,4.32979960290116,0.06531112081881227,212,0.5837403400613908,0.06563989034208655,0.4289953380683392
20261065,0.05,6.827627037577112,0.10430305637898567,212,1.0679579490618,0.10794263309310265,0.8243251736698581
20261065,0.075,9.808814328213625,0.15013229110481519,212,1.434924876466583,0.1563945781447616,1.3164951756773542
20261065,0.1,13.05545085735052,0.198077619356357,212,1.9152698184683181,0.20394001487616653,1.8061466614260413
20261066,0.0,-0.4631431012444493,-0.0064816725586126205,212,-0.045842793237404096,0.008080807342837793,0.26891497100145206
20261066,0.02,2.0612250820664935,0.03205760076883733,212,0.15442521907214718,0.049009443503873734,0.6046299436476137
20261066,0.03,3.40950880575217,0.054145111037400766,212,0.5081537599032745,0.06910558876206299,0.7724905714186073
20261066,0.05,5.401512180958094,0.08594207257947765,212,0.7468446869526228,0.10798199166070466,1.1081528118454116
20261066,0.075,8.659899380354737,0.13502776145576514,212,1.3333385365540202,0.15631924384346552,1.527485378830859
20261066,0.1,11.621135022616283,0.17892268443486065,212,1.8531994020794953,0.2030570215522188,1.9463555906350152
20261067,0.0,-0.9282204238027711,-0.01345338782844283,212,-0.04494647700534224,0.02138530730262744,0.25356127069879303
20261067,0.02,2.34629102500352,0.035210106465400653,212,0.6694699150428711,0.0574146433026754,0.5660588513455154
20261067,0.03,3.7053993957678246,0.05533667779706988,212,0.9208133543902103,0.07492043670031866,0.7223856847051748
20261067,0.05,6.243666580099201,0.09256200170238363,212,1.2127527918899952,0.11066594776853957,1.0351449596946238
20261067,0.075,9.236211264234688,0.1368079427363795,212,1.6210867029134126,0.155596059194492,1.4261876419882205
20261067,0.1,12.00213686735867,0.17620363867042452,212,2.041620691053837,0.19966867451457576,1.8171863502927257
20261068,0.0,0.9798949784159219,0.014320307692697147,212,0.17490254222729473,-0.008281030344975222,-0.05716756029012315
20261068,0.02,2.2151327000488137,0.03254482714263414,212,0.1632907491178764,0.03044231432739108,0.29040286166421553
20261068,0.03,3.1982872044914354,0.04719541440558765,212,0.42699618166935904,0.05107263487775186,0.46436115909405634
20261068,0.05,5.672818061278664,0.08498554197910724,212,0.7883272761671667,0.08930810847535804,0.8125735362961117
20261068,0.075,8.513401571382504,0.12830798036975838,212,1.1336618872496738,0.13532444639184615,1.2482889758787024
20261068,0.1,11.235882987369186,0.1701474902534379,212,1.6110160938764062,0.18199804633256234,1.6843555509674204
20261069,0.0,0.39644322353922334,0.006111964264465174,212,0.1610061272700733,-0.023447163009228462,0.011438116844118388
20261069,0.02,0.1068058504646861,0.0015477054280618307,212,0.3232765808845235,0.013718093548998184,0.34148844094924685
20261069,0.03,1.4245294969500413,0.021354750477808604,212,0.4938512947330409,0.03297766150496256,0.5063856049305491
20261069,0.05,4.026599373559354,0.06042375127104184,212,0.7171824452390066,0.06998862563446832,0.8358720298766753
20261069,0.075,7.185638606205495,0.10464511336027445,212,1.0515621782699256,0.11544000522136463,1.247046403994355
20261069,0.1,10.111952577968673,0.14564970605361477,212,1.4615036950544085,0.15764706704091383,1.6573120501083702
20261070,0.0,2.0071039610909405,0.030961789481475103,212,0.36132999258667187,0.000736746966564274,-0.13924283585777134
20261070,0.02,2.9569488482517685,0.044758514444579796,212,0.2335141788082678,0.036631548384020225,0.2704718882134281
20261070,0.03,4.019619839254527,0.0600878390259439,212,0.5506439118259703,0.054801271505746055,0.47483455497473703
20261070,0.05,6.382117610758703,0.09446328549209203,212,0.8092040352612541,0.09160387498824211,0.8824677969855907
20261070,0.075,9.186543551949153,0.13468083989165863,212,1.4136938635964473,0.13538979637756415,1.389754118620582
20261070,0.1,12.216859435501343,0.17617214689744656,212,1.8986381950947875,0.17991859760321205,1.8942480563105564
20261071,0.0,0.5065873105504028,0.007985852771989497,212,0.34525053272803985,-0.03181173953721187,-0.3750658107123337
20261071,0.02,-0.6906399354221866,-0.010655228585549905,212,-0.1349989322264667,0.006986184659633839,-0.06046660820548199
20261071,0.03,0.9176458198508592,0.015105041710399298,212,0.0852246864095806,0.026722911614023688,0.0968954435379867
20261071,0.05,3.565876927003576,0.0597839306151731,212,0.4569662489966713,0.065648604921943,0.4116859766644524
20261071,0.075,6.296127285513649,0.10623199148155273,212,0.9685153394264541,0.11235605538680078,0.8051779084893961
20261071,0.1,8.72639568965798,0.1466850941017673,212,1.4209844131670089,0.1578064996954806,1.1985031726643287
20261072,0.0,0.5255450105702636,0.00858880501071334,212,-0.02658432347922786,0.02097234325432829,0.1880076059779233
20261072,0.02,3.7645210084342517,0.05854730245677133,212,0.3504236093777947,0.06276355677799543,0.5685031578512064
20261072,0.03,5.057095146244832,0.07735838818225664,212,0.5338614153745262,0.08340632548361163,0.7585803520817237
20261072,0.05,7.855255205988552,0.11633470587127841,212,1.0167029761068882,0.12404805870248208,1.138306980095684
20261072,0.075,10.918174354199717,0.15946051270382341,212,1.5653415138728664,0.1742380554778713,1.6119860112089415
20261072,0.1,14.147598969006781,0.2031882476523938,212,2.088057809121687,0.22416051297671502,2.084328954395834
20261073,0.0,-2.1741306350697553,-0.032028925333280195,212,-0.25912037650821906,0.0075251446485915235,0.1564824372967539
20261073,0.02,2.4552496283959946,0.03737868627940954,212,0.2894023677138762,0.051504509770399366,0.5345616135860483
20261073,0.03,4.332436861752593,0.0672159890379653,212,0.6099251110084098,0.0732804087886732,0.7235238905644464
20261073,0.05,7.139057195583462,0.11283451051858473,212,1.1301877376672869,0.11688365706011539,1.1012110829198123
20261073,0.075,10.28796406621094,0.1605217598501123,212,1.5881958641955982,0.17005156154967835,1.5727050809627714
20261073,0.1,13.550535568920068,0.2068438536245802,212,1.9552501861831102,0.22244380222773505,2.0432769241698687
20261074,0.0,0.13083476303219774,0.00203774813927942,212,0.1294381861881825,0.0005312975241348935,-0.03851698421253445
20261074,0.02,2.4699695072905423,0.03882628371369599,212,0.37635896126561363,0.04351515379259745,0.32179906286731147
20261074,0.03,3.987165485598914,0.061584850380431475,212,0.4338133078119551,0.06552432267363302,0.5020744982986887
20261074,0.05,6.2868466539207715,0.09614182259488328,212,0.9403547610764011,0.1069977072820491,0.8627910670503722
20261074,0.075,9.552463142102011,0.14326350016618117,212,1.429827954126491,0.15810752554717217,1.3138543494420556
20261074,0.1,12.827112518476621,0.18979323481776372,212,1.8023675467041753,0.20904927612516064,1.7649009373841984
20261075,0.0,0.12536024771728227,0.001888738286652127,212,-0.17772316128845703,-0.007280856824531,-0.06940016263335981
20261075,0.02,2.3872673303538923,0.036414218728126016,212,0.24094795943614752,0.037614288796223805,0.31289216968440975
20261075,0.03,3.642464691063049,0.05477776283438022,212,0.45336705693221846,0.0593780587273907,0.5043903125721205
20261075,0.05,6.329175320378642,0.09388158379936141,212,0.6622291849604673,0.10385664527556175,0.888006234858588
20261075,0.075,9.847406949059737,0.14286306819107963,212,1.378486534557308,0.15612479860763032,1.3685118385345496
20261075,0.1,12.819863266384647,0.18434925458337517,212,1.618372541200544,0.2065254697370544,1.849860696617273
20261076,0.0,-0.6016628566914296,-0.009271894850592408,212,-0.45550050797577096,0.01672059090526669,0.1746636725165392
20261076,0.02,2.848006826638257,0.045317941468618686,212,0.24657780546146946,0.057661434578503076,0.5151340443313167
20261076,0.03,3.9800264895560935,0.06401176514512927,212,0.3013369338543044,0.07747072264915711,0.6851252772436248
20261076,0.05,6.445597177241953,0.10420934915207573,212,0.7074712424410371,0.11731572713650203,1.0245549443023574
20261076,0.075,9.037594504953034,0.14675985505875555,212,1.1215428921068888,0.16476377280349894,1.4476732674798147
20261076,0.1,11.52094774632711,0.1861399331216489,212,1.75467629987208,0.2113721606303883,1.869308579632096
20261077,0.0,1.3777958021072294,0.020778169398570353,212,0.1258724995299792,0.012456546252279127,0.15464137523417
20261077,0.02,2.9282945291707945,0.046610640344761645,212,0.4498886821527216,0.05446360140141855,0.523172807087544
20261077,0.03,4.335278463730534,0.06817123948496259,212,0.5914192781839216,0.07485527769618898,0.7071921297577346
20261077,0.05,7.663763101548596,0.1156923249086635,212,0.9682463438824226,0.11711593828481495,1.0746334384575145
20261077,0.075,10.950695883709196,0.16102076363494153,212,1.6017364677363046,0.16767786387924677,1.532601914592527
20261077,0.1,13.965962049257351,0.20225757615015977,212,1.917584053404395,0.21738897308175084,1.9887920726931396
20261078,0.0,1.4271447891600264,0.021441800907178503,212,-0.12913145449716432,-0.006896841634747137,-0.25704601315073355
20261078,0.02,2.310341195874747,0.03468114709164124,212,0.16437729962259695,0.03256060394680836,0.11316746552238416
20261078,0.03,3.695791842221037,0.05378103541809491,212,0.31076563203314234,0.052617627804425866,0.2982548240020154
20261078,0.05,5.893538637055494,0.08555264992338467,212,0.7134049736562027,0.09006188511067782,0.6682846812946078
20261078,0.075,8.719997540872242,0.12803223533319552,212,1.1613076760652272,0.1393061776417726,1.1303321534721404
20261078,0.1,11.195963131565707,0.16762072236522732,212,1.6438840519473867,0.18568327921738823,1.5915283225589323
20261079,0.0,-1.0076114486174812,-0.014930684820984889,212,-0.04090561572463474,0.00910012990304971,0.0023824092691093705
20261079,0.02,2.6432124764405716,0.0396988362527919,212,0.6461614014048851,0.047709525638345934,0.383748179872121
20261079,0.03,4.191130220388708,0.06289675155717075,212,0.7739260059144101,0.06723644757667623,0.5743028652020067
20261079,0.05,6.931601565875102,0.10424391329314908,212,0.9543058421733559,0.10542683330842699,0.9550708605916327
20261079,0.075,10.034997287339126,0.1480819974624795,212,1.25244433852027,0.15307909270409273,1.4302166190540957
20261079,0.1,13.048887554646038,0.19365187311492169,212,1.5742791632769293,0.19952648224430622,1.9042134856072266
20261080,0.0,0.26433471752711785,0.003977180499505784,212,0.31013765788233794,0.015824413231473943,0.17227771616749601
20261080,0.02,3.552279778155092,0.054694552865129586,212,0.6805494205527232,0.05438527432274402,0.5000358512482883
20261080,0.03,5.034842353651735,0.07703246113346879,212,0.963759164262194,0.07384916675897951,0.6641013435098095
20261080,0.05,7.569792172186474,0.11435263613144954,212,1.2228598292524602,0.11022117944204328,0.9925309069088306
20261080,0.075,10.805483773903251,0.1613032921259353,212,1.6981072932038495,0.15575667723776368,1.403473366596158
20261080,0.1,13.689886299985632,0.20202267372835,212,2.0188436828186807,0.20065297102718074,1.8146468057525256
20261081,0.0,-0.24371377702932528,-0.0038082002542583373,212,-0.10639326990481927,-0.017528825553095956,0.11018233135301017
20261081,0.02,0.5971566238328292,0.008300258440419593,212,0.4175142740752075,0.025877945917168944,0.45350756107794093
20261081,0.03,2.8889205549300527,0.04017044475543703,212,0.5505332655892547,0.04713526005365389,0.6252666036913174
20261081,0.05,6.184324891356447,0.0874884978541664,212,0.8691705781029124,0.08936823184880675,0.968926593746642
20261081,0.075,9.266388102110154,0.1329009146417189,212,1.456383600042155,0.1376999339092732,1.3986622036929346
20261081,0.1,12.249634461669197,0.17757801133177034,212,1.7656376243404726,0.18522359475287137,1.828426791406946
20261082,0.0,0.3337602420077993,0.005397894712957414,212,-0.138511047764375,0.02456039438320149,0.2586594880848075
20261082,0.02,3.741037295382152,0.057435617267582846,212,0.4507317876658962,0.06219204254764926,0.6381834473814411
20261082,0.03,5.215952631998733,0.07815413151896736,212,0.6401395904558357,0.08022826019160995,0.8280052093201855
20261082,0.05,7.691492836427284,0.11334938820524021,212,0.9120989303991512,0.11784825936685428,1.2076902970802244
20261082,0.075,10.676859999091414,0.1527292102374589,212,1.4863309199175452,0.16370783976420075,1.682213484592943
20261082,0.1,13.372302696639718,0.18759469941482465,212,1.8248494142856622,0.2055642024041751,2.1564164647150403
20261083,0.0,-0.7423385420695212,-0.011380563486740833,212,-0.11108008188963316,-0.01241542305232385,-0.10946281986777624
20261083,0.02,0.9237219771058567,0.013030169123300362,212,0.01913431420784347,0.0288174592080756,0.2787014956323895
20261083,0.03,2.7221775876942242,0.03802926022361221,212,0.47699409563095724,0.04880437230365889,0.47326766096986034
20261083,0.05,5.718591551310377,0.07826448073972742,212,1.0167578760859481,0.08758290902385459,0.8632782750149088
20261083,0.075,9.057447028856934,0.12348077803052303,212,1.4734589337845885,0.13561159398465744,1.35224995076235
20261083,0.1,12.27968973033539,0.16588381026862326,212,2.0117167815759864,0.17936003186375,1.842571176521296
20261084,0.0,-2.9740936838497034,-0.04543187511882339,212,-0.38624750008715614,0.008345607138414994,-0.14669326295703805
20261084,0.02,1.8993242888652404,0.028827773808539566,212,0.21461983166796036,0.04487736245545753,0.2133123184442343
20261084,0.03,3.664987511541053,0.05576783345312549,212,0.4576325006267482,0.06494462468419532,0.39373680002964706
20261084,0.05,6.2545230355003785,0.09416833815493282,212,0.9534330059798757,0.10080610092974607,0.7553573723725671
20261084,0.075,9.3496117763642,0.14028893578847687,212,1.7359528919529714,0.14615400790291183,1.2086793314920976
20261084,0.1,12.086963343885952,0.17947468656933566,212,1.9563207737996917,0.18969713905114868,1.6632252576436928
20261085,0.0,1.6574899361244626,0.025164742946789265,212,-0.05176352167484037,-0.009396600560706894,-0.3738921293073783
20261085,0.02,2.177317849941327,0.031007362941557,212,0.1994521021337844,0.030124102033191345,-0.01783801415516029
20261085,0.03,3.380840686922409,0.047983476822059834,212,0.26755362550597306,0.0501608513642654,0.1600613408959262
20261085,0.05,6.005853464289471,0.08360581518002937,212,0.7092766681046745,0.09004844105088769,0.5155336746108922
20261085,0.075,9.083379553972849,0.1256140256114347,212,1.3307245451844067,0.13823539472259216,0.9591167573705509
20261085,0.1,12.002999644330169,0.164497660196245,212,1.9063645809424097,0.1847425365302266,1.401654599889762
20261086,0.0,-1.435288093261185,-0.02090516061318055,212,-0.17875542844830908,-0.0023759153464110163,-0.008905607972081696
20261086,0.02,2.5379485783808846,0.034289164128802084,212,0.3216787891814467,0.03883073344399391,0.38083797127170504
20261086,0.03,4.1867574800888425,0.05645911627459231,212,0.6184040876261103,0.05911945482688889,0.5759103103119653
20261086,0.05,7.077694443271645,0.09288383226037764,212,0.9186607080086917,0.09955068556646812,0.9663259917724646
20261086,0.075,10.622504939520603,0.14008513537148146,212,1.2593783541304597,0.15115519383152123,1.4545838335150663
20261086,0.1,13.79189839476485,0.17982468050153755,212,1.7795576690882828,0.19914491723330094,1.942723371960047
20261087,0.0,0.528785713378296,0.00812922994977521,212,0.2359236842011887,-8.636924664991138e-05,-0.3629423315140514
20261087,0.02,2.0826043614713887,0.0312554566652612,212,-0.0033322711005386533,0.04010212497996451,0.05864773035501894
20261087,0.03,3.315882660222813,0.049749320384895636,212,0.17698653214563248,0.05874497987098196,0.2698847886348404
20261087,0.05,5.6829297212103995,0.08328653618052541,212,0.5006712472609365,0.0958338002784523,0.6931448506915824
20261087,0.075,8.644622888589312,0.12577636914052434,212,1.029514854599826,0.1418777812737375,1.2234883092323563
20261087,0.1,11.188341083825,0.16188179479367965,212,1.3359266484542294,0.18462518690835902,1.754946925030898
20261088,0.0,1.1706891347182489,0.01620264521248384,212,0.18712489253611483,0.02499279926799637,0.19468316090947504
20261088,0.02,4.41482142448076,0.05853117252427044,212,0.5921214753675895,0.0634780427854068,0.5631603759231731
20261088,0.03,5.666145583963926,0.0756866548098386,212,0.777817457063491,0.08170319405712308,0.747320954824106
20261088,0.05,7.6444449782653425,0.10374582224709568,212,0.9348985495452795,0.11896920423598606,1.115412312639566
20261088,0.075,10.747402191351583,0.14492490438608158,212,1.2695511462244164,0.16514392036423464,1.574944170799011
20261088,0.1,13.123608254893664,0.1783732604371757,212,1.6633826971941115,0.2087233855303352,2.033616084332984
20261089,0.0,0.4878811550023217,0.00792645365547828,212,0.11836211059084126,0.009315575504903608,-0.026452858592786774
20261089,0.02,4.002849453961772,0.05779047578260248,212,0.4052895503795901,0.05335741313275862,0.28846902189955836
20261089,0.03,5.69257467219472,0.08170527697590989,212,0.45542949485076156,0.07430284950635367,0.44606904873151865
20261089,0.05,8.526726244748104,0.12272343929500494,212,0.9229903887906032,0.11701421453017187,0.761485808281895
20261089,0.075,11.953549919230438,0.17159252622056617,212,1.4681838001007315,0.16982853243097523,1.1560356042468962
20261089,0.1,14.791092124471042,0.21353060675356134,212,1.8126451456366068,0.22043352718252138,1.5507141824351742
20261090,0.0,-1.9558408720039024,-0.03059720180082002,212,0.01825252915437739,0.0016784644398036652,-0.2718919447235084
20261090,0.02,0.24909588513798536,0.0036484371132971187,212,-0.29280277609643723,0.04043701516782799,0.07196818456904398
20261090,0.03,2.6735391116971403,0.03815829968361934,212,0.08798303906760949,0.057981613288204406,0.2439254716650448
20261090,0.05,6.0717596499932505,0.0860757205916279,212,0.6738091926522982,0.09665759501655655,0.5878405114744338
20261090,0.075,9.409637162013887,0.1331106037642305,212,1.1673389938996865,0.14559193935196896,1.017623838830543
20261090,0.1,12.441401912813708,0.1756470279838064,212,1.5501691461501512,0.19153877310834858,1.4471271386639495
20261091,0.0,0.15374729281884256,0.0022361719121078583,212,0.2726788460059149,-0.02430443822336691,-0.1854514846918603
20261091,0.02,0.4912801839532157,0.0069645464109409265,212,0.12983699462534778,0.015577694931319788,0.14681124690569872
20261091,0.03,2.0554457928506507,0.029572311010326795,212,0.2054363845969372,0.0362315469634814,0.31267884629017917
20261091,0.05,4.781707795305232,0.06940172290717354,212,0.567144119852657,0.07730718809606811,0.643824302886743
20261091,0.075,8.041313977639664,0.11733501771700837,212,1.0331328197863314,0.12831346856287704,1.0565237565510155
20261091,0.1,10.863919186583933,0.16094574664727862,212,1.287692580038909,0.1774444400232046,1.4676777051066705
20261092,0.0,0.5929681405778213,0.008800542378621882,212,0.058686412242094026,0.011727527923556073,-0.015076112641936406
20261092,0.02,3.5313307608562052,0.05473372555834603,212,0.2434228970623656,0.05199175785154496,0.31461857389748105
20261092,0.03,4.692294528106076,0.0722733669908038,212,0.5399368372650807,0.07244352742895933,0.47948142109549946
20261092,0.05,7.342365324022763,0.11422117265231227,212,0.780753802314839,0.11301179439800525,0.8091802590210632
20261092,0.075,10.391087019876183,0.16120997030348372,212,1.228302209776866,0.1632193307546522,1.2211341404377338
20261092,0.1,12.85734935977933,0.20035193983898286,212,1.651843902873546,0.21043885386539068,1.6327310723084076
20261093,0.0,0.5283013256408906,0.007626641735501366,212,0.12799868457446487,-0.01848532107705903,-0.16232585087384127
20261093,0.02,0.8375520022739956,0.011587436271831645,212,0.1672287509970768,0.025619141425199294,0.21829788460453659
20261093,0.03,2.590389878902575,0.03624907894299784,212,0.042078273391276066,0.04669831421071778,0.40867425465359036
20261093,0.05,6.012186227507348,0.08492947126136606,212,0.44267232773989335,0.08901886967758406,0.7894775719479158
20261093,0.075,9.476714937420008,0.13516396977466158,212,1.0839389703317188,0.1385338913276685,1.2654145918156863
20261093,0.1,12.218623147605385,0.17578579660944896,212,1.4076823784470909,0.1872030560496997,1.7410480657362817
20261094,0.0,1.2146138594477816,0.019400980399803668,212,0.3392598641534473,-0.004622114380794396,0.004760178228250524
20261094,0.02,2.2472480268351194,0.032999793651429146,212,0.5621531592503044,0.03697909067476857,0.3683496251554908
20261094,0.03,3.7107780599192446,0.05293280579308765,212,0.6810070126252966,0.0577722578380091,0.5501120124565154
20261094,0.05,6.291834560816837,0.08942306563157502,212,0.9566732338266033,0.09767224052209716,0.91348339216703
20261094,0.075,9.378979566729774,0.1334508685307969,212,1.3513172566898681,0.14691198882574627,1.3672275052449387
20261094,0.1,11.762227045549158,0.17206720709130668,212,1.6201936103953283,0.19353097254010798,1.8201924433893508
20261095,0.0,1.3427415415409196,0.019471388835323438,212,0.41337062750217923,0.015112068959063972,-0.14389747114239143
20261095,0.02,3.25583601767156,0.0464977308172554,212,0.4464632492500177,0.05109525551947507,0.2039423316062544
20261095,0.03,4.559976321332823,0.06620210756648062,212,0.5818231938655737,0.06851364165583113,0.3777435740730278
20261095,0.05,6.902724775915724,0.1017995884425773,212,0.9464950114376244,0.10309872796519592,0.725053723032803
20261095,0.075,10.15734330003306,0.1465785853411265,212,1.1791770245249016,0.1461883913237054,1.1585304988367202
20261095,0.1,13.211331343722357,0.18883568009469487,212,1.6680295896720778,0.18857947314862333,1.591114687415346
20261096,0.0,1.2874559335117837,0.01771015382463075,212,-0.022892625982774535,0.035703456469091364,0.28551651359694746
20261096,0.02,4.305149890453359,0.061927931484418705,212,0.5771716863521856,0.07051075369548555,0.673461319546486
20261096,0.03,5.533834532488751,0.08045431109972956,212,0.8413473878640445,0.08811733018788384,0.8676154513786083
20261096,0.05,7.764313172040197,0.11435072417366864,212,1.35779585889089,0.12144103465305262,1.2561980569341673
20261096,0.075,10.209871416638086,0.15205303322579447,212,1.6934744371508967,0.16460065794261244,1.7422557977335764
20261096,0.1,12.374290900737952,0.18513578081579968,212,2.1320555270493653,0.2046821297143217,2.2284169570024366
20261097,0.0,-3.3137971991103297,-0.0510051508438937,212,-0.5621292810698836,-0.007013687297304035,0.09050772335443162
20261097,0.02,0.4187853110407117,0.006212840350264408,212,-0.030877610270624415,0.031503493315106296,0.5001457953882581
20261097,0.03,2.5199596012959122,0.037464200524731726,212,0.14983691344141076,0.05246566675295682,0.7046595071744026
20261097,0.05,5.549086531720879,0.08192341511068385,212,0.7568763985038257,0.0942110595549693,1.1129528852840396
20261097,0.075,8.546736784274112,0.12796361911239806,212,1.3467957034763978,0.14189875038159122,1.621692038382727
20261097,0.1,11.320013635593009,0.16716426780516472,212,1.8283126773618985,0.1884591141335972,2.1282732524688597
20261098,0.0,-1.3900893511972283,-0.02030169631310748,212,-0.16980652245579014,0.008740184727013132,0.0028412702188712322
20261098,0.02,2.8560754797296743,0.04317035616992843,212,0.3583443815830684,0.04894330058671286,0.33050511557555534
20261098,0.03,4.106241504337292,0.06399205078318372,212,0.4374850892631612,0.06804500104597962,0.4942233596673537
20261098,0.05,6.079927300075028,0.0970215439928685,212,0.7018919702770127,0.10614735096396852,0.8213798172941026
20261098,0.075,8.879036060915848,0.14250334509324228,212,0.9483292887249155,0.15411342658911925,1.2296923582043788
20261098,0.1,11.576590144150495,0.1839224514487881,212,1.4922957100340097,0.19947600596860904,1.6371500364340066
20261099,0.0,1.3710618425533514,0.0195889069149728,212,0.2747368233347599,-0.00595749322261977,0.05613802003090163
20261099,0.02,2.9356243937898685,0.03872346317857841,212,0.437948690264277,0.03563517280362678,0.3837476987430869
20261099,0.03,4.018942649157904,0.055463526241043414,212,0.3128623722537402,0.05639905225934713,0.5475772014165308
20261099,0.05,6.434924089278633,0.09225489380107205,212,0.8511137183230552,0.09629227117431771,0.8752456078020348
20261099,0.075,9.347165367893167,0.13420743917429118,212,1.497408711384514,0.14394601579491806,1.284766357069284
20261099,0.1,12.61023308739474,0.18064863320507513,212,2.0004625287381828,0.1928945327117461,1.6940987018073763
20261100,0.0,0.7203621672215469,0.0105031463648272,212,0.47291009433846426,0.004973251053084079,0.06295749906843019
20261100,0.02,2.40517776934243,0.03557981475954809,212,0.23763869504805446,0.04345856744541362,0.39899014534120175
20261100,0.03,3.4066024729322892,0.04965177269786642,212,0.3773685057986067,0.06237369826036551,0.5671592066534186
20261100,0.05,5.643942063075806,0.08224780597542401,212,0.9014089402119722,0.09921962429019196,0.9037352469183491
20261100,0.075,8.375512357073815,0.12391961460681718,212,1.1655827891682708,0.14367168763189295,1.3247612488217733
20261100,0.1,10.771017168837691,0.16122533214396076,212,1.3673579866219647,0.18721994901045022,1.745928117664041
20261101,0.0,1.401273569448037,0.021915969716569818,212,0.09875347435267269,-0.002251336862970644,-0.23082600418739152
20261101,0.02,2.9050895836547133,0.045904763774841637,212,0.5685535304042312,0.039806716321689084,0.14628620260848946
20261101,0.03,3.7954412460142923,0.05873497294126585,212,0.6192788419735772,0.060869213655968056,0.3348678960600336
20261101,0.05,6.357012379635246,0.09413505416723258,212,0.8489485181282967,0.10076299709924175,0.7119823221771623
20261101,0.075,9.564388295310614,0.1371092908404041,212,1.399405915243385,0.1496511112942654,1.1830771613093418
20261101,0.1,13.151876516414417,0.18249405631509794,212,1.886190886606877,0.19970022341526433,1.6535496497621283
20261102,0.0,1.5616422488740411,0.024512120757189663,212,0.30609109062087086,0.012113520724733099,-0.10258812462530045
20261102,0.02,3.6257323418098304,0.053619480062411365,212,0.4645102376167213,0.051160097013674286,0.2968298382688336
20261102,0.03,4.905354215997155,0.07116475013258855,212,0.5063969369857616,0.06978458506950405,0.4964100579834277
20261102,0.05,7.794073655921976,0.11003225478489793,212,0.9890530568378616,0.10835483232910542,0.8951785717093673
20261102,0.075,10.574660929503304,0.14809172662811496,212,1.5603750760159283,0.154223707293454,1.3926290500317668
20261102,0.1,13.180321972723128,0.18500366898769713,212,1.8880330107637162,0.19662141500343824,1.888571705510842
20261103,0.0,1.207425040438673,0.02214639732372543,212,0.14872281714529414,-0.004480127557309488,-0.03563391982357778
20261103,0.02,1.8928715721434166,0.03126953835236516,212,0.5307669584555903,0.03448891362549668,0.29719930604848543
20261103,0.03,3.24683397129788,0.05058474847617202,212,0.6921529798147145,0.05357504484495216,0.4634647041078467
20261103,0.05,5.921386613253158,0.08872743028863972,212,0.8265440158742792,0.09311964752171768,0.7956346512502208
20261103,0.075,8.804939729472673,0.12798128522894667,212,1.2045606978286607,0.14048872897086373,1.2100509511875934
20261103,0.1,11.993357963264032,0.16959548695855087,212,1.5498756097595787,0.18802488396059908,1.6234152678695446
20261104,0.0,2.653798029826877,0.04156478780940308,212,0.4347032097577016,0.007929069430962794,-0.1609645923466088
20261104,0.02,3.7008043563896553,0.054723740362035964,212,0.17889475644397393,0.04703403209548285,0.195582991859457
20261104,0.03,5.057355038763966,0.07363877454141592,212,0.4207260680415086,0.06674689782170053,0.37363225264018085
20261104,0.05,7.052093533527036,0.10237744967518866,212,0.7046606043578779,0.10398998698583337,0.7292080603718896
20261104,0.075,9.844678096270366,0.1405252521011487,212,1.0825169496853249,0.15297060068112994,1.1725474707930394
20261104,0.1,12.388708384788675,0.1773465596019163,212,1.4993626746256419,0.19860330632122852,1.6144212634726574
20261105,0.0,1.2801129425217108,0.019053290743673325,212,0.24611790465871713,-0.006697789874015822,-0.26519255589337076
20261105,0.02,1.8011556327590588,0.025392610247198695,212,0.34917678970010185,0.028308217199783256,0.11440048215493762
20261105,0.03,2.7093364118930636,0.03834366589204231,212,0.4062199004548527,0.04481161750056761,0.30433323183589917
20261105,0.05,4.721087199397264,0.06667192385440346,212,0.7427773296786984,0.07965222998846168,0.6843822169175798
20261105,0.075,7.202017803787867,0.10208506264477565,212,1.1985601637712886,0.12096780652786915,1.1596032695105876
20261105,0.1,9.737259871840196,0.13489692978103568,212,1.755275888968885,0.16140159287695777,1.6347408248807973
20261106,0.0,2.7383700236311,0.03942872389107059,212,0.20001492891082714,0.025119403738810272,0.19293697040064864
20261106,0.02,4.572313354559506,0.0684887175214881,212,0.6881586987101456,0.06330838947511215,0.5376616911899785
20261106,0.03,5.527753786599226,0.08407125644004876,212,0.8126682232803253,0.0818113615434087,0.7099815902653416
20261106,0.05,7.870609481872488,0.1168009377297566,212,1.0954313066707078,0.12005039199677614,1.0544636829045744
20261106,0.075,10.55016829347718,0.15597849552902757,212,1.465209433235419,0.16711336428416396,1.4846209150812344
20261106,0.1,12.787884472568258,0.18944964165242728,212,1.8046867844543901,0.21290141159651815,1.9140726022400048
20261107,0.0,0.7373769326716421,0.009799830101653365,212,0.1303140607346164,-0.016946436297116216,0.2191521029293296
20261107,0.02,1.4337337385638953,0.02013194797583618,212,0.49510573289104487,0.021328246555371747,0.5658470537360292
20261107,0.03,2.6048660034462507,0.03648744350106657,212,0.5594966508720439,0.040201105946117616,0.7391511424918973
20261107,0.05,5.044782409785261,0.07108333237806022,212,0.9659716024892879,0.07795360692434816,1.0856167308190865
20261107,0.075,8.291127606105645,0.1155033742707959,212,1.5146341140763453,0.12472167018902025,1.5183165439753383
20261107,0.1,11.32744819201688,0.15836265317106424,212,2.0438315502701716,0.17031493839518874,1.950430017747112
20261108,0.0,-0.13245397867720535,-0.0019092207406215126,212,0.07973153701303615,0.014068790913257835,0.16943375195558874
20261108,0.02,2.64963160764933,0.041223242889463545,212,0.5368311934773398,0.051734223015388596,0.5222930423422201
20261108,0.03,4.234765400002674,0.06546217891683649,212,0.8122245443543125,0.06991993435516208,0.6984143427051933
20261108,0.05,6.970294142903069,0.10661270909470874,212,1.2081390206969198,0.10587273421445716,1.0499686539464197
20261108,0.075,10.042957982862527,0.15140732386440958,212,1.3932036614664012,0.15070093647519847,1.4879754388508177
20261108,0.1,12.588919714288808,0.18992406649249313,212,1.941434478689828,0.19594086138133235,1.9241842052403475
20261109,0.0,0.9647052650440353,0.015699032875511526,212,-0.03829268880674264,0.008597390171620246,-0.06708013493041753
20261109,0.02,2.5764520241733395,0.041793167171161744,212,0.3112569692768565,0.05221124226407042,0.26586323013527385
20261109,0.03,3.96948858938332,0.06324546533599955,212,0.2746721893861292,0.07343646466848959,0.4323766359734459
20261109,0.05,6.506054945975189,0.10128522281727108,212,0.7713815186425325,0.11427311692916375,0.7654302443146825
20261109,0.075,9.580203861556969,0.14825174579975084,212,1.0486745849654417,0.16349692411741903,1.181680556163927
20261109,0.1,12.159125062119427,0.18824168892958265,212,1.270752389253507,0.2109017382703688,1.5976914570463445
20261110,0.0,2.0783428972405074,0.03188068357267675,212,0.2589699152915676,-0.005473582790534903,-0.13490655328714346
20261110,0.02,3.6033643833963405,0.054746015030727666,212,0.4743300020437678,0.03406548190135993,0.22017169252999755
20261110,0.03,4.6741147575166,0.07084599194268996,212,0.746362082829559,0.054171139679034065,0.39759458097813144
20261110,0.05,7.038327604521588,0.10890034317241466,212,1.036597280999902,0.09574274424912607,0.7521301765494877
20261110,0.075,9.763206065782422,0.14885143117628624,212,1.4039273861100927,0.14323721161656897,1.1945588048439013
20261110,0.1,12.70096376250064,0.19222783050270004,212,1.9747821414104452,0.19128519235020117,1.6359409136480636
20261111,0.0,1.4032856501882016,0.024573056057748587,212,0.3138021916482301,0.021717993365970228,0.35656591080922606
20261111,0.02,3.3630138434737398,0.05803447301551281,212,0.6252236533779232,0.06077219387303945,0.692580652975843
20261111,0.03,4.442047779679156,0.07609871726313933,212,0.7784960064795461,0.08093204019747842,0.860319791954625
20261111,0.05,6.694302691726992,0.11283937510140246,212,1.1647021739784476,0.11994952851048095,1.1952055502938912
20261111,0.075,9.207780686113587,0.15489932623551544,212,1.362283221264705,0.1676820026625433,1.612587643442383
20261111,0.1,11.651892523610371,0.19403796737224463,212,1.8344796704762067,0.21247290207948355,2.028449550951772
20261112,0.0,0.0856212170984113,0.0011931029437168123,212,-0.10185207023378194,-0.008139029417619813,0.05965168529773416
20261112,0.02,0.8657341550910702,0.012916747534444885,212,0.21499853524505472,0.027865918151961478,0.3958167672210084
20261112,0.03,1.9213687241431807,0.02827423549001689,212,0.20606140679742493,0.04636452858399611,0.5639070657370181
20261112,0.05,4.5052299948353625,0.06509733520550678,212,0.7061994448107931,0.08254868380509353,0.9000331173703001
20261112,0.075,7.479364603902715,0.10733061910633573,212,1.1684372009088149,0.127847182703547,1.3199440208137976
20261112,0.1,10.26824900061294,0.1450856704774328,212,1.517799199191574,0.17142947762476704,1.7393771784850278
20261113,0.0,0.2368609335152052,0.0037866936775904814,212,0.21224396834314727,-0.006698332788775936,-0.07422754179047569
20261113,0.02,1.9813855784248195,0.028634982710552717,212,0.18292761730236665,0.03193220848043429,0.26650019380521334
20261113,0.03,3.247466567922974,0.04702566606831635,212,0.2611045166475511,0.049812457728877026,0.4368386343930168
20261113,0.05,5.426488350737972,0.08109848427706677,212,0.614569565256418,0.08784285662766074,0.7773917081444197
20261113,0.075,8.118891701285849,0.1220260117373473,212,1.0065565053990573,0.13221350388944,1.2027008058443038
20261113,0.1,10.380926158031214,0.1584197480115039,212,1.404620694907721,0.17621036131266313,1.6273738218561213
20261114,0.0,-1.181515123912964,-0.019012581866409167,212,-0.008214603992657025,-0.0017797557915630712,-0.1994010065481079
20261114,0.02,0.7117335141499095,0.011842186793075896,212,-0.09301103369022448,0.03525991425863623,0.09554622557814565
20261114,0.03,2.351217580063319,0.03890411703877966,212,0.27745389354855915,0.053244643394950386,0.2430104190910229
20261114,0.05,4.947113137304124,0.08171884660166459,212,0.5720559345899563,0.09068805764273827,0.537891690314205
20261114,0.075,7.82872109937789,0.1278020637567145,212,0.9350335359316845,0.1352534673150143,0.9063466939214889
20261114,0.1,10.498055712183183,0.16711787812027887,212,1.1877528886621145,0.17854229746791686,1.274556621690718
20261115,0.0,3.4840571153177438,0.04829890763462894,212,0.7179498727965732,-0.004961520369482571,-0.4640561721823084
20261115,0.02,3.1060167020647964,0.04342843508994271,212,0.40197518905674007,0.027286934126884287,-0.09454666532720903
20261115,0.03,3.5785801465341605,0.05036686637207267,212,0.4555657850351316,0.043725053554216374,0.09045908891858899
20261115,0.05,5.249020796164253,0.07448598004372471,212,0.8295248769407685,0.07481046691692796,0.460888909343751
20261115,0.075,7.780941815752569,0.11039428215880685,212,1.2167528127330518,0.11633308895347327,0.9245364320388838
20261115,0.1,10.119294493065963,0.1432926876630875,212,1.5228043533589344,0.1559965304151459,1.3886140353174352
20261116,0.0,1.0206672742362823,0.01593739743358028,212,0.05178734018149512,0.012086774515903304,-0.06250306869163764
20261116,0.02,2.2409693323964834,0.035586215526413535,212,0.2558074113425359,0.04807099973369494,0.2809129835284011
20261116,0.03,3.371133654942265,0.05467304628846173,212,0.5426608257833633,0.06642411436042911,0.4523710270825038
20261116,0.05,5.5603801710063365,0.08928455303660705,212,0.9425222132189539,0.10039003310058044,0.794717658992901
20261116,0.075,7.983400423152121,0.12761132090412458,212,1.3994932524237764,0.14458627525678225,1.2214416509075081
20261116,0.1,10.436543844330252,0.16551538212784891,212,1.7421513892919471,0.18658792750308917,1.6466247301051038
20261117,0.0,-0.7669138942011231,-0.010771210481151554,212,0.024767986604236392,-0.007459179401286118,-0.3694653446070891
20261117,0.02,1.408196429546398,0.022323826581235235,212,0.22476196210824895,0.03386282827894596,-0.016001921619647756
20261117,0.03,2.7544291652104267,0.044807672334106326,212,0.3720859346791262,0.05299972023660576,0.16067178835508797
20261117,0.05,5.58839391274336,0.09095540921915979,212,0.7444109812498252,0.09239545816783908,0.5138263642892712
20261117,0.075,8.562892360529506,0.13837382634233916,212,0.9898807975180165,0.14166515570942076,0.9547501549919978
20261117,0.1,11.329742307902787,0.18159820498461182,212,1.5062673384218404,0.18931788885372938,1.3948749310442519
20261118,0.0,-0.23074354331041452,-0.003471007855787296,212,-0.15963046283412968,0.008804197188447157,0.22385901371283426
20261118,0.02,3.0309592698360244,0.04471806159799025,212,0.18123874770836007,0.049516961610623134,0.5891418095182414
20261118,0.03,4.3690907868536755,0.06561451716823381,212,0.6686321532019153,0.0697204869807782,0.7717221559208319
20261118,0.05,7.127429647077194,0.10728094915545998,212,1.1156315484093366,0.11012841863538993,1.1366810039954194
20261118,0.075,9.998471093204405,0.15337235929209764,212,1.584252677618989,0.15925952253729717,1.5923372190730978
20261118,0.1,12.759125671169512,0.1933290184342292,212,2.1342272929384642,0.2064628198043518,2.0471603489238275
20261119,0.0,0.8808228805021904,0.013221168006564896,212,0.3960405554271252,0.019556867703712424,0.6074944661126535
20261119,0.02,4.031315721121452,0.05776077622434687,212,0.9073276897609681,0.0614989426216639,0.9228919977186097
20261119,0.03,5.486600525804339,0.07896933318694899,212,0.967855145231562,0.08404317493047932,1.080574522443639
20261119,0.05,8.207394845670652,0.11932796048822975,212,1.3979272909024922,0.12505008757066546,1.3958503544149627
20261119,0.075,11.289669665877,0.16480873746590505,212,1.774360812462579,0.1755544758758715,1.7896609929288505
20261119,0.1,14.403319717437395,0.20929662748741437,212,2.2209353493222634,0.2250290688882022,2.1829910993194224
20261120,0.0,0.3628214332417207,0.005813688528535971,212,0.20101839413909192,-0.009037637930569269,-0.14314859642131983
20261120,0.02,1.6698744609201246,0.024141388340343746,212,-0.3375345352716606,0.027410462136892105,0.1881495501813177
20261120,0.03,2.9792489026526146,0.04465507805203439,212,0.01580511333116865,0.04571606769281365,0.35387707592412837
20261120,0.05,5.143723183943737,0.07795314743939274,212,0.4368691310954593,0.08119049606379794,0.6854305286429355
20261120,0.075,7.822542131462231,0.11873140901637134,212,0.8284619922086359,0.12604290122978629,1.0999358877874543
20261120,0.1,10.349619311589118,0.15872621672902085,212,1.3147973740702412,0.16891888166450825,1.5143405935395025
20261121,0.0,0.5461786226351815,0.008874023182237055,212,-0.02602561823230654,-0.013611883323466252,-0.45864248257562046
20261121,0.02,1.6278485502281184,0.0252553778056038,212,0.15696871751578514,0.024657221572472358,-0.08615928710548622
20261121,0.03,2.8683239607987656,0.04424978149411513,212,0.30791286223294256,0.043169150656412636,0.1003237021114207
20261121,0.05,5.284967423231244,0.08066118388482037,212,0.6266516920852138,0.08078920592402991,0.4737014244897028
20261121,0.075,8.36655865769126,0.12570645268497158,212,1.2154181987032286,0.12799692057750217,0.9410478524920098
20261121,0.1,11.157468050451909,0.1656789857289294,212,1.799943757087189,0.17261614746816084,1.4088774515000622
20261122,0.0,-0.668083997181684,-0.009851036236576832,212,0.0752294906049338,0.021421200858997427,0.18922238936064784
20261122,0.02,3.8728010721874986,0.05880410122341253,212,0.5477396281835226,0.07096124343707672,0.5553262939621718
20261122,0.03,5.552600427438091,0.08376837215197644,212,0.7924066366273386,0.09471220695265227,0.7381026997929909
20261122,0.05,8.649292642860527,0.12901027251023378,212,1.0714720702442773,0.14154278037075177,1.1030186664161765
20261122,0.075,11.841787148758502,0.17516492222350188,212,1.7278750814153478,0.19817242665389234,1.5577948937118202
20261122,0.1,15.45082386671837,0.22432204365800762,212,2.08127754681,0.25244581751048106,2.0108071170113218
20261123,0.0,0.7561081355559415,0.011920276148834187,212,-0.1029948419727997,0.028610575452921682,-0.3749027315214883
20261123,0.02,4.2547326396645415,0.05965898764595984,212,0.45752701900707504,0.06858281539555651,0.020552656549750407
20261123,0.03,5.829836948493595,0.07966855295932893,212,0.6240682285316992,0.08920913668479848,0.21849482270331264
20261123,0.05,8.93311954641563,0.11775362787000773,212,0.9454055966129332,0.1294461032076113,0.614722639912656
20261123,0.075,12.018105293045775,0.1614811067879035,212,1.4011082701412139,0.17756585046882958,1.1104740136102504
20261123,0.1,15.440705322565638,0.20370726942063447,212,1.9999750563806153,0.2258771260947396,1.6064915837071716
20261124,0.0,1.0574406115062853,0.015980922648265228,212,-0.079232575816096,-0.027307895582619555,-0.6054373973997704
20261124,0.02,-0.6077630021520433,-0.009408871261512684,212,-0.47697487537423705,0.00883532108648468,-0.22784590971354668
20261124,0.03,1.3455293011515839,0.01896111970081108,212,-0.18041937712812395,0.027239584843768882,-0.03882453374366173
20261124,0.05,4.378906591579997,0.06028831104416926,212,0.27110759748436086,0.06375979809628254,0.3395867809484835
20261124,0.075,7.4215283996461565,0.10328354223265943,212,0.7638677889477942,0.10960302345856152,0.8131201707707267
20261124,0.1,10.399262795913412,0.14323482473062402,212,1.2800133282128676,0.15218193030949695,1.2869860968205336
20261125,0.0,2.0043138304601236,0.029441991396946574,212,0.3340382329736431,0.0048983630483476715,-0.2071078970669743
20261125,0.02,3.460511650911824,0.04901220807267231,212,0.44993720347178484,0.04457627835559768,0.14581148981097322
20261125,0.03,4.707960430529841,0.06776440674299564,212,0.5087508847556339,0.06397864729438694,0.3224321334482692
20261125,0.05,6.95236515641196,0.0974736941642427,212,0.7877959539128153,0.10114258497656832,0.6759228923926391
20261125,0.075,9.894729783578265,0.137302081938391,212,1.2994249907431972,0.1483897649329685,1.118103890159013
20261125,0.1,13.234592933843315,0.17956634555084866,212,2.02265164361827,0.1948226205780182,1.560424403158825
20261126,0.0,0.70880183078973,0.009461613580483858,212,0.18348806361639639,-0.009526744197946939,-0.08708991621108025
20261126,0.02,2.254067382565962,0.03389052436842288,212,0.5498199563742899,0.03053582887378615,0.2652651584338007
20261126,0.03,3.5072547007827723,0.0548881120551403,212,0.6026935813282063,0.049590550785953695,0.44136512717788223
20261126,0.05,5.656713584779081,0.09114128748893201,212,0.9201621765051091,0.08964889472033025,0.7933317072377863
20261126,0.075,8.401825083091639,0.1358954494120433,212,1.3169398085715052,0.13798435044278934,1.2326918054346667
20261126,0.1,11.093228923807615,0.17831153921454904,212,1.7417750317618688,0.1849127704252443,1.6711617594527055
20261127,0.0,0.08443498064359693,0.0011746687351443608,212,0.24185776843295853,-0.010456820082215428,0.21347927740390346
20261127,0.02,1.1802631859045125,0.01660486940230768,212,0.15655315288947136,0.025929053941685386,0.539574005468239
20261127,0.03,2.696545496499804,0.03773559303982612,212,0.575190847801152,0.0437862025686272,0.7023818648521657
20261127,0.05,5.2429867120086815,0.07262054054846276,212,0.994592181378876,0.0791128947712338,1.0274618368203805
20261127,0.075,7.9373063118024625,0.11199754624326064,212,1.3861608587320904,0.1220427391482949,1.4326916557599543
20261127,0.1,10.489299432692512,0.1491667994308332,212,1.7273307705795797,0.16460430177542595,1.8365156900663553
20261128,0.0,0.6362484110031837,0.010002606395950294,212,-0.10194172500069955,0.007558368819482563,-0.11338034624406729
20261128,0.02,2.93863756980144,0.04315576242147523,212,0.2917424965539583,0.0494918556338055,0.20619344233767856
20261128,0.03,4.148651599726989,0.0609532227061505,212,0.24248647985683686,0.06906007943211835,0.36596180892040164
20261128,0.05,6.486506762438488,0.09429916982966231,212,0.7061041013857777,0.1086004474682558,0.6854099541059634
20261128,0.075,9.614581935840437,0.13982654439011796,212,0.9592232596150146,0.15679354749864335,1.0844479451011475
20261128,0.1,12.3275264975324,0.17927293439773712,212,1.4667921233763512,0.20234273455547414,1.4830339700600725
20261129,0.0,1.2863909634362407,0.02027353293889957,212,0.0632525060903758,-0.01904735420764005,-0.08959746504908751
20261129,0.02,0.6829398919338406,0.010106298819170323,212,0.338408856565723,0.01915615665646105,0.2519047080367313
20261129,0.03,2.1861215913530576,0.03255506836961883,212,0.3218716731997767,0.03849864255911927,0.4226661178067942
20261129,0.05,4.684364760338497,0.07040408299830042,212,0.8528529268076104,0.07533646293705061,0.7641433072908818
20261129,0.075,7.312527240032784,0.1093023113315639,212,1.1732369574439838,0.12324403237407815,1.1907676401323144
20261129,0.1,9.837183188360676,0.14902905492788907,212,1.5163560630700985,0.1680936539599662,1.6169524135173612
20261130,0.0,-1.0083832394026477,-0.013994892705258506,212,0.07069123130104618,0.017103424119832886,0.33097310678155045
20261130,0.02,3.201122276959554,0.048315292576363904,212,0.6029853951359913,0.057743494773970595,0.6919438811772164
20261130,0.03,4.767608817782682,0.07248049176944706,212,0.6356989255133498,0.07794722423593814,0.8721885878233262
20261130,0.05,7.508977351312989,0.11151441636025772,212,1.1577441925002145,0.11805295338972367,1.2321145007762635
20261130,0.075,10.738525236450716,0.15626140942447975,212,1.656047098143533,0.1654760159411346,1.6807977874572875
20261130,0.1,13.932430056096779,0.19891509569303037,212,1.9650144503412437,0.21228112808960847,2.12788726607157
20261131,0.0,0.9536746244630672,0.014173346085466788,212,0.10452110193379573,-0.0026007776486355588,0.09578924025804857
20261131,0.02,1.0764870671156568,0.017724491542409317,212,0.3579129101320099,0.03431087622868887,0.4063488148948277
20261131,0.03,2.405548882007348,0.03832011106997751,212,0.5151764741273428,0.05366020072793333,0.561888943560868
20261131,0.05,4.821498434967786,0.07426937809299844,212,0.9105115250764281,0.09119105009210905,0.8734480999007607
20261131,0.075,8.003776279030124,0.12014418627890984,212,1.1533176290329819,0.13749463994989858,1.26370775340797
20261131,0.1,10.624211283210979,0.1593348016425863,212,1.7059529191677103,0.18156048334150052,1.654743385435141
20261132,0.0,0.13100253178269,0.0018787530903420506,212,0.12008387758790953,-0.014108078780844746,-0.4129345573143723
20261132,0.02,-0.7671207730720616,-0.011114291585138792,212,-0.18308208535725715,0.02402223959860739,-0.060571492031064295
20261132,0.03,1.5942337104507884,0.023697175119882657,212,-0.03731905191744012,0.042918162588845725,0.1157074912864284
20261132,0.05,4.522493202293957,0.06755369349778556,212,0.5599065828969249,0.08169828447880684,0.46840416981498384
20261132,0.075,7.471989232484265,0.11114112363666563,212,0.7639154644382311,0.12725791217109508,0.9094188670895232
20261132,0.1,10.13109365767561,0.15053195498789287,212,1.5063710289810095,0.17154237738257644,1.3504287123316352
20261133,0.0,-0.886452907466196,-0.012170930179284561,212,-0.15454542284457926,0.005605233052583905,-0.01625989787756697
20261133,0.02,1.8836519876656068,0.02654756462039753,212,0.31663589770573136,0.04196531198167417,0.34368112454018823
20261133,0.03,3.480045690591424,0.05081287180725608,212,0.6890511438922156,0.060653443868340026,0.5234481176933656
20261133,0.05,6.092309390920425,0.09187993598520303,212,0.9020222464699202,0.09593805934407947,0.8825108612629431
20261133,0.075,9.20750832875442,0.13843040912142962,212,1.3356006318650868,0.14096396853657858,1.3303245506123202
20261133,0.1,11.98560725282025,0.1808042538626235,212,1.966403939626482,0.18398947955709882,1.7768274360390741
20261134,0.0,0.4201911757741479,0.0064053754175766465,212,0.20654433317863197,0.003590300538995186,0.28212938911862745
20261134,0.02,2.329209299476483,0.038081234450559526,212,0.3625694289064314,0.040450136419399055,0.6123151620584164
20261134,0.03,3.7812079624942982,0.061474757190346015,212,0.8283216530757467,0.059300469293820844,0.7775562237552966
20261134,0.05,6.239906715737405,0.10034021359725846,212,1.3044224088106304,0.0964145528131875,1.108295776496007
20261134,0.075,9.302976477041891,0.14619761252417635,212,1.7190857749667654,0.14349052388177214,1.5221221192481849
20261134,0.1,12.22778393083306,0.18834691753685037,212,2.1865178348389955,0.18850541172033056,1.936280134563558
20261135,0.0,0.48084084265618954,0.006936127006058401,212,0.027644045459083798,-0.006218573221822644,-0.18448639717290494
20261135,0.02,1.9369368378150686,0.02734689238655287,212,0.0676282802343457,0.0314462264974314,0.20189710591474613
20261135,0.03,3.0023279521442463,0.04323897239072587,212,0.45778412100909277,0.049764767845715895,0.3952020521389219
20261135,0.05,5.280587078470485,0.07815233930424503,212,0.7024056622994167,0.08781683152980098,0.7819422656586114
20261135,0.075,7.86849854440811,0.11539763360217895,212,1.1285138187958093,0.13270011556448388,1.2654131847547134
20261135,0.1,10.161471180942373,0.1476196060641206,212,1.4299081476910016,0.17548764332478584,1.7486535547800182
20261136,0.0,-0.4737097114137896,-0.007449980570015403,212,-0.03925594031173338,-0.0072619695045838175,-0.057786441615917
20261136,0.02,1.1543491723218091,0.016524987831827077,212,0.34372537664137315,0.03119590191108929,0.26506781560970366
20261136,0.03,2.8425550004099107,0.040753682632215335,212,0.45435596242245396,0.04851237251733942,0.4264721977004967
20261136,0.05,5.634155189333654,0.08183815689603628,212,0.7878143837966602,0.08569542059999917,0.7491792570231409
20261136,0.075,8.392192136519972,0.12271371012936946,212,1.042809783170595,0.1277926310311928,1.1522566890976755
20261136,0.1,11.355202847268329,0.16511674236746976,212,1.588445196157911,0.17247901495749968,1.5548306668520042
20261137,0.0,0.4296233001902613,0.005936839283026913,212,0.06332009126098845,-0.02277885590688688,-0.1972533102951932
20261137,0.02,0.6071179922496367,0.009053756715818432,212,0.0799168186543972,0.0151171632687251,0.1582091190846812
20261137,0.03,2.2140577012690494,0.035133041232340845,212,0.34721433467259843,0.03507022105086135,0.3358510310373743
20261137,0.05,4.547971334953192,0.07307115453578927,212,0.8096591375005412,0.07389089590074577,0.6908877175467585
20261137,0.075,7.48124068526493,0.11709230063747114,212,1.1861578610085595,0.12233651696382047,1.1340795551388527
20261137,0.1,10.771911495172677,0.16071711125484534,212,1.807900295610659,0.16897530659107968,1.5764027490868087
20261138,0.0,0.8287075144213757,0.012708082534631746,212,-0.025996830646209217,-0.017822437108326473,-0.32669421996477654
20261138,0.02,0.6243739076209044,0.009529973770606687,212,-0.07752854178439127,0.019352733258286223,0.014189616363544431
20261138,0.03,2.100711958902191,0.031022468751359424,212,0.17748618262290275,0.039305182826427316,0.1847137246697711
20261138,0.05,4.869881390731888,0.07695616399243282,212,0.3806895344466033,0.07614648788700687,0.5258753328727911
20261138,0.075,7.468372228467424,0.11655796461954475,212,1.0956999078028717,0.12207802066374211,0.9524345185502318
20261138,0.1,10.121111755999497,0.15670331836886928,212,1.7013299259109065,0.166172033712801,1.378963461379736
20261139,0.0,0.8473633575768797,0.010864405646712268,212,0.45270623219504624,0.022933758872164194,0.05866279960664659
20261139,0.02,4.19446165545192,0.06076119970018751,212,0.4248311027339132,0.061072391103669,0.4348118714069914
20261139,0.03,5.7008757189504955,0.08373995274709388,212,0.7041817800762815,0.08036559878311324,0.6228738250204241
20261139,0.05,8.522345746451856,0.12446572803577592,212,1.1053246187418166,0.11635407686243418,0.9988832664182524
20261139,0.075,11.301675834169767,0.16601515400470196,212,1.6673947550514137,0.16079105391461748,1.4684965888698673
20261139,0.1,14.073445276112583,0.20417806224046445,212,2.2928385983119277,0.20403028709058071,1.9374081453028142
20261140,0.0,1.1191844793720283,0.017610045830855372,212,0.22838791240735284,0.004308863143429838,0.0933765393818198
20261140,0.02,3.017649378077494,0.044205488187406335,212,0.10396709548794186,0.04028657736563402,0.41070321363466394
20261140,0.03,4.2905071586056645,0.06017488945531376,212,0.3879306960856248,0.05809185052572728,0.5693771735276433
20261140,0.05,7.245881734748189,0.09911203445111906,212,0.8245530696589255,0.09509892715673428,0.8867038317781878
20261140,0.075,10.182865668108944,0.13813494972292117,212,1.4475676294697666,0.13984706220538676,1.2832346352338884
20261140,0.1,13.10598243986356,0.1754936656097106,212,1.8339156737124565,0.18235634174835322,1.679499953566215
20261141,0.0,1.7978400503919036,0.02452210595349974,212,0.3468219843776933,0.013846193712775253,0.1755616121935802
20261141,0.02,3.856500248341508,0.055024832435385966,212,0.610924297515043,0.05225224202258788,0.5181067363826641
20261141,0.03,4.980673160228075,0.07244899999646914,212,0.7308536218565966,0.0712279242484297,0.6893703656131177
20261141,0.05,7.366641807282829,0.10767395624099761,212,1.0923688472546074,0.11040361626146468,1.0318124388192615
20261141,0.075,10.288655573045494,0.14883267940045755,212,1.5845268818095175,0.15690016678158353,1.4595666481980436
20261141,0.1,13.277923235302172,0.19041513332640925,212,2.043850021372043,0.2008855554720657,1.8867938266190525
20261142,0.0,0.49812336381972583,0.007504519036602439,212,0.3761008380331558,-0.005630090084536519,-0.19602051307740018
20261142,0.02,1.8387038707859802,0.027598314509027094,212,0.21421106896501033,0.03119867950672931,0.13016707766532012
20261142,0.03,3.169768071067658,0.04791460457058776,212,0.5493248215426154,0.04993445448658834,0.29337526268882896
20261142,0.05,5.673430336991889,0.08548300957988876,212,0.6933293867176469,0.08636802851251289,0.6199630110749693
20261142,0.075,8.650801876728641,0.13020595094333345,212,1.2668055909316904,0.13276261426665942,1.0284001532307225
20261142,0.1,11.350055003246625,0.16889601115549627,212,1.5610980655845978,0.17646499352746672,1.4368936371369723
20261143,0.0,-0.8009196420569694,-0.011389780591027058,212,-0.4200108484176596,-0.004423183417567911,0.2211456618221071
20261143,0.02,0.7608156463431829,0.011399509756662513,212,-0.02467180112021744,0.030272144618099208,0.5613672147099193
20261143,0.03,2.036914702436132,0.03220836541116113,212,0.3872539063493075,0.047364536971551546,0.7315146393719613
20261143,0.05,4.350957845972702,0.07160047884051676,212,0.7255179430200577,0.08286767376992785,1.0718146849304142
20261143,0.075,6.711645155037048,0.11031772898709628,212,1.077902184915892,0.12639807031137265,1.4970589319350218
20261143,0.1,9.087833241011861,0.1493024956883804,212,1.3721022911883949,0.16899739581967177,1.9219592460174506
20261144,0.0,-1.946423618095666,-0.03081585199694323,212,-0.2701629110212736,-0.02383311676462449,-0.2778933975542828
20261144,0.02,-1.3543580928982024,-0.020320386552354547,212,-0.2427998109506446,0.01089739428522541,0.03856149876637643
20261144,0.03,0.5554229118758989,0.008418288581418184,212,-0.01753605948679016,0.027902590964978425,0.19671137878327863
20261144,0.05,3.315281805678096,0.05328561606271035,212,0.18183767792433436,0.0628150048015059,0.5128010898915456
20261144,0.075,6.010555984855868,0.09498072348549368,212,0.7779993038537327,0.10503958891773219,0.9074066830867747
20261144,0.1,8.462904057218148,0.13150093891291123,212,1.1532982251486177,0.14696781953275284,1.3012911211759475
20261145,0.0,-0.5334859405871324,-0.007687833066734914,212,-0.32530582160787874,0.0027183364313010418,-0.21797197303313862
20261145,0.02,1.1956659628367907,0.01843907315526632,212,0.30518577737396335,0.039951481114299914,0.10246358448714085
20261145,0.03,2.6216858716729776,0.04096285969337771,212,0.41759759402857327,0.05866353892037269,0.2626414726158207
20261145,0.05,4.790216198017655,0.074626284853415,212,0.6933306672358707,0.09491415818008335,0.5828649729677357
20261145,0.075,7.862816435077895,0.12135316312445292,212,1.0595610663043955,0.13926284875560452,0.982788380897859
20261145,0.1,10.767194196681839,0.16227531394056646,212,1.6206439463395566,0.18430628599820092,1.382164293924561
20261146,0.0,-1.8363934039377767,-0.026402139197214874,212,-0.4096281110839755,0.010410489227441096,-0.14529853041981172
20261146,0.02,2.3276336688208175,0.03474592285231942,212,-0.028129689887922846,0.05064288481769673,0.20545442399668615
20261146,0.03,4.091066009866512,0.06016234395225754,212,0.18475662310168117,0.07048435232533223,0.3810861251964719
20261146,0.05,6.910030993618096,0.10185079457750078,212,0.48617619779837074,0.10886013235164674,0.7327764448184853
20261146,0.075,9.948793841274009,0.14440872537374452,212,0.9857639967201208,0.15752615823551255,1.1730158915768454
20261146,0.1,12.59805818362893,0.1811496392426823,212,1.3709944950003385,0.2037155811221035,1.6137035389595742
20261147,0.0,2.7681694262902363,0.0431122372067903,212,0.4316430990570094,0.029248230799010684,0.38573987964994166
20261147,0.02,4.641609263701056,0.07172494524865129,212,0.659854829129625,0.07001699058336741,0.7571300566188482
20261147,0.03,5.734236750060308,0.0880786089661781,212,0.9541054226042397,0.09005465090043915,0.9429268342427859
20261147,0.05,8.001043797446403,0.124467008189149,212,1.2603294457634213,0.13070961965930775,1.3146408119546236
20261147,0.075,10.917084500977777,0.17052078181661798,212,1.8217909307006592,0.17861454531461854,1.779337431653526
20261147,0.1,13.95051394983102,0.21487220748855615,212,2.5255680870920947,0.2269662585610527,2.2438510921321493
20261148,0.0,1.5393593276671937,0.02200993297415438,212,0.15750972007706007,0.021488352573774194,0.2580651465585811
20261148,0.02,4.240642258342609,0.06259924391326538,212,0.5571540639673302,0.06008120660226842,0.6263701656538446
20261148,0.03,5.544645220497878,0.08244008501206164,212,0.7259948795606049,0.07900644993748447,0.810045136344702
20261148,0.05,7.889635075668138,0.1178345335631868,212,0.9552036612635201,0.1163423367704617,1.1763644815325678
20261148,0.075,10.581146542941863,0.15821313125708775,212,1.4949881667461038,0.16168231462375857,1.632178819374246
20261148,0.1,12.988324020626045,0.19566657849348554,212,2.0871226424273366,0.2038559363176494,2.085466292174824
20261149,0.0,-0.8330884488499868,-0.012164273381744518,212,-0.17592597514448763,0.006611318099402328,0.07845534595162107
20261149,0.02,2.3809774832861983,0.03502858071709696,212,0.5285040645774253,0.04633255769807509,0.4489323494724424
20261149,0.03,3.789426329209325,0.05667751044004089,212,0.6242247015571167,0.06517813171746163,0.6341584735762927
20261149,0.05,6.506778694191869,0.09735361577784718,212,1.1983544993096797,0.1033513863990082,1.0045109772266667
20261149,0.075,9.23245431774267,0.13898881202277005,212,1.4791011085665111,0.1502172075346852,1.4671101639813706
20261149,0.1,12.083474672635873,0.18004051436023993,212,1.9179759787312203,0.19541190046151483,1.9291123156262928
20261150,0.0,0.6382120105319535,0.010415567753413697,212,0.06609674118157534,-0.005232268581419587,0.205946392796258
20261150,0.02,2.5712934115557977,0.0385036744462553,212,0.2860857316925242,0.03568757531468959,0.5380744938320001
20261150,0.03,3.92408707737958,0.05821651082516574,212,0.47006043575096645,0.05622739274079798,0.7039887128483521
20261150,0.05,6.563162486060915,0.097138293980494,212,0.8914759394233235,0.09801085127588964,1.0354525719034937
20261150,0.075,9.867425713857488,0.14389231150304138,212,1.3063630998991387,0.1487661798685225,1.448965953290784
20261150,0.1,13.173062872687789,0.1888500178124734,212,1.745669861280212,0.19910430939179363,1.8613861415698152
20261151,0.0,0.256845951972172,0.004185077407295064,212,0.047529425441963015,-0.012662036081564515,-0.14373434271730146
20261151,0.02,1.9851056610024833,0.028932490354458062,212,0.20609320443865334,0.02474739067871677,0.15477498037973547
20261151,0.03,2.993587293966418,0.04398402165386233,212,0.3960120167332219,0.04189777697828012,0.3040429476828421
20261151,0.05,4.891750950908596,0.07335918904473378,212,0.7187366232136269,0.07979851686819828,0.6025621286448762
20261151,0.075,7.962224026417959,0.1161751987609918,212,1.125320843274313,0.1237000174310771,0.9755902738004608
20261151,0.1,10.938990702616987,0.15958443155033822,212,1.4467991558722542,0.16879721159579522,1.348357893619717
20261152,0.0,0.32642460541640284,0.004958290044639435,212,0.17876114701860318,-0.022455325539797382,-0.4219116347228328
20261152,0.02,0.1654179781460571,0.0024200019364831065,212,-0.02476690554926223,0.010616161687864513,-0.06425904528723508
20261152,0.03,1.3400233805520758,0.019890255018997414,212,0.08190384456752273,0.02778449325950921,0.11454265909241354
20261152,0.05,3.65757595881912,0.053669662074636366,212,0.4072590943486174,0.06275729983968716,0.4720305591134141
20261152,0.075,6.273629303576181,0.09299290132776462,212,0.8021945283237031,0.10574073536323807,0.9185373821648419
20261152,0.1,9.182076178700076,0.13368129613795252,212,1.2195743462384818,0.1483228638411376,1.3644597133396907
20261153,0.0,-0.3183891339568247,-0.004756793903715593,212,0.12836511318471425,0.005998074975701457,-0.09091636302546087
20261153,0.02,2.798559753981062,0.04218796647142169,212,0.4657872958299784,0.04559214068693455,0.2612803531858842
20261153,0.03,4.0755047037103695,0.06278409806033912,212,0.6052030963133401,0.06542854113374647,0.43733830872431595
20261153,0.05,6.279836684078457,0.09845762004679716,212,0.6988219953838145,0.10305111094131969,0.7893001843852775
20261153,0.075,8.760682062406138,0.1394312330285088,212,1.1872612922980308,0.14896434871723724,1.2288131236533624
20261153,0.1,11.46244510261596,0.1796725982808148,212,1.6104599298002393,0.1923749824539874,1.667625909417495
20261154,0.0,-0.7740623398696975,-0.012450970397673705,212,-0.23058755047530596,-0.0009610209086100824,-0.08153434616505119
20261154,0.02,2.051193704189136,0.03130717486153391,212,0.29431694765522276,0.03608684818233452,0.27823801630490946
20261154,0.03,3.2397369860982277,0.04963046153945206,212,0.27227484797636037,0.05491968613051677,0.45784535366593443
20261154,0.05,5.586891742284733,0.08473719222472845,212,0.7255825049049518,0.09100715164163996,0.8164123771522206
20261154,0.075,8.157336323183024,0.12392706931271709,212,1.0589379577670186,0.1355828968799685,1.263223717001796
20261154,0.1,10.592014574838448,0.16116951745689417,212,1.6123368986341777,0.17941026770832375,1.7082276200429602
20261155,0.0,1.2891833402378017,0.02052060253990531,212,0.09161313730360071,0.03353052655171805,0.31922090347087834
20261155,0.02,3.7227001592971676,0.06043092012993113,212,0.8085073197705455,0.07005526405452382,0.7059920888646826
20261155,0.03,4.957393842785623,0.07997015709402815,212,0.8922969818686624,0.08806409480149349,0.8990241670953287
20261155,0.05,7.039111146122016,0.11498619230806889,212,0.9383256513578965,0.12311049411640954,1.2843013123617577
20261155,0.075,10.027836318822203,0.1617030853827967,212,1.455299285193128,0.1683369923585111,1.7642595834741706
20261155,0.1,12.296587603471712,0.19658470449266333,212,1.9082147842441999,0.20908280761242215,2.242171902785162
20261156,0.0,-2.9839271127547287,-0.04109676373620257,212,-0.1350013848996057,0.0025400667470999467,-0.0014932607434975855
20261156,0.02,1.6034775618485075,0.022646937292602327,212,-0.1096978487625083,0.04453032878825097,0.3606080631354407
20261156,0.03,3.4564637598769767,0.05052662951303388,212,0.13974653615136162,0.06640946108874403,0.5417007228862142
20261156,0.05,6.562670795226622,0.09638940425723828,212,0.5546532124685484,0.10896683687623272,0.9038902441764606
20261156,0.075,9.80894180481587,0.14520293252640754,212,1.220785261380581,0.16218544261898518,1.3564703672716165
20261156,0.1,12.545810540049677,0.18705652293677896,212,1.7253542180157544,0.21004448458117903,1.8086437304698337
20261157,0.0,-0.5728906579950475,-0.007857837434680829,212,-0.1663292847351342,-0.0076730525232101094,0.09054361861210751
20261157,0.02,1.3895004746061792,0.019799364129508258,212,0.40696466152049215,0.032036784293385724,0.42038578688901496
20261157,0.03,2.7569989421317938,0.04034377752215298,212,0.5891313359341104,0.05142982650195564,0.5854802216762911
20261157,0.05,5.756356250990593,0.08513344798977045,212,1.0149334293505898,0.09062863225540144,0.9159507479442356
20261157,0.075,8.46261013856033,0.12513491873978053,212,1.4022940242321686,0.1384643818675342,1.3294319318146395
20261157,0.1,11.50466216797128,0.1671657558564323,212,1.601857868313193,0.18459074975075956,1.743157691084948
20261158,0.0,0.7368704190522222,0.012277182909250759,212,0.11569070813100928,-0.001586764147274254,-0.2952689723983214
20261158,0.02,2.31436153632133,0.034824780300101554,212,0.3263633304782118,0.03799959988137773,0.0627570490080194
20261158,0.03,3.6734646013202634,0.05616288878406004,212,0.4945752792736495,0.05652971197421274,0.24156444889907513
20261158,0.05,5.883817445539255,0.09287845561621066,212,0.9372159873132553,0.0945533733347502,0.5986984631212003
20261158,0.075,8.318029287437664,0.13426863050552473,212,1.1940638156778365,0.14132934307735912,1.0440724690968457
20261158,0.1,10.945951108469654,0.17800199812893666,212,1.6117679931029558,0.187256544089757,1.4880886204771753
20261159,0.0,-0.8632299558352798,-0.013040666380959675,212,-0.1771755475425412,-0.020329800516723655,-0.2993004862894273
20261159,0.02,-0.008520374996077126,-0.0001172620489747436,212,-0.30154827693232755,0.01833107492932294,0.09434001804594615
20261159,0.03,1.9349129394124718,0.02633249885371896,212,0.1145545503981104,0.03744337228013107,0.2914057693898112
20261159,0.05,4.913238383036214,0.06607818871996582,212,0.43970185641330234,0.07568626914828314,0.6859076712534298
20261159,0.075,8.830428275819575,0.11577783915398569,212,0.9493625553182253,0.12382346169685718,1.179478990414309
20261159,0.1,11.70441507477264,0.15520297861561164,212,1.2889093672696026,0.16974903046115578,1.6731873748529447
20261160,0.0,-2.407617742662477,-0.03675294731064476,212,-0.32280506096235145,0.0001862356975297939,0.06064449124374497
20261160,0.02,0.6478755460661854,0.009097025899828765,212,0.06070388103855832,0.03970529446005394,0.37853476043394485
20261160,0.03,2.544159463380039,0.036941385887163114,212,0.4890506127180236,0.05863310833031878,0.5376114195186984
20261160,0.05,5.61626902604226,0.08304815786427783,212,0.7624658951333378,0.09634547333435854,0.855978383404068
20261160,0.075,8.445986210884342,0.1281003394926437,212,1.1769243718514606,0.14422300261134757,1.254235229084472
20261160,0.1,11.17546556260105,0.16822469872664964,212,1.4915491224629405,0.1888563525974067,1.6526778191124776
20261161,0.0,-0.21759823322200594,-0.0030063121813568242,212,-0.27978619961039136,0.018728758313874324,0.1803123716172561
20261161,0.02,2.7880110053397824,0.038342385738669216,212,0.28400215331991213,0.05538193987065327,0.5048283875180097
20261161,0.03,4.337180299019801,0.06048391847957691,212,0.4907702162951015,0.07390521870167062,0.6669557421066912
20261161,0.05,6.519095131630714,0.09338334810655607,212,0.8480206505933193,0.10904920557627734,0.9908949437933423
20261161,0.075,9.180134483107278,0.13404562778793302,212,1.1393130927186361,0.15102943965958673,1.3951163473188364
20261161,0.1,11.767262586586863,0.1729267020659971,212,1.6613840137832903,0.19455765110692114,1.7984014467984675
20261162,0.0,0.23340133127637636,0.0035342474324177794,212,-0.04620138030554327,-0.03596452503441376,-0.3239015886137284
20261162,0.02,-1.4141694815310866,-0.020112745675239883,212,-0.26919647797976926,0.006877863915574278,0.05501691337403523
20261162,0.03,0.562889628362646,0.007848876361069223,212,0.21338784511322542,0.02737810621478729,0.244125656386398
20261162,0.05,4.153517325508745,0.05771648291763807,212,0.45551804159562354,0.06973558503944509,0.6215415914277042
20261162,0.075,8.11141601203343,0.11154360385716411,212,0.976099474709779,0.12305681462573524,1.0916045481870142
20261162,0.1,11.688104794401962,0.16113828171459085,212,1.2529818952200837,0.17391117518185145,1.5594878619715937
20261163,0.0,-3.5485776884495523,-0.0508338663225747,212,-0.5099793918288913,-0.016629943196799512,-0.19802569590958308
20261163,0.02,0.03722752483822691,0.0005340799872517762,212,-0.11280211766173774,0.021099950929155276,0.1889432767954318
20261163,0.03,2.131401894264509,0.031065737935369753,212,0.13022929168103586,0.04094186821284945,0.3822111663387176
20261163,0.05,4.879572828679559,0.07225313653038687,212,0.5592800635612754,0.07834980376199865,0.7682264798363092
20261163,0.075,8.251257046435873,0.12241722660816261,212,1.302835417678085,0.12553342022698874,1.2495915300665288
20261163,0.1,11.223756761311073,0.16694044886276904,212,1.4663769872354806,0.17269590836968549,1.7294253522379195
20261164,0.0,1.6303519486304172,0.024561790708065422,212,0.3996609396621411,-0.020996295951806698,-0.5488244929117752
20261164,0.02,2.2074867436131176,0.03421056271169456,212,0.22910978138890425,0.014573605376315678,-0.23241913886902235
20261164,0.03,2.9244823748603688,0.045552209535893555,212,0.29779787950442577,0.031973741738392625,-0.07405646412775817
20261164,0.05,4.488002946134536,0.070577671795691,212,0.646961386953903,0.06815925470065338,0.24294430149116722
20261164,0.075,7.061847933641558,0.10776075063969287,212,1.2227327936536332,0.11095431127514654,0.6396191236957334
20261164,0.1,9.692369135439234,0.14524722583311633,212,1.4919507713955664,0.15281317488277238,1.036633290623532
20261165,0.0,-0.08693130625629536,-0.0013474894405110672,212,-0.2664282159991391,0.004329669913459019,-0.15022479652936827
20261165,0.02,2.153938926551392,0.03439900128821292,212,0.31137479335802487,0.04376039367915779,0.23127845349982817
20261165,0.03,3.7027960581331,0.05905501128453752,212,0.5555130796621404,0.06353458042829005,0.42224986453383895
20261165,0.05,6.389719257526188,0.1012647403633017,212,0.9727136823908987,0.10244286175163718,0.8045628679517121
20261165,0.075,9.28003366470394,0.1460411769551047,212,1.3143653003074784,0.14880822183166822,1.28300401014516
20261165,0.1,12.346031920203933,0.18994096451701797,212,1.7478553833169292,0.19479134586115654,1.7618508753235802
20261166,0.0,-2.896522404761763,-0.0446996273894178,212,-0.5447410664320431,0.003618307723130725,-0.030202220916841653
20261166,0.02,0.7595330492481939,0.010960417149693775,212,0.15549786987270306,0.04287076548216183,0.3632039935700447
20261166,0.03,2.5226194402025883,0.03804769443218465,212,0.3148109947749172,0.06281589865405442,0.5600071619918271
20261166,0.05,5.245000754559433,0.07979144768314526,212,0.7292788001012099,0.10316356243959703,0.9537218433688157
20261166,0.075,8.582646140699968,0.1282770006581297,212,1.4034751838213102,0.15241184678293807,1.4458785801587548
20261166,0.1,11.658355499449046,0.17389244977065374,212,1.8502482587103082,0.200333617974974,1.9377816336576594
20261167,0.0,-0.08035701925963551,-0.0013208622503508647,212,-0.379411877839731,-0.012849463046293941,-0.22817003742319544
20261167,0.02,1.3367892788026705,0.01892322716096772,212,0.1390399012952343,0.025874974595253526,0.1356319032131511
20261167,0.03,2.8548156469257293,0.04002066681078589,212,0.37093378240809094,0.045146951101332065,0.31754284877146616
20261167,0.05,5.705407948937519,0.07882569997848864,212,0.7822523703739209,0.08461812689716285,0.6812915597764665
20261167,0.075,9.119425389330123,0.12743926829078175,212,1.172871376334159,0.1336638457451316,1.1356483976710887
20261167,0.1,12.150057524008615,0.16717369280734545,212,1.48394582606409,0.18054222990469718,1.589369258915455
20261168,0.0,-0.2766822769084363,-0.004056806039311779,212,0.22230918674579228,-0.009920031734926525,-0.10284294765599722
20261168,0.02,1.0280801981704182,0.014520011618898673,212,0.048119195309330606,0.026351057334083924,0.26838295064934214
20261168,0.03,2.720651665854268,0.03763983756751923,212,0.24915285876298573,0.04479793188572206,0.45410426184927305
20261168,0.05,5.298177821534058,0.0734377904618413,212,0.7222790458894629,0.08148175016377412,0.8256972414019519
20261168,0.075,8.319471872327926,0.11400789910035601,212,1.2818765611036014,0.12663018579170898,1.2903330512597873
20261168,0.1,10.856130863624697,0.1521119202809565,212,1.736494900964209,0.17000148625540792,1.7549348966317515
20261169,0.0,0.07409266649269557,0.0010179779622785463,212,0.08617540634149642,0.009320551937198626,-0.2879160788991016
20261169,0.02,2.394496735169882,0.03365292790237799,212,0.1222925093405848,0.04944291963834099,0.10601376698745917
20261169,0.03,3.8001808438524973,0.053594133025624255,212,0.448694887825889,0.06799140863484911,0.3029742221717448
20261169,0.05,6.6663841266658395,0.09755203955067561,212,0.8110259667622873,0.10790230175277261,0.696790558149172
20261169,0.075,10.002867152599746,0.14567735736647347,212,1.334209289241353,0.15565483931629362,1.1886680011703303
20261169,0.1,13.242033849471921,0.19045993869446728,212,2.133308730151461,0.20308056950735406,1.6798314333699138
20261170,0.0,-1.160017553480988,-0.017387811205287516,212,-0.07952694994233928,0.003992136593570717,-0.20300527724683823
20261170,0.02,2.540992660092816,0.038042829849366924,212,0.28822061183284625,0.04107238459076958,0.14156143446045896
20261170,0.03,4.035544469307514,0.05961495036992565,212,0.46128138808617847,0.060328438888527326,0.3138572939684158
20261170,0.05,6.80169859581502,0.09847861456211578,212,0.984906740150838,0.09810739962057677,0.6583950919478355
20261170,0.075,10.124885162084983,0.14249950463312303,212,1.31568039017681,0.1462889849290787,1.088803601782184
20261170,0.1,13.14798911608605,0.1843646164238522,212,1.6602903700733043,0.19372552983387753,1.518689732835965
20261171,0.0,0.7040556674455097,0.009792661242764076,212,0.05504119899572074,0.008208349397058032,-0.041672401159924176
20261171,0.02,2.7600693507334197,0.03911534234533898,212,0.4443557902507483,0.042429444239573566,0.2752398223212771
20261171,0.03,3.9270554048961,0.055682319207803296,212,0.4888296167329722,0.05904514400554802,0.4335521658052897
20261171,0.05,6.496146936963557,0.09192781372135646,212,0.7486423037542012,0.09313196538250319,0.7498363813285887
20261171,0.075,9.016102094943898,0.13055362541682708,212,1.17257555950099,0.1336457435898573,1.1444449414320412
20261171,0.1,11.392825175412057,0.16524142930600838,212,1.1658163163182114,0.17399373892318945,1.538072122310915
20261172,0.0,2.160658467728227,0.032995441129960654,212,0.10471682419804432,0.00871850160963333,0.1608096089418972
20261172,0.02,3.355266645595705,0.05171077138313908,212,0.4841399013397363,0.04597217200148196,0.5105293585030728
20261172,0.03,4.497690428920312,0.06754626860822166,212,0.9026413874310583,0.06374897735291812,0.6854706995840586
20261172,0.05,6.648120616756007,0.09979358810695045,212,1.1788260445257857,0.09905449055206134,1.0354563937905505
20261172,0.075,9.563734600091585,0.14034295826082113,212,1.3808158226991698,0.14422189554524456,1.4730077451790338
20261172,0.1,12.569586833653611,0.1786123752572244,212,1.9388111410256264,0.1868029961273693,1.9104605365651182
20261173,0.0,0.8560843559339831,0.014378426655835278,212,0.10764198997854658,-0.006342256200690769,0.12106976648732781
20261173,0.02,1.770579979953693,0.02659057777373324,212,0.25039794969953966,0.030548659671441346,0.4682767882181989
20261173,0.03,3.1832843392176566,0.04574218429645961,212,0.42821355370308267,0.048344629266127655,0.6417546510406291
20261173,0.05,5.522839658702811,0.07891479865325546,212,0.7250413541444126,0.08504110957136708,0.9884016580259279
20261173,0.075,8.315245271076467,0.11592352060784296,212,1.2648205339540106,0.1298307711013798,1.4210138799424266
20261173,0.1,11.101409802416969,0.15251286431740727,212,1.7896033977187698,0.17375632610972308,1.8526870817562209
20261174,0.0,-0.2863695584940141,-0.004257278057537158,212,0.18900791423070304,0.010184997287027113,0.18558378905563813
20261174,0.02,2.8936577977910556,0.04687460797029212,212,0.3742145212932492,0.05219926179135187,0.46148402151679385
20261174,0.03,4.187940424012237,0.06841421259517444,212,0.476120500943096,0.07461027632294519,0.5995213726816179
20261174,0.05,6.872202012453022,0.11237007087482889,212,0.8088201791276682,0.11760282205563918,0.8757417641798385
20261174,0.075,9.844625385481498,0.16090196540191903,212,1.2113054616143921,0.16855084341523474,1.221230806423858
20261174,0.1,12.707031181877026,0.20705687114586183,212,1.5924487780456642,0.2186895309944337,1.5668725130928236
20261175,0.0,-0.16689159292159297,-0.0026639991693934383,212,-0.0034387368833861173,0.009840012289080503,-0.07682634035565358
20261175,0.02,2.3450129864971534,0.03533069691314543,212,0.14895078272622866,0.04909106158408677,0.3255458556609788
20261175,0.03,3.5459740534739193,0.05461415923329974,212,0.4729691811824889,0.06828086333180193,0.526488976561124
20261175,0.05,6.08882880268592,0.09459744556559149,212,1.000634660774429,0.10827719333656034,0.9278065258704176
20261175,0.075,8.988804412157883,0.13941766340275408,212,1.3728533165118288,0.15702567185231012,1.4282182812365372
20261175,0.1,11.567880639796789,0.1781635534846202,212,1.9627128099918019,0.20292139866815087,1.9270218270977455
20261176,0.0,-1.2566363151660984,-0.017843545806106382,212,-0.36828230152418817,-0.006836854797326092,-0.2003811824893831
20261176,0.02,0.8272865777998287,0.012674798546931496,212,0.05147920716188968,0.0325358162598987,0.19823901409640152
20261176,0.03,2.2646420431977203,0.03458897604877899,212,0.4296098237932465,0.05143196546447564,0.39740391983841156
20261176,0.05,4.713554727116444,0.07412011220969653,212,0.5912261268950362,0.09114822915894519,0.7953502683766797
20261176,0.075,7.615619402278079,0.12151292626541414,212,1.214931553558341,0.13885130796310954,1.2918735749204744
20261176,0.1,10.31178844097649,0.16290566146147437,212,1.3334628797085346,0.18520101505562725,1.7871191058865488
20261177,0.0,1.9282791998626894,0.029377215636268383,212,0.6880838826332959,0.008742955144775024,-0.019770978767957227
20261177,0.02,2.9908602085134235,0.04495873043213056,212,0.5559642510541647,0.04475972385972076,0.3579095592733895
20261177,0.03,4.136400643813753,0.061365944153633646,212,0.5492538647643176,0.06297710636209994,0.5463410742096833
20261177,0.05,6.413367849234695,0.09434218298299801,212,0.9383885325304802,0.1002327005885816,0.9222862829015241
20261177,0.075,9.153247712642305,0.13357683562270867,212,1.2478899788392075,0.14434707221588633,1.3902937199673973
20261177,0.1,11.794073085015148,0.16908444973201464,212,1.8899426168302773,0.18548160218420742,1.8558821915592303
20261178,0.0,-0.9357187644548903,-0.014563280802909006,212,-0.19283550486981957,0.006644468651876692,-0.04868337100164032
20261178,0.02,1.9237676328402846,0.029412291838690964,212,0.3566449870908027,0.043330572722790374,0.2778879324103211
20261178,0.03,3.432138499990452,0.05236723403285796,212,0.5681291818740234,0.06215520600188146,0.4411843250784754
20261178,0.05,5.778304726051742,0.08694468870127918,212,0.9691968408190476,0.09719882459951015,0.7677415327318255
20261178,0.075,8.613047068632216,0.1272866740087098,212,1.259967042417272,0.14344597916866564,1.1757537108836136
20261178,0.1,11.274183523149597,0.16495774731853236,212,1.598631600782615,0.1852999710833442,1.5833950664512881
20261179,0.0,0.7257532318578835,0.011453020167657537,212,-0.09197760544880852,0.023774907513437887,0.3060057237199068
20261179,0.02,3.774800518408398,0.05950690542523713,212,0.48780223592560945,0.0661294401457023,0.6283395832620697
20261179,0.03,5.237375145356006,0.08419363910251583,212,0.6399124987930322,0.08824813386506672,0.7898251216568974
20261179,0.05,7.629137939853631,0.12361058558255403,212,0.9409600029200068,0.1301164605217965,1.1133764597632552
20261179,0.075,10.122162144628735,0.1662829620903517,212,1.1789382821520635,0.17940692166364702,1.5187844524547693
20261179,0.1,12.589796048615105,0.20649283556967984,212,1.7739395352103335,0.22703434870869904,1.9250980516443652
20261180,0.0,1.1730751956372136,0.019633200221681607,212,0.2480972801312225,0.004538490052372697,0.30563083698312665
20261180,0.02,2.9765331082501567,0.04410640431632942,212,0.6717644279949981,0.04324913932180797,0.6320987307960976
20261180,0.03,4.313715874577403,0.06419636326152836,212,0.7527410440378486,0.06217181899411603,0.7953380627107137
20261180,0.05,6.765894078285823,0.10026878103904024,212,0.9161467434416761,0.10101021802979167,1.1217784200996002
20261180,0.075,9.648716850447578,0.14337640969368742,212,1.2517344687093723,0.14781049628730433,1.5296558612404019
20261180,0.1,12.652011192592726,0.18374351933259703,212,1.528158236293922,0.1935748434516186,1.9371982206993936
20261181,0.0,1.2644096873426178,0.019459867454965665,212,0.1263972159107258,0.02947530355938193,0.13348304865507804
20261181,0.02,4.423905276849726,0.07355786884823684,212,0.5448139066566524,0.07277379409571162,0.4660801936583262
20261181,0.03,5.5877129265131105,0.09459693350424227,212,0.7169501221298415,0.09527461422057708,0.6322401850819395
20261181,0.05,8.091809656226625,0.1378353938336189,212,1.0265192063744188,0.13822232364494508,0.9642380448240307
20261181,0.075,10.535200597169387,0.18337813023455157,212,1.612664443640024,0.18969265913102906,1.3785393022855228
20261181,0.1,12.784842343836301,0.22482565599497997,212,1.8072711762356815,0.23834034490392725,1.7919380391963642
20261182,0.0,1.51277053621006,0.02410170358577806,212,0.12517628681195103,0.001991747119470829,0.09993469655290137
20261182,0.02,2.509895046663354,0.0389222952166775,212,0.1580596205056023,0.036658282382466406,0.41050830605883387
20261182,0.03,3.3330392058085554,0.051631145843333094,212,0.3853015989055925,0.053397407521044986,0.5655514023795827
20261182,0.05,4.829199487569197,0.07624311856362354,212,0.7840368817079241,0.08843798196874202,0.8750989549156342
20261182,0.075,7.13375456349361,0.10989451028195378,212,1.0551596764143802,0.13122255220699888,1.2609191504803106
20261182,0.1,9.675646064861418,0.1472875342791419,212,1.5092024900563588,0.17365777244272526,1.645356029708231
20261183,0.0,0.6750599150135976,0.010499305904707941,212,-0.19630065466959576,-0.006903134328686026,-0.2327395133462201
20261183,0.02,2.015636569293867,0.03202073235169244,212,0.24114765725789122,0.032230697791243886,0.11991671578784675
20261183,0.03,3.219953610831888,0.05015359282011641,212,0.42015434406900315,0.05161549618245016,0.2964342300250244
20261183,0.05,5.972196451778355,0.09068171242799387,212,0.6854040966469307,0.09223801372297996,0.6497736516291839
20261183,0.075,9.331032168672406,0.13925201155627664,212,1.231900588212732,0.14230354316433697,1.0918641747765463
20261183,0.1,12.69876348971384,0.18559637999943623,212,1.454849242347206,0.18952211906615546,1.5341975372339802
20261184,0.0,1.4790787581233098,0.02419182638324337,212,0.5174694005534617,-0.0010445021676062922,0.09419889402095723
20261184,0.02,2.754985055332222,0.04560264757879317,212,0.6425022486688144,0.03762253655342964,0.38556943763266843
20261184,0.03,3.59066984614979,0.05873446087991663,212,0.6185415199148351,0.05643120313421035,0.5312317410678011
20261184,0.05,5.305920984015278,0.08562305835890446,212,0.8193398183443195,0.09133019646140605,0.8224696276032274
20261184,0.075,7.956556749923889,0.12494732173473115,212,1.1790523489701221,0.13681595138095437,1.1862704289273616
20261184,0.1,10.79870556079496,0.16511366999937432,212,1.6194563118947067,0.1811055293905182,1.5496789259552777
20261185,0.0,0.576605144338524,0.009162313721856177,212,0.028504909915771866,0.0012122502185464112,0.2842303578535838
20261185,0.02,2.093347411779626,0.03223784636376794,212,0.3385730319421684,0.04660818145073287,0.606765844921669
20261185,0.03,3.5156836998156074,0.05382251238738291,212,0.4408604979888491,0.07021793787544794,0.7681817045511042
20261185,0.05,6.670254982657143,0.09891233052491756,212,0.8621597730927039,0.11408215178644301,1.091248017835029
20261185,0.075,10.047389139466453,0.1505823930307925,212,1.4794495432856691,0.16822290628088754,1.4953928691101974
20261185,0.1,12.940160784520472,0.19221374881559608,212,2.002572555205522,0.21848973768870986,1.8997025726876844
20261186,0.0,0.17655060051608082,0.0026944668196729033,212,-0.14068021511244247,-0.003695475614439878,0.0475053269543704
20261186,0.02,1.7313605370208545,0.02604344022207598,212,0.2532371925215061,0.0362058687141736,0.3976328430455215
20261186,0.03,3.224974151581892,0.048989677373305986,212,0.7598261492952915,0.055510960734536194,0.5726431445316901
20261186,0.05,5.6228399342993685,0.08631203690429971,212,1.127596145605896,0.09471680495164699,0.9224913669992822
20261186,0.075,8.271168953378254,0.12322090689578642,212,1.612010233065308,0.14048015753860435,1.3593438512302143
20261186,0.1,11.203532854224013,0.16310946187846975,212,1.9375642037060876,0.18709981061963402,1.795498315404371
20261187,0.0,0.8697129468439485,0.013994380643909269,212,0.07357072185228389,0.010048820737016325,-0.027769384728634536
20261187,0.02,2.6072672429802735,0.04022037073698742,212,0.28213364132561713,0.04685842475090559,0.27205258564189166
20261187,0.03,3.7772423117978065,0.05773901361700439,212,0.466097723089281,0.06560226622917589,0.4219678121213146
20261187,0.05,6.051693943281395,0.09197466733481145,212,0.8950288551812805,0.10170380432476957,0.7217662918832605
20261187,0.075,8.81843144236539,0.13482882562158746,212,1.3981443716099844,0.14660842444240593,1.096371048961096
20261187,0.1,11.638490792843822,0.17509195348123593,212,1.5820678960524241,0.18973220013694617,1.4706988054483014
20261188,0.0,-1.2042428498123723,-0.019012325835734548,212,-0.0623539728009877,-0.022994060087445485,-0.306318530692132
20261188,0.02,-2.6045089194672433,-0.0350349814839624,212,-0.507314231549989,0.01754071042558038,0.07692195428841875
20261188,0.03,0.6666870662821407,0.00940835920016345,212,0.0038348379637625917,0.03780425776862685,0.2688938100858309
20261188,0.05,4.323417270115221,0.0627116413794224,212,0.512593991134567,0.07806670906114646,0.6534325683877178
20261188,0.075,7.812903177971339,0.11461648401392145,212,0.9751863053356725,0.12848629052246152,1.134995932433674
20261188,0.1,10.889860361618474,0.1582185079012547,212,1.5083196953847304,0.1767849999872013,1.6172254573054121
20261189,0.0,-0.6270522299388065,-0.00906553412685083,212,-0.4198727615087889,-0.010426132023131857,-0.0939866544498462
20261189,0.02,1.7606170757746786,0.025924385958378912,212,0.17243345460554635,0.03256490230413349,0.26057836982326843
20261189,0.03,3.350267591188737,0.05053021394247853,212,0.3089958630800856,0.054390003217260355,0.4377859482947786
20261189,0.05,6.225468479577763,0.09456390554721662,212,0.7834695440073217,0.09696947709103737,0.7919792762263307
20261189,0.075,9.768774887000017,0.14703124757384994,212,1.0907474775805042,0.150368711818092,1.2341572378739887
20261189,0.1,12.864860348023623,0.19316003818898173,212,1.5951395663283152,0.20048877087528846,1.6755012212860254
20261190,0.0,0.061531988156925115,0.0009191501218762603,212,0.2439288061818556,-0.006476997967211181,0.09316497748163453
20261190,0.02,1.226997568431082,0.017411622058026932,212,0.16586125424803325,0.02692293359909312,0.42584040442522225
20261190,0.03,2.787395873520054,0.039968180522489336,212,0.2810858412709677,0.04349180657311273,0.5922235534960602
20261190,0.05,5.145081262617565,0.07424940770037827,212,0.5849532464240508,0.07563447215864244,0.9250205297830847
20261190,0.075,7.750971834449755,0.11218240039033439,212,1.047169811007135,0.11706936299653806,1.3409499860383498
20261190,0.1,10.269316066778336,0.1486455209773123,212,1.423648707561611,0.15888691019907636,1.7566295495968849
20261191,0.0,0.7604749784720781,0.012235449909288135,212,-0.040936254660026775,0.030579815557244584,0.27571109453365944
20261191,0.02,3.9974783504173614,0.06113013990231107,212,0.38295043251154387,0.06890763053161017,0.6207670625834825
20261191,0.03,5.273239790577775,0.0803457540936918,212,0.44214748606495546,0.08706233598447233,0.7930110018280402
20261191,0.05,7.817847520323114,0.11972071154309276,212,1.1312819250195683,0.12464650662290154,1.1368754380709678
20261191,0.075,10.656097157481769,0.16302189938775064,212,1.621000094956184,0.17080957986105846,1.565424379909683
20261191,0.1,13.286419282899997,0.20214031410118502,212,2.1685756926072064,0.2148445126515602,1.9923924907768116
20261192,0.0,1.262191453066276,0.0201631837181395,212,0.15968786795742665,-0.02412733590674122,-0.2566026947047536
20261192,0.02,-0.11852165009940532,-0.0018144893910131002,212,-0.14060007648798017,0.0155517179297601,0.10494019325812451
20261192,0.03,1.3599790977539783,0.020699055920113594,212,0.025522348234614075,0.03523174660758035,0.285394030629218
20261192,0.05,4.1080958575229936,0.061127323564890285,212,0.672369195509783,0.07237785129796923,0.645602202794583
20261192,0.075,7.063711114762388,0.1058005797948225,212,1.1204892768594275,0.11926193346635429,1.0944201934102065
20261192,0.1,9.910254746822101,0.1478454251191331,212,1.6414103057127192,0.1657217594378398,1.5414541094419716
20261193,0.0,1.9817396859957954,0.027793934139184157,212,0.23522025053835313,0.0020955132601247367,-0.14055679901496607
20261193,0.02,3.055549115268233,0.045265199149647516,212,0.6894655694181125,0.039913500709723645,0.19962745277946375
20261193,0.03,4.281581383371744,0.06447031608336894,212,0.5891824523380884,0.058769673295258174,0.36958414447586013
20261193,0.05,6.372852521414843,0.09747907080840969,212,0.8235187612630032,0.0962580061555077,0.709158112377265
20261193,0.075,9.04434230310429,0.1378307852814758,212,1.2874042388679356,0.14294127255617994,1.132848814681489
20261193,0.1,11.522344583071655,0.17238442909715762,212,1.607193711204465,0.18810880988845133,1.5554798314842244
20261194,0.0,-1.8010179589551536,-0.026504807497736423,212,-0.3550696985703223,-0.00952189959054562,0.03197654495556164
20261194,0.02,0.7827229499836437,0.01118879651145244,212,0.26279069642266795,0.02833806088191052,0.3389713961035734
20261194,0.03,2.7213811421387986,0.04137097258871774,212,0.588204587401278,0.04715116346955311,0.4923547968906399
20261194,0.05,5.070172278709748,0.07988694712477752,212,0.5902731470035347,0.08616745997162996,0.7988461043730063
20261194,0.075,7.713423731928064,0.12205903969437291,212,1.0343994741284965,0.13480065699251984,1.1813464628075616
20261194,0.1,10.441393744674913,0.16352730393944526,212,1.3449775988724988,0.18025496655383513,1.5630284749838617
20261195,0.0,-2.3031032969283682,-0.031233438027244112,212,-0.8485695019571503,-0.0038327981738432897,-0.003857979401630968
20261195,0.02,1.0159840795660453,0.015166489072307462,212,0.284802826202546,0.032021888488633216,0.32120084613807914
20261195,0.03,2.451553542487754,0.037241197807140025,212,0.4600560477209662,0.05034543621757159,0.483593575188305
20261195,0.05,4.850122573189271,0.07494171464454358,212,0.7244393157998904,0.08456562645114424,0.8080578161230457
20261195,0.075,7.581135232565816,0.1137777543523237,212,1.2350372181840346,0.12719444949829908,1.212937852618316
20261195,0.1,10.434647405150365,0.15636231869667394,212,1.6026237716224843,0.1710142339053008,1.6169024820254991
20261196,0.0,0.9922884076030036,0.014883319146180683,212,0.257201156264915,-0.003032553675218499,0.133827814378941
20261196,0.02,2.2358758494395277,0.031888108462240654,212,0.6311098262442252,0.033525543334139526,0.4615308747220921
20261196,0.03,3.2697205750318377,0.04821467252123929,212,0.7970370525275161,0.05148786702436605,0.6251394085422978
20261196,0.05,5.536501108860046,0.08500115985025893,212,1.0403028415501292,0.08706315362504857,0.9518202889301939
20261196,0.075,8.197609767436473,0.12507622785331815,212,1.4005705714901686,0.13113136394281288,1.3590637606689606
20261196,0.1,10.798368253085862,0.16193748181631193,212,1.8780950941356986,0.17289220057675214,1.7649339472960388
20261197,0.0,-0.4263299834565664,-0.005829818461036863,212,0.10414103504694017,-0.008013555276738549,-0.052297302966313006
20261197,0.02,1.9969118063508866,0.028227381876561902,212,0.2507597542524969,0.033187720241295536,0.33381110686235116
20261197,0.03,3.7401545938545206,0.052628897382316873,212,0.36021293418721584,0.05344079328477502,0.5272393216408015
20261197,0.05,6.924639816041624,0.09787463820069346,212,0.8069800954773045,0.09656259801597125,0.914741757805935
20261197,0.075,10.60124677571512,0.14855923863996626,212,1.3024792621092225,0.14544785901312002,1.4001178854653906
20261197,0.1,13.697472462184956,0.19243675153318776,212,1.86320218614684,0.19205260955622788,1.8862979575820957
20261198,0.0,-0.2662590099829661,-0.003798983149972112,212,0.09517043500066297,0.01458048787052534,0.30745863780826393
20261198,0.02,2.961401343500139,0.0443908543958293,212,0.45057792357669596,0.051343718271583065,0.619227877054627
20261198,0.03,4.075725055014702,0.06138975500637307,212,0.7554215409260643,0.06958021905238769,0.7750255155369664
20261198,0.05,6.24454988149932,0.09315394462209894,212,1.1218397138848442,0.10587006944283193,1.0864076413922303
20261198,0.075,8.717965622193843,0.13082578602394532,212,1.438563803372891,0.14791710575538192,1.4751551945165313
20261198,0.1,11.429159607688817,0.16787598494782083,212,1.7713421386107517,0.19060704257551153,1.8632562242749522
20261199,0.0,1.9450641487426843,0.029563093906040578,212,0.4382682472159612,0.012284073552402013,0.08143727205317372
20261199,0.02,3.4510219604904973,0.05334911167001546,212,0.35236644937630396,0.05014574688685215,0.40732715096235705
20261199,0.03,4.363857155017291,0.06718859375578123,212,0.5183902408574845,0.07005784019186129,0.5702626247633492
20261199,0.05,6.736207956890666,0.1039740569621024,212,0.7144113649564877,0.10782119894241327,0.8960607372151437
20261199,0.075,9.377823624215218,0.14441794247803075,212,1.190904113766033,0.15372295519847443,1.30306078012735
20261199,0.1,11.926406569002346,0.17833522235421417,212,1.5484855037422116,0.1978401723298441,1.709629125849097
20261200,0.0,1.5571022791818834,0.02314645313878076,212,0.29461201288261707,0.027254409291865993,0.03436726199481376
20261200,0.02,4.528975489596284,0.06729331030169973,212,1.0237785958345331,0.0666006128962506,0.41768626886913673
20261200,0.03,5.792969646415963,0.08561128094787204,212,1.0761764217723335,0.08610376956970597,0.6092626158911179
20261200,0.05,8.455422108573215,0.12334764207972203,212,1.1806951117073017,0.12397097359476004,0.9921641115750487
20261200,0.075,11.385630919693359,0.1638171306631121,212,1.7247931188563828,0.1691587739675801,1.470145690544958
20261200,0.1,14.423293127850108,0.20490970764826666,212,2.2174721179095678,0.2167550897088871,1.9471654167335708
20261201,0.0,0.6603025588430976,0.010478823450738554,212,0.3440614053033825,-0.011352869132670543,-0.43580841918431484
20261201,0.02,1.1521511698271703,0.01700902951554816,212,0.257677836598273,0.02583099232414022,-0.10282365101689021
20261201,0.03,2.486745279779595,0.03749430587456523,212,0.35149477727003803,0.04405993316461129,0.06366549462714932
20261201,0.05,4.455784344142886,0.06934283585201155,212,0.4860551360418808,0.07961414242295928,0.39654843854490457
20261201,0.075,7.178541504373866,0.10976086226980356,212,0.9141461132100294,0.12472826195484539,0.8122904443593724
20261201,0.1,9.678980981506944,0.14684818564149857,212,1.4817967096227955,0.16934939790746625,1.227373096168784
20261202,0.0,0.7901920590820647,0.012282815584092341,212,0.20528974582879544,-0.013408777201152253,-0.30347761129523604
20261202,0.02,1.1623350654346258,0.014933245127731063,212,-0.01784425306622134,0.02635504690888896,0.15464030526247968
20261202,0.03,2.942172165727742,0.03762831618716145,212,0.09505586958537224,0.045499766657083295,0.3832495285844777
20261202,0.05,5.572037950451744,0.07482061213544958,212,0.6421170532154151,0.08647310823960931,0.839402682338872
20261202,0.075,8.859390426884975,0.12110609352344719,212,1.3052484848033896,0.1354575397218244,1.4072606052878174
20261202,0.1,12.055584019737266,0.16515591506068616,212,1.92382767629129,0.1822592501605861,1.9720606447688744
20261203,0.0,-1.967012346358872,-0.030337842727432642,212,-0.48523576988282896,0.008360042071971661,0.19692895905428262
20261203,0.02,1.5114900806349987,0.021543445085001587,212,-0.0025485900777359855,0.0473309940955753,0.5029635698323736
20261203,0.03,3.5572720695513094,0.05235238425373015,212,0.23567527571948563,0.06680046961467145,0.6556550449835331
20261203,0.05,6.387516733734237,0.09672454841031237,212,0.8546076585409453,0.10522477863060907,0.9603416951427108
20261203,0.075,8.951230742637044,0.1382145752627272,212,1.2656729313270145,0.15297705804587722,1.339803957864198
20261203,0.1,11.510704598650895,0.17877239442886025,212,1.709601449446496,0.198869132325814,1.7175896076001496
20261204,0.0,1.2746610438763173,0.020216182067785287,212,0.305034549783618,0.004093833141067528,-0.24171998818632243
20261204,0.02,2.8862643767841565,0.041506924876939556,212,0.20783074425508308,0.0408848527320865,0.11053817226599363
20261204,0.03,3.996606227389998,0.057839121610779774,212,0.29388350572355104,0.05920451436266396,0.2865957702882438
20261204,0.05,6.320194329162759,0.09147591958065687,212,0.8485664534104383,0.0952286986387114,0.6385109016048861
20261204,0.075,9.22088209980291,0.13009993906140516,212,1.5325708279415433,0.13884964466182775,1.0779124107524212
20261204,0.1,12.133973382505198,0.16736545978263384,212,1.7896776557022398,0.18129437924798852,1.516601892981068
20261205,0.0,-0.7985728400497677,-0.010947359585288289,212,-0.3670248179363649,-0.006728988894836571,-0.15779386872379503
20261205,0.02,1.9470723863832256,0.02728595708599394,212,0.1652308055495012,0.03548020777715038,0.25319514933598275
20261205,0.03,3.723224533005582,0.0528949132532443,212,0.39731444893742957,0.057421910674988995,0.45847552962305327
20261205,0.05,6.912182933619952,0.09932274769632916,212,1.090897883192961,0.09972480570750399,0.8684789143592814
20261205,0.075,10.155826434218126,0.1453104654097468,212,1.5079355316189416,0.1492542601075551,1.3796743655992816
20261205,0.1,13.240834451992143,0.18868334184329755,212,1.9869582912427473,0.19761773911399833,1.8890475495174153
20261206,0.0,3.2855222520965675,0.04597081968889291,212,0.5944827226995104,-0.011235199841602768,-0.09043227780783229
20261206,0.02,2.8401486651995556,0.040826139313132045,212,0.5091437322580196,0.023703696790218824,0.26489198000861747
20261206,0.03,3.436984394962396,0.05124761189275631,212,0.6918692654997355,0.041420849753053476,0.4426162085315714
20261206,0.05,4.6601446641984685,0.07039204955659341,212,0.8533703339051686,0.07611342505160827,0.7981199947647798
20261206,0.075,7.076451993379572,0.10698344151155463,212,1.2129580260520496,0.12139774048717743,1.2424612182334756
20261206,0.1,9.100785591245034,0.13641621580421498,212,1.6494154910535401,0.16459743360917825,1.6865584893724834
20261207,0.0,1.224121276663789,0.017864540321425006,212,-0.003757197520881188,-0.01393559707040282,-0.5423471337196963
20261207,0.02,1.5358451811791332,0.022076244918880276,212,-0.11187699917082827,0.02010018004911006,-0.17340051732446476
20261207,0.03,2.607711912295261,0.03803463686777917,212,0.046911018220109804,0.03692961607960922,0.011205277126526768
20261207,0.05,4.64450914528903,0.06818736941746349,212,0.3123980677769029,0.06941843878348637,0.3806169813470888
20261207,0.075,7.523729907959438,0.11121793283905085,212,0.8938266355953601,0.1137249616127543,0.8426225220314371
20261207,0.1,9.967422959635615,0.14676395154954944,212,1.354266754730364,0.15536789182160135,1.3047052689950343
20261208,0.0,-0.6277628604405631,-0.00823522664906679,212,-0.16855303182914066,-0.0034842310794360254,-0.061778106774643016
20261208,0.02,1.9496185296722612,0.02949012516377463,212,0.382196395673293,0.03455328928895437,0.28052109673505854
20261208,0.03,3.2197675742078484,0.04861740877241237,212,0.5073334017904287,0.05365763820285461,0.4517287930124852
20261208,0.05,5.601708039221683,0.08419389513319045,212,0.9638124562957703,0.09109453162108402,0.794216794910609
20261208,0.075,8.406712775390535,0.125751002022355,212,1.3256674418636338,0.13668417655700985,1.222372895166286
20261208,0.1,11.341327383972391,0.1668610793536377,212,1.8385468794966642,0.18189654883221232,1.6504527655145618
20261209,0.0,0.692590982121448,0.010630649640786641,212,0.22457570559287576,0.017305589215721697,0.17721073968979592
20261209,0.02,3.271978599126033,0.048858333637227296,212,0.460773237392929,0.055169003750192486,0.5196340201642804
20261209,0.03,4.579994262893387,0.06810825593900671,212,0.6386474832526077,0.07343393230891271,0.6907781434775131
20261209,0.05,7.085279391204612,0.10486683592449306,212,1.0172724492730594,0.10976561473562417,1.0328553561642682
20261209,0.075,9.423624294038941,0.1411261560944756,212,1.3988838396515173,0.1556495412466146,1.4599000654762804
20261209,0.1,11.803529307125437,0.17865897284000476,212,1.8755668796919132,0.19883820341174382,1.8861122259869916
20261210,0.0,-1.3979327949903038,-0.020638120619554664,212,-0.13917160501628445,-0.0016304309183322846,-0.1681913134151743
20261210,0.02,1.575737126596055,0.02352563456788904,212,0.04085657712973956,0.03777250099783811,0.15294787688282122
20261210,0.03,3.0058078892635445,0.045450309327395855,212,0.22461701119914315,0.05753326028211486,0.3137293005921189
20261210,0.05,5.581733618029342,0.08663412349296833,212,0.765783464633324,0.09567654265298513,0.6356588520761942
20261210,0.075,8.48882801795478,0.13362727366560825,212,1.0578653324526792,0.1445914487749889,1.0386398558412864
20261210,0.1,11.133413061936318,0.17371143608369924,212,1.4256095625223457,0.19007819352080588,1.4420842344881866
20261211,0.0,1.093653905023788,0.017175817806704352,212,-0.060018840585015346,-0.029623071154428002,-0.3263447561039127
20261211,0.02,-0.9845941043439623,-0.01371402705520328,212,0.018069533811734668,0.007875950784109574,-0.022902720694415905
20261211,0.03,0.9174150170625633,0.0140509634229997,212,0.09606128211765082,0.027704076832878594,0.12901252614016817
20261211,0.05,3.945096407662652,0.06141868647260483,212,0.6719240343628935,0.06452653824530585,0.4331807459536314
20261211,0.075,6.90751632254122,0.10623301560425119,212,1.001394932374169,0.10929627641760367,0.8139187348892308
20261211,0.1,9.883443402763259,0.14957619247954634,212,1.3945524214960054,0.15322355798531978,1.1950927072828808
20261212,0.0,2.4631008825192784,0.034313999104239955,212,0.7540568498331284,-0.010386055659030183,0.00032803880110255165
20261212,0.02,2.260200464035007,0.03272123227744548,212,0.41959209613917037,0.02957011344004975,0.3258511401206484
20261212,0.03,3.458881475781778,0.05119896606457902,212,0.441093990059885,0.049591425274560404,0.4882974329726288
20261212,0.05,5.629917462670855,0.0846923868566704,212,0.548085822045662,0.08981888530230304,0.8124958172940081
20261212,0.075,8.089340895738584,0.12431210963100554,212,0.8700712264727851,0.1381797773681115,1.2163129108755484
20261212,0.1,10.731119928842615,0.1664337641577013,212,1.2352121165944638,0.1851433551605299,1.6183607551113055
20261213,0.0,-2.4588147922508004,-0.03566353679014797,212,-0.12723615712435035,0.0017197324567509442,-0.10993463387285753
20261213,0.02,2.228838107036056,0.031748059683224965,212,0.4808774667394342,0.046335198246967225,0.26580378339927924
20261213,0.03,3.8402346908433747,0.05526959776032014,212,0.7106184556612684,0.06764969170293147,0.4537451381548035
20261213,0.05,6.9354749356857655,0.09964381016229931,212,1.1219943853628858,0.11068439594548515,0.8296885194895637
20261213,0.075,10.241124873457652,0.14971137667574427,212,1.606950920892893,0.16300749148415183,1.2995587746272426
20261213,0.1,13.24685403025829,0.19527433949997175,212,2.0687922014326743,0.21258602525483022,1.7691192761212284
20261214,0.0,0.652325486076682,0.010144447389688305,212,0.14024705857722314,-0.02301788230805386,-0.17922272594636474
20261214,0.02,0.8970546715541297,0.013828216736082616,212,0.03767036982173433,0.015129575736098484,0.16727195414382942
20261214,0.03,2.2411543011094865,0.0339499234849341,212,0.18678534330801785,0.034311732432120115,0.34068892868156336
20261214,0.05,4.851611894323949,0.07127970790549175,212,0.7204269555334895,0.07124497432341328,0.6877984165588307
20261214,0.075,7.943276312465785,0.116656792459947,212,1.166570622728821,0.11864112532464847,1.1220696529720195
20261214,0.1,10.795197985764164,0.15901937185145773,212,1.5703400894343273,0.16636079269680573,1.5565799858161609
20261215,0.0,2.099150778623979,0.02879986646500628,212,0.2321859935135708,0.0175028073725428,0.06844206610533202
20261215,0.02,3.7104168160148565,0.05294407114277082,212,0.5924676927056008,0.05459247850970423,0.4143379217970083
20261215,0.03,4.7262126898101116,0.07037463947071942,212,0.8986802098949516,0.07255515490439442,0.5873906223118246
20261215,0.05,6.803401988674944,0.10895209159498932,212,1.3113686217951948,0.11004643010057814,0.9336487465200924
20261215,0.075,9.099663984329368,0.14698648399452294,212,1.3679927332193647,0.15333967392762202,1.3666401310262168
20261215,0.1,11.701442681094958,0.1865058448845692,212,1.6494093607686364,0.19695384407199157,1.7996522197154592
20261216,0.0,0.07296389990311368,0.0011500897903810958,212,0.00822238683901321,-0.012797625284151275,-0.0998817146811861
20261216,0.02,0.20700941741802373,0.002932319316392412,212,0.04870025367471656,0.0288647950665438,0.2505807765654346
20261216,0.03,2.1326852015707365,0.031037062499812612,212,0.2960063404022515,0.0493776854766853,0.42611021870607435
20261216,0.05,4.7638220230852735,0.07068776498577645,212,0.5409104337316821,0.09085538518849262,0.7776859661018837
20261216,0.075,7.686047836208787,0.1135780235976735,212,1.187216468341165,0.14103065264872724,1.2179588427860162
20261216,0.1,10.533200220323753,0.15392180111982645,212,1.5246479768864825,0.18842257187214734,1.658887069870498
20261217,0.0,1.6889323075153664,0.02459225835834489,212,0.2274082251525755,-0.0025036558606235902,-0.2756581572379202
20261217,0.02,2.295746687838398,0.03405003147870948,212,0.15104400653653988,0.037861568556885286,0.08206772141757165
20261217,0.03,3.4581378425006664,0.05157302688019496,212,0.3279101827052896,0.05730308255440761,0.2607435168357207
20261217,0.05,5.907356568168293,0.08910123507358103,212,0.9287255143608301,0.0951010870639968,0.6176314584235071
20261217,0.075,9.248054891684117,0.13693211761356894,212,1.315599098947031,0.14212781652140996,1.0626895003894132
20261217,0.1,12.285763809208516,0.1806805910467833,212,1.932953586581968,0.1878111338649356,1.5063238013709264
20261218,0.0,-0.8817252077883669,-0.012353992111635964,212,-0.1295755141515057,0.009402527257557743,0.114738547156054
20261218,0.02,2.868798535569434,0.03996203578629852,212,0.2826189996075027,0.04526308043006422,0.4489469161102456
20261218,0.03,4.149716347566658,0.05822982442024583,212,0.5906005876722168,0.06275728549087944,0.615598483125582
20261218,0.05,6.8793013183322,0.09592394049078395,212,0.9555584515151274,0.10029088744624744,0.9479463666377332
20261218,0.075,9.974621624255013,0.13830213775344632,212,1.2867605215863858,0.14391139156604077,1.3614892559265466
20261218,0.1,12.740193547955005,0.17705238035678095,212,1.731078056337092,0.18762598602417263,1.7727908997290835
20261219,0.0,0.33850311564473207,0.004790589952765081,212,0.1613003370468809,-0.0017402656717990471,-0.09651349338503946
20261219,0.02,1.9044354955204201,0.027770879183719184,212,0.04132271433776108,0.035013027302665665,0.2635267623926726
20261219,0.03,3.267550077566609,0.04794123176074796,212,0.39165998718578215,0.05470390349671044,0.44344416801660724
20261219,0.05,6.271036132918278,0.0911131241147241,212,0.7175690815375365,0.09357881370591056,0.8029909043509128
20261219,0.075,9.581238903432842,0.13601286983120595,212,1.2739548079400813,0.14186872757388183,1.2517147249183678
20261219,0.1,12.482788026874768,0.1739954188645711,212,1.5875149617581987,0.18763849624062715,1.6994123518933022
20261220,0.0,0.40176406868391146,0.006502923104605859,212,-0.02657992118837615,0.0018827998501835068,0.6392111333595428
20261220,0.02,2.94757622226155,0.04256381950175994,212,0.5492692389217352,0.05074505870103854,1.0119895141609447
20261220,0.03,4.733103562388616,0.069491077612615,212,0.8477085187154888,0.07462400343120734,1.1983215297891228
20261220,0.05,7.746908410456297,0.1156155157062783,212,1.2160422785993492,0.12080203100543971,1.570802115012526
20261220,0.075,11.265660258905871,0.16742869935926435,212,1.7887163457935045,0.17661334386650568,2.035916782164985
20261220,0.1,14.696146802790349,0.21525932586857763,212,2.106756069370009,0.23131719705553203,2.500291336545044
20261221,0.0,0.37026342627852277,0.005270903498347212,212,0.270172466485254,0.008358286385908865,0.13185917754605908
20261221,0.02,3.0856112336811377,0.043545185077568216,212,0.49193983352985854,0.04786541632794786,0.5035286037006281
20261221,0.03,4.233114615235452,0.0598666285230745,212,0.4982119721494148,0.06781240470860801,0.6890542767891813
20261221,0.05,6.860561456950965,0.0984596682921941,212,1.1380836583873792,0.10758119626991072,1.059400095508658
20261221,0.075,10.047439740766606,0.14326017176741113,212,1.7729606706388137,0.1550748712270538,1.5208316376186455
20261221,0.1,12.865187708532774,0.1816642608986631,212,2.373194255478128,0.2004910861075257,1.9803483756734992
20261222,0.0,-0.29760175518698906,-0.004572451817991106,212,-0.15891696811625977,-0.02291751436460747,-0.18539928398179392
20261222,0.02,0.2214209809628421,0.0032689996535142166,212,-0.2249506168663305,0.015488422387568104,0.15859024847415257
20261222,0.03,1.7613125552505422,0.02606059427727534,212,0.05109864878820339,0.033508581007500246,0.33055421248944317
20261222,0.05,4.5178299742815655,0.06716273465764488,212,0.5021965563807235,0.07232008598951237,0.6743476219363779
20261222,0.075,7.6012878040504335,0.11260433894210373,212,0.9264537806038565,0.11804285297214034,1.1036871828352188
20261222,0.1,10.2717044789973,0.14951909763910667,212,1.2184959013936343,0.16211125331606382,1.5323687342906116
20261223,0.0,-3.222132761998148,-0.0472330509147564,212,-0.5915349586178489,-0.01831682480701992,-0.10008545367722833
20261223,0.02,0.4527822992299831,0.006776107834422561,212,0.19447655445003437,0.0211986189731746,0.28082477690090424
20261223,0.03,2.290044517576834,0.034494500729845196,212,0.5041549700005464,0.04168206282615633,0.4710649052063459
20261223,0.05,5.312161452960453,0.08068013015474207,212,1.009636700737673,0.07906922471523689,0.8510093196129267
20261223,0.075,8.725251907857288,0.1320667667038156,212,1.6616910539998682,0.12885377794949646,1.3247190025255648
20261223,0.1,12.029138056991707,0.1785911247112312,212,2.197381222974282,0.1761458408044191,1.7967705710657982
20261224,0.0,1.3419341297429235,0.021896767415973517,212,0.18880835592815193,0.0029441366296176193,-0.09250202160751654
20261224,0.02,2.783305810838957,0.043097899489011715,212,0.454665970092184,0.040020210068780676,0.2546548587619874
20261224,0.03,3.7656386842012837,0.05802346369650427,212,0.7055895121045251,0.05806890723907646,0.4279767622133539
20261224,0.05,5.72613885647772,0.09006237422609452,212,0.5754647838655109,0.09340766253296029,0.7740447374900454
20261224,0.075,8.40270967812766,0.13220451120675972,212,1.262476115456936,0.13767266338180748,1.2054221784522356
20261224,0.1,10.737715836530393,0.16799145478207322,212,1.5298027818440247,0.18073456352760392,1.6352797827706245
20261225,0.0,1.4043252151470962,0.02140365493542763,212,-0.0010237180111183346,0.002623124019674261,0.15717964785067148
20261225,0.02,3.326754212705789,0.04924570804792332,212,0.451216210005199,0.04618453632890426,0.49139861716820105
20261225,0.03,4.661360593679978,0.06968207649587953,212,0.615940953425979,0.06793997063986969,0.658534603374934
20261225,0.05,7.1873436605858565,0.10664829735848054,212,1.183205900843253,0.11042260739833616,0.9927909697305466
20261225,0.075,10.361911124577743,0.15164952888259758,212,1.4327970736165903,0.1633616340006156,1.4104406345426552
20261225,0.1,13.190004981804709,0.1917511013865625,212,1.5980680399947225,0.21477687771723258,1.8277006735077796
20261226,0.0,0.6997720251892039,0.01089178593387113,212,-0.04075035309579623,0.02726381467821901,0.45924664971363244
20261226,0.02,4.030712134266491,0.06107893376738761,212,0.5726129360200655,0.07211084321393753,0.7694375602617405
20261226,0.03,5.5498946528615125,0.08321662604817606,212,0.8266900954768821,0.09475557620830491,0.9242716595181251
20261226,0.05,8.57834179821064,0.12589233095474378,212,1.1278848504605312,0.13919383900399002,1.2333712521768714
20261226,0.075,11.998973340871663,0.17313664721918334,212,1.6053618380927501,0.19307664686886838,1.6185862183240776
20261226,0.1,15.209941622468827,0.2178659741668567,212,1.9976488598534274,0.2435139958716093,2.002382813924565
20261227,0.0,1.8327623152703039,0.029055641108949,212,0.01699338432585349,-0.005594026406200868,0.16440456250074711
20261227,0.02,2.5749111599820846,0.04320261603493022,212,0.19771115113517473,0.03878974647432901,0.5320503096539599
20261227,0.03,3.946810291556642,0.06496034601615679,212,0.522978810856283,0.06113882972439433,0.7156067291716467
20261227,0.05,6.248180478474508,0.09997408973255567,212,0.8827968251982843,0.10421132260822132,1.0821049871133683
20261227,0.075,9.382204687242469,0.14677547292990725,212,1.4050863911192029,0.15726656535473105,1.5389090538262207
20261227,0.1,12.204299549347645,0.1906934386697183,212,1.8205592630763585,0.21014685164880736,1.9940159660224728
20261228,0.0,-1.9949064238008063,-0.029190825305146956,212,-0.2633417131525692,0.0020830956890228475,0.31506533836055245
20261228,0.02,1.587879400836749,0.024201555548878824,212,0.4656388743178227,0.038576232823043816,0.6399338900267856
20261228,0.03,2.9044370962051875,0.04493082308859727,212,0.6421222847382493,0.057409938497132,0.8023296787499195
20261228,0.05,5.244210367490511,0.08079380777427214,212,1.0789862703517503,0.09281682955953244,1.1269934706592644
20261228,0.075,8.244593374555308,0.12536209142761126,212,1.440348451864549,0.1389167210193071,1.5324790688721446
20261228,0.1,10.740711995792104,0.16279710445543658,212,1.8925927939101257,0.18341560692128064,1.937435015838798
20261229,0.0,1.1549620329236805,0.0176799422050259,212,0.24457643746355096,-0.011903249141383064,-0.12313568145704917
20261229,0.02,2.2421944005867536,0.033476522767566644,212,0.36612509536654575,0.027888087212733552,0.20035550748256706
20261229,0.03,3.4422083247946964,0.0522958014746397,212,0.35864261012901916,0.04683469311018585,0.3620252686704421
20261229,0.05,5.773556096885312,0.08602502651805369,212,0.8166641987994562,0.08501198626366087,0.6851475660137896
20261229,0.075,8.91347738775652,0.12837966895865124,212,1.2580533995762015,0.13153878948336095,1.0885085719618708
20261229,0.1,11.8381846017208,0.1699672434980953,212,1.5054133345232987,0.17852490252646244,1.4910784840330493
20261230,0.0,1.3362654809789154,0.01901719041855228,212,0.14879576115943838,0.03339677068204698,0.09927527150463111
20261230,0.02,4.670232180939491,0.06663326322253621,212,0.48599199128877923,0.07329361787023432,0.46253019258790157
20261230,0.03,6.117294077922112,0.08673320736404525,212,0.5502939751400878,0.09299094777233868,0.6439252558203062
20261230,0.05,8.837097041959789,0.12442911564930567,212,0.8816638908279602,0.13184882274002607,1.0061712252861088
20261230,0.075,11.871941068738165,0.1683155896161388,212,1.1174217203059136,0.17897837551198686,1.4577964771225485
20261230,0.1,14.33619484802603,0.20484399802514414,212,1.339428569381645,0.2233550372814985,1.9078822426176316
20261231,0.0,0.456370599896918,0.006393854037218866,212,-0.1954679388242893,0.006178190838996643,0.1255184032951338
20261231,0.02,3.3524680381879706,0.04699263811129072,212,0.6452969548728084,0.046612107416543716,0.4839221476255463
20261231,0.03,4.55256354759285,0.06525069757960257,212,0.8511878826878124,0.06797383721521988,0.6634033634761147
20261231,0.05,6.955603810018419,0.10204076933806687,212,1.240404333030341,0.10798003284694417,1.022867552957414
20261231,0.075,10.12364845918825,0.14928585369453026,212,1.6256650022123689,0.15789357489999514,1.4730198677695052
20261231,0.1,12.948801173181687,0.19044227257791865,212,2.0444216353562665,0.20517469450122472,1.9239159626526554
20261232,0.0,0.5188863506169078,0.008528893832852878,212,0.0374895347199903,-0.0004608578634555168,0.04903835135692391
20261232,0.02,1.6958946274663447,0.02449368654861721,212,0.12407387618270974,0.03793888303881036,0.35416704720990666
20261232,0.03,3.1872291529216636,0.04629572261498231,212,0.3695175492297458,0.05604017572031849,0.5067340439640772
20261232,0.05,5.689633793378039,0.08402491488794299,212,0.8508665879564247,0.094304224832971,0.8118305211713254
20261232,0.075,8.647635070841789,0.1293257023013623,212,1.2263136156198833,0.13947667857053364,1.193042526025182
20261232,0.1,11.310600231034897,0.16969841128974703,212,1.7021060992925052,0.18503434622090087,1.5739537451184533
20261233,0.0,-0.7861737010189747,-0.012266429620916832,212,-0.25087297907227013,-0.0010703120524591155,-0.4278913515574046
20261233,0.02,1.725997504519876,0.025792530160950993,212,0.30663571819440477,0.03478304571238956,-0.06683702094789605
20261233,0.03,3.150782744214351,0.047026690191014825,212,0.42900622459852467,0.05255418880889967,0.11353066836468194
20261233,0.05,5.443018754285073,0.08035932371944651,212,0.7944853842376657,0.0874337067929753,0.47384252422996914
20261233,0.075,8.296459125881192,0.12199784836313937,212,1.2830363940743963,0.1292499599293559,0.9232244568230672
20261233,0.1,10.736169880671016,0.1583726383673743,212,1.6181442296581832,0.1720487256341606,1.3711877364932785
20261234,0.0,-1.1940059739681461,-0.0167733375862059,212,-0.04227568680648631,0.011932168108865278,0.3247053262799517
20261234,0.02,3.335395771543188,0.047605063484975396,212,0.6894222921893909,0.05492193318507197,0.6725349249676855
20261234,0.03,4.906733252334409,0.07034801228055922,212,0.841896686188342,0.07463515575015553,0.8466276085201976
20261234,0.05,8.049629458653317,0.11416663811861877,212,1.2592695720146665,0.11731910057593631,1.1951074121083187
20261234,0.075,11.721265895069624,0.16463514866851447,212,1.702759474656914,0.16885016590884608,1.6311318552828677
20261234,0.1,15.050447383545055,0.21024701335159388,212,2.1097645036175856,0.21874223326702913,2.0674469618210707
20261235,0.0,1.8011869468416115,0.02567296383590469,212,0.5437555792838761,-0.001331911129334967,-0.12107378723255081
20261235,0.02,2.025776475146824,0.030071826856505238,212,0.36890858411836197,0.03644712636883567,0.2453771328776006
20261235,0.03,3.346342477876909,0.050389141040764376,212,0.44633152974519713,0.056847760110061464,0.42826494441323654
20261235,0.05,5.860459484044155,0.08800721600094112,212,0.8957548692626028,0.09483560130681688,0.7932959177384874
20261235,0.075,8.90747554643474,0.12990766002476753,212,1.221804728627439,0.14171025722922626,1.2480475583480324
20261235,0.1,12.094631063032665,0.1721499049992081,212,1.838283569418987,0.18766370511194586,1.7008957098164978
20261236,0.0,0.08021559331304998,0.0012555744283234416,212,0.044816706715739243,-0.02140164245260997,-0.49453410450079605
20261236,0.02,0.7797968750154998,0.011421528394679609,212,-0.0866621438289471,0.014667371713017258,-0.1806225399685025
20261236,0.03,2.0011484518447027,0.030420028573984813,212,0.16970548615701903,0.03212433860042048,-0.023567993579401817
20261236,0.05,4.592144284453235,0.07129020516315106,212,0.6819695171186018,0.06965531493417296,0.2906699418971756
20261236,0.075,7.080609517071036,0.11131010388191309,212,1.2456260259968464,0.11175737187320313,0.6835668558589552
20261236,0.1,9.451664730082891,0.1474708522421679,212,1.6085566824570523,0.1535183776858389,1.076373106538328
20261237,0.0,1.3034349817993613,0.019629871822911576,212,0.1809979888277846,-0.01245271573904516,-0.32235690460630034
20261237,0.02,0.7340025324610698,0.010444259309665214,212,0.13843456374181173,0.025977984614541417,0.06538341632688689
20261237,0.03,2.310129500681717,0.032974446614642036,212,0.3084970128506619,0.04523570228827803,0.25887873049936344
20261237,0.05,4.738953258354656,0.06859804261954972,212,0.5009557958885126,0.08239864692178903,0.6450272514716754
20261237,0.075,7.932044707844023,0.11386605810661798,212,1.0439825878646236,0.13017739057096986,1.1259464717335201
20261237,0.1,11.346465462058648,0.15851294317706466,212,1.5218864051356047,0.1762229029557859,1.6046430446371434
20261238,0.0,0.9354230402482179,0.014585043410251481,212,-0.005905270135429429,-0.031072682291007094,-0.6052428711538934
20261238,0.02,-0.18014230261578323,-0.002781517249042798,212,-0.2579013065262978,0.010767922283363174,-0.2093259104141291
20261238,0.03,1.3248197644482596,0.01972281095779767,212,-0.23797527762100162,0.0316648628954215,-0.011517495783048731
20261238,0.05,4.1613579515332875,0.06083109607435803,212,0.4217756219994535,0.07212657792016912,0.38369812484245486
20261238,0.075,7.459843519881329,0.11041220430603005,212,0.743797779838537,0.12203247166959334,0.8767585221823662
20261238,0.1,10.3831200889391,0.1534012907583294,212,1.19940387228618,0.17110280186700555,1.3684636991159564
20261239,0.0,0.4205776636150825,0.00578347690893113,212,0.00434075605005687,-0.009858139235133671,-0.3300826598770849
20261239,0.02,2.3270751591873533,0.03510078136733905,212,0.2568763989370172,0.03200973284059778,0.013814462726748066
20261239,0.03,3.4422073381613494,0.05356289728332094,212,0.4135212020016471,0.05219302982274848,0.18587125639803104
20261239,0.05,5.77788955530067,0.09031077011206383,212,0.8590258973641138,0.09261968143218899,0.5301322066908007
20261239,0.075,8.46716186884777,0.13355558507671542,212,1.3162311300978147,0.14226827750901272,0.9605917063063096
20261239,0.1,11.435709262579383,0.17776516975491566,212,1.6411794615343833,0.19110552027155547,1.3909967306771238
20261240,0.0,1.9403727716017265,0.027549156619500567,212,0.22885952726960626,-0.009283863244950268,-0.20166982492363156
20261240,0.02,2.5025609206848936,0.0350393340054309,212,0.42274333018819604,0.03051975019223847,0.1477452559484113
20261240,0.03,3.554163094941209,0.049789005139461315,212,0.4503875577941118,0.05064178496074041,0.3222916594051758
20261240,0.05,5.724709298065037,0.08010098876875761,212,0.6082237068029286,0.08848532540115703,0.6709760842397962
20261240,0.075,8.641590426586042,0.12195227490305752,212,1.021676849130558,0.13626858659699212,1.105889817743198
20261240,0.1,11.407836596571112,0.160983639187122,212,1.366441142458344,0.1831567877904003,1.5395108712068815
20261241,0.0,-1.6054196904094888,-0.022904760181941992,212,-0.22782928105255681,-0.011285940743362272,-0.32492753684488596
20261241,0.02,0.9671072368772468,0.01464006462214914,212,0.23901249265190386,0.025332486880698557,0.050138271766828606
20261241,0.03,2.6032787614987862,0.03936777010035316,212,0.35826589394546665,0.04425030144904575,0.23739801067429625
20261241,0.05,5.664715190799857,0.08580279189248582,212,0.6911397437356998,0.08198083317973145,0.6112913998056051
20261241,0.075,9.096016395272615,0.13483471432710367,212,1.0960991949392758,0.12975544115510307,1.0773217791626362
20261241,0.1,11.93967072489206,0.17624357945566477,212,1.3196146149298285,0.17488163261685397,1.5416410778693477
20261242,0.0,1.1152557690288034,0.015080206734961422,212,0.2208306392113105,-0.005760310729360819,-0.30317561724415426
20261242,0.02,2.582841293754273,0.038792231633971885,212,0.36666102334060097,0.03314229757050595,0.07631963332276319
20261242,0.03,3.545804557734863,0.05422832100665141,212,0.7128761457364825,0.05231676350710663,0.26603503080385543
20261242,0.05,6.101263557671645,0.09154376770943046,212,1.0080653200084368,0.09073637760011188,0.6453192052091328
20261242,0.075,9.032381986410586,0.13435593696556924,212,1.2595360945484466,0.13912568091317562,1.1189805104562598
20261242,0.1,11.830395769778406,0.17676741821593187,212,1.7100205889647666,0.1859771718650667,1.5919107049237655
20261243,0.0,2.05640382362538,0.030566734150540554,212,0.33926319833651863,-0.008246224499452077,-0.22158013497593507
20261243,0.02,2.132773567150729,0.03253202560890327,212,0.5739992453697822,0.03227623333989969,0.14676152545778928
20261243,0.03,3.4495560316549576,0.05224024281824775,212,0.7387229829496221,0.05286135033931437,0.33083903426656
20261243,0.05,6.398440707561092,0.09619379682183062,212,1.1345738492291428,0.09228798446030295,0.6987318906710569
20261243,0.075,9.652053296897074,0.1449973398946898,212,1.4650407657741893,0.13956987763077078,1.1579514531038013
20261243,0.1,12.75619570783366,0.18929474309428376,212,2.1380552568922506,0.18471849031882356,1.6162351062915723
20261244,0.0,-0.7699175646865695,-0.011239234554352058,212,-0.20151061063874132,-0.00022981177404785108,-0.15143128415587195
20261244,0.02,1.6488964245011573,0.023891978240344145,212,0.4848830785421425,0.03552859327001069,0.2118058196463876
20261244,0.03,3.2005303439707107,0.0461700115537452,212,0.454114625738219,0.05261984515555924,0.39335615685149966
20261244,0.05,5.800700105536346,0.08394272904139083,212,0.8983637824514124,0.0873535864781379,0.7562547673794218
20261244,0.075,8.542767433562389,0.12557766925563904,212,1.267590912287157,0.12887068365219667,1.2093643239719003
20261244,0.1,11.188721343544593,0.16465614318383312,212,1.5921654356596957,0.1710070068590431,1.6617134961303575
20261245,0.0,2.477118420233078,0.03728600317519806,212,0.05228369935313202,-0.01510785253586282,-0.12586748184993504
20261245,0.02,3.1284839062780705,0.044240308359154296,212,0.4339384701054611,0.028180172079144382,0.20094255352593615
20261245,0.03,4.011537771849096,0.05779943685621408,212,0.5352767804753832,0.04925917917762532,0.364670747013807
20261245,0.05,5.947656013009507,0.09026259021364529,212,0.7472812554450068,0.09133256428914603,0.6927129044443382
20261245,0.075,8.896541550917648,0.1356420428390407,212,1.3215710503200562,0.14128398070630488,1.1037372214538388
20261245,0.1,11.533627726224488,0.17681945469516402,212,1.577299785497339,0.1914079501314981,1.5156595579370387
20261246,0.0,-1.8520097511394498,-0.02833363460652811,212,-0.34056440334764804,0.01747918098883959,0.15838544117283168
20261246,0.02,2.419061039583835,0.03449475676051981,212,0.2693263116334035,0.05431281424049982,0.5050553496957499
20261246,0.03,4.026694615858661,0.05651467493098426,212,0.45542180137821814,0.072747931344362,0.6783662511497209
20261246,0.05,6.805221520944013,0.09675936858206036,212,0.8433445363991312,0.10940565808401577,1.0248734665620305
20261246,0.075,9.811150958442637,0.138902529685424,212,1.3355239986985308,0.15367477426992984,1.457655787883385
20261246,0.1,12.476494567577873,0.1778542684296825,212,1.699003472178435,0.1965842152278526,1.889854520432566
20261247,0.0,-0.524362526313038,-0.008123644893519199,212,-0.01568554408819322,0.011467223472198295,0.08455938427324124
20261247,0.02,2.9077469121352295,0.04347576746717474,212,0.3108601022316423,0.0509448270856976,0.4371823982674471
20261247,0.03,4.293015039971281,0.06467639269029508,212,0.662784144523386,0.07093984645333638,0.6135428338201617
20261247,0.05,6.911969930883791,0.10407286208761249,212,1.0770424953142503,0.11122227131571215,0.966300635405824
20261247,0.075,9.814985568468398,0.14640139628543708,212,1.57028664905139,0.15725904990612435,1.407191323590537
20261247,0.1,12.696854599652472,0.18852536273858572,212,2.0279656155816044,0.20519638792160455,1.8478412759729759
20261248,0.0,1.5056931772962259,0.021218286128237562,212,0.21989359931908165,-0.017103767914486125,0.13426275391085596
20261248,0.02,1.8092140621692996,0.02523079886084054,212,0.32597578544692596,0.021337126506105527,0.4704053820235001
20261248,0.03,2.686959792914193,0.038968124707434,212,0.4421704421980566,0.042071378548888996,0.6383452515482598
20261248,0.05,5.175971443870349,0.0779495630099481,212,1.130518192350318,0.08148765707108291,0.9739098461403776
20261248,0.075,8.17871125139425,0.1235263514906049,212,1.5211443035241021,0.12958422143445897,1.39266763557091
20261248,0.1,10.972299094369728,0.16324925462681084,212,1.8784584584347408,0.17621205404463489,1.8104997937763878
20261249,0.0,-0.3343497661557015,-0.005294714351086622,212,0.16936260775178816,-0.014462940681557563,-0.1658160548975356
20261249,0.02,1.1074855744204568,0.01601190235989392,212,0.040823388904286204,0.024450168822759213,0.18886508462185964
20261249,0.03,2.8058845784535027,0.041846933612831386,212,0.21626166211178247,0.04412339150497073,0.36641489463572285
20261249,0.05,5.394525174458002,0.08367927347720958,212,0.5750826196821421,0.08167491076614222,0.7218549852364677
20261249,0.075,8.41602073316188,0.1292591343259618,212,1.0515611952426214,0.12854593342452075,1.1666313769872896
20261249,0.1,10.891805116730104,0.16871499746854182,212,1.4504936400175046,0.17417622031598337,1.611706306881035
20261250,0.0,-0.11018864493741085,-0.0016982514647368241,212,-0.03146461936783378,0.01414941253826152,0.43251361595722665
20261250,0.02,3.2012721824754364,0.05089377750043515,212,1.0344689183372449,0.0553041886273508,0.7668222763910959
20261250,0.03,4.445550434411647,0.07115681318167541,212,1.235943331533509,0.07655577202549009,0.9338658661020599
20261250,0.05,7.13703929748677,0.11381536403304378,212,1.5294090046844608,0.11816912352570076,1.2676733605912291
20261250,0.075,10.185668151673545,0.15939650503516908,212,2.0607352638941636,0.16910952937199578,1.684288948473999
20261250,0.1,12.978123885597139,0.20219356848150544,212,2.4056472877905195,0.21879038944127494,2.1000216666176983
20261251,0.0,1.1194446791216723,0.017381410438422083,212,-0.01755262948437998,-0.010315768304169762,-0.4203635141363937
20261251,0.02,1.620058537898132,0.02674086777973362,212,0.14485885481986097,0.024115780820582505,-0.04273106333776509
20261251,0.03,2.3730891955330775,0.037590423647318086,212,0.32019216304677794,0.04163719031749076,0.14593527166724618
20261251,0.05,4.777289401245981,0.07182991782524441,212,0.5301153586677213,0.07547870496432958,0.5228858599037136
20261251,0.075,7.564569819471578,0.1105927059316353,212,0.9715974649758773,0.11839813370169522,0.9931892297100404
20261251,0.1,10.039983840655978,0.14408459053967898,212,1.541707044448085,0.1587043616743605,1.4622735273387335
20261252,0.0,-1.1440182413748865,-0.017757775530109574,212,-0.1194044600673699,0.008424797843336187,-0.10743687654811737
20261252,0.02,1.8012021118090995,0.02907740371629148,212,0.45196873027393925,0.04567430569297263,0.19386237847605436
20261252,0.03,3.064870920154566,0.04953886317036017,212,0.5616639820534297,0.06350811950189922,0.34462672780868275
20261252,0.05,5.371528701106505,0.08592235821753212,212,0.7959413994915056,0.09967206417719612,0.6463403076381219
20261252,0.075,8.190479501454348,0.13094176791954698,212,1.1415817077714576,0.1442193075466893,1.0237365813694295
20261252,0.1,10.598967526682442,0.16831456549344034,212,1.5367155619770059,0.1885896528147064,1.4012842943190689
20261253,0.0,-0.6177421690019476,-0.009026361433634373,212,0.07271664061597728,-0.004370372952182969,0.09268398093055598
20261253,0.02,1.642312727916456,0.025287125609256354,212,0.30286807581859854,0.03620997821791149,0.43044872666684497
20261253,0.03,3.165537104753366,0.047923565644199376,212,0.5746431982837186,0.05680490087808839,0.5992198133566219
20261253,0.05,6.015634468840276,0.08912632607969355,212,0.9324897785135838,0.09753643271733575,0.9364921546045354
20261253,0.075,9.273760594574373,0.1343510723827515,212,1.31026896105589,0.14709842073714138,1.3574797269146264
20261253,0.1,12.266918021207886,0.1769261572341946,212,1.655220705354266,0.19394979268773424,1.7776613905106526
20261254,0.0,-1.7666349995263113,-0.025311192492670376,212,-0.11024217697110625,-0.0008750352945318684,0.04921907609720014
20261254,0.02,2.433653594814687,0.03580665793725907,212,0.5006796743241836,0.04314223962043146,0.43484367983787003
20261254,0.03,3.9627534527601953,0.058999964689494803,212,0.6167766299779869,0.06523715842508719,0.6281569581405487
20261254,0.05,6.749383703141463,0.0998209833891345,212,1.0700053645338046,0.10841861881592665,1.0156940663597522
20261254,0.075,10.228425476645338,0.14830858460951588,212,1.6216303831593508,0.16414942535838226,1.501630676470626
20261254,0.1,13.627260275383168,0.19535601328517468,212,2.2509746597936013,0.2154646856118507,1.9889744040446717
20261255,0.0,2.0260759124491616,0.026799498804220997,212,0.29171232006351416,0.009347880323712535,0.15540056115456471
20261255,0.02,3.2098728232810165,0.048379300245018235,212,0.4793919295658922,0.043613442268961626,0.44070768579183023
20261255,0.03,4.208427750095345,0.06508197336502974,212,0.644998657945105,0.0605810828623548,0.5834384611792804
20261255,0.05,6.237893406405327,0.09666105280300727,212,0.9158732581238085,0.09392402599696228,0.8690137938685011
20261255,0.075,8.444327046670853,0.13079864677243588,212,1.1276520965952626,0.13301650916815294,1.2261121885234778
20261255,0.1,10.480655496265815,0.16207125749289647,212,1.4026682402990378,0.17208219674525296,1.5832349315476666
20261256,0.0,2.1481975134616618,0.033541042497570214,212,0.5840573412416113,-0.02222752880216861,-0.1387556430407269
20261256,0.02,2.2087760388612696,0.03299083257781755,212,0.4117694828182381,0.01750265662667902,0.24584744384089466
20261256,0.03,2.9040040709477837,0.04276736388808073,212,0.44930337255988306,0.03732686166918268,0.4379761589892478
20261256,0.05,5.32284262458036,0.07620010541028781,212,0.6886197700458816,0.07438458516514426,0.8217966587723154
20261256,0.075,8.209273589305191,0.11691845580940596,212,1.1386760922170542,0.12147638900172737,1.300566334936755
20261256,0.1,11.268538014852549,0.15810687852712152,212,1.7959460794819908,0.16680641863903115,1.7779570888227116
20261257,0.0,2.207612881882942,0.03340713845474534,212,0.16056667816126513,0.006931697577760025,0.23721920263077065
20261257,0.02,3.477475414517714,0.04586687123499826,212,0.508316605445942,0.04799982637470159,0.6689272943629748
20261257,0.03,4.810468019300514,0.06258721047155838,212,0.8190186501654145,0.06823421422359958,0.884661120087788
20261257,0.05,7.600279369489363,0.09974903876956702,212,1.4259943667385664,0.10785765172532369,1.3157873988119506
20261257,0.075,11.099321797289031,0.14428736683397592,212,1.6099660211331746,0.15693210260325713,1.8538481039612835
20261257,0.1,14.370027949169165,0.18481087788971026,212,2.2210431614226547,0.20470626377134885,2.390676919215632
20261258,0.0,1.163278395484952,0.016997364426496072,212,0.42860197176379017,-0.028317309868985504,-0.37406794823105327
20261258,0.02,-1.5368958811101425,-0.02509945512476184,212,-0.2575799979073273,0.013293569394194812,-0.004015794866093816
20261258,0.03,-0.09047587218063609,-0.001419946121427775,212,0.04023256142848016,0.0354179039321309,0.18132160744913314
20261258,0.05,3.919595982584012,0.05916459241327375,212,0.603191229747394,0.07721453095173333,0.5524824400346968
20261258,0.075,7.491433212124673,0.1138220208305838,212,1.3256637161054083,0.1296957904723768,1.0170601624960793
20261258,0.1,10.56114220864524,0.16341209013586747,212,1.9982919208778886,0.18040084300034565,1.481928609513503
20261259,0.0,1.0982135285894505,0.017558583665257282,212,0.35138180361551996,0.005042504121217743,-0.04400854793168488
20261259,0.02,3.0661299609379524,0.043337288169778936,212,0.670428095252602,0.04554858504617604,0.3623097140559024
20261259,0.03,4.0654558150351825,0.05691945942755429,212,0.6949413564190985,0.06596554700270636,0.5653074397990242
20261259,0.05,6.576772121772576,0.09179032524908697,212,1.0512870633050866,0.10358150318423698,0.9708840026646323
20261259,0.075,9.945140579154618,0.13661873606783728,212,1.5355106110508228,0.15187691909904835,1.4768725836939656
20261259,0.1,12.726871921249268,0.17715453659595326,212,1.9909486550222277,0.1972205054186485,1.9814944559315522
20261260,0.0,0.06655576814802153,0.0009329757783055907,212,-0.08152255635019312,0.0027308465261553444,-0.007339949873630694
20261260,0.02,2.6923404468432413,0.03719844068447893,212,0.27817399892046163,0.041164424663412864,0.36520315045499757
20261260,0.03,3.9229530573959144,0.05502918495685445,212,0.5456237310249157,0.05893409963022041,0.5515014284064066
20261260,0.05,6.603026693602324,0.09475592855317963,212,0.9021332264693642,0.0969394689552446,0.9240492852947864
20261260,0.075,9.060642728280849,0.13131506064313908,212,1.119556568154141,0.1425167946180871,1.3894322018203846
20261260,0.1,11.663878034342964,0.16906601552344222,212,1.8116324430093536,0.18617998764464214,1.85418266230832
20261261,0.0,0.929778953367434,0.015619919397054769,212,0.025771235672553496,0.008475727965220043,0.28963557214911123
20261261,0.02,3.3103008089166335,0.051524637805344095,212,0.6712894414942098,0.05569545603113149,0.647188273867355
20261261,0.03,4.808489425308889,0.07281870829061658,212,0.9415505463876841,0.08017092164553082,0.8259908563273533
20261261,0.05,7.53969797841246,0.1108528779431506,212,1.1479662144606328,0.12395148541588465,1.1835637108042325
20261261,0.075,10.669055798395693,0.1543120383052711,212,1.5845458429345578,0.17644734451831023,1.630294341590635
20261261,0.1,13.564240744900475,0.1940892271084769,212,2.1914996767091997,0.22616571446071304,2.076516559614753
20261262,0.0,-1.6123752716502477,-0.025086141529681742,212,-0.20185819421803383,-0.010732100477980303,-0.002392001138357752
20261262,0.02,1.7807866239187644,0.024564351014811595,212,0.39514776283958075,0.029165823655973862,0.39183684867791335
20261262,0.03,3.4505896098685023,0.04742046536857629,212,0.6919722045403268,0.04903535099883599,0.5891115309924019
20261262,0.05,6.0920887969710735,0.08352053445894685,212,1.048960280034479,0.08943795030992173,0.9839021280240636
20261262,0.075,9.222103594792543,0.12764588504519797,212,1.5111746925234646,0.13809215621057225,1.477678350262136
20261262,0.1,12.020791169030906,0.16787393670242384,212,1.7453394355742369,0.18610115526384485,1.971541296770139
20261263,0.0,2.8433729166228807,0.04171456575405423,212,0.4473366847490143,-0.017454887326515206,-0.5669760398835674
20261263,0.02,2.0810277194474684,0.030583888205739918,212,0.13662716077941697,0.019396930466200543,-0.19867607674926946
20261263,0.03,2.892736031755592,0.042676729029266176,212,0.0703394477089767,0.03950043239284278,-0.014378991036498897
20261263,0.05,4.881316269918695,0.0735322657807751,212,0.5771970049494476,0.07470402184171568,0.3544266307412918
20261263,0.075,7.63679284700081,0.11411952847448918,212,0.8900839610244801,0.12088172994999359,0.8156587190598494
20261263,0.1,10.075822925968719,0.14753025135867917,212,1.1620269010551965,0.16385517922799958,1.276897829087531
20261264,0.0,0.8001921632830615,0.011898513541491712,212,0.026983866335410757,-0.022929420763777752,-0.2195305493054092
20261264,0.02,-0.7670965589180272,-0.010304722591998758,212,-0.46461179932641716,0.01133307555175667,0.17549734031571165
20261264,0.03,1.2396066804977428,0.015736413354005663,212,-0.08308342578324142,0.030218346826195605,0.37336348978441225
20261264,0.05,4.231795155993971,0.05368681612983573,212,0.6664816475709888,0.06533422428749193,0.7697067668081323
20261264,0.075,7.932175982253893,0.10130084068842272,212,1.2431219153181032,0.10960775564670241,1.2660864278153168
20261264,0.1,10.773841170196153,0.14382190306752157,212,1.7415201643478184,0.1529557535303005,1.7632435013667023
20261265,0.0,0.4572170134414095,0.006224617761296808,212,-0.04200485632033359,-0.01663216846583442,-0.1572588423905037
20261265,0.02,0.656071174488886,0.008754968918539992,212,0.03425425436752477,0.020187220628874614,0.2458308196948715
20261265,0.03,2.5557957926299593,0.03415807642339801,212,0.4608932845992554,0.03847882546943856,0.4476476411292829
20261265,0.05,5.12009122088023,0.07146507411391469,212,0.8751579535986784,0.07527313836544876,0.8517333600944943
20261265,0.075,7.9751226032005835,0.11470532665801365,212,1.214818618284168,0.11927954249514652,1.3574969330778923
20261265,0.1,11.186680110623573,0.1580308374167602,212,1.7248731980170966,0.16430852409222108,1.8637174326494137
20261266,0.0,1.4326750096254632,0.02208034140967415,212,0.22947822126171477,-0.003429833474364652,-0.24651654232453898
20261266,0.02,3.076218765148109,0.04682673023413868,212,0.12163110039088006,0.04019974036175009,0.1742864436171617
20261266,0.03,4.294385524153517,0.06468128535925362,212,0.49552991907703253,0.0606032076728631,0.38486626330865714
20261266,0.05,6.590417111861839,0.10132055505036829,212,0.6433917110204398,0.10297271802836974,0.8062708139130788
20261266,0.075,9.606063256081,0.14858996232092034,212,1.2931302886491782,0.15326337039215976,1.333254172556138
20261266,0.1,12.423114217588193,0.19179129820247748,212,1.8286302703523025,0.20121174713823,1.860162151963194
20261267,0.0,-0.3725748069071469,-0.005000535105951299,212,0.13308228098576444,-0.006178975187212036,0.15155381724957423
20261267,0.02,1.9436055363939306,0.02689218190843247,212,0.4639851398634252,0.031377727030068144,0.5259607361487745
20261267,0.03,3.7023003718837644,0.049504042998612226,212,0.5865067259466952,0.05078406901300217,0.7129639810336659
20261267,0.05,6.45743504830055,0.08575901064712627,212,1.0733729760986437,0.08859873901652267,1.0864933018828036
20261267,0.075,9.707607060224959,0.1298359714358747,212,1.3106672096076213,0.13365542675592532,1.5523534247040987
20261267,0.1,13.141439150588639,0.17471123586807996,212,1.863548489853693,0.17984535492900477,2.016825916553909
20261268,0.0,2.621665794238568,0.038303725106802,212,0.25254851140604917,-0.0008667191425008168,-0.017073151154380656
20261268,0.02,2.7726432853654135,0.04027464924000629,212,0.519128845455759,0.04043344443923648,0.4151064487219712
20261268,0.03,4.19539507924288,0.06046138778021058,212,0.5403550633950045,0.06106997012975196,0.6305785188917553
20261268,0.05,6.974147962293001,0.09595082371161877,212,0.9333372157129496,0.10175285021716174,1.0601504730612172
20261268,0.075,9.94661502482897,0.1394890959609723,212,1.416320665302164,0.15225286704518623,1.5942672913349527
20261268,0.1,13.05718855901184,0.18272499598360278,212,1.9815172875650577,0.20200152016362083,2.1248412437618773
20261269,0.0,1.38834904052808,0.020394891478668197,212,0.18731041182452102,0.015612206812159246,-0.13627842309782306
20261269,0.02,3.119683147979132,0.04467018386183681,212,0.2583429842900987,0.04919096121441304,0.20876402269159766
20261269,0.03,4.470622114906605,0.0642322075559748,212,0.5913470468834194,0.06759642440347267,0.38154019740160783
20261269,0.05,6.890526052660633,0.10062992366998266,212,1.0193564289461776,0.10219330848840648,0.7275352448601028
20261269,0.075,9.514826851939695,0.13915115852584978,212,1.3914103614045366,0.143432090410488,1.160719115630331
20261269,0.1,12.093574526633224,0.17507454339536196,212,1.7689977758790805,0.18318676329220973,1.594469957124161
20261270,0.0,0.791691287215841,0.011601773989610214,212,-0.017283820032592104,-0.0038668607372301478,-0.36108333201730863
20261270,0.02,2.333339518015424,0.037284979052499584,212,0.028361872740537822,0.0304080715874503,-0.02738620711801362
20261270,0.03,3.365997294050488,0.05404269876755384,212,0.368768487026705,0.0475055931636796,0.1395773334704104
20261270,0.05,5.354894076776509,0.08736099457820695,212,0.7731251062067879,0.08008738481877889,0.4736753241244121
20261270,0.075,7.845454890502952,0.12819532687292676,212,1.2524288486397461,0.12250343698780163,0.891496009221351
20261270,0.1,10.091988228394081,0.16393900126422997,212,1.5000755233280174,0.1636052564447532,1.3093635509275108
20261271,0.0,0.8071899406122118,0.012876550718529951,212,0.15237924291034066,-0.01853241902326229,-0.10745218513610519
20261271,0.02,0.5779943199451457,0.008782620231398666,212,0.005285122043301117,0.018764360556442188,0.2670353569356721
20261271,0.03,2.0969474556404197,0.031147923781921924,212,0.35139764698620074,0.03739503200164922,0.4542887507236071
20261271,0.05,5.162710695757716,0.07444757544253211,212,0.8255983453716346,0.07601642307961484,0.8287156536274178
20261271,0.075,8.08569023172602,0.11367531525402808,212,1.1718004514469784,0.12238743450704609,1.2963952912827958
20261271,0.1,11.120772512406042,0.15465584106395436,212,1.7485703641801265,0.16809481086125014,1.7633938130476314
20261272,0.0,0.48276686980000144,0.007260261840123955,212,0.08703844958684659,-0.010792281145905367,-0.1183007442224833
20261272,0.02,1.4428415879907168,0.02104085687072775,212,0.23187257537970796,0.02784424952062372,0.27730413713651797
20261272,0.03,2.9509931653308907,0.04330144387533251,212,0.5098022203336977,0.04629194448705668,0.4751882039118384
20261272,0.05,5.6303032258822645,0.08357302074724339,212,0.7961087211441151,0.08657925198464847,0.8710236829298846
20261272,0.075,8.643987062643795,0.12794748917989718,212,1.205746684130665,0.13496840920913092,1.3657461757476659
20261272,0.1,11.202619187247615,0.1674712004512508,212,1.7373552034447148,0.18324926096252217,1.8601087057962853
20261273,0.0,2.0396328422693584,0.03293732216682252,212,0.0742293985092242,0.02126786849579777,-0.22914006167840592
20261273,0.02,4.051583051523061,0.061608917263845514,212,0.35036059000090103,0.05787232359313324,0.13306323354745353
20261273,0.03,5.244498302548392,0.08044125353532407,212,0.682890230596641,0.07636305960274545,0.31430711228526564
20261273,0.05,7.4660673723778475,0.11229018930434828,212,1.152956915811757,0.11005502133801397,0.6769740928748851
20261273,0.075,10.208771012631509,0.14908896610574954,212,1.4206958322576675,0.15247656405051055,1.1304259406705013
20261273,0.1,12.868091661087368,0.18624772203566275,212,1.8350666404109286,0.1937020332321867,1.5837002744466866
20261274,0.0,2.3688935123554207,0.0417911189257648,212,0.2231816275782049,0.011811526191287128,0.010260460413520411
20261274,0.02,3.7466096518648997,0.05893672511286432,212,0.3638544578313434,0.050255117020366634,0.3679754156325543
20261274,0.03,4.812063148794574,0.07436410944260685,212,0.5073995875451649,0.06895331432464279,0.5467931674362668
20261274,0.05,6.8083303531150685,0.10236131974268775,212,0.813233648669916,0.10550339654688592,0.904258121972358
20261274,0.075,9.445191665983762,0.13702249644170886,212,1.3217402756888037,0.15046804365428496,1.350582226907398
20261274,0.1,11.941006531002497,0.17075511213617772,212,1.8059151113882927,0.1947471617061409,1.7960794304064291
20261275,0.0,1.6080314829512365,0.02536521496501464,212,0.2458888162977788,-0.01382878660610295,-0.10181973716381917
20261275,0.02,1.998130921414948,0.02791963300567186,212,0.4409360076760565,0.02313048111959898,0.19989362731003743
20261275,0.03,3.1250143289971337,0.043022114409324984,212,0.6221008052876835,0.04196561019714859,0.35073988065307793
20261275,0.05,5.575997288337726,0.07779952903462235,212,0.9439460218315038,0.07953451206431644,0.6523563479236052
20261275,0.075,7.952445185091013,0.11390599889185833,212,1.3226158767294398,0.12538045238430465,1.0291207325506522
20261275,0.1,10.593556380195967,0.15200029090682335,212,1.7813419125629846,0.1703234876997107,1.4054402842557194
20261276,0.0,0.8587524032575969,0.013743214552109657,212,0.266527610941799,-0.005267729361419994,0.002528750159528377
20261276,0.02,2.2130977264230838,0.03522034769238535,212,0.32671607468589053,0.03698398745554652,0.3560160546543955
20261276,0.03,3.6989984085537895,0.057975841991025436,212,0.5923702944583998,0.05818806452061178,0.5326986393318569
20261276,0.05,6.4121240507815935,0.09970986607635057,212,0.9971571938464957,0.09827321479678756,0.8858817110535
20261276,0.075,9.551044852032891,0.1462096451390029,212,1.349209217886172,0.14825370616651806,1.32689588333477
20261276,0.1,12.471440678258368,0.18858502606424452,212,1.9399874689789633,0.1960127242387531,1.7672203834989126
20261277,0.0,0.6162222833842669,0.009505906887192654,212,0.022901326813498678,-0.004014087020899695,-0.12708008759649034
20261277,0.02,2.225897979453833,0.03269434905661066,212,-0.1365969512081282,0.03823823301403643,0.227573281181152
20261277,0.03,3.6227645766406518,0.05358389179863955,212,0.28722160309310846,0.05858344064815287,0.4047488761365382
20261277,0.05,6.143899765078812,0.0912565012925098,212,0.7410986156897896,0.10123079258342813,0.7587351697626589
20261277,0.075,9.805440652993537,0.14373613279152478,212,1.3138480831175712,0.15231668076694774,1.2004054727388882
20261277,0.1,13.059540739217463,0.18947934121068286,212,1.8044396784765835,0.20094692849811688,1.6409930890027407
20261278,0.0,-0.6922451404359641,-0.011479903388492353,212,-0.09751801270051451,0.0035375016777308564,0.3516048405389372
20261278,0.02,2.261346293997313,0.03656681301019794,212,0.3307513036595456,0.04496053313920147,0.6406004964427184
20261278,0.03,3.6523353148937785,0.059613670216552575,212,0.45358440684512946,0.06584403978080078,0.7849477715867129
20261278,0.05,6.2416468800050815,0.10052685995905451,212,0.8056810383441051,0.10695994551091592,1.0733057943680286
20261278,0.075,9.415412672843322,0.15025467376728227,212,1.141699297376819,0.15602863873693495,1.4330498860827037
20261278,0.1,12.317109871123307,0.195015236457259,212,1.613494129021781,0.20434753977091646,1.7919109465751415
20261279,0.0,-0.34946362293701005,-0.004951889277773998,212,-0.047703422549028235,-0.01636296485266962,-0.32962394502773246
20261279,0.02,0.0711318133609643,0.001018746054302404,212,-0.27819119527737707,0.023740496379989578,0.02004687104025003
20261279,0.03,1.8596651777016746,0.026161214332399964,212,-0.10115281839789785,0.043430011527086414,0.19469086501082664
20261279,0.05,4.98044288137541,0.07000621132994507,212,0.5239760974500489,0.08288585662421684,0.5435430778858952
20261279,0.075,7.950741679760155,0.11335425278805795,212,1.1639914612759497,0.12900368505252552,0.978683083937658
20261279,0.1,11.285505932917212,0.15937858288794587,212,1.5806890067049644,0.17611556628804914,1.4126437562360592
20261280,0.0,0.5012289426341907,0.007943351680003019,212,0.2300431009916326,0.02424168859598242,0.3564423040525711
20261280,0.02,4.326703153253559,0.06605745023532182,212,0.7217766670909008,0.07135901491913829,0.7105083733730955
20261280,0.03,6.027992072670121,0.09110339494908862,212,1.0021400930010065,0.09473992120223051,0.8874693873828171
20261280,0.05,8.930439063078625,0.1344601414501385,212,1.3803001867346585,0.14203929830802914,1.2411837505789984
20261280,0.075,12.48985343568102,0.1841843708289216,212,1.7283442262133366,0.1981113997659015,1.6828066070488112
20261280,0.1,16.044306850360552,0.23144434820549606,212,2.1527593354392245,0.2515966984122649,2.1236677263984194
20261281,0.0,-1.397239514783182,-0.019208445332491428,212,-0.22267739498370087,-0.0029354492621187704,0.33985805085051485
20261281,0.02,2.2663579545325,0.03309964561452992,212,0.3538571242882767,0.041876525919829495,0.7050675849628529
20261281,0.03,3.908191620015502,0.05743356902218591,212,0.6218431172319622,0.06471104333591786,0.8880708879119174
20261281,0.05,6.747951670389605,0.0992346731442608,212,0.9731854836439899,0.10791240168221858,1.2547872069180133
20261281,0.075,9.882208001412199,0.14608214186304347,212,1.587368802875905,0.15991917443362008,1.7143303067840676
20261281,0.1,12.945385266329167,0.19181792539263767,212,1.8506018865458278,0.21083383855537316,2.174886024031176
20261282,0.0,-0.7347084517373175,-0.010421728610298888,212,-0.14022360489708258,-0.004576112772093993,0.05684307880355573
20261282,0.02,1.4044293263393595,0.019829319718438487,212,0.5284634160294633,0.03833842499002827,0.43978949262628525
20261282,0.03,3.1269042532649594,0.044816633407717923,212,0.6007270502061856,0.05933387811962244,0.631342287867672
20261282,0.05,6.235011421911195,0.09081433631744566,212,1.025005983165599,0.1031848614814334,1.0145327306074197
20261282,0.075,9.373691247431104,0.13706397341099685,212,1.3829783669614366,0.1550181737009303,1.4935262705023986
20261282,0.1,12.54010588242317,0.18195229540760763,212,1.7443644477477127,0.20421399375342655,1.9723085365711075
20261283,0.0,0.7576848335821983,0.010956320658899895,212,-0.010551877960141528,0.002218183748209212,0.11955160201504934
20261283,0.02,2.012519438498073,0.02801462038595489,212,0.1136816277662687,0.03889303405097736,0.43722460673297314
20261283,0.03,3.0095065054916175,0.042750977924905224,212,0.43722795277330356,0.057062692696874265,0.5962186888372772
20261283,0.05,5.3834770110309975,0.0801877831674529,212,0.7716954021062425,0.09278202067227055,0.9144660605467656
20261283,0.075,8.809490439904263,0.13143539506020924,212,1.335017312272001,0.13763279632963538,1.3126451274283253
20261283,0.1,11.21307206440584,0.169399367461794,212,1.9007811145782867,0.18010155608170209,1.7110699537285423
20261284,0.0,-0.17046783493859566,-0.0026092086050253276,212,0.009276171466908652,-0.009148078005686639,-0.02523486507649007
20261284,0.02,1.2424340810626895,0.018331284241252417,212,0.0844221379722519,0.02786069445635662,0.30170258739190614
20261284,0.03,2.343669945823212,0.035047783017693256,212,0.41385415722172675,0.04576769278512787,0.46499751546668566
20261284,0.05,5.363510651565906,0.08007026508780353,212,0.7633997239505902,0.08391387795106531,0.7911986546997366
20261284,0.075,8.06495626561938,0.1216007447868079,212,1.2205282854274713,0.12825532072667192,1.1981371674448331
20261284,0.1,11.01611552836547,0.16416072382844857,212,1.912895916542502,0.17358251281950351,1.604054799328744
20261285,0.0,-0.4190170947335082,-0.007105363281980461,212,-0.1988159166966342,0.01673304174788352,0.42357988291571264
20261285,0.02,3.9627890135180555,0.05576604123840317,212,0.5887662221366576,0.06167034206025598,0.7616077593557826
20261285,0.03,5.5676870735981545,0.07879036774539143,212,0.7101183567907478,0.08414673391152479,0.9304151919068021
20261285,0.05,8.33174903006015,0.11987141401130316,212,1.0696955917943376,0.12558352924616872,1.2675608130332408
20261285,0.075,11.102637301289498,0.16409236363832574,212,1.4352677392713733,0.17969187613326928,1.687998171485055
20261285,0.1,13.623570235012044,0.20719666389420288,212,1.8872365094584913,0.23039946417373108,2.1071698826318954
20261286,0.0,1.7552835740901997,0.025725450124201247,212,0.2421005232345258,0.024218888561157215,0.3041970166045917
20261286,0.02,3.91367757149498,0.056152903587749964,212,0.6473058695268198,0.06475132642707915,0.6628418685610535
20261286,0.03,5.265667405934135,0.07654241842225121,212,0.8094206315660242,0.08524182494780315,0.8420904812031121
20261286,0.05,7.813838994933451,0.1153479937177879,212,1.1620019889171829,0.12713238038657146,1.200361907979524
20261286,0.075,10.447338570091278,0.15480203457916092,212,1.633734970852617,0.1761843131194767,1.6476172405608323
20261286,0.1,13.269407225380057,0.1972972378601234,212,2.010035311896048,0.22447416266622486,2.0939980320604406
20261287,0.0,-2.768575882767139,-0.04024008509893295,212,-0.371839898278296,0.0030273142706223736,-0.011472547274441258
20261287,0.02,2.1321612402980774,0.033004914264921505,212,0.4991071930531628,0.04386420237636031,0.3285668746093313
20261287,0.03,3.733921857713907,0.057031600863036665,212,0.7679264147891316,0.06343517657185284,0.4981226279209062
20261287,0.05,6.826910657840147,0.10099129960281038,212,1.1359952811231644,0.10369318285910574,0.8362497282978837
20261287,0.075,10.181965906112993,0.14859329071969035,212,1.4543500903012871,0.15160554482917518,1.256948942097035
20261287,0.1,13.331901272665446,0.19082401431377313,212,1.7968696375604933,0.19761699261293467,1.6753137946089183
20261288,0.0,0.6268275160375391,0.008876327458308615,212,0.06218994536219395,-1.9850197904189345e-05,0.10881045531845228
20261288,0.02,2.79551541276865,0.043732343500713484,212,0.28560510472504674,0.0379067358171605,0.4273162940811294
20261288,0.03,4.119673527662502,0.0649055682302184,212,0.6147446885997297,0.0580299182800844,0.586578484248813
20261288,0.05,6.895403217161988,0.10739309059094239,212,0.8938549102996755,0.09722979464740789,0.905069871000968
20261288,0.075,9.810922486600797,0.15261425246455573,212,1.3347438407585712,0.14359231164668954,1.3030159917231463
20261288,0.1,12.767792120081719,0.19370896795536136,212,1.9949770617474833,0.18784922707615528,1.700625325297079
20261289,0.0,0.4590044325412171,0.006428674208966827,212,0.04361683432003953,-0.007079430440353091,0.026048979079633286
20261289,0.02,1.9600573692043006,0.02629563043657406,212,0.31375751356435105,0.0318451917811854,0.3938318670718622
20261289,0.03,3.5497748820790904,0.04730986011714159,212,0.5276003005118021,0.05135257032552482,0.577858526810392
20261289,0.05,6.855814566171279,0.08904670053988754,212,1.0713363498065571,0.08996100070222272,0.9461023486037464
20261289,0.075,10.398340326729716,0.13465677300824458,212,1.55970366626835,0.13929029584289074,1.4065987503872903
20261289,0.1,13.788136452772987,0.17704265119114548,212,2.0595361701018047,0.18597850210203257,1.8670732630946139
20261290,0.0,-0.45315188582708593,-0.007328622030246783,212,0.14576878960169826,0.002100347180617448,-0.1280598709136125
20261290,0.02,2.6119560264636767,0.039774365301804004,212,0.4045819047512137,0.04017416996648887,0.21831121216657784
20261290,0.03,3.9446286514370974,0.05927289338863689,212,0.7382256449657053,0.05869561819364331,0.39146679249474375
20261290,0.05,6.49119696429681,0.09673043711582859,212,1.2165900629646194,0.09562459171939892,0.7376586502881584
20261290,0.075,9.414985977591419,0.13991129054341633,212,1.4907670077431414,0.14116095128088493,1.1700525960716612
20261290,0.1,12.295008986822136,0.17896518552684715,212,1.8925889025066727,0.18438083158410237,1.6018901208790273
20261291,0.0,-1.24889640165055,-0.017438505278861746,212,-0.36316017208226026,0.01671234533686212,0.11799272742746171
20261291,0.02,2.939715964880383,0.04232647906638967,212,0.2345942396042184,0.05705833700511833,0.45934862687831657
20261291,0.03,4.384587190564495,0.06465517023044264,212,0.4582720564841024,0.07783097603445635,0.6303114768462306
20261291,0.05,6.708780783451193,0.0999643605669202,212,0.9232877686852932,0.11562483558693994,0.9727472035611343
20261291,0.075,9.757569195567681,0.1449471578824648,212,1.4691204650102736,0.163830667632301,1.4016234189068943
20261291,0.1,12.584690745067924,0.18550190468050246,212,1.712489602991926,0.20942561526565695,1.8312452177238046
20261292,0.0,2.283272327575539,0.03407589057684584,212,0.44515384457144824,0.03195771043917887,0.3217056161096639
20261292,0.02,5.137201929370941,0.07402742910548504,212,0.9479040727930684,0.06844996988129998,0.6772976905377971
20261292,0.03,6.399572910756188,0.09205582905866516,212,1.2018298492395991,0.08579441202028357,0.8547784495171384
20261292,0.05,8.671220989701167,0.12503462819477568,212,1.6760040984422395,0.12116973024762825,1.2090560684214813
20261292,0.075,11.56450782050174,0.1636297162092922,212,1.9061289815814209,0.16202031996383176,1.6505123281048186
20261292,0.1,14.630224049282175,0.20229649281270162,212,2.5445335471187547,0.2039513501354642,2.090272455226886
20261293,0.0,0.2578454908185335,0.0037150050886976265,212,0.027647998308616504,0.006148526417948543,0.1847368198817386
20261293,0.02,2.3271449189554985,0.0344563521593272,212,0.039607486417585956,0.04117252172686919,0.5103643799367458
20261293,0.03,3.756307670071449,0.05629295236676565,212,0.14566656925395313,0.06000213948470524,0.6728066915830638
20261293,0.05,5.874523662251962,0.08871078829478958,212,0.6353484262453954,0.09610252935778524,0.9968879654161484
20261293,0.075,8.665029001169769,0.13096506671093716,212,1.1264155273184704,0.1421105010386497,1.4003609828083214
20261293,0.1,11.041377595009324,0.1674690811862043,212,1.4950763537065306,0.18493635514007942,1.8018552336227234
20261294,0.0,0.2674229322119193,0.004272639898014197,212,-0.0737478270571854,-0.0051399825761183834,0.04859331121990392
20261294,0.02,1.4819348155376761,0.022438528323463817,212,0.23760290540042445,0.035274519885678694,0.37938419974110554
20261294,0.03,3.0776824336349784,0.04604122812441267,212,0.4119044542679639,0.05655327998119896,0.5446349475925352
20261294,0.05,5.291207312377562,0.0782844511323476,212,0.6556260159697666,0.09647695904893643,0.8747891012362133
20261294,0.075,8.037642812193347,0.11823240523154215,212,1.0135676809029257,0.14666993146999194,1.2867119074293631
20261294,0.1,10.739001235543467,0.1566490398658504,212,1.667708559021813,0.1929464846876186,1.6976131276581625
20261295,0.0,-0.6450800390366371,-0.008941336757123625,212,-0.2614148653018412,-0.011138216542168091,-0.35164587969306904
20261295,0.02,1.0975540224259368,0.014793448112964843,212,0.19398143139479815,0.034164591127787525,0.023102959481948817
20261295,0.03,3.079653460645306,0.0425986396735079,212,0.4165965546051929,0.055799681682797767,0.2107743505982818
20261295,0.05,6.206466255487125,0.08822304985964353,212,0.7798469806706603,0.0990210929899001,0.5866184172750984
20261295,0.075,9.713530500731729,0.13811779566772184,212,1.2705146609327764,0.15302802266743656,1.0571703398667736
20261295,0.1,12.931634332454719,0.18509969007276378,212,1.809744707218429,0.20330777481005943,1.528276631808399
20261296,0.0,0.34612961217345695,0.005156713817467876,212,-0.2648834376767175,0.017514471422782858,-0.17564996673335312
20261296,0.02,3.2433247460386228,0.049253388968161844,212,0.18375989134605816,0.054484560704832485,0.15607462781188783
20261296,0.03,4.379744466061131,0.06707312392152881,212,0.4523069200140866,0.07205536857103068,0.32215365828174297
20261296,0.05,6.944517378886966,0.10706050674461444,212,0.7589985490131885,0.10957489144674758,0.6546845093109538
20261296,0.075,9.464921038643803,0.14999429057119645,212,1.2834520428777805,0.15391134031439274,1.0709208188087964
20261296,0.1,11.940259903813804,0.1896360319835487,212,1.6312730459798988,0.19728906206931093,1.4876136090282361
20261297,0.0,0.7192182283034148,0.010970658376678466,212,0.05248950681280403,-0.007578764355462426,-0.22539667334066524
20261297,0.02,0.7041465191016777,0.009810839420661912,212,0.02551596524500764,0.03207543286252656,0.15728337103657103
20261297,0.03,3.1517653813505655,0.045354553855088964,212,0.3838437180789794,0.05277041553830453,0.34858822233666387
20261297,0.05,5.252740095755733,0.0796209312538501,212,0.6500406904312769,0.09089122544407971,0.7310137186581156
20261297,0.075,8.087511510191414,0.12371683831252021,212,1.095489966622002,0.13753332311252092,1.2084661347484704
20261297,0.1,10.766234614720883,0.16402144314145675,212,1.6670591235191021,0.18493750501635398,1.684945664198055
20261298,0.0,1.6087131857453287,0.023143892832034586,212,0.25854946207845686,-0.008229366549097361,0.09125831280945507
20261298,0.02,2.4374593713509007,0.03742605195421375,212,0.5223808256933975,0.02857099674056153,0.4381551488569387
20261298,0.03,3.133092492473384,0.04833065441684095,212,0.3910978235970313,0.0476672000465223,0.6116629184298843
20261298,0.05,5.052148280979123,0.07815541167234043,212,0.758468773682323,0.0836312308722135,0.9587281141728371
20261298,0.075,7.764215630856679,0.12021485074510423,212,1.0557563027696484,0.12943961955640418,1.3925100892382154
20261298,0.1,10.081839497233712,0.15685770486566353,212,1.5236190647635646,0.1738679674944684,1.826035342944971
20261299,0.0,-0.34671997932920495,-0.005809592037742092,212,-0.23272313203543543,0.004780086175605097,-0.1641197618715093
20261299,0.02,2.0744343412205124,0.031721432493064756,212,0.165935272749663,0.04568973511876592,0.24434402424957855
20261299,0.03,3.690367877233975,0.05491166687720509,212,0.4375355489401387,0.06561519493920358,0.4483021978290255
20261299,0.05,6.183394650310033,0.09185049245762203,212,0.9668778144541301,0.10364102133505211,0.8555655132913992
20261299,0.075,9.110930700806627,0.13704912363186905,212,1.226346514646617,0.15137155506275832,1.3632049941892084
20261299,0.1,11.81519894366817,0.17840908690157822,212,1.7498122013730182,0.1977653135664492,1.8689449413540997
20261300,0.0,1.0608355565249752,0.015461948470815872,212,0.0854834133843124,0.0037954407437728703,-0.16388199362046718
20261300,0.02,2.665835219708373,0.03870671738864969,212,0.3113807610805521,0.043006098339651,0.1964501308321611
20261300,0.03,3.7851247110067723,0.05536740147802395,212,0.39223506002577635,0.06172124148680902,0.37667627150290656
20261300,0.05,6.07770589133295,0.08787766447958474,212,0.867062064515184,0.09837614015810994,0.7371548582381876
20261300,0.075,8.933970086613282,0.12877038922988668,212,1.1150370462813286,0.14394715081687592,1.187608679446969
20261300,0.1,11.612802956325902,0.16678711167030968,212,1.7481343904796158,0.18810601671931726,1.6376283944123915
20261301,0.0,0.4168697597579429,0.006547728472663893,212,0.3030865776086865,-0.0022489581329162398,-0.05821768951617732
20261301,0.02,1.619370679726824,0.024300639419955743,212,0.4674218078359235,0.03299173650406298,0.25451100379730046
20261301,0.03,3.2916692241641003,0.047593798135292235,212,0.6189372800473176,0.05098186572903668,0.41107629210688684
20261301,0.05,6.099115361417998,0.08527741694817102,212,1.0260758218289319,0.08609404286907761,0.7245558416969173
20261301,0.075,9.290509813631605,0.12649323494807066,212,1.4505224066318756,0.1295697159016418,1.1169495220978123
20261301,0.1,12.325887396994618,0.16574632179635373,212,1.6742444954704228,0.17167021743339111,1.5097910162948562
20261302,0.0,0.01635246500976566,0.0002537263985457868,212,-0.05360819461590557,-0.014837667768251272,-0.0678531741088189
20261302,0.02,0.7321921637140922,0.011205438505302572,212,-0.12480725525488741,0.02150115002000579,0.24204668831662585
20261302,0.03,2.0674103433770368,0.031194521364702278,212,0.12209256073662174,0.03902285796864001,0.3969412002852169
20261302,0.05,4.5356291700308,0.06675718206905101,212,0.6503872838320011,0.07360769882306159,0.7065854216585923
20261302,0.075,7.6701496199636,0.11112115324404548,212,0.8760211161771194,0.11611092335505116,1.0932993764705214
20261302,0.1,10.283900532367097,0.14937674458401942,212,1.3709920112298122,0.15908998219172635,1.4795357918706846
20261303,0.0,0.20873065961688816,0.0031637710462464907,212,-0.19427312270081856,-0.028491974689719573,-0.34162901936084755
20261303,0.02,0.2766420712457041,0.003932119100773131,212,0.37386011823787113,0.00928821453825803,0.033418430297576185
20261303,0.03,1.699619585698103,0.024734611413432132,212,0.478064095072051,0.0281160829037033,0.22079202428430306
20261303,0.05,4.689080617300306,0.06982673382703833,212,0.9011678061852866,0.06775710458264056,0.5951493260643499
20261303,0.075,7.717924533311474,0.11584082269994156,212,1.396763322707802,0.11440893046128807,1.0621814878705238
20261303,0.1,10.899317610045546,0.16152540009461225,212,1.9634451496252514,0.159559109493679,1.5279408110612667
20261304,0.0,0.2689394945232491,0.003895506714302852,212,-0.22331196192159994,-0.012337940614651485,-0.37215841121388954
20261304,0.02,1.1223516916427063,0.01618497909593524,212,0.07958618880563727,0.023281292597056524,0.03455812936949465
20261304,0.03,2.414217569267038,0.03456055664389646,212,0.2010764910040288,0.04074390776580114,0.2381220307394953
20261304,0.05,4.9022944563040545,0.06901383643512826,212,0.8095913883298832,0.07750034032887736,0.6455469479957074
20261304,0.075,7.795982357713419,0.10967329977908442,212,1.2738166025823998,0.12071571874926607,1.1551484270079413
20261304,0.1,10.80170994287714,0.15212446578401273,212,1.92385768694603,0.16539072589853854,1.664769770622004
20261305,0.0,1.943397742519171,0.029601498507233176,212,0.11082200855923734,-0.038299367756073864,-0.4962071758338562
20261305,0.02,0.23432402073655248,0.0036346114568677813,212,0.13712265623736125,-0.0018165785982606094,-0.1665408286404
20261305,0.03,0.19562725558344307,0.002977142299088477,212,-0.24792607585807588,0.01685902961082358,-0.001665246002800262
20261305,0.05,2.632273653989727,0.0391824074218064,212,0.35303817786681707,0.05401453590927775,0.32810435694923135
20261305,0.075,6.184806473957981,0.08999246563632887,212,0.9299054372972009,0.0994683525456198,0.7402139748314311
20261305,0.1,9.217184285102844,0.13126615878428713,212,1.4070100855872576,0.1427347718325461,1.1520163960551575
20261306,0.0,0.5751911473406514,0.00841214384522737,212,0.2016905564689793,0.006258421846373512,0.1356688622953124
20261306,0.02,3.303189032960944,0.05107581531008808,212,0.6811736908834481,0.05136950023879815,0.5078979705329533
20261306,0.03,4.754320870133099,0.07432980133220814,212,0.9435225600470482,0.07410981822565516,0.6937989460569338
20261306,0.05,7.178222900177517,0.11419505752350129,212,1.2245859980735865,0.11987900862850143,1.065094164960837
20261306,0.075,10.464464598877758,0.16461492224521973,212,1.5918540525355387,0.1758538616987967,1.5281005418534983
20261306,0.1,13.875966673415787,0.21043775620418378,212,2.01838026350611,0.22681312507649717,1.9896436041137924
20261307,0.0,0.4783107433430814,0.006371579368527157,212,0.18285595435065916,0.012386739433082342,0.3895277911675719
20261307,0.02,4.093220764452555,0.05467714277925561,212,0.5805697085053841,0.054565666490918985,0.7672709334022668
20261307,0.03,5.702107190238198,0.07476863790850224,212,0.8829381572463517,0.07476484880356493,0.9563830565358009
20261307,0.05,8.641856716511414,0.11170029463002992,212,1.2585650813347187,0.11630896988278545,1.3350120109778207
20261307,0.075,12.194893974614336,0.1572750348652898,212,1.6777065948639933,0.16699921388358005,1.8088980765391998
20261307,0.1,15.683196271978904,0.2021003733159447,212,2.0185941456168535,0.2152808181867695,2.283224144703658
20261308,0.0,0.7726267932149288,0.01189928163351557,212,0.15285693293713237,-0.0014608567123545186,-0.23613695751528918
20261308,0.02,2.528594449597074,0.03463608569290858,212,0.22693259871646865,0.03482017821708202,0.13928336229127794
20261308,0.03,3.426990786689097,0.04760992806779312,212,0.3041159074707165,0.05244991038975363,0.3272789273991412
20261308,0.05,5.749728342156115,0.08148176219696895,212,0.6361856015866797,0.08768517020909464,0.7037633086881263
20261308,0.075,8.627275569163395,0.12059614655614782,212,1.1719200276459352,0.13208028162691268,1.1751320377653676
20261308,0.1,11.330356284830604,0.15868320357568516,212,1.5606737463194653,0.17433009925063087,1.6471182254956052
20261309,0.0,2.5734976293951735,0.038811689965242806,212,0.7352419582569513,0.03410176068499967,0.5849501042377218
20261309,0.02,5.240352628426444,0.08125133458981333,212,0.9469495371551019,0.07590467850679138,0.9168622542976902
20261309,0.03,6.551405528251497,0.10234467774883764,212,1.1425580942437346,0.09529976005268488,1.0832259765867494
20261309,0.05,8.80278072512858,0.13798645193164313,212,1.4289944244278578,0.1336686101642384,1.416726013345461
20261309,0.075,11.478830184275216,0.1796820714157757,212,1.8195114524417355,0.18141418441988336,1.8349599187378425
20261309,0.1,14.136745049940428,0.2199969174716969,212,2.348863113559722,0.2298345709436028,2.254574328638187
20261310,0.0,-0.5005392181013969,-0.0075354948153376,212,-0.029847536209227827,0.004940336112896267,0.09370562862900922
20261310,0.02,2.029612615269548,0.02931320796761405,212,0.08887026132612687,0.04207067030146866,0.4588714227301075
20261310,0.03,3.4375081595629537,0.04983688287561476,212,0.3387790523994365,0.060115375360729466,0.6413616629032597
20261310,0.05,6.004103530193854,0.08671323697142509,212,0.9251625788533623,0.09702857063353297,1.0061050583025084
20261310,0.075,8.951713434637542,0.12817125998951273,212,1.294691361098001,0.14124844420420643,1.4614834765639504
20261310,0.1,12.29792944258094,0.1708170093071502,212,1.7887665204014311,0.18788411151701195,1.916100456292307
20261311,0.0,1.6579203335169121,0.024515961217308924,212,0.19913092505081656,0.04123702571835002,0.7372869334614239
20261311,0.02,4.305006872391239,0.064078111374125,212,0.7540097983289407,0.07612254057641137,1.0586303339834602
20261311,0.03,5.554077782904401,0.08255840714955989,212,1.0476047310758299,0.09361951651880586,1.2189503239248796
20261311,0.05,8.210136612418994,0.11882170635335895,212,1.486751565457962,0.12868681385070305,1.5388396576566026
20261311,0.075,11.371347545404161,0.1611187582213192,212,1.963993344970239,0.1717687531522194,1.9371981433280558
20261311,0.1,14.154706780727047,0.19449492201605004,212,2.1794668722167105,0.21623659228360254,2.333753742092075
20261312,0.0,0.9910686839103688,0.014699745152480048,212,0.5492961679985184,0.007407728186642492,-0.04807723319618521
20261312,0.02,3.650325245082732,0.04879483802992219,212,0.5133835391812648,0.051394081813597066,0.3636942735218567
20261312,0.03,5.216803759332605,0.06933515493177303,212,0.7555168867141512,0.07317936845245442,0.5693702204289804
20261312,0.05,8.3480545558173,0.11013978766823719,212,1.2665649623748447,0.11480292489419026,0.9801938197667707
20261312,0.075,12.306444779924107,0.1606034336353152,212,1.6979154517502333,0.1661558606313856,1.4925106738067666
20261312,0.1,15.930225947662377,0.20544848644791566,212,2.3871880151679137,0.21581003275216332,2.0031698287334523
20261313,0.0,1.3232021551020037,0.018453666903719506,212,0.24114508074370206,-0.0015532500314504151,0.12639054000790062
20261313,0.02,3.161654694452261,0.04889520205437218,212,0.5219228895909441,0.043158460473301165,0.49278600028294584
20261313,0.03,4.6317806349550095,0.07142334111395206,212,0.6048480335223908,0.06574454522461189,0.6760825402240822
20261313,0.05,7.616376552370149,0.11486662598302257,212,1.3130682802865379,0.10845057596104016,1.0428116599817245
20261313,0.075,11.475818082934891,0.1681432809721213,212,1.8835251998268152,0.16154823786020087,1.501350720689461
20261313,0.1,14.532137729981955,0.21283445934927675,212,2.4155054832261875,0.2123421212266327,1.9598510761291281
20261314,0.0,1.9751471305591162,0.028670314943649904,212,0.44062151111127695,-0.035058987961675475,-0.27150791765386145
20261314,0.02,1.0827404620290821,0.01608512713283448,212,-0.10181765741266231,0.0020100550133697655,0.0808774452038082
20261314,0.03,1.8058079627306285,0.027458009699336795,212,0.14841129677411105,0.020326764500099247,0.25698870788832917
20261314,0.05,3.687143400085792,0.056623231937022026,212,0.49573282795579704,0.05720992157583677,0.6089947360963083
20261314,0.075,6.526320925251598,0.10118178642472567,212,0.8129859568619158,0.10370087524970477,1.0484861644412033
20261314,0.1,9.330655333183145,0.1432061492950669,212,1.2469281856873324,0.15088159151492045,1.4872492769335333
20261315,0.0,-2.8367584388094014,-0.03893432865838451,212,-0.44645705337641844,0.009612137541535573,0.14742004313371826
20261315,0.02,2.5044724940108405,0.03537857464929887,212,0.1415443746542387,0.04745328481449576,0.5046646417081119
20261315,0.03,4.063029580166887,0.058257475733104504,212,0.26485764475474033,0.06739140794239577,0.6831552121035154
20261315,0.05,6.841401016179419,0.09774687889405942,212,0.7628074021656365,0.1044671354936474,1.0398097552691794
20261315,0.075,10.170795046994503,0.14333779240703204,212,1.313903949037239,0.1510123920652445,1.4848861752806952
20261315,0.1,12.893965714769925,0.17954642342303156,212,1.75379604451867,0.19637425162967345,1.9289569619921105
20261316,0.0,1.883496999397726,0.02492996281816516,212,0.4293946438658512,-0.015369165223739175,-0.42180417846466545
20261316,0.02,2.1595821130546486,0.030859377211628174,212,-0.07153371513652505,0.02493274544109937,-0.1023606824612291
20261316,0.03,3.525488160497999,0.051543071291264723,212,0.059089602213960195,0.045029284085922716,0.05735718495498772
20261316,0.05,5.794630130397873,0.08512738297284529,212,0.44721621333106515,0.08243827289662026,0.37672839699504995
20261316,0.075,8.762532070220594,0.12699095857952677,212,0.899698705259095,0.12938142867203886,0.7757045404138783
20261316,0.1,11.666666415123737,0.16696144337808766,212,1.3690283477544805,0.17562342685469987,1.1742515859249532
20261317,0.0,0.22469318671672267,0.0030659673285426637,212,0.2729987788695418,0.00976963928260831,0.065343557764848
20261317,0.02,3.0674192364764954,0.04411280508319486,212,0.30666370506360846,0.04787000754165888,0.4454143230501295
20261317,0.03,4.564442593991822,0.06500490813196994,212,0.4008155778268705,0.06833464263528419,0.6356236917740041
20261317,0.05,7.3131913285448515,0.10390416058793187,212,0.9635506838264262,0.10657109402248967,1.0163196329252722
20261317,0.075,10.253729535231875,0.14581049331727447,212,1.5860710622856038,0.15384449945628575,1.4925624954625432
20261317,0.1,12.87346298940622,0.18558946717122163,212,1.9297932496336838,0.2001963225289111,1.969011114845458
20261318,0.0,0.415070419464327,0.006949952662487739,212,0.11306307383886423,0.01777133626863676,0.34989144467083616
20261318,0.02,2.7981928729079875,0.04462205009500874,212,0.6392247594963438,0.05259827906087099,0.6778574191764519
20261318,0.03,3.9737082313712806,0.06329513528687532,212,0.8407302932880105,0.06943894301081607,0.8416658299584456
20261318,0.05,6.259007440081495,0.0975563920721441,212,1.1090825559089241,0.10428765544929938,1.168880634798259
20261318,0.075,8.89931614318812,0.13824058724862565,212,1.341840853710938,0.14850876519928807,1.577037275144951
20261318,0.1,11.494569812480709,0.17426845841259558,212,1.5970075196525912,0.19276417349148747,1.9840850593114103
20261319,0.0,-1.6628752307350025,-0.02399980337728036,212,-0.2964797543316789,0.010774264897603084,0.03194784611883072
20261319,0.02,2.466823547440544,0.03517528629365269,212,0.31279055244590703,0.04698504976691916,0.4128348350874821
20261319,0.03,4.010247230620943,0.057741061862401334,212,0.4007107162200458,0.06521563707053714,0.6034147839952368
20261319,0.05,6.451122295763348,0.0943465355044665,212,0.7678767347653094,0.1000223371155364,0.9847713502592833
20261319,0.075,9.057868771770796,0.13352665361048366,212,1.2507249769455193,0.14310789367677784,1.461677891735626
20261319,0.1,11.539271804903267,0.17164014792604496,212,1.722231645373304,0.1844170722634928,1.938594712489775
20261320,0.0,2.0459514464277953,0.02879320966746623,212,0.2339879053054748,-0.022360366468009468,-0.20656153744985187
20261320,0.02,1.7469616236613283,0.02545328951708301,212,0.2637079829981723,0.01490573507593117,0.12148158470058631
20261320,0.03,2.5390339987771737,0.0370991007827274,212,0.27630805821032267,0.03395822066040649,0.2855185208120057
20261320,0.05,5.278438188474644,0.07606261693801829,212,0.5709484070323605,0.07340658263891318,0.6135591387891691
20261320,0.075,8.417071152029102,0.11850251759326345,212,1.0985434968594656,0.1190796393550323,1.023415627010818
20261320,0.1,11.50052743690065,0.15912741679614623,212,1.4350835381793101,0.16374252308723514,1.4328700785701696
20261321,0.0,2.4071386863079023,0.038503429033003515,212,0.5789926643962198,-0.004480864613522337,-0.243200420844149
20261321,0.02,3.182885495978923,0.05363791427098382,212,0.8012686245862238,0.041547584033674284,0.18331525973757612
20261321,0.03,4.385220546690379,0.07190519084358189,212,0.7937250848198435,0.06431209455329279,0.3964120417061447
20261321,0.05,7.003525886033934,0.1112143484096062,212,1.0991931887367543,0.10955040693312083,0.822132999987725
20261321,0.075,10.389935926869201,0.15932993705976856,212,1.35132964583405,0.1635805699221495,1.3530901478277544
20261321,0.1,13.698355914624631,0.20552657580367398,212,1.792664334743587,0.21596696950806418,1.8822900673126015
20261322,0.0,0.7565265696612792,0.010570245273907082,212,-0.08776562052395294,0.020704789189477872,-0.0338114939898838
20261322,0.02,3.8925746390097475,0.06007654869613303,212,0.4325284711238108,0.055633597598465485,0.2521462999301196
20261322,0.03,4.9798777078564616,0.07757445496762128,212,0.4849087352198488,0.07357600396060318,0.395007066340485
20261322,0.05,6.864432712916173,0.10852243368346363,212,0.7942716385672264,0.10831647534476124,0.6804572498915324
20261322,0.075,8.954848454065766,0.14153709366552664,212,1.0540047051700432,0.1503510899118528,1.0366893327538615
20261322,0.1,11.229758978791388,0.17872645306778082,212,1.4621299445895213,0.19249359552832745,1.3921754779868476
20261323,0.0,-0.022576429898061138,-0.0003594670671627482,212,0.1292901157487137,0.0027638696712927275,0.26156966600321635
20261323,0.02,2.010828744537929,0.03011842443928559,212,0.2919401854262062,0.041597415943676976,0.6186541904435764
20261323,0.03,3.697685228295661,0.05435505619058699,212,0.6001913104450644,0.06078893105542071,0.7970608060169179
20261323,0.05,6.411696705707907,0.09179186143313466,212,0.8814117411806602,0.09935659663272155,1.153529648667395
20261323,0.075,9.530320636856226,0.1376257047111073,212,1.3362065965549985,0.14685706171145343,1.5983202153846507
20261323,0.1,12.517092637350771,0.1795778669312064,212,1.7892239639747929,0.19229450280748273,2.0420169785491153
20261324,0.0,1.4944498786586027,0.0229948829794073,212,-0.04839745145339422,-0.009004135564786016,0.23712711859522353
20261324,0.02,2.3349153475533533,0.03347089009272507,212,0.3189442928568964,0.03503878720120595,0.5906419785902179
20261324,0.03,3.9725619918200015,0.05685878015766998,212,0.5982425423001317,0.05875212982800973,0.767784051852765
20261324,0.05,6.561764469444206,0.09590115376074301,212,1.0168711300802495,0.1024022805266474,1.122781083808357
20261324,0.075,9.454156398192051,0.14296317618485505,212,1.6088970118388919,0.155560235757931,1.5677458306151744
20261324,0.1,12.197690671257831,0.18672240290640335,212,1.789326785989821,0.20777189839169,2.0138946285169186
20261325,0.0,-2.488309551334051,-0.03404235055847096,212,-0.24935691999672518,-0.0001525942108490129,0.14113542666201387
20261325,0.02,2.403122218710921,0.03418598376693129,212,0.5362967854028936,0.042075624421888835,0.4942927414415485
20261325,0.03,4.172117708927708,0.06012035492162028,212,0.6458603533709183,0.06360768007476354,0.6706928245747718
20261325,0.05,6.950280601149168,0.10005550748708399,212,0.8697397863317351,0.1038920537484257,1.0230610916900544
20261325,0.075,10.527948650501093,0.1494328153017606,212,1.3983657611737723,0.15533078716679824,1.4625587802635505
20261325,0.1,13.629588159412767,0.19245185734299022,212,1.863683206059429,0.20545905835585557,1.9007731079587054
20261326,0.0,0.32099373560923244,0.004821057603044542,212,-0.19436263285795607,0.01131446637979884,-0.15550098883479951
20261326,0.02,2.9802280652557336,0.04750418739917617,212,0.11466128866715042,0.05028787259150879,0.21453830754443234
20261326,0.03,4.155030696458002,0.06645378571962947,212,0.4385988314088915,0.06848466370710578,0.3993297481684467
20261326,0.05,6.505255971427102,0.10589735938982786,212,0.9379537169899628,0.10517949879299325,0.768377723870836
20261326,0.075,9.48411788113179,0.15032226586538128,212,1.3139292838733647,0.14996162700266386,1.2285245831739702
20261326,0.1,12.465656982889891,0.19368848550139195,212,1.8890818793740378,0.19257122197000853,1.6871555733662653
20261327,0.0,2.5647183220493437,0.039740313222079895,212,0.08585647883719483,0.01571796378734503,0.23687116345039036
20261327,0.02,3.7187973048290948,0.05950255290376864,212,0.6807346074340378,0.051714785536791735,0.5874104595206956
20261327,0.03,4.894766904190744,0.07919079972049296,212,0.9638096323063556,0.06978700008328077,0.7626228978039213
20261327,0.05,7.28924087374187,0.11621667573027981,212,1.186044019905349,0.10673511250041001,1.1128847912743052
20261327,0.075,9.89311906275342,0.15660525862049082,212,1.4516910037194906,0.15096531438977207,1.5503067116755302
20261327,0.1,12.293217643757554,0.19111409706811458,212,1.977274934677677,0.1932764268472251,1.987137551493396
20261328,0.0,-1.3605644991393808,-0.020429711650416155,212,-0.20770946477233207,-0.0024250242589055697,-0.32614096266401327
20261328,0.02,1.5875214375088214,0.023379697083357163,212,-0.0700918723615273,0.040821370054342714,0.053424091863455314
20261328,0.03,2.8382529798342175,0.0433826055991862,212,-0.13110227424084928,0.061036133058051806,0.24277152629191595
20261328,0.05,5.406593111493372,0.0847958232492158,212,0.38097559494437055,0.1026043620607084,0.6205124776091946
20261328,0.075,8.336069144889704,0.13271580446397055,212,0.9655733555833099,0.15174390444431238,1.0907306884071435
20261328,0.1,11.155587663225194,0.17550672317411603,212,1.4339779272286348,0.20043692443263825,1.5585392057010432
20261329,0.0,0.6382161740637472,0.008999478212799554,212,-0.22721634298962332,0.00020343143202013794,-0.10732972072909529
20261329,0.02,2.275517746264699,0.035967189170244135,212,0.35086220662382134,0.03657619285880019,0.2345952533910587
20261329,0.03,3.3526111724474617,0.05390546632595894,212,0.389745214686873,0.055322762149643726,0.4053347764876534
20261329,0.05,5.244321073829693,0.08449652339058814,212,0.9162862553828226,0.08981817706009411,0.7462971850280788
20261329,0.075,8.011280015156238,0.12718989441370446,212,1.3056265703821086,0.13463567859499825,1.1713872843918498
20261329,0.1,10.577323773937959,0.16695427451919836,212,1.789360534612444,0.17774492820283586,1.595039643684929
20261330,0.0,0.672416376826712,0.010645243389239821,212,0.2910850289194755,0.0035390847907181278,-0.026425850886635686
20261330,0.02,3.123712329910788,0.05090427475809446,212,0.44513122985327325,0.04403234591414146,0.32722861716552976
20261330,0.03,4.403566559466482,0.07160333067820804,212,0.6567244703385594,0.06399804363741896,0.5041872966137889
20261330,0.05,7.055769058225726,0.11235880552514572,212,1.044176097818711,0.10552901360182954,0.8582950995057894
20261330,0.075,9.787749564727626,0.15389696566493688,212,1.5452338750782204,0.1543079151475834,1.3011368545773534
20261330,0.1,12.55794864573774,0.19282822243467768,212,2.0237396134411085,0.20303508557271477,1.7439957279615534
20261331,0.0,-0.2821757793504892,-0.004037347708040857,212,-0.015483565999451339,0.003929020048411941,-0.020438913363251127
20261331,0.02,2.158960738340812,0.03181590781199856,212,0.060778622063531164,0.04139424174790919,0.3338256994482723
20261331,0.03,3.4749759029144998,0.05153334212562928,212,0.5489414459088977,0.06012768030758799,0.5108396087384985
20261331,0.05,5.857851844759105,0.08714055216736144,212,0.9059448872033308,0.09696686955482572,0.8645708430225835
20261331,0.075,8.858486129175098,0.1321883812742588,212,1.1369472654402057,0.14271578516360836,1.3060562119452217
20261331,0.1,11.42467701573837,0.17108072090200607,212,1.7577718921730128,0.18695436044562644,1.7466154992947514
20261332,0.0,0.19972064290886107,0.0031340714879908786,212,0.06296654331578763,0.0013280390862044345,0.15196968812470907
20261332,0.02,2.622911497315987,0.040260823583576945,212,0.27924499283218507,0.041425903587264196,0.5263270206997924
20261332,0.03,3.890671619083342,0.05953814116754045,212,0.6856060868427495,0.0620789403813195,0.7131360611407359
20261332,0.05,6.144884923249178,0.09215312071501974,212,1.0546519877533864,0.10244654198456193,1.0859356222086438
20261332,0.075,9.050875263864604,0.138090912446887,212,1.174373248953144,0.15174111281255054,1.5502395007939005
20261332,0.1,11.86836582572537,0.17939864545897427,212,1.5663407506740867,0.20048686787074652,2.01243628435461
20261333,0.0,2.724635856759657,0.04133871272371597,212,0.6366771836431782,0.023524420907168837,0.2393742138317824
20261333,0.02,4.5115330707789605,0.07071259996121432,212,0.8037590159759017,0.06030096666998192,0.5775826851346451
20261333,0.03,5.447562132670227,0.08540133579468583,212,0.8363412166733325,0.07870843066130448,0.7463418423890185
20261333,0.05,7.538760823307273,0.11664527107958926,212,1.3283522234127818,0.11332839088269749,1.0831127724403395
20261333,0.075,10.373227272745087,0.15844637520166413,212,1.6906596199073567,0.15716966818635977,1.502559001899761
20261333,0.1,12.899771274019786,0.1955380510948276,212,1.7699375955595065,0.2010650002384979,1.9201581619424875
20261334,0.0,-0.017381154900135493,-0.00023042760715560306,212,-0.29700918172601226,-0.01142953588231637,-0.4018668109524005
20261334,0.02,1.5969886789853223,0.023474940494314808,212,0.060137866180675716,0.029923843839995055,0.03765104966508027
20261334,0.03,3.3901307950895356,0.048319901128507016,212,0.1017255092375909,0.051555101335118585,0.25777046029515444
20261334,0.05,6.494098374743568,0.08950397132475411,212,0.7348332464676149,0.09309690967664018,0.6986094225730715
20261334,0.075,9.673894014423462,0.13100782383359824,212,1.0466413371043468,0.14382637087801226,1.250531585657966
20261334,0.1,13.292210889652425,0.17624946816118098,212,1.3998946188708232,0.19490696701453036,1.803065004256822
20261335,0.0,-1.2710611246051515,-0.017951846781469518,212,0.03195988442301449,0.006989702120448158,-0.10219408087026922
20261335,0.02,2.48933383928379,0.035378062587949635,212,0.2226478425914821,0.04439467698247617,0.2591549648247983
20261335,0.03,3.92633632386423,0.05620743812144345,212,0.3929144867867133,0.06286956210394302,0.4398283851746412
20261335,0.05,6.587917384398966,0.09378966878717379,212,0.7684946346865275,0.09851994998371655,0.8010994655135234
20261335,0.075,9.723610783052424,0.13583579426485748,212,1.3155773720841348,0.14323522158633453,1.2523947509754463
20261335,0.1,12.829863729673093,0.1773706264853303,212,1.7673204762722403,0.1868418641220907,1.703150230697869
20261336,0.0,-3.5438891155434247,-0.0519839561129558,212,-0.6259421807201386,0.0024813161619540213,-0.10965485788765897
20261336,0.02,0.47719020571892434,0.006788397306804194,212,0.007059562706129039,0.03972969570195604,0.2821026721069512
20261336,0.03,2.62740559563455,0.03787820212558798,212,0.3613990123348054,0.0578478929257524,0.47771951331429435
20261336,0.05,6.0837895643556985,0.0853316954511899,212,0.7640188888662285,0.09468329083234871,0.868321832624798
20261336,0.075,9.163461025988049,0.12822144200173774,212,1.3202359004308468,0.1392312851013536,1.3551717820615272
20261336,0.1,12.215194521959388,0.17210817199924547,212,1.7932904616945335,0.1822824052415446,1.8401575813189543
20261337,0.0,2.268926891565425,0.031459257082256595,212,0.08346098187582145,-0.01007491204958589,-0.33238371225439156
20261337,0.02,2.099249737043563,0.029825013286174117,212,0.027558609657655775,0.026960984344095756,0.04344895011153921
20261337,0.03,2.98748816030333,0.04370776455595022,212,0.13284005274209504,0.0458092210435863,0.23121315445694837
20261337,0.05,5.349965831822443,0.07750714200420931,212,0.6126925954610783,0.08082680807596894,0.6063634038314369
20261337,0.075,8.326453467831563,0.11768654783325797,212,1.2017890153496542,0.1229121032051304,1.0744408736372257
20261337,0.1,11.246413992769332,0.15498816887960767,212,1.819149679704889,0.16581338381197436,1.5413505011565718
20261338,0.0,2.84175486823378,0.04348988245185087,212,0.5651670952113478,0.005929040605285145,0.1097544711998355
20261338,0.02,3.918804985754025,0.05862180738308499,212,0.6408481885824104,0.04268621173067795,0.45897548074707684
20261338,0.03,4.754395151847483,0.07034724418853537,212,0.7413044606901957,0.061181604605876364,0.6337312255200844
20261338,0.05,7.380449018183388,0.10652463454264036,212,1.2668263317948556,0.09764177955808419,0.9834673506919329
20261338,0.075,10.039312134388203,0.14301771071854852,212,1.7613740497924122,0.14402509836611238,1.4209221765810651
20261338,0.1,12.512226253512921,0.18018261138465258,212,1.9318785226043318,0.18845151986209083,1.85849944623573
20261339,0.0,-0.8015122938813324,-0.01261027881692792,212,0.0431112815163099,-0.00027351254100980494,-0.17938125089823007
20261339,0.02,0.20622648768017424,0.0029417924513532555,212,-0.14647476521670308,0.0356235651445484,0.16449020451277258
20261339,0.03,2.188373128410056,0.03173244181207331,212,0.3308306564714281,0.0536458473393808,0.33637095506944636
20261339,0.05,4.866599250701714,0.07225262446903763,212,0.7736940621833029,0.08945459746482622,0.6799562876916587
20261339,0.075,7.81689771406041,0.1159624372703848,212,1.1404545944018967,0.1326456000820465,1.108971566758498
20261339,0.1,10.596007599129916,0.15627958760237756,212,1.7432510939187575,0.17486954512218114,1.537277257040579
20261340,0.0,1.9692538059640081,0.02772120923284342,212,0.4784603662243874,0.01124262499347546,-0.06009726730200898
20261340,0.02,3.702200749461239,0.052496529523539705,212,0.5775786453374363,0.04772183619096754,0.2986142363631476
20261340,0.03,4.675090431254679,0.0667850894125843,212,0.775911338624979,0.06573996461790099,0.4781292312209471
20261340,0.05,6.840796016230641,0.10016124815570095,212,1.0453403374659744,0.10190676880037901,0.8374001147993962
20261340,0.075,9.362590220176664,0.1369405666258313,212,1.523191800779043,0.144442031178234,1.2867794956322804
20261340,0.1,11.654198326050853,0.17088792980401923,212,1.9598621367618727,0.18703541853669325,1.7362535130512085
20261341,0.0,0.4519568909724759,0.0066591018161224385,212,0.05001545813184203,0.020459970784377945,-0.16502194453746366
20261341,0.02,4.013724715396219,0.05184928397810707,212,0.5650469385347495,0.056523274306938875,0.1869177659605758
20261341,0.03,5.36607315792156,0.06965212090694929,212,0.7129168576039173,0.07417904838433642,0.36304197973818103
20261341,0.05,7.888481190593367,0.10451837817633888,212,1.0402256218615182,0.10765669717198201,0.7155404171925133
20261341,0.075,10.965484979994892,0.14930684820984888,212,1.2975195530996133,0.15003583339560578,1.1565104768638408
20261341,0.1,13.249887519842604,0.18466186803708298,212,1.7062076892125473,0.19104212510937849,1.5976931411346436
20261342,0.0,0.4029245223214317,0.006105563497599743,212,0.0970590355915846,-0.014726835911620603,0.05959569635717809
20261342,0.02,0.3600389292044042,0.005069663388097977,212,0.05528135630314671,0.026901362984356577,0.4526450447710252
20261342,0.03,2.315813567271467,0.03206118519828197,212,0.05262031229082025,0.04638721254287326,0.6487015372263388
20261342,0.05,5.162492199626466,0.0715406031629268,212,0.7341128342194119,0.08665456310549781,1.0397781001901167
20261342,0.075,8.039746430609714,0.11428057176882347,212,1.191197546748499,0.13350700253963532,1.5264782017767793
20261342,0.1,10.862758941472716,0.1547700544742179,212,1.6944632175220662,0.18075899030378276,2.010514845990146
20261343,0.0,1.3803808085856217,0.018584559468813103,212,0.5026966546485271,0.019864098327284162,0.12248961647451227
20261343,0.02,4.035918796100372,0.05577423007169154,212,0.7183490137911689,0.05707206701788492,0.4890734278788907
20261343,0.03,5.319437271658998,0.07494964630759102,212,0.8563575675245694,0.07515751142391196,0.6724715962405102
20261343,0.05,7.984247694859694,0.1133002303157137,212,1.1427595654599905,0.11151519501759036,1.0394045428776577
20261343,0.075,11.37693419977827,0.1619227597016184,212,1.4313628402442196,0.15826428190590178,1.4981697786336146
20261343,0.1,14.458525409928482,0.20060259386943327,212,2.0821699736092483,0.202399655585992,1.9568225136472515
20261344,0.0,-2.249809149796364,-0.03356946190245273,212,-0.5645935771027291,0.016181871580209506,0.25901778664470626
20261344,0.02,3.402792944411205,0.05179449341373896,212,0.3798452670322547,0.057825416668472476,0.597363786550395
20261344,0.03,4.776516043991844,0.07324653554790216,212,0.7369027356789536,0.07838610817372055,0.7665180777233404
20261344,0.05,7.541702069528742,0.11664296680351768,212,1.0035229413706783,0.118953548401294,1.1047299148077625
20261344,0.075,10.35819369917316,0.16465844745990468,212,1.4575896271498305,0.16998537684899792,1.5271911478844518
20261344,0.1,12.937544021420607,0.20626752857601655,212,2.040414092743107,0.2174076228646562,1.949142868104297
20261345,0.0,-0.2235296922747046,-0.0034704957944380658,212,0.4207538430386977,-0.0018256184252859217,0.14039209291123736
20261345,0.02,2.4209196516549887,0.03409022829462441,212,0.3685063503881336,0.04271868988690559,0.49422751298597434
20261345,0.03,4.063039282267816,0.056262484716486184,212,0.4835723834758176,0.06424943390415032,0.6712093599195574
20261345,0.05,6.944014105547158,0.09657784283375664,212,0.8271170567981205,0.10573745067448023,1.0252487985090701
20261345,0.075,10.435630490712255,0.14584403333564935,212,1.3933713246177395,0.15744701425628524,1.4678315630135028
20261345,0.1,13.588993783168586,0.1890507458613734,212,1.8667459328345917,0.20792019358509942,1.9102978596797642
20261346,0.0,-0.530037751596903,-0.008054725023461563,212,-0.18481596650731646,-0.0001164215736434406,0.05297292660880493
20261346,0.02,1.6427621996069153,0.02675750977358375,212,0.09036094090738574,0.04029143927151316,0.3750919308200117
20261346,0.03,3.0265107572864083,0.050568618543671125,212,0.5215735850019483,0.05917558164047737,0.536199183453275
20261346,0.05,5.626846324127383,0.09345452463409969,212,0.8743512872750611,0.09882366676494449,0.8584493351699993
20261346,0.075,8.661844775654089,0.13982628835944336,212,1.378629593600817,0.14710647046169228,1.261205260609358
20261346,0.1,11.573204445612774,0.18148478339575633,212,1.8098863294265222,0.19437180029444368,1.6637233568122338
20261347,0.0,1.0566015184449362,0.016412334334995442,212,0.3462489216773747,-0.007890876429518065,-0.05017846549694437
20261347,0.02,2.416450659160889,0.037632156647280715,212,0.3316385178178494,0.032937321329519355,0.2736970248285377
20261347,0.03,3.749720661808865,0.057612790494418045,212,0.5094313497827255,0.05420799442833162,0.4356260136472909
20261347,0.05,6.462734512189563,0.09825842818194486,212,0.7973384050355004,0.09463612552839511,0.7594094503190131
20261347,0.075,9.750558117827522,0.14583686447676006,212,1.375374471748339,0.1451367542514224,1.1638815299648064
20261347,0.1,12.27699775233561,0.1845940199083094,212,1.8682037231604203,0.19143213614128468,1.5679022084351073
20261348,0.0,-1.33821859916589,-0.020457875024624053,212,-0.3017944200061793,0.014851713744890404,0.028178924068557824
20261348,0.02,2.628622122001867,0.039830692050219815,212,0.21287067469978543,0.05332521714427131,0.4132833081328684
20261348,0.03,3.9253044793891885,0.059048610517672094,212,0.33782748479218616,0.07265005727580902,0.6056233467125984
20261348,0.05,6.661591503625084,0.0996760700273011,212,0.9886141876888102,0.11116196620054301,0.9898207685575857
20261348,0.075,9.682686033123991,0.14357867392663512,212,1.5388091239103006,0.15756792762690056,1.4690433270855818
20261348,0.1,12.517029949153269,0.18400566141803873,212,2.2153918731755553,0.2023580521300533,1.9469611027190314
20261349,0.0,-2.254786514801378,-0.03436827760725884,212,-0.43048574623898356,-0.0001247446377696102,0.13939225027462893
20261349,0.02,1.4779006909791044,0.021468428097338704,212,0.23247016341751,0.04107586664685638,0.48001907488124124
20261349,0.03,3.3668385268435546,0.04912076507871006,212,0.5110905184033738,0.06177198365494627,0.6503952802149713
20261349,0.05,6.153543438304805,0.0898183769931842,212,0.6230961950934014,0.1004672879828393,0.9911965723840387
20261349,0.075,9.485849519083267,0.1349916611306441,212,1.1716522932566573,0.15203267801239664,1.4171313781932178
20261349,0.1,12.441579040387959,0.17681606404410918,212,1.545981194354716,0.19832862832350134,1.8427678763160995
20261350,0.0,2.4477760419986,0.031885036094145246,212,0.4128594509817795,-0.013589817615801025,-0.049983355267959495
20261350,0.02,2.0181977138270497,0.03043103789299336,212,0.3894076955520003,0.0264446800611085,0.3133690709542661
20261350,0.03,2.4905882738647143,0.03852032705752827,212,0.40704219969555566,0.04534110305691816,0.4951425184356202
20261350,0.05,4.683102379219938,0.07300868305118265,212,0.8748590095995432,0.08501231453172285,0.858821310090503
20261350,0.075,7.229451127047982,0.11178196841523286,212,1.2145486737048932,0.133757469957414,1.3135376619853227
20261350,0.1,9.514520748794407,0.14548968688197897,212,1.5429908163885124,0.1810530931649684,1.7682015850023831
20261351,0.0,1.244974196927284,0.01929114324039283,212,0.3532609023290158,-0.0056202207192372075,-0.20338266590416113
20261351,0.02,3.189238539743731,0.04639378236336076,212,0.38203462718948156,0.032558954202196816,0.12759316895288056
20261351,0.03,4.3637830896857634,0.06315431841583578,212,0.34975253670014766,0.0515468434712103,0.2929878884598133
20261351,0.05,6.306627452742438,0.093113747806184,212,0.692304889393325,0.09009484114473916,0.6235475580678724
20261351,0.075,8.804603180040882,0.1314543413301309,212,1.653990804976487,0.1356979581849045,1.0362273250343195
20261351,0.1,11.370088309989093,0.1707919183010377,212,1.8745031661575573,0.17922067545466025,1.4482044689697908
20261352,0.0,0.9175112481647936,0.014433217220203399,212,0.08090594525079643,0.024347704582781578,0.12779125013491716
20261352,0.02,4.005916946269454,0.06024939438162742,212,0.5232526970073159,0.06231513654270406,0.4426029929740769
20261352,0.03,4.965148202961414,0.07590029349031091,212,0.7978321240900681,0.08009480008977778,0.600088712195501
20261352,0.05,7.30222511744359,0.113130738009117,212,1.0620567706554611,0.11781067442479899,0.9151618177340602
20261352,0.075,9.776084483622961,0.15237076729299462,212,1.435267803431794,0.16303960461088074,1.3090737964347616
20261352,0.1,12.321991663802102,0.19251253661287446,212,1.7808210280804386,0.20601261936668772,1.7028942073843112
20261353,0.0,0.6336654935261605,0.009365090016153113,212,0.08302885111852987,-0.00422368458898508,-0.46486793200044024
20261353,0.02,1.7855976722536118,0.025967143081040013,212,-0.11062598073374327,0.03394070502046431,-0.08963679388004589
20261353,0.03,2.983650818760997,0.0438268188196473,212,0.1521406448926534,0.052478573541966965,0.09807734507850091
20261353,0.05,5.542374642512623,0.08310781301146368,212,0.6875791987245661,0.09113213015281517,0.4736225098763458
20261353,0.075,8.29951848139922,0.1251355042805749,212,1.131432506273224,0.13824107520363077,0.9431072195037721
20261353,0.1,11.075401557717019,0.16655819506556538,212,1.5205283805247267,0.1845308324442558,1.412416297554862
20261354,0.0,0.9137447107076189,0.013418567656694871,212,-0.03857189771719352,0.019006449771413733,0.010873734936036182
20261354,0.02,2.9748504127588333,0.04567664044375758,212,0.18839485770618708,0.05480858581221061,0.3304373196491181
20261354,0.03,4.3300960474136145,0.0659363477262278,212,0.49305627244683564,0.07283421299206194,0.4903019700001855
20261354,0.05,6.496614967114953,0.09829171216964513,212,0.9028787137276294,0.1075987557032479,0.8101574953495011
20261354,0.075,9.400334022428144,0.14017269786220063,212,1.0963115821066163,0.1511054762446886,1.2101318610280636
20261354,0.1,12.107067369357143,0.17688032774343815,212,1.5373910069851282,0.1934208955141456,1.6101625705254772
20261355,0.0,-1.9335368748180009,-0.02825503318942058,212,-0.11048792084385474,-0.0015945901068591794,-0.38667006396266623
20261355,0.02,1.8245719093912762,0.027356621552188324,212,-0.11958419327563505,0.03720286488050031,-0.0007386877936210251
20261355,0.03,3.345779077981169,0.0499024267283168,212,0.09985172673332253,0.056093821902997915,0.19259211247918026
20261355,0.05,5.9195923152173675,0.08954544829404211,212,0.4280728601985053,0.09323538476841094,0.5799129158371068
20261355,0.075,8.963677150457967,0.1350861364495779,212,1.0388569085099724,0.14170365098083343,1.0651515161497247
20261355,0.1,11.524703412792116,0.17334684840304415,212,1.3981267094597762,0.1843235569110631,1.551386074711746
20261356,0.0,0.008250304146569243,0.00012110250909399995,212,-0.06543909870579544,-0.01972946494637629,-0.4008472583832706
20261356,0.02,1.6166953230639693,0.023767327524727815,212,0.260762902916961,0.023141739319198298,0.013691320762045543
20261356,0.03,3.0355499029783735,0.044399303408091666,212,0.43391519179828447,0.04401131159564706,0.22112636768604615
20261356,0.05,6.0300909239445355,0.08589009835253032,212,0.8077111754358318,0.08557227799792405,0.6362253489525469
20261356,0.075,9.247105498463716,0.13006639904303027,212,1.3077050290683048,0.13690206876260033,1.1553156697516314
20261356,0.1,12.346774530166321,0.17364000352548103,212,1.9969356437557857,0.18621815040067627,1.674345283368941
20261357,0.0,-0.7598944276091971,-0.011485792094008561,212,-0.0854635699540313,-0.01572019936980255,-0.25534699452286247
20261357,0.02,-1.5055991557828503,-0.022474884679259476,212,-0.30176246737909856,0.022601515318407518,0.09857105858892147
20261357,0.03,0.6664735878587927,0.009842331193639845,212,-0.039144561028464926,0.04231880696215595,0.27550757713846025
20261357,0.05,4.167597165275671,0.06298431404788987,212,0.5685653917068269,0.07967119579777672,0.6292539962842388
20261357,0.075,7.022951076642881,0.10884504054669733,212,1.219945670708022,0.12571232257895795,1.0710317281379067
20261357,0.1,9.628640659693993,0.15015866226430077,212,1.4654864625417627,0.17035129192638868,1.5121227946246418
20261358,0.0,1.4921140283873595,0.021727019078702222,212,0.05437902478675524,-0.027069703015683105,-0.21356588449633374
20261358,0.02,-0.5073128686543349,-0.007630226164946012,212,0.004756003548604918,0.013814558804360513,0.09826522374479078
20261358,0.03,0.919904844496931,0.013594204699482361,212,0.1407136603401485,0.03385688669477279,0.25398177655903204
20261358,0.05,4.088990237372917,0.05939143559098471,212,0.5988168255533453,0.07209890441356138,0.5649544635754856
20261358,0.075,7.298742149610105,0.10622661483738575,212,0.9774004090863764,0.1212534708865125,0.9526797194370042
20261358,0.1,9.89720548998591,0.14491464198678838,212,1.2999970627207889,0.16742754038209384,1.3391266682844503
20261359,0.0,0.8521496191746158,0.012761080884277538,212,0.011789263703603487,0.001471296970851876,-0.22268468464430902
20261359,0.02,3.1084892089505582,0.05005246070364257,212,0.26465972335876065,0.04183183774296587,0.12531218263346874
20261359,0.03,4.155487566939003,0.06761539689036833,212,0.4971153134479705,0.05975017836125588,0.2994113702037721
20261359,0.05,6.60007617061335,0.10586970807696917,212,0.8973205667794396,0.09798651856431019,0.6477527907223416
20261359,0.075,9.115184948696808,0.14494869406651248,212,1.2290486022176692,0.14198028135446594,1.0833268065275479
20261359,0.1,11.815478261727531,0.18670064029906086,212,1.5449966050347441,0.18649879195397115,1.5188929937956017
20261360,0.0,1.0839202213973653,0.0160544034518804,212,0.05941165034983431,-0.009933244577403964,-0.38732863384639354
20261360,0.02,2.008039977681818,0.027585512975296236,212,0.06035341143891787,0.02628163069575415,-0.03201922786364716
20261360,0.03,3.125231306104325,0.04314654531718901,212,0.2941299452912729,0.043482071183291,0.14556985868528607
20261360,0.05,5.201320520318611,0.07284431135807831,212,0.5220504207737249,0.07888890489910066,0.5005191010685571
20261360,0.075,7.791847385289762,0.1097544615029381,212,0.9856505254333902,0.12227653586765956,0.9435758673213505
20261360,0.1,10.04944114160313,0.14543287394175922,212,1.2549568894078047,0.16448450383873534,1.3856513412098124
20261361,0.0,2.3402541750662733,0.03942641961499904,212,0.0714255758072684,0.002396394148904199,-0.11448024329055348
20261361,0.02,3.155233210548093,0.04876769877841274,212,-0.05642269549201499,0.04400802434460205,0.2675662257473526
20261361,0.03,3.953147380651005,0.060902016571227034,212,0.1485820361286687,0.06438837882730472,0.45879305437923446
20261361,0.05,6.2273801179080355,0.09630465810393994,212,0.6756874963420618,0.10570939648844523,0.8415715371575937
20261361,0.075,9.06704326320058,0.14299927650997607,212,1.0561776311349171,0.15706595831353046,1.320482673243989
20261361,0.1,11.474969991457508,0.18275264729646143,212,1.6372745246372085,0.20495339413243305,1.7996373642635173
20261362,0.0,-2.193198009092228,-0.03153006021247974,212,-0.4624870502179676,-0.015442298916493786,-0.16483027510008638
20261362,0.02,-0.8656370277877563,-0.013034777675443475,212,-0.06523693288220823,0.021349987771525546,0.21185091699262223
20261362,0.03,1.3320518601601303,0.02049525550311819,212,0.13703346885887857,0.04098064888135239,0.40004190967124303
20261362,0.05,4.068119786247694,0.06373269170979635,212,0.5202034419938845,0.07935481910867677,0.7760335034506607
20261362,0.075,7.2964845834902805,0.11283553464128322,212,0.9411774797643743,0.12728465273247033,1.2451043517935438
20261362,0.1,9.961525818635344,0.15496051756674906,212,1.3857343030690799,0.1736759912089875,1.712893146637173
20261363,0.0,-1.529741303872423,-0.02497963276904093,212,-0.17533864529506688,-0.006063501814397879,-0.12443942960151484
20261363,0.02,0.922956924741274,0.014833649195304919,212,-0.008646673701722738,0.03552846042020219,0.27590050109420255
20261363,0.03,2.781382222185019,0.043484249777009286,212,0.33137194360716365,0.05541934954011155,0.4758765672033186
20261363,0.05,5.95499828252219,0.09042619381472577,212,0.5517535326462192,0.09719615509590528,0.8753506642486081
20261363,0.075,9.458673420097233,0.14002368800957332,212,1.3188619615374975,0.14944309840607095,1.373612469788578
20261363,0.1,12.008725050886355,0.17904967564947083,212,1.6510570454182605,0.1984491543440571,1.8704153502376615
20261364,0.0,-1.7961301711265698,-0.026940574992611193,212,-0.512799371028732,-0.003781724563882368,0.33367364531170957
20261364,0.02,1.7211841207456122,0.027674099588713835,212,0.0690158969770383,0.037775564820923146,0.7358382562152022
20261364,0.03,3.3173172199026646,0.05310178603833511,212,0.4014690953666193,0.05954103725549563,0.9366484666385689
20261364,0.05,6.382932271898605,0.10126678860869863,212,0.8948841165304707,0.10377939078589755,1.3376154404532543
20261364,0.075,9.789225975345655,0.15310403914509865,212,1.4857105367868402,0.15632759498330956,1.8373761712714083
20261364,0.1,12.852475542845042,0.19771754035076286,212,1.8547086700969162,0.20717573118819796,2.3352175288997485
20261365,0.0,-1.8577616660338838,-0.025235915666513696,212,-0.494234217655472,-0.004087436253244295,-0.0902775719414431
20261365,0.02,1.6534161670955771,0.02509794927124472,212,-0.024616115366114254,0.03784525667768097,0.2628702028881173
20261365,0.03,3.064763869191381,0.047310628209165456,212,0.0710496049881279,0.057864285498760056,0.43928251860533934
20261365,0.05,5.550240751561827,0.08793475932002442,212,0.47544889089226605,0.09707126965568293,0.7917210656279738
20261365,0.075,8.522832231451783,0.13571341160239037,212,0.8598841195431777,0.14645329565712162,1.2314165596063125
20261365,0.1,11.300289595774172,0.18155775213802233,212,1.4899426258579553,0.19258330065909993,1.6699843172317907
20261366,0.0,1.4673298057055923,0.02302919661392327,212,0.2898856589363966,0.0025061054279274264,-0.01911545185539286
20261366,0.02,3.1046255874396103,0.04221741476572524,212,0.6615849213479146,0.04590169648789192,0.34638463265690944
20261366,0.03,4.411407831446945,0.058399824216029295,212,0.6294803129402319,0.06738333196960233,0.5289260293264048
20261366,0.05,7.211773182020301,0.09215030437759895,212,1.0184203789842985,0.10874601249178781,0.893500857866175
20261366,0.075,10.393984174159593,0.13413779883079527,212,1.5087837992435178,0.16153278256486236,1.3480818195887199
20261366,0.1,13.287176145252433,0.1738141043842208,212,1.8942904454154332,0.2107413626298787,1.8011403250054543
20261367,0.0,1.2913871005795374,0.018036336904093245,212,0.14555543484358816,0.002287828029810076,0.27305714635245415
20261367,0.02,3.311727135538236,0.05218622034590349,212,0.5384892393849476,0.04164807652338177,0.6148457623810876
20261367,0.03,4.390190419748097,0.0700627941090355,212,0.6825619055337013,0.0614918086446218,0.7858914117062967
20261367,0.05,6.29769232515342,0.09860560577672597,212,1.0669992193128386,0.09879126819074815,1.1282086210356819
20261367,0.075,9.09931232083338,0.1417437020816526,212,1.3104683285942,0.14634869662203193,1.5563694749593304
20261367,0.1,11.565254326793395,0.17881489552084676,212,1.6194173722552143,0.19294904922604686,1.984597902422005
20261368,0.0,-0.5135481651449364,-0.008247249014744999,212,-0.1865939163214668,-0.016633198279415944,0.12897946589628365
20261368,0.02,-0.9687264550626604,-0.014077864293215434,212,-0.1388147394758585,0.020128771578884964,0.4728116653018711
20261368,0.03,0.988171948600002,0.013665106240638335,212,0.3817437944667627,0.03815040493835184,0.6447213060160488
20261368,0.05,4.012626491185942,0.05658405924380557,212,0.9319022436334623,0.07358881626462555,0.9884808663257771
20261368,0.075,7.44763071065475,0.1033421732571468,212,1.3475952780422702,0.11993416539146613,1.4179719018282517
20261368,0.1,10.4909507967728,0.1450329281584616,212,1.4958289781635445,0.16437604212372037,1.847095278154505
20261369,0.0,-0.6148448062672057,-0.008793117489057981,212,0.19097038023673535,0.0008421169599650484,-0.019823218014244737
20261369,0.02,1.8503844302263255,0.027174583742535393,212,0.3895467363912442,0.03994862262334787,0.3601992903377737
20261369,0.03,3.5876195300049076,0.05195272037065247,212,0.3135947265703006,0.05804267380035057,0.5498514960780003
20261369,0.05,6.450465350609226,0.09214569582545586,212,1.0801206452351086,0.09610803935900662,0.9283753326899945
20261369,0.075,9.946960126550954,0.13850081755694935,212,1.5766307502342396,0.1429314243110749,1.399939680484737
20261369,0.1,13.255396048443064,0.17845261211626318,212,1.960943550693787,0.18826469034280213,1.8695606661889586
20261370,0.0,1.1492628806629201,0.01707801408900053,212,-0.12404523379883775,0.010014074798633981,-0.13389065304463854
20261370,0.02,2.984971786824477,0.04555707411871128,212,0.301845262620867,0.04977743929864552,0.28397898187528553
20261370,0.03,4.331475976577709,0.06595887842559414,212,0.44061978901207016,0.07137014221626733,0.4927633672004291
20261370,0.05,6.692245565370594,0.10086686869494635,212,0.7934912644578987,0.11150362376904581,0.9098853457083308
20261370,0.075,9.567980207776381,0.1433367249391217,212,1.3903726411462887,0.16084609545109743,1.4301513752962447
20261370,0.1,12.350258618122716,0.1824031654256088,212,1.7602350232182589,0.20764997923914033,1.9487368532061249
20261371,0.0,-0.5958232554033126,-0.009281624016227863,212,-0.09610930527150238,0.0002531301430484968,0.13275416791400316
20261371,0.02,1.6880587455139204,0.027376591944808477,212,0.28562071846427356,0.04033473307258809,0.4433769250508699
20261371,0.03,2.7662731592491796,0.046694618406036136,212,0.42246506666263284,0.061508800377631186,0.5988175939633068
20261371,0.05,4.978252529510544,0.08546483140199093,212,0.9275207596401214,0.1017862624025993,0.9099026164298308
20261371,0.075,7.607563157646901,0.12961119664748005,212,1.2512607887398977,0.14961938209542278,1.2990269700926336
20261371,0.1,10.575128110333036,0.17476961086189277,212,1.651335335412359,0.19910869298729045,1.6882875155859287
20261372,0.0,-1.4696688905536923,-0.021234928122087687,212,-0.30468569297148324,0.014089473571311831,-0.13973608976616078
20261372,0.02,1.9678752705757527,0.03232720106920939,212,0.2058982574052082,0.04883777384387929,0.24014700756091234
20261372,0.03,3.205896315795897,0.05311381948004212,212,0.44219181508768823,0.0662679849386304,0.4297521271458384
20261372,0.05,5.320350612340052,0.08802001753467201,212,0.9995302707556063,0.10135591099547833,0.8081890593645772
20261372,0.075,8.012346096446201,0.13199584620694654,212,1.2692368811420272,0.14508649874585489,1.279581224834201
20261372,0.1,10.435254543975471,0.1690445089467744,212,1.7056260035671602,0.1860389936735302,1.7488523426469507
20261373,0.0,1.250830063639066,0.01935694312376949,212,0.27273206983722864,-0.006778981205748273,-0.4537961474179231
20261373,0.02,2.7967392075183524,0.043125550801870395,212,0.20601346253902858,0.031140228907207402,-0.09170695023754537
20261373,0.03,3.778224280469175,0.057375962120397,212,0.18191025758843946,0.049442786811115386,0.08954620319009897
20261373,0.05,5.811056525187737,0.08749771495845263,212,0.6090444102051755,0.08494734216979624,0.45238736554675174
20261373,0.075,8.599852024930163,0.1281246624067324,212,0.9821261860680242,0.1284818752049821,0.9063958398581435
20261373,0.1,10.996310159700935,0.16457959001212255,212,1.4091100511856753,0.17178199192677931,1.360669185724038
20261374,0.0,0.05287921723529624,0.0008461813796103142,212,-0.07290513044721456,0.015275023452047416,0.19778840367099712
20261374,0.02,2.4802504656592537,0.0359710296303634,212,0.43706774579880114,0.05314439496004819,0.5570880608957116
20261374,0.03,3.9193916483608136,0.05673434924980595,212,0.5407239797559071,0.07164293113266008,0.7367514900071551
20261374,0.05,6.628075825908383,0.09703076109715471,212,0.9867045386660335,0.10762738693544409,1.0960116537328937
20261374,0.075,9.761601039010257,0.1413035853519854,212,1.403009239727682,0.15419802535445268,1.5447682796277162
20261374,0.1,12.347349926881762,0.18083292929818062,212,1.7991025172410107,0.19864372365017594,1.992898026929284
20261375,0.0,1.0170627986037533,0.015974777912074408,212,0.203010418808697,-0.002351149340793005,-0.04590804297486656
20261375,0.02,1.8612927362748461,0.03041285971509554,212,0.21360559788187153,0.03538656878698568,0.2836197673261957
20261375,0.03,2.927597280620869,0.04779273396946991,212,0.43710949332740306,0.053498766386897725,0.4484221482578672
20261375,0.05,5.736644886976269,0.09236127365348364,212,0.9110331514183447,0.09178374788244693,0.7780523071130274
20261375,0.075,8.248958007159398,0.13340811140813585,212,1.2755246695208649,0.13584088066704034,1.1900312045481074
20261375,0.1,10.659188761694052,0.17268941344615185,212,1.5452314849857653,0.17819388508700995,1.60179432759603
20261376,0.0,1.2870802723900852,0.018146430094178694,212,0.30054497427067833,0.02656316130881785,0.3055251658774305
20261376,0.02,4.236430457010105,0.0607156262401056,212,0.8511665146769055,0.06674391037040499,0.7026046956207275
20261376,0.03,5.744081501948903,0.08173011195134776,212,1.0639780614664105,0.08657056521125263,0.9012775206372293
20261376,0.05,8.572446319263824,0.12223186039973964,212,1.3656261533703045,0.12768007032910816,1.2987825590129038
20261376,0.075,11.383101342840956,0.1632543752403032,212,1.8548088838230845,0.1771645933243708,1.7957417318588569
20261376,0.1,14.469190374984283,0.20442001122797782,212,2.4664509545094173,0.22287875032751855,2.2924743367644225
20261377,0.0,-2.5681200600918825,-0.03593979388806009,212,-0.4692364409178118,0.0050324195915515,0.061697203029907985
20261377,0.02,1.2147697534826793,0.018170240946918107,212,0.24038907511855429,0.04450150018351439,0.44743971109957964
20261377,0.03,2.81132473255203,0.04187330477231698,212,0.4112038158310147,0.06410361608797976,0.6402628418144504
20261377,0.05,5.8783374991641715,0.08465423828615241,212,0.8375543335417039,0.10357721246339596,1.025740576440391
20261377,0.075,9.260106839329016,0.13135602555107784,212,1.511981713550043,0.1520415533961794,1.507123108432659
20261377,0.1,12.670172960558643,0.17568645670769745,212,2.0308654843424234,0.19909107927863298,1.98778012864933
20261378,0.0,1.1969730520679314,0.01816691254814809,212,-0.14618746166802324,0.023750031942686836,0.15922679178520052
20261378,0.02,3.702409638573447,0.05604639482710916,212,0.3430061902255261,0.05890290151792591,0.49402100724930853
20261378,0.03,4.832182678701453,0.07293161781812282,212,0.46365310891825634,0.0767870922848279,0.6610636632383546
20261378,0.05,7.359909774460101,0.10888088484114374,212,0.7588050537384942,0.1121255992679041,0.9943984008517797
20261378,0.075,10.393714039275961,0.15150768788885957,212,1.2625386604899524,0.15574270479789545,1.4095750206710393
20261378,0.1,13.169940303453373,0.18999396286666373,212,1.4971049383888975,0.19781015302247984,1.8229769415935742
20261379,0.0,2.9995072355492742,0.04285824744682308,212,0.6656844817044305,-0.007474228112909375,0.28809724143855575
20261379,0.02,3.613437900742408,0.05451558742357205,212,1.0040720227926847,0.03768895690113935,0.5884696692486441
20261379,0.03,4.360559268168499,0.06877470378503567,212,1.0951316053929967,0.06002278623425987,0.7385668194881861
20261379,0.05,6.447679268704346,0.10411026528099884,212,1.3130635404969158,0.10454115553101494,1.038546146276963
20261379,0.075,9.606882650712365,0.15271538458102957,212,1.5417293768958538,0.16032024267585174,1.4130416113738336
20261379,0.1,13.063421675323525,0.2012882440160585,212,1.778988575618816,0.21334851937451077,1.7868989340287063
20261380,0.0,2.128919863193659,0.03191601580577394,212,0.3687557265649808,-0.0328114944529057,-0.3627597919549432
20261380,0.02,0.8494362812699989,0.013087007933065407,212,0.17935160922514062,0.007313417774768652,-0.0023789611515772145
20261380,0.03,2.1049388238844213,0.032149515781024963,212,0.23281404061264133,0.028580072295423153,0.17769220003620123
20261380,0.05,4.075984757566212,0.062075149122323696,212,0.32031289135928426,0.06893519858316702,0.5374945990723589
20261380,0.075,6.920454747342118,0.10476314350127305,212,0.788929940400036,0.11883485736394055,0.9864025327088858
20261380,0.1,9.956016910524045,0.14913505162718066,212,1.20737428457702,0.1682753097074253,1.4340806250101026
20261381,0.0,-0.3745703862266588,-0.005431439866329325,212,0.09306126702053023,-0.00019438856325607623,0.019798696977379297
20261381,0.02,2.8843527144615773,0.04009978028924265,212,0.36933014121537217,0.03956624073784683,0.4248280250303159
20261381,0.03,4.57834798557298,0.0634897185995845,212,0.7197984684111736,0.059083427173441116,0.627149023527571
20261381,0.05,7.750746660233563,0.10627167623611844,212,1.0820410752098166,0.09862115747659657,1.0313068928375033
20261381,0.075,11.22013940314866,0.15253053043395584,212,1.3914423512808798,0.1459607576274442,1.5353985489741815
20261381,0.1,14.306647647744809,0.191297159000466,212,1.7193498335349222,0.1912016518459157,2.0379848423926794
20261382,0.0,0.5909397548757624,0.009657477046566124,212,0.13472125233187204,-0.000609394884651764,0.09788334246546442
20261382,0.02,2.876946754916558,0.04446945581293681,212,0.4602544811190457,0.03821015725441273,0.39173647723192295
20261382,0.03,4.010074620688647,0.06264072088255339,212,0.612312923215161,0.058363720145626435,0.5385865824298062
20261382,0.05,6.2686576604498,0.09873029271526462,212,0.9379224440958974,0.09694719823756635,0.8320889350870464
20261382,0.075,9.032132338299753,0.1424951521116545,212,1.3734575862789702,0.1463325389734021,1.19850365245684
20261382,0.1,11.702174108147359,0.18177819454886787,212,1.5842736440077372,0.19377804313476016,1.5642740498447367
20261383,0.0,0.9857294981967025,0.013955463981367435,212,0.13926980770093217,-0.014868179446440121,-0.2054428416288333
20261383,0.02,2.089792483900522,0.030098710077340055,212,0.22367703013174928,0.02245828053603542,0.1293779899195842
20261383,0.03,2.9674252972948127,0.0435421127094728,212,0.44064934214272916,0.040059227688908204,0.29646684398747797
20261383,0.05,4.7528556459656155,0.07224391942610064,212,0.8244937602831254,0.07660170369330717,0.6299257371062456
20261383,0.075,7.2511512523588495,0.11067309956346513,212,1.065342001863451,0.1207637830824569,1.0452479828756476
20261383,0.1,9.608708871207268,0.14774890155480236,212,1.2014358147163655,0.1647906659833792,1.4586889992592709
20261384,0.0,-0.4250561220529101,-0.00723517083401145,212,-0.05182669442350728,-0.01890064519848818,-0.07971759398944428
20261384,0.02,0.4308449259637534,0.006275823896220272,212,0.06849742782769179,0.022713648877680015,0.27308378105226305
20261384,0.03,2.3367234783398625,0.03296574157170504,212,0.5109095521747683,0.04310934999042871,0.4490427196575759
20261384,0.05,5.187962935172112,0.07461838194357158,212,0.8814570000774299,0.08302256844729225,0.8000021240023547
20261384,0.075,8.235665347198074,0.12210158004580908,212,1.3742102068065296,0.13371393238121393,1.2367528023609764
20261384,0.1,10.999706421718614,0.16424623807377078,212,1.8764937592422657,0.1826952422646786,1.6711293690746214
20261385,0.0,0.08164152012877413,0.0011925896872126477,212,-0.13685087630049625,0.022820657365949168,0.11863740801551644
20261385,0.02,3.305574430297303,0.048558265686575765,212,0.7160901576693861,0.05624309342854285,0.4861709257972806
20261385,0.03,4.61429725689279,0.06593250726610857,212,0.9087861138798532,0.07331993435311922,0.669713445874687
20261385,0.05,7.28194324203784,0.10084766639435004,212,1.1695845450369842,0.10698598579488676,1.0362883479472234
20261385,0.075,10.531635579385885,0.13936261680771134,212,1.8425903949549094,0.14861507194226609,1.493424576315404
20261385,0.1,13.914877083864594,0.17575200056039947,212,2.3163165500429956,0.19007458613326877,1.9491822774327126
20261386,0.0,0.49407639424714717,0.007420537042434409,212,-0.15968777957856464,0.003696780605495018,-0.4920170384825953
20261386,0.02,2.395870684204567,0.03366547340543424,212,0.17384867500546705,0.03984745218721926,-0.11150217005561588
20261386,0.03,3.701370273529052,0.05149698576983361,212,0.37225657478899854,0.0571096150300005,0.07899467909018287
20261386,0.05,6.110893897405735,0.08484651732279007,212,0.7898077533913314,0.09363896899416507,0.46039755761080353
20261386,0.075,8.716373845632774,0.12335225063186511,212,1.074911892429922,0.13563041074008667,0.9377735488429961
20261386,0.1,11.07647406579356,0.15732905733763408,212,1.5836899500047645,0.1769242857918188,1.4156348274430746
20261387,0.0,1.425853870561039,0.020701616226859763,212,0.2332564725919961,0.0178775434385327,-0.04799638043005542
20261387,0.02,4.327003434151935,0.05876569662221994,212,0.3793175931801522,0.060052730298978244,0.34927946378632113
20261387,0.03,5.987099759409528,0.08294036895026392,212,0.5751733124225898,0.08164496876688784,0.5478645274300897
20261387,0.05,8.915307749069388,0.12417897368020453,212,1.0078300584350988,0.12077515226122434,0.94479554130563
20261387,0.075,12.278647404238752,0.17157844453346222,212,1.583473636374723,0.17077271210229114,1.440236925486531
20261387,0.1,15.246431081508188,0.21326305469858617,212,2.414743706246739,0.21723698732635996,1.9344907917642555
20261388,0.0,2.496788246756155,0.035721399722611485,212,0.3860759760323524,0.017705264765457068,0.053095057399545606
20261388,0.02,4.662398273038902,0.06416819988732046,212,0.29894087856574253,0.05894286635044768,0.42785120791666853
20261388,0.03,5.738192042130669,0.08217611738653118,212,0.6462379634521771,0.07872060770747717,0.6151418071643195
20261388,0.05,7.925058737654855,0.11942269183783817,212,1.3058567900327378,0.11743295458157255,0.989452870813581
20261388,0.075,9.93421619812975,0.156920944442294,212,1.4570320247217818,0.16459618833591533,1.4566398402497969
20261388,0.1,12.69655200234503,0.19926764993197846,212,2.073545773098597,0.2105163915529215,1.9227727014231424
20261389,0.0,2.570104124414713,0.037730472426333775,212,0.30525726709917267,0.014372264164297762,-0.10955538672149592
20261389,0.02,3.8788244611269445,0.05835041486799061,212,0.6514548270989687,0.056712657986958986,0.2796766191978029
20261389,0.03,4.95912411859502,0.07605544807912899,212,0.6530494897099653,0.07720034110831983,0.47441740958783774
20261389,0.05,7.511453003488729,0.11404169514940549,212,1.0474567937817443,0.11818134586963483,0.8640488389365957
20261389,0.075,10.519810001071649,0.1574035622639477,212,1.363817573834939,0.16862384978577225,1.3511627347444701
20261389,0.1,13.432646399094896,0.19913067352105818,212,1.7174751729978808,0.2186285466543055,1.838067296999257
20261390,0.0,-1.2037939665475785,-0.016777178046325156,212,-0.13462010912333744,-0.010328262408615547,0.06821772927936193
20261390,0.02,0.8106725448230426,0.011800453793113272,212,-0.2743292095181174,0.02843254050374951,0.41830660191248664
20261390,0.03,2.4235292920968865,0.0354395099498578,212,0.3968381958838419,0.047725120019839314,0.5936407599547464
20261390,0.05,5.428724267526651,0.07856736502779975,212,0.7481584706102263,0.08671122597212838,0.9448180346369304
20261390,0.075,8.653880326947217,0.12239187957137547,212,1.2039384888511386,0.13282084749564183,1.3845968755248852
20261390,0.1,11.80970836786937,0.163667352718461,212,1.761589460360107,0.17643877169112424,1.8250625080690686
20261391,0.0,1.1074639005824203,0.017634368744944017,212,0.058613549729175034,-0.024604925925283915,-0.10000008889123362
20261391,0.02,0.15380202036030483,0.0022924986605236757,212,-0.25092123127040084,0.011186794890994835,0.22929313979361637
20261391,0.03,1.2631865895129408,0.018926299529063124,212,0.18044288337087347,0.02782328604806458,0.39373971724551365
20261391,0.05,3.5694861681773493,0.054078303930260425,212,0.5612273247264868,0.06373150606746847,0.7221812124053908
20261391,0.075,6.418813426735607,0.09653457364974632,212,0.8476502615628139,0.10925268319026517,1.1317809042131108
20261391,0.1,8.965481385133039,0.1337442796839084,212,1.0713336753856302,0.1524924568611471,1.54017549865599
20261392,0.0,0.9628084568945409,0.015404085538352354,212,0.09561106739258453,0.0037483661083021133,-0.12363577435518493
20261392,0.02,1.6442566159233947,0.02561638105681426,212,0.318498596838343,0.04551228863400122,0.25597125071632215
20261392,0.03,3.1652083022093094,0.04950481109063608,212,0.5907664538700016,0.0658231726085449,0.4459353236342698
20261392,0.05,6.569757492766699,0.10119638017317886,212,1.1368612643662086,0.10757991456700557,0.8260896409661244
20261392,0.075,9.409067479705687,0.14562563917020074,212,1.5800868778668984,0.15675902193779667,1.3015098304845116
20261392,0.1,12.189154503228437,0.1886112079341199,212,1.9232589786660719,0.20451276444852473,1.776903424084467
20261393,0.0,1.4278104522889958,0.02001366180416297,212,0.01485791235938297,0.006679959368076154,0.4341125444987943
20261393,0.02,3.352882316781966,0.048868062802862745,212,0.4923293834341244,0.04390925251492697,0.7649847207446142
20261393,0.03,4.487715287911028,0.06507557259816432,212,0.6104984791118255,0.06189942663985621,0.9301965702114523
20261393,0.05,6.832678889916231,0.09933350098466309,212,1.283816249826986,0.09844267331246326,1.2601311182043484
20261393,0.075,9.797259020963892,0.14058849167777918,212,1.7317070839662452,0.14343115434534548,1.6715491593719645
20261393,0.1,12.328701381374135,0.17462725780680552,212,1.9799432626641564,0.18574651478469084,2.0817400468167437
20261394,0.0,-1.6767740036236198,-0.024289374070272575,212,-0.42626743580632137,-0.016009408780315017,-0.049559805602544416
20261394,0.02,0.06605401083226878,0.0009240147046939869,212,0.19850785115279732,0.02190624582837724,0.29514101666961534
20261394,0.03,2.002764629963919,0.028675947618491494,212,0.23481911122234458,0.04106621750448672,0.4674493866675701
20261394,0.05,4.61974605121803,0.06725874616062638,212,0.7400904090855497,0.07856326332904892,0.8119107952821859
20261394,0.075,7.744406320107334,0.11183240645813246,212,1.1480888079728189,0.12521566765573278,1.2420498045434005
20261394,0.1,10.566765215613003,0.15153303492564665,212,1.5824988474286343,0.17046270264102148,1.6714962575519925
20261395,0.0,2.81547303276838,0.04117434103061163,212,0.45039966489087135,0.008281108151645544,-0.4609687932640194
20261395,0.02,4.155886160946413,0.05883431284301737,212,0.48609805656860644,0.04331108373266868,-0.09029113734956018
20261395,0.03,5.044495350193238,0.07140004232256188,212,0.6068883775774073,0.06047723660810354,0.09535429356531669
20261395,0.05,7.083679999959637,0.10041446249289751,212,0.7284571952392279,0.09736742063892843,0.46716369256623624
20261395,0.075,9.895738269720114,0.13781849580909414,212,1.0983375582294757,0.1411345699973251,0.9327003719833571
20261395,0.1,12.108443733309912,0.16909341080562626,212,1.4845771727164552,0.18156827195075698,1.3988164742124813
20261396,0.0,-1.0915474971770804,-0.015599692973760002,212,-0.15804368281649492,-0.016159839967465513,-0.2787295015542596
20261396,0.02,0.10886358818849437,0.001567419790007364,212,0.1633787908179796,0.019892442083028917,0.050024759619009755
20261396,0.03,2.259469497791151,0.03390281384080451,212,0.38191134133613974,0.03855021126200879,0.214464419959508
20261396,0.05,4.990574426194128,0.07511248710451333,212,0.9200397061908251,0.0757767932363867,0.5434071367700537
20261396,0.075,8.139302331357545,0.1232122232127695,212,1.2938725747234443,0.12178926685740558,0.9545770213884739
20261396,0.1,11.004188430121072,0.16517946988275095,212,1.7767818683096646,0.1668696591293991,1.365557287862418
20261397,0.0,0.6694505175302996,0.010160321291514582,212,0.10626068832889266,-0.004744728210197011,0.3648156309384757
20261397,0.02,2.7761325634453593,0.044206768340779426,212,0.44274605745568496,0.041632117246149666,0.7195959391478339
20261397,0.03,4.323524853640663,0.06873655521451769,212,0.743750274926475,0.06365743354230123,0.8968531707470538
20261397,0.05,7.207556153350452,0.11464746372555012,212,1.1285614270737772,0.1065048643593165,1.2510438248870215
20261397,0.075,10.321184983795876,0.16334091360832384,212,1.6461902139821651,0.15981717734982465,1.6930562033419332
20261397,0.1,13.058837500860978,0.20845275038387556,212,2.0600152613214795,0.20942055267797874,2.1340953385314876
20261398,0.0,1.031875315994364,0.015292968225568427,212,0.1889114262467164,0.025816192434044996,-0.014518500928715244
20261398,0.02,4.485793475610235,0.06934309188268616,212,0.8272839671990279,0.06758047290169626,0.38085366223875916
20261398,0.03,5.806761153224891,0.09092289332348341,212,0.8227105595721425,0.08836354969673026,0.5786816976587345
20261398,0.05,8.313268391327528,0.13184350795554925,212,0.9583636647275268,0.13009431046364042,0.9745310356291143
20261398,0.075,10.80467617291155,0.17441270410147616,212,1.4797734319277218,0.17824844404841944,1.4695173726080326
20261398,0.1,13.412976252962856,0.21527494373972927,212,1.9021597265444274,0.22762552028619468,1.9644316629377476
20261399,0.0,1.073564344432814,0.017219855082738537,212,0.08952214146440413,-0.03238093936741256,-0.32853347742121597
20261399,0.02,0.128765653832597,0.001898467452287586,212,0.10669074000573062,0.006419170573235361,-0.01971712285469642
20261399,0.03,1.4774034955800202,0.021756462606283212,212,0.10098349644385103,0.026548228812114258,0.1347513646729442
20261399,0.05,4.192955833093128,0.06264584149604575,212,0.717583451905404,0.0654096686298987,0.44376410034002245
20261399,0.075,6.998078318296539,0.10621330124230567,212,1.045358188350625,0.11367383340436417,0.8300793734398241
20261399,0.1,9.774738716297868,0.14713135556762533,212,1.1436646825579788,0.15954367196932157,1.2163182859194237
20261400,0.0,2.8517660789547987,0.04378534185035928,212,0.08973016355375461,0.028867451128129922,0.3550426625500025
20261400,0.02,4.035422648529912,0.06360006782034458,212,0.6369667370127906,0.0633240816022124,0.6628527636518238
20261400,0.03,5.125774074772431,0.08045482316107878,212,0.7327980503359878,0.08177395109571009,0.8167075169584878
20261400,0.05,7.303068829919388,0.1120379990898502,212,1.239620965207722,0.11648958523572053,1.1242624332932578
20261400,0.075,9.778556848267188,0.14797113618037022,212,1.4415433335095995,0.16011468829604047,1.50830520466851
20261400,0.1,12.766420176639999,0.1879254910464302,212,2.0046335498739385,0.2038698637498593,1.8917463117782103
20261401,0.0,1.2120320502124693,0.018001260701670664,212,0.2671341958747393,0.010610757424848544,0.0606301757318746
20261401,0.02,3.816371639940416,0.05469404080378035,212,0.5385135257632081,0.04620374922781496,0.39390005497128533
20261401,0.03,5.090480994966285,0.0747650534790576,212,0.6383763165281336,0.06502624578703874,0.5604267388777724
20261401,0.05,7.279086842927914,0.11017281562526285,212,1.0566256099412705,0.10237795921073115,0.8932106215996247
20261401,0.075,9.780984190032253,0.1490044759831258,212,1.3997489130897431,0.1479405546568415,1.308576558895954
20261401,0.1,12.147114423436612,0.1865250032562734,212,1.6630675867234705,0.1917576527829037,1.723107883789521
20261402,0.0,1.2723156871517025,0.019503392669650607,212,0.12104346495854457,-0.005568663848033921,0.06178131156157675
20261402,0.02,2.4155302659907445,0.0343219360551531,212,0.3712757170771532,0.03595718696555932,0.42595263935996613
20261402,0.03,3.9243553767269077,0.05593732575972216,212,0.364053871829763,0.05787399029400536,0.6078654172378505
20261402,0.05,6.7903338358003245,0.09732468431161541,212,0.882343733094639,0.09767293042527908,0.9712768228638433
20261402,0.075,10.162507483624076,0.14583968081418083,212,1.3904401013529715,0.1503047173117761,1.424624669918686
20261402,0.1,13.54311219827349,0.1915178574419861,212,1.9110152843538548,0.19962511126512747,1.876758500734799
20261403,0.0,-1.1717174109721669,-0.017909345689483037,212,-0.033571452726168474,-0.004223469603543837,-0.19498653386551693
20261403,0.02,1.7582680158751458,0.026367062994792297,212,0.08875152849662435,0.03872904982084681,0.1983213730184844
20261403,0.03,3.508742899437958,0.053690656589954984,212,0.30258389757967025,0.06154570304604023,0.3949759270214039
20261403,0.05,6.553023835526428,0.09974647846282086,212,0.8830847926431721,0.10428239477511461,0.7881624999621583
20261403,0.075,10.216609751365977,0.1539233373038742,212,1.5119923707094869,0.15829372832235286,1.2791612620909798
20261403,0.1,13.166661504522105,0.1995992096556079,212,1.969691935852633,0.21035629623358756,1.7692632238383037
20261404,0.0,-1.3046895847353084,-0.019656242982397154,212,-0.15738866762166684,0.013374128032101836,-0.12658543906272388
20261404,0.02,2.818134928986867,0.04356771577693455,212,0.04359787086718455,0.0533885834368555,0.23478770384115052
20261404,0.03,4.365472202853291,0.06634650886696479,212,0.3062910954779239,0.07228648007432502,0.415927107002137
20261404,0.05,7.440828638354895,0.10968123672999755,212,0.8314036687251627,0.11167311839994092,0.7790383525569974
20261404,0.075,11.0445170875254,0.15791536758250777,212,1.3203152721103013,0.161026548332448,1.2343344640997085
20261404,0.1,14.326593704017537,0.19964324693164207,212,1.7792802437446742,0.20533953639919886,1.6909727054042805
20261405,0.0,0.8651826450892712,0.013266229405297555,212,-0.26416508142362594,0.0048255442511222005,0.2802463476189972
20261405,0.02,2.9600196102630525,0.044772340101009125,212,0.37916072027565006,0.04377494969511078,0.6253255071164412
20261405,0.03,4.1156518862623575,0.06259028283965377,212,0.5712821732368942,0.062159332673811504,0.797727569513772
20261405,0.05,6.168126649504048,0.0950373062645841,212,0.9070684130583826,0.09954104559274342,1.1421912294262668
20261405,0.075,8.855148120788884,0.1376387622755128,212,1.2020572661615954,0.14478643941838523,1.5719984046869468
20261405,0.1,11.186191301547533,0.1748648542728504,212,1.6681327451017514,0.18880222740080158,2.0007594955300583
20261406,0.0,-1.4511929587837058,-0.021654050336436276,212,-0.4252530823063574,-0.007082286862366822,0.051899408941527565
20261406,0.02,1.5247848187465898,0.023071692181792496,212,0.2441979142266184,0.0328997615482546,0.37312731213200084
20261406,0.03,3.086781114653679,0.046387893657844556,212,0.43496633961271924,0.05272212645866163,0.5342345237195265
20261406,0.05,5.8360423370359,0.08671861361559204,212,0.8316159639155702,0.0922180829042325,0.8573857216874063
20261406,0.075,8.996477825121485,0.13264104350698228,212,1.2708183551602854,0.13993259163334554,1.2629761355681437
20261406,0.1,11.97014093185204,0.17239031780267378,212,1.6993747147726759,0.18714749454091759,1.6702493949147403
20261407,0.0,-1.5488389977171328,-0.02372072994194746,212,0.0024096201315401155,-0.00973811449000121,0.23649922606375554
20261407,0.02,1.37255975371209,0.020964815760366396,212,0.13435298176922086,0.029726450660725733,0.5989664496639496
20261407,0.03,3.0682489368592454,0.04558216512482378,212,0.388612724817858,0.050391278452015034,0.780187433523622
20261407,0.05,5.940155049039428,0.08627670467120253,212,0.9461612307471655,0.08726898255522463,1.1425514957570155
20261407,0.075,9.474874484175244,0.13407507131551402,212,1.550861654827367,0.13679776408131453,1.5952520409458029
20261407,0.1,12.954867809280985,0.17958887625021494,212,1.9417538147611082,0.18366801601763352,2.0475167685659184
20261408,0.0,-1.627022564746984,-0.024869283548280857,212,-0.4346174059144305,-0.0024967270993260793,-0.25421073969835023
20261408,0.02,1.5848685687442345,0.023749661408179218,212,0.1403812308077887,0.035756798144361425,0.07329443982673789
20261408,0.03,2.917631657282839,0.04428921021800621,212,0.39662084476090875,0.05424333946070418,0.2371269980725989
20261408,0.05,5.51832764359144,0.08140418490255989,212,0.7159177248628159,0.09015642298415948,0.5649078149989554
20261408,0.075,8.799566686362011,0.12621364945138855,212,0.9717326673959411,0.135166419635543,0.9747592856837662
20261408,0.1,11.969599563890355,0.16833684016213202,212,1.4769944652140805,0.18006580611590067,1.384620527824397
20261409,0.0,0.08531366520460311,0.001213073336336962,212,-0.018423127126557977,-0.01885682190730032,-0.2698599908114599
20261409,0.02,1.2705646806309845,0.018621623026268484,212,0.2656114073557449,0.019231391282183617,0.12377619072583772
20261409,0.03,2.809295925932252,0.042456030587746045,212,0.7305151706246137,0.03927223836695505,0.3209648590837878
20261409,0.05,5.274077247598151,0.08097072497043273,212,0.7908337996215412,0.07789289164694736,0.7159748816123804
20261409,0.075,8.299685772063308,0.1275211981066593,212,1.0288851343761054,0.12516694602554904,1.2106971893641747
20261409,0.1,10.883765885252883,0.16814814555493904,212,1.6234000403133486,0.17115315427045338,1.706162093106759
20261410,0.0,0.61605071006806,0.00943114593020439,212,-0.1497188725062564,0.004484692093703197,-0.02322726591089229
20261410,0.02,3.153197959800986,0.04782475311845673,212,0.5346324482281702,0.044765441119567685,0.31882357641927433
20261410,0.03,4.621091025691226,0.07011069276734877,212,0.6918551620338708,0.06437851411060211,0.4895217002061748
20261410,0.05,7.140400871748186,0.1090898373695227,212,0.997387919172848,0.10441142629116316,0.8301992447356659
20261410,0.075,9.834998733252311,0.1525561758738289,212,1.4345844902863827,0.1525602366506839,1.2545684643315629
20261410,0.1,12.169441072628306,0.19064816106954383,212,1.7290437028043988,0.19640945583701047,1.6771151301221168
20261411,0.0,0.7607109371823664,0.01132218849292808,212,0.10844299586490198,0.015666187207406763,0.19306466702507255
20261411,0.02,4.040027205660581,0.05895874375088141,212,0.5871638073962633,0.059413857732761595,0.5208994177874163
20261411,0.03,5.42494769902301,0.08047896263625752,212,0.8179617573065102,0.08074386192327142,0.6847142230211108
20261411,0.05,8.096906666791051,0.12066597679378,212,0.9523353651331372,0.12198238797102132,1.012088317910115
20261411,0.075,11.084832534628505,0.16703799654979823,212,1.393631312220199,0.17275872036921788,1.4207235101878302
20261411,0.1,13.832169950573745,0.2087423582239506,212,1.6944776619706259,0.22153632141095916,1.8285664603209268
20261412,0.0,-0.6608505915053159,-0.00961779229200043,212,-0.35654908353766745,-0.012543679178607572,-0.007608656458264726
20261412,0.02,1.3407306646562152,0.019886414558878157,212,-0.06366831235605462,0.026472745079972177,0.3397138304112246
20261412,0.03,2.7402249421680613,0.040890146981786384,212,0.19488487474307356,0.04557136130297715,0.5133815880264947
20261412,0.05,5.619020798314815,0.08301538593792682,212,0.6869911393558105,0.08519560899119345,0.8606582642683338
20261412,0.075,8.832736612841137,0.12967569623356423,212,1.143977207051995,0.13404914244673485,1.2944956918323387
20261412,0.1,11.910491648403049,0.17368045637207058,212,1.5991045555600025,0.18245508947168393,1.727837106659544
20261413,0.0,-1.2800320490828279,-0.01800842956055995,212,-0.12143214888348793,-0.01240464490372526,-0.11453681884623398
20261413,0.02,0.25711806900739964,0.0036666152911949434,212,-0.31670503890285456,0.026771573922483995,0.26107943723955973
20261413,0.03,2.2490722565496215,0.032536634161046386,212,0.0890107293673342,0.04728818238838188,0.4486925057637653
20261413,0.05,5.021955937713696,0.0721074550765296,212,0.6340368454933023,0.08670366892240197,0.8234361688742216
20261413,0.075,8.333385089200007,0.1204107142111865,212,1.1687768448919489,0.13451911384248938,1.2907724023621265
20261413,0.1,11.429080180910502,0.16516999674779015,212,1.4770944937308366,0.18290500463906934,1.756630135668401
20261414,0.0,0.4398203282965172,0.007280232232744104,212,-0.07753072026987469,0.008517713603215345,-0.24325633679622255
20261414,0.02,2.3800497518982815,0.03703918960486695,212,0.023986154849545444,0.04745159619608042,0.10740397306759288
20261414,0.03,3.5629774084796186,0.054644626883579205,212,0.296303390173417,0.06575326736278085,0.2829306086002877
20261414,0.05,6.009053812191395,0.09198516459247076,212,0.47158264548699047,0.10264081154130826,0.6343234913874066
20261414,0.075,8.754087671385163,0.133820832855619,212,0.9499653498463924,0.14810520889985732,1.0740905128685163
20261414,0.1,11.364138909363724,0.17265351733618042,212,1.4454104558718617,0.1918210456103591,1.5142840747293618
20261415,0.0,-0.38051873997435365,-0.005934657925512784,212,-0.22787621986618214,-0.005381552970514224,-0.07455206972950686
20261415,0.02,1.8853918399052303,0.027833474003797758,212,0.3597691359966702,0.0371357537054481,0.289013789495185
20261415,0.03,3.7320179993936127,0.05647396605372011,212,0.444228601413919,0.05760385666095833,0.47091175184365475
20261415,0.05,6.144049316776331,0.09618828836493003,212,0.8417315732505704,0.0962938559063228,0.8348478687408041
20261415,0.075,9.037721450151286,0.14232975282156415,212,1.2908935904200172,0.1444787165125834,1.2898449027600842
20261415,0.1,11.816864968047776,0.18446523525602762,212,1.835362994981162,0.1909649468716409,1.7446639780564195
20261416,0.0,2.237269502687767,0.03441999580353154,212,0.3855624367411095,-0.03634747357969332,-0.544558103549805
20261416,0.02,0.583517991243611,0.008955440936765372,212,0.1632896920335193,0.004135208133066575,-0.17278855063436976
20261416,0.03,1.04076754809423,0.015676502176145208,212,0.2754740562611723,0.023016424392756765,0.012462420150029564
20261416,0.05,3.264781189506164,0.05007575949503274,212,0.5252069563639143,0.06125469630317978,0.3815988918503111
20261416,0.075,6.075461907486501,0.09322230481222174,212,0.8248108309302458,0.11084347057992817,0.8402632367760556
20261416,0.1,8.801491514382453,0.13662155240525808,212,1.1527978976559914,0.15786536641737453,1.2955971964619413
20261417,0.0,1.4857127036461657,0.021478669324323404,212,0.2513236959593644,0.009775429690105943,-0.1074577359020312
20261417,0.02,3.0391702214554304,0.04539065418021002,212,0.24511166778215288,0.04517480380995594,0.267501608445005
20261417,0.03,4.124582183646211,0.06390781669123463,212,0.35860292814936356,0.06366786531658825,0.4549450193778319
20261417,0.05,5.81448465033819,0.09443998670070182,212,0.7262384430259633,0.09915861853281809,0.8296977767377468
20261417,0.075,8.335737837675024,0.1342798958552079,212,1.4930145238700965,0.1414788239339421,1.297760732255824
20261417,0.1,10.87612991419778,0.1737741635989805,212,1.8291906826041067,0.1841647556283554,1.76522534043973
20261418,0.0,0.6927108218853674,0.010352344297477589,212,0.27685851024359837,0.008757997616577683,0.22601799994871133
20261418,0.02,3.2799955709802435,0.051426321303639215,212,0.5440206719923513,0.04889366408454076,0.5777032519106965
20261418,0.03,4.577297807769532,0.07182351705837899,212,0.7871585090669041,0.06753979708054123,0.7533681465936866
20261418,0.05,7.210897190499507,0.11320370675138296,212,1.1890753928392013,0.10655300797053839,1.1042811712222214
20261418,0.075,10.183034351412793,0.15928692390643287,212,1.6580037276452162,0.15441205350256268,1.5420156491381063
20261418,0.1,12.815761714866598,0.20092442442742722,212,1.9715856503088325,0.20256413508797697,1.9785671271006713
20261419,0.0,1.0932127952529511,0.016420783347257814,212,0.289289942074461,-0.001632431972481068,0.04375621453014376
20261419,0.02,2.663619796748965,0.038337777186526104,212,0.28959009197173297,0.035512064798507305,0.40466179718314094
20261419,0.03,3.8656121622030146,0.055291104336987994,212,0.6975540246101007,0.05430314856746984,0.5848693015259817
20261419,0.05,6.327955069139582,0.08933627123287975,212,1.2272908053684655,0.0902034472824147,0.9447249928603211
20261419,0.075,9.370747663561179,0.1319446400720231,212,1.5724351194889272,0.13322148505302514,1.3933557110765113
20261419,0.1,12.268949910222865,0.1707394320127412,212,2.0542944274270223,0.1779119244874296,1.840469916101619
20261420,0.0,0.034764353500156324,0.0004769851468121061,212,0.12481282410814055,0.0060588936809062586,0.13677259394639601
20261420,0.02,2.8064802128762962,0.04057855765077707,212,0.33387802423757007,0.047179675007330765,0.5011521765092497
20261420,0.03,4.317922920904327,0.06364666540312493,212,0.6096496729816046,0.06664116568593377,0.6834889955414585
20261420,0.05,6.819973568501673,0.10252799571186368,212,1.0980645691113493,0.1058299130537273,1.0483745152904174
20261420,0.075,9.858632445032487,0.14799699527850654,212,1.399105670290542,0.15455539623278697,1.5047083744800078
20261420,0.1,12.488901559136474,0.18836893617486744,212,1.7908591436896029,0.202920659595114,1.9610527299139453
20261421,0.0,0.6367890460610238,0.01069516937079021,212,-0.043577596063909124,0.009695124477157854,-0.014102876360070474
20261421,0.02,3.1682784017298986,0.044284089604513854,212,0.2329499937199754,0.048906859649386014,0.3270124716819551
20261421,0.03,4.643789385398957,0.06415002170942263,212,0.4605896674888774,0.06753302542826518,0.49762358997066897
20261421,0.05,7.1282444232289714,0.10124374584798307,212,0.7180688875887852,0.10604990229239808,0.8388956583492214
20261421,0.075,9.729360647081348,0.14205504703474783,212,1.1620308617911643,0.150539263355063,1.2654613342383358
20261421,0.1,12.242807393025421,0.17913775020153921,212,1.6364046131840064,0.194755565594356,1.6918332145882324
20261422,0.0,-0.7866102773429435,-0.012164785443093752,212,-0.30477650727021155,0.004210702576437215,-0.27258976669786367
20261422,0.02,0.8886824446213881,0.013370177859192192,212,0.09533207120320905,0.03961746817710174,0.1043108136817767
20261422,0.03,2.7952275504649995,0.04226707994987845,212,0.44245592356392477,0.056923415892398785,0.2926827798127737
20261422,0.05,5.4882403674254165,0.08250653036074489,212,0.9135045989694832,0.09123308223518092,0.6691773591172925
20261422,0.075,8.073315977232612,0.12324639513283223,212,1.2613513736277742,0.13283102023920682,1.1391377542795689
20261422,0.1,10.66586042192993,0.16224356613691393,212,1.6085736452590282,0.1727735332253542,1.6081000266751206
20261423,0.0,-1.3554407554919297,-0.0197128257614876,212,-0.05021769439914119,-0.009621042821562965,-0.08736731677377997
20261423,0.02,1.2082417053149501,0.018553006805471034,212,0.04407887457673282,0.03343692796578074,0.3223090336586931
20261423,0.03,3.014987522438182,0.044946953021098156,212,0.3644311227356985,0.05392769368353965,0.5274754702903087
20261423,0.05,5.977452433865,0.08790710800716574,212,0.8365535796730327,0.09528225543318289,0.9383732215541053
20261423,0.075,9.3550880278531,0.13824478688233202,212,1.2534972600337322,0.14658091250754207,1.4528634924028043
20261423,0.1,12.236233273855156,0.1813437104940422,212,1.692444324485073,0.19487834541132215,1.9680454923487016
20261424,0.0,1.3806019827834402,0.020177009374568834,212,0.27404626645027724,0.026989781195580816,0.18023326670430623
20261424,0.02,4.2735481160847675,0.06337936937882442,212,0.5771629964120303,0.0671140495613323,0.5530619503836198
20261424,0.03,5.543678922162336,0.08297570118336113,212,0.835744870933463,0.08762532288516547,0.7391753623252564
20261424,0.05,7.5296187033875475,0.11317144688638116,212,1.113991389203661,0.12663379788343113,1.1107274206252349
20261424,0.075,10.590168695011723,0.15871571947136157,212,1.8168337220326245,0.17487582728729106,1.5737539298771468
20261424,0.1,13.65360750563068,0.19964478311568976,212,2.1851425994637563,0.22034862511361922,2.0350032935200897
20261425,0.0,-1.9265670015405567,-0.03333801017259866,212,-0.7833528268918596,0.025241936639895345,0.07259061409992196
20261425,0.02,3.875855076042247,0.0664394480018509,212,0.19423499902845517,0.06878899390333751,0.3996552247569519
20261425,0.03,5.233188413860665,0.08939618241074021,212,0.357383071564573,0.09030996903689115,0.5632235864738776
20261425,0.05,7.962072559410261,0.13365748528521315,212,0.7329002708632381,0.1328107623023867,0.890381415603051
20261425,0.075,10.987593912165856,0.18280257327801186,212,1.333771468679257,0.1863136219072994,1.2992629859330411
20261425,0.1,13.972772762388951,0.22678070622635796,212,1.9247485540541043,0.2357344845671227,1.7079226988008263
20261426,0.0,1.1406873495039005,0.016378026224596724,212,0.017425112799633963,0.0022973464538467462,-0.026774889602853177
20261426,0.02,2.698943673032794,0.03779601627903581,212,0.14906224515013405,0.038629370573267416,0.3202340330307948
20261426,0.03,4.036265969237978,0.05626248471648619,212,0.38898556148389873,0.05529194729990939,0.4937632648543686
20261426,0.05,6.927957054155494,0.09680058952067372,212,0.6506760562871474,0.09204242831629282,0.8408061386420211
20261426,0.075,9.679515396814299,0.13274857639032156,212,1.1438553013245465,0.13518522914013426,1.2744461683721187
20261426,0.1,12.769693190134502,0.17534721606382944,212,1.598429737886671,0.17852528293836967,1.7077147846597862
20261427,0.0,0.5130774511138111,0.007516292514741297,212,-0.15387371537393169,-0.0025184748019748326,0.11862460383758529
20261427,0.02,2.3263642042591917,0.0341270967117693,212,0.2490184371817087,0.03889882633806463,0.5052082914392126
20261427,0.03,3.6053101800101857,0.05262300867680067,212,0.5530513382670715,0.06021658303079821,0.6982060367506936
20261427,0.05,6.620993949577468,0.09476360947341815,212,0.8178450859451744,0.09886795507389055,1.0835120628267951
20261427,0.075,9.811057783536187,0.1398375537091265,212,1.3195073429205344,0.14912673398468054,1.563645672404756
20261427,0.1,12.666382706168475,0.179524612550886,212,1.9468425860319987,0.19583983685833337,2.0418268822870167
20261428,0.0,1.6883606514900291,0.025211084498895007,212,0.02932372210820508,0.003717149278283218,-0.06647166157635481
20261428,0.02,2.9405169769768227,0.041171268662516226,212,0.2708089319551654,0.04538994195299338,0.29382393944127194
20261428,0.03,4.2458021816940406,0.059849218437200515,212,0.524193486158964,0.06474044839618676,0.47413470086720966
20261428,0.05,7.184158625646846,0.1002344729286415,212,0.6460619280252488,0.1054406910047364,0.8350078018485848
20261428,0.075,10.558544519896946,0.1461755930592788,212,1.476501391664099,0.15530360638539212,1.2864166958175283
20261428,0.1,13.737089872609706,0.1882767651320052,212,1.812580378221382,0.2027706815801383,1.7379594043178472
20261429,0.0,0.09262592112478636,0.001344673103090277,212,0.2531664108247625,0.0039267006279208655,-0.26456297507603127
20261429,0.02,2.536468188548798,0.03824509408231462,212,0.02810293514707925,0.04361211964068564,0.12362028814186561
20261429,0.03,4.0176792742867065,0.059040673566758954,212,0.3635015728264765,0.06349333765551643,0.3173407113795489
20261429,0.05,6.843360723532799,0.09764241837881554,212,0.760435959796835,0.10229581703249942,0.7039466479691511
20261429,0.075,10.544396433918436,0.14394940634348102,212,1.3648385255340567,0.1505827882049478,1.1854509317173278
20261429,0.1,13.593839775250641,0.18322092740033658,212,1.8549505724651711,0.19708673885685726,1.6647469962325847
20261430,0.0,0.7150126246729872,0.010534638137805136,212,-0.2645477887686976,0.0004450657741530941,0.13206090218659444
20261430,0.02,2.9083034259366083,0.04209733161260715,212,0.7098421016969789,0.04003944194946144,0.4712183057821055
20261430,0.03,4.221783175478794,0.06110735317227013,212,0.7487913688746284,0.05978580792040976,0.6410894584203765
20261430,0.05,6.947562840267164,0.09998996363438195,212,0.9926618659992906,0.09863358931659749,0.9813504692409103
20261430,0.075,10.249404310767018,0.14772022611924523,212,1.4428755757621325,0.1464533223327017,1.4075111151697373
20261430,0.1,13.271982461192648,0.19224938521214804,212,1.9514077648344603,0.1945389331463334,1.834401221249544
20261431,0.0,0.6270653209140552,0.009097281930503381,212,0.15331509277187763,-0.027114767714988955,-0.14600402700927329
20261431,0.02,-0.19608964486252412,-0.0028199218502354007,212,0.1201917562907096,0.013805438867212173,0.19458089000260537
20261431,0.03,2.1684503730152698,0.0311919610579561,212,0.16732356030655782,0.034432034913538814,0.36499663558725415
20261431,0.05,5.102164095565906,0.0747811834115585,212,0.6469126153496758,0.07291326889288775,0.7060168593788242
20261431,0.075,8.464238436780452,0.1269735484936528,212,1.2264253378296122,0.12279441594157293,1.132526192102255
20261431,0.1,11.453635984607484,0.17300863188187468,212,1.6733773615714391,0.16942584134727795,1.5591255817461585
20261432,0.0,1.5167744306967943,0.022721954280265216,212,0.28978008669818006,-0.003930023443510803,-0.026166012550135394
20261432,0.02,3.14539481694918,0.045142048395156564,212,0.5465376850717751,0.03697280108336855,0.2978651604226883
20261432,0.03,4.272712952907384,0.0620413530732742,212,0.7076931943024323,0.05654159357391819,0.45988858001263944
20261432,0.05,6.715667850555407,0.09753488549547626,212,1.005585941234053,0.09625664696209216,0.7838883167674144
20261432,0.075,9.456211981619672,0.13900212561785014,212,1.3456672507922094,0.1430078932156773,1.1886703074798695
20261432,0.1,12.761803563517745,0.1835693851484908,212,1.6304599186527589,0.18999799322786814,1.5930279229953157
20261433,0.0,0.8770918582723227,0.013802053641257306,212,0.021093404136177395,-0.0025628913920413034,-0.03883861199341105
20261433,0.02,2.7385930825831855,0.0417276502580856,212,0.21768593444811657,0.03779866670880182,0.27885899407867687
20261433,0.03,3.96563645418402,0.06240597909616704,212,0.2944077935237832,0.05749868386638338,0.43767907208737133
20261433,0.05,6.156406352939214,0.10071713677765706,212,0.5045697334294371,0.09824594729716347,0.7552067692168185
20261433,0.075,9.03173636278176,0.1466188314293879,212,0.9269047505776662,0.14805873988830034,1.15179234239175
20261433,0.1,12.045225923205006,0.19133817495958644,212,1.458615869101905,0.1966472143750967,1.5478584231320536
20261434,0.0,0.07325394600125695,0.00111526961863314,212,-0.005100651356732756,0.00985928759314451,0.2812731650530986
20261434,0.02,2.669965186666373,0.04383219546381425,212,0.6393362486227686,0.04589715024709653,0.5874919136712201
20261434,0.03,3.828949487579143,0.06320373233603693,212,0.841507121069991,0.06549792585827079,0.7403151297102696
20261434,0.05,5.5859271011476235,0.09320540678769701,212,0.9903512993289965,0.10126898035433282,1.0453528700030832
20261434,0.075,8.32265012103895,0.13948346328613073,212,1.4364891132540631,0.14543409571320406,1.4254348468318951
20261434,0.1,11.03006400060285,0.18189187216839797,212,1.9538612543529075,0.1907773556043775,1.804063876042829
20261435,0.0,-1.0849471976142864,-0.017606845450896944,212,-0.30752653900183163,-0.007999763220144354,-0.052434677140317784
20261435,0.02,1.4266343797679448,0.022575929731823728,212,0.21456882565006774,0.031898339254202726,0.2903142933454542
20261435,0.03,3.0864899580252847,0.051175667273188855,212,0.5433925443677708,0.05149341103886291,0.46145194619128466
20261435,0.05,5.332258660972222,0.08958538907928242,212,0.8977821089265093,0.09200662207050679,0.8031939062780109
20261435,0.075,8.112948254306277,0.134972970891397,212,1.37324273549455,0.1405102872709881,1.229249658291331
20261435,0.1,10.910510474152616,0.17834277495685236,212,1.7417490658736041,0.18839689599751513,1.6538893759544917
20261436,0.0,1.0164459372468095,0.014801901391652366,212,0.18548288325514367,-0.006585141498284076,-0.29372663634268004
20261436,0.02,2.279641458594417,0.03610109321306901,212,0.26151264087983356,0.03457782723017561,0.031145674030425428
20261436,0.03,3.847772590570545,0.06079192338114157,212,0.4732920263568416,0.05497342558044623,0.19353126403047033
20261436,0.05,6.37602009818754,0.10041113409412748,212,0.9686056623537589,0.0947920842706049,0.5181432391704004
20261436,0.075,9.327088831664392,0.14670532052506208,212,1.1098037369270572,0.14189513022604724,0.9234903494889238
20261436,0.1,12.127291914884296,0.18858169766547447,212,1.7406327426949386,0.18848934655028732,1.3282052819103527
20261437,0.0,0.07974950224754447,0.001243540986616427,212,0.056783003472513686,0.0033314460520273517,-0.08222267533267247
20261437,0.02,2.276034615975859,0.034766661336963434,212,0.1543555922243822,0.03813921763680195,0.25119305494532285
20261437,0.03,3.744190139261938,0.05654283830519219,212,0.26243930705189633,0.056141462913355616,0.4177018901026935
20261437,0.05,6.214523004318701,0.09099944649519398,212,0.6103944135771024,0.09251217632577886,0.7502657699628965
20261437,0.075,9.61045862267713,0.13476225764618696,212,1.372911748142076,0.1364040086550778,1.165005972551667
20261437,0.1,12.555098074695055,0.1746346826963694,212,1.8499005369197419,0.17904537286242939,1.578515375332084
20261438,0.0,-1.4614901290660023,-0.02256347129267708,212,-0.33667407464269816,0.000839979053628565,-0.027635676626162863
20261438,0.02,1.6355799449170065,0.025172167836353166,212,0.319494126777894,0.04032295391746334,0.37282150524953395
20261438,0.03,2.959168098487207,0.046277544437084484,212,0.4496133728546064,0.058492777312340156,0.5729978530960377
20261438,0.05,5.5426557829101295,0.08775451372509382,212,0.7179624554544368,0.09509243440115651,0.9731582537178312
20261438,0.075,8.557693086609682,0.13269532201000114,212,1.3227921228989366,0.14049517176097465,1.472817677105277
20261438,0.1,11.052999358648488,0.16958422160886774,212,1.7171919379383842,0.18417634104851904,1.9716219390241407
20261439,0.0,-2.26426061617949,-0.03389001230707364,212,-0.5128610699267371,0.018785626231220716,0.14837301424869356
20261439,0.02,2.5354758594130407,0.03763393551379015,212,0.4205957834326558,0.05627027904615717,0.48246936455000333
20261439,0.03,4.086218906053417,0.06142150281002562,212,0.6151600112694529,0.07474619578088652,0.6493337856380144
20261439,0.05,6.503106164881852,0.0999226275669576,212,0.959496148038687,0.1119151831055507,0.9826297001729966
20261439,0.075,9.231903349862938,0.1430143823197785,212,1.3218504690897583,0.15694581196485832,1.398304177272251
20261439,0.1,11.841512394640517,0.1834559635596353,212,1.740772215167083,0.20158203989440565,1.8127413270051536
20261440,0.0,1.2519017389981628,0.017837145039240953,212,0.3200669259945379,0.012610348459022515,0.08562063492121151
20261440,0.02,3.757650440979879,0.05670183335412954,212,0.7006215780409629,0.055329159103478645,0.41537354550529665
20261440,0.03,5.179449970949563,0.07927631396581515,212,0.9134738322712773,0.07642336599818965,0.5803364812935016
20261440,0.05,7.9655864989588965,0.12153801727152663,212,1.3003295812669664,0.11980475250981856,0.9103698248681116
20261440,0.075,11.584917598841532,0.17440707142663456,212,1.874188918041494,0.1730783012895239,1.3229775517816957
20261440,0.1,14.690927825899198,0.21728324835142768,212,2.361328217019271,0.22448638922099579,1.7354668152337311
20261441,0.0,0.4199801347422453,0.006021841466999872,212,0.029715818133661184,0.014850515437046876,-0.1185211386172009
20261441,0.02,4.0159461328945465,0.05414459897605154,212,0.4085626954278474,0.05695021286751871,0.2647634933105727
20261441,0.03,5.289520519824965,0.07189366946322413,212,0.3451223191876346,0.07708569884589465,0.4565827814250005
20261441,0.05,7.687422942736648,0.1076122528484148,212,0.6579102099590999,0.11775919214481277,0.8404802270966795
20261441,0.075,10.773809619794879,0.15042314195118048,212,1.4463177416216946,0.1659724795075484,1.3206402566218793
20261441,0.1,13.990405325960642,0.19334002775323778,212,1.9456134662259716,0.2145008147034475,1.8008406686004281
20261442,0.0,0.5732807663775696,0.00852428528070977,212,-0.06331313971978154,-0.0022633859615546633,-0.08745560254938126
20261442,0.02,2.834088205890291,0.04454344867790124,212,0.29059309933939564,0.03652701804949314,0.23392418142983853
20261442,0.03,3.9107758731258504,0.061599956190233895,212,0.48036707946713825,0.056026101317058465,0.3947776095912772
20261442,0.05,6.141978769180672,0.09585967679145499,212,0.8099473399058065,0.09360150120334973,0.7167596004153053
20261442,0.075,8.82979943171251,0.1366676379266892,212,1.2649156294492314,0.14051859580216927,1.1196451259361213
20261442,0.1,11.71458280473869,0.17850356222051203,212,1.663047813529475,0.18690299131971277,1.5228306361562935
20261443,0.0,-1.0997291566988052,-0.017514290358548484,212,0.20668087274707356,0.009207545014988688,-0.17141002934881094
20261443,0.02,2.599930740603721,0.04150794899963802,212,0.5503934832780465,0.052130134867651674,0.2164672556112092
20261443,0.03,3.8597688244228316,0.061347509945061204,212,0.592341521796032,0.07183197445930892,0.41058903867721663
20261443,0.05,6.682586104585373,0.10561495755572493,212,0.8951139827492871,0.11438037675608219,0.7991001480698721
20261443,0.075,9.662668661298063,0.1522156127041765,212,1.2170527984509902,0.1643579827768806,1.285035911005417
20261443,0.1,12.389176394819374,0.19547301930347483,212,1.704481235611697,0.21404883335812983,1.7710108646438487
20261444,0.0,1.8714178382012734,0.02755504532501676,212,0.34915419861355496,0.0006073538848815509,-0.1459718490348793
20261444,0.02,3.7725280791313556,0.05377975526472182,212,0.5612182927111944,0.04139142466177946,0.21568925028587935
20261444,0.03,4.986734077564113,0.07119470572151877,212,0.8516321174300788,0.06186985846525965,0.39655655403959045
20261444,0.05,7.885834452330649,0.11460163423479364,212,1.0153989962409284,0.10123089032382339,0.7582831315375977
20261444,0.075,10.767376429362166,0.15666081727688277,212,1.4372293524193493,0.14838516458709256,1.2102581044878093
20261444,0.1,13.753991970705854,0.19603964572539084,212,1.6602568300205673,0.19308308342784447,1.661792017686643
20261445,0.0,1.9268073900105274,0.028651368673728222,212,0.02926348909565086,-0.0035856904008398642,-0.05729509065025657
20261445,0.02,3.288322035605526,0.05301652782368753,212,0.4081956402224884,0.03513129589444373,0.28353825019962964
20261445,0.03,4.274534443310328,0.06874474819610543,212,0.6864778464778373,0.05345273694046805,0.45388889333867416
20261445,0.05,6.604513168413153,0.10432507501700276,212,1.0687261161041475,0.09230376406648998,0.7943921910190519
20261445,0.075,9.542238495263181,0.14840408405114816,212,1.477396712884734,0.13875485407909044,1.219514645441651
20261445,0.1,12.40702197461323,0.18770479260491008,212,1.7569609302206441,0.18441761396398926,1.6438837287618349
20261446,0.0,1.0541338635820066,0.01638775539023218,212,-0.007079427482821184,-0.010122031823000987,0.0462969130914364
20261446,0.02,1.3996446403081249,0.02131941824471141,212,0.30152174342817467,0.02573082027492477,0.3824965807855046
20261446,0.03,2.690579982321019,0.040133576338292135,212,0.41967101302948107,0.04324534844845812,0.5505741139036974
20261446,0.05,5.104522025145324,0.07583756597502964,212,0.7837049508068674,0.07873592701572565,0.8866347690682935
20261446,0.075,7.872334800103944,0.11591788793300138,212,1.3099146623885847,0.12315558312356858,1.3064310195689
20261446,0.1,10.322492488617229,0.15110879209780573,212,1.9175837106352351,0.1651415168173441,1.7257720712997981
20261447,0.0,-0.44808383824714587,-0.006209767982169001,212,0.043104418997534415,-0.003363710961694791,0.06029009847307487
20261447,0.02,2.1549324725389525,0.03203686228419333,212,0.5498070060289131,0.036106671558738576,0.4274338669496168
20261447,0.03,3.5994244355333316,0.05373546195801302,212,0.7019547899841627,0.056546972578863534,0.6110562499795023
20261447,0.05,6.1151462300886354,0.09105218881416516,212,1.1084080900640192,0.09705147791961581,0.9783330794042864
20261447,0.075,9.375966463367067,0.13685991696332683,212,1.601322281013823,0.14632821125487241,1.4373469083834245
20261447,0.1,12.434770843748735,0.17688442423423195,212,2.1264168119143805,0.19401610548887205,1.8960682018110464
20261448,0.0,0.21242460653022088,0.0033381279356608988,212,-0.004275992585555107,-0.01672409395473622,-0.3205106777170532
20261448,0.02,1.4224242281590378,0.02121980536471045,212,0.23796862535495847,0.01901204277857689,0.06497384810546993
20261448,0.03,2.6118263793540617,0.03962226052600634,212,0.2641592439798509,0.037930609853293856,0.25766051425443554
20261448,0.05,4.82499425406611,0.07277849256068006,212,0.5732118829260364,0.07505430247560295,0.6427942118298217
20261448,0.075,7.263288630442753,0.10934249211016736,212,0.9938747596993432,0.11963957383698932,1.1234982875606547
20261448,0.1,9.887990844903811,0.14829027119323687,212,1.5378565823219117,0.16417147866284082,1.6030398991682953
20261449,0.0,-0.7693936414569024,-0.01097245059140079,212,-0.02366907986956815,0.008418951875031463,0.08640070940253285
20261449,0.02,2.6072395490478093,0.0358839792009935,212,0.6514507024909363,0.04637152743209684,0.5246757867102647
20261449,0.03,4.0925316220423085,0.057126076181970485,212,0.7852427255018712,0.06451545714577872,0.7435454695800997
20261449,0.05,6.842160796126174,0.09492439673707784,212,1.1282496860386422,0.10142610873282784,1.1806353779809617
20261449,0.075,9.86868196905558,0.13813341353887348,212,1.6866383580824098,0.14711013242333848,1.7255479175819826
20261449,0.1,12.897891289222011,0.17910574636721202,212,2.104734347020117,0.1931582285715533,2.268525684433504
20261450,0.0,-0.24714973561022546,-0.0037134503102627895,212,-0.06569054113080898,-0.01823988013000207,-0.2966861880040573
20261450,0.02,0.5013592383072452,0.007393148451728231,212,-0.28369895478065354,0.025548061739947687,0.03455473737877755
20261450,0.03,2.2559686632760196,0.03261089091552391,212,-0.012169269632079005,0.047178628223591625,0.20002845155213364
20261450,0.05,5.285585079049524,0.07613353743488728,212,0.5516789505668626,0.08874570544780125,0.5306281120450307
20261450,0.075,8.406591072358005,0.12284479783477356,212,1.108978658549142,0.13831489081912865,0.9431145650447418
20261450,0.1,11.305421357986315,0.1682446691192698,212,1.5373689978778073,0.18843018744451082,1.354597572635428
20261451,0.0,-0.8855850078718247,-0.012983571540520007,212,-0.6017886541208914,-0.013749357167247978,-0.16258147752811988
20261451,0.02,0.524308422693825,0.007306859422904312,212,0.04385004018964562,0.028156632154824633,0.1765729847273082
20261451,0.03,2.3484935120901445,0.03244830357830339,212,0.20706087959911829,0.04806161732454281,0.3460809850239955
20261451,0.05,5.426740079225956,0.07190979939572502,212,0.6055914321652989,0.08872931019959217,0.6849040034879117
20261451,0.075,8.948440774855051,0.11646732976073018,212,1.0941993247194357,0.13954873998522677,1.1079589458550452
20261451,0.1,12.278169297091793,0.15782038020222477,212,1.3762816324251592,0.18797759417118434,1.5303299352032271
20261452,0.0,-2.2390411222515403,-0.030184480353336866,212,-0.3965903189076552,-0.0035742487484334818,0.04919394515238199
20261452,0.02,2.3896656835080656,0.033495981098837564,212,0.37983319676177146,0.04047275195739385,0.4097612902880868
20261452,0.03,4.127499462001729,0.060007701424788666,212,0.5606289109664192,0.06104806576279047,0.5903021999172232
20261452,0.05,6.803547102093711,0.10066870095279251,212,0.9115915062754623,0.104269631988376,0.9518377678547225
20261452,0.075,9.62311349012429,0.1432506986324503,212,1.3444806878579587,0.15560172648887213,1.4044815170482283
20261452,0.1,12.868604739842835,0.1906750044611458,212,1.7927985413119734,0.2068211620309566,1.8577495176246825
20261453,0.0,-0.13752139866445287,-0.0020779449551943463,212,-0.08723543288687934,-0.01770405824439779,-0.15896129082034738
20261453,0.02,-1.1908866843581,-0.016637897359333322,212,-0.08255354593691394,0.017765457737571672,0.14534423844056443
20261453,0.03,1.187913812752119,0.016924907745579358,212,0.22485387651179645,0.03554860552953335,0.29737590413086856
20261453,0.05,4.1251995247384246,0.059895816019980876,212,0.5619425195221913,0.07054573968455673,0.6011633892908871
20261453,0.075,7.127775864692073,0.10306361188316313,212,1.0176970280714577,0.1125859297188706,0.9803116004748236
20261453,0.1,9.839400807439718,0.13902516837856568,212,1.5278678269126025,0.1534368523569443,1.3587118438290302
20261454,0.0,0.3087105903940674,0.004937039498646197,212,0.22438300511199785,-0.002188286223310097,-0.35629839759012844
20261454,0.02,2.211409321122181,0.03133200983697179,212,-0.06505402797324242,0.03473874596608884,0.0056860071288784425
20261454,0.03,3.412278665442181,0.046985213221726815,212,0.10178477294082887,0.053242909576053814,0.1866527771838905
20261454,0.05,5.853630996973541,0.0793976725055838,212,0.4658177316697925,0.08943768860226138,0.5484499757512424
20261454,0.075,9.239306793532428,0.12306139978549983,212,1.0383506213823588,0.1351796130498045,1.0002650185219264
20261454,0.1,12.46162763837913,0.1632067535348244,212,1.6045348759834368,0.17850421366506813,1.45135323166425
20261455,0.0,1.4607986081500326,0.02170474441001051,212,0.5722725737640765,-0.005532433925037643,0.47972202558162175
20261455,0.02,2.5594744630420907,0.03537499021985423,212,0.6883121222313128,0.03760273460816846,0.8679317861461167
20261455,0.03,4.09828750535851,0.05646449291875926,212,1.122287227018626,0.060072200983078625,1.0618548235074519
20261455,0.05,7.259806313080664,0.10037093727821256,212,1.3928276629265641,0.10541898414928667,1.4492542719759778
20261455,0.075,11.060306770635012,0.15107960460089936,212,1.7359953367305399,0.15816638693429738,1.9324964375695617
20261455,0.1,14.032974046549425,0.1973179763447674,212,2.1977685318647726,0.2101843585635749,2.4143819715447696
20261456,0.0,1.6318846606371382,0.024518009462705864,212,0.4832715769917524,-0.027223850985263566,-0.15097601377702768
20261456,0.02,0.8404736390687313,0.01268657595796389,212,-0.09348487706646368,0.012897845507838417,0.20234230698580138
20261456,0.03,2.169471590587502,0.029901310427210077,212,0.2112153626856572,0.03201449682541866,0.3793527786575376
20261456,0.05,5.028880024282365,0.06834226797560697,212,0.7464982953639187,0.06957200328121069,0.7340188350578642
20261456,0.075,7.907669642265636,0.10925187328866427,212,1.2469571895798388,0.1167530582634082,1.1784406855598324
20261456,0.1,10.926821719892787,0.15099690669299795,212,1.819599383874092,0.1644071371816966,1.6239003702025818
20261457,0.0,0.6023649095471455,0.008455413029237701,212,0.29367832790888815,-0.009180990093484396,-0.11564397793873242
20261457,0.02,1.9646112033975762,0.027640815601013568,212,0.3262310864309089,0.028609529907765992,0.24435707002621038
20261457,0.03,3.2522576105476944,0.04585637397733895,212,0.5896082561428649,0.048041961914308935,0.42441777616909215
20261457,0.05,5.616903629416497,0.08011737473193313,212,0.6605589043838307,0.08422038053072611,0.7845866616547308
20261457,0.075,8.808570875046724,0.12545400643979887,212,1.2274175357480257,0.13188702725525986,1.2347362516744549
20261457,0.1,11.884518669000954,0.16862564276310038,212,1.525042707048048,0.17682523976094494,1.684604676767426
20261458,0.0,0.582447728169146,0.009443435402586018,212,0.1785574452588835,0.012263251016055885,0.19750396569514708
20261458,0.02,2.9221589086156823,0.044590814352705434,212,0.22633825003321553,0.05036783467686706,0.5511319225973068
20261458,0.03,4.611307304184064,0.07183068591726825,212,0.5559352556099408,0.0706812262810086,0.7274720192400232
20261458,0.05,6.997843019726985,0.11104357594963644,212,1.1039016672122992,0.1094495739510705,1.0791449826875767
20261458,0.075,9.749094995855717,0.15626448179257516,212,1.512702365656925,0.15615934678087812,1.5167276599281652
20261458,0.1,12.92252404401377,0.20442820420956556,212,1.9678422511300975,0.203921552685682,1.9519132085627577
20261459,0.0,2.236107591603287,0.03561053844050219,212,0.4266701919323265,-0.0028599812285451417,-0.209241441370966
20261459,0.02,3.2585832643507673,0.046750689123777334,212,0.3819761877441005,0.036067545066598365,0.1345104073607588
20261459,0.03,4.211728128382986,0.05866661275114302,212,0.5259371182794492,0.0554077672989211,0.3067181612702274
20261459,0.05,6.757680519558242,0.0954674377979412,212,0.7877817886182189,0.09190158142219701,0.6517266345145537
20261459,0.075,9.524699824999095,0.13701686376686725,212,1.2753461449762418,0.13827647979397817,1.0839512763171142
20261459,0.1,12.335420588223617,0.17852764608624375,212,1.5226415101720758,0.18326614076267114,1.5170355149708266
20261460,0.0,0.982433581445023,0.013974666281963737,212,0.6458563194141665,-0.026691496914641337,-0.5386912433299039
20261460,0.02,1.454462022013373,0.022444929090329246,212,0.27833146297709355,0.013911982031985777,-0.15947386126445348
20261460,0.03,2.354295640512592,0.03569093207233203,212,0.2377347190375077,0.034684007351005706,0.0301127405599736
20261460,0.05,4.634128981381293,0.06998368063057876,212,0.6499152682886995,0.07577216140477974,0.4091597887979164
20261460,0.075,7.625221770435889,0.1143458595908509,212,0.9171617758259623,0.1247214602812505,0.8825634110890165
20261460,0.1,10.612791553598313,0.15687690716625985,212,1.332327167474866,0.17122856443976756,1.355279394404378
20261461,0.0,0.6416665961728916,0.009577595476085509,212,0.006758023746755539,-0.008138258638234542,-0.591526900949578
20261461,0.02,2.210877433578919,0.0365217516114653,212,0.27113969997669757,0.027904912412716372,-0.25125240330552084
20261461,0.03,3.464401796346441,0.056655491802023804,212,0.33653294418348734,0.045258893614741925,-0.08095137838255077
20261461,0.05,5.606693553668399,0.09071772602273692,212,0.5170142992374023,0.08026651781654076,0.259924368661514
20261461,0.075,8.037515768760738,0.12816836016669855,212,0.9022454928235735,0.1215248215451273,0.6864204977134925
20261461,0.1,10.39528398330182,0.16453760098148532,212,1.464893669778156,0.16252057663235098,1.1132038668042723
20261462,0.0,0.4608850218481691,0.0069110359999459015,212,-0.35345099500678195,0.026036147122662914,0.17695722447861373
20261462,0.02,3.8012075881502625,0.059770617020093,212,0.3578848117625866,0.06510356304144521,0.5432011042236387
20261462,0.03,5.004566312495472,0.07944887864050726,212,0.4992569234298619,0.08416058339809258,0.7261931762572238
20261462,0.05,7.488703678525328,0.1185875197772364,212,0.9374186108201291,0.12304493110301154,1.091849718014471
20261462,0.075,10.199799239512503,0.16365455118473007,212,1.4537341119634926,0.1709902732430181,1.548167039315758
20261462,0.1,12.807466976457317,0.20272406403931256,212,1.9208058594324033,0.2150693628841096,2.0034521928034423
20261463,0.0,-0.4147763551500711,-0.00590253117262819,212,-0.10516204913410221,0.006773409216287809,-0.07919085639606945
20261463,0.02,2.842937738474559,0.04420907261685098,212,0.21596105285530987,0.05185956181366005,0.32015210959577345
20261463,0.03,4.297716392383272,0.0682467685339747,212,0.2731217961156676,0.07366309914400843,0.5196532859241054
20261463,0.05,6.753653490363979,0.10654076447514124,212,0.5819398423657921,0.11581922569451675,0.9182305334101468
20261463,0.075,9.633436688301254,0.15202486985158656,212,1.338761961582736,0.16638257578159907,1.4154820930545677
20261463,0.1,12.225145563677115,0.1902978712774345,212,1.8197569851816642,0.21495422044761014,1.9114137514016654
20261464,0.0,-0.43624392225862335,-0.006145248252165429,212,0.2506181291659094,-0.011837327176752342,-0.27833863699409694
20261464,0.02,1.3773322669413646,0.018734532553774736,212,-0.09034909716343362,0.02629446428673647,0.10657806701804633
20261464,0.03,3.2585863633697074,0.043454550218753676,212,0.18557213229634645,0.045378031600083836,0.2989512345913712
20261464,0.05,6.212582316608176,0.08396961226222564,212,0.6417245516019738,0.08293337393603954,0.6834353472553455
20261464,0.075,9.675829411821548,0.13204116363635382,212,1.2941924937755633,0.12922419492535003,1.163360305183832
20261464,0.1,12.449364302954509,0.1731379273725564,212,1.6788456667130705,0.17388497077253534,1.64226482541234
20261465,0.0,0.6837894031813653,0.009997229751783339,212,0.03920185430421404,-0.01716166111841728,0.059369429455962706
20261465,0.02,0.8543737585913466,0.012332741565642727,212,-0.10162527600516517,0.028314106061642447,0.3890364902964616
20261465,0.03,2.961232247243881,0.04488038504569765,212,0.29840268922590607,0.05043685490866999,0.5540998455420886
20261465,0.05,5.821515408390933,0.08879860681618333,212,0.7329263360895614,0.09390771021092156,0.884634266479061
20261465,0.075,9.195315475581735,0.1406806627206414,212,1.176356590101165,0.15025016070245942,1.298458580429033
20261465,0.1,12.223676406686325,0.18530399296902328,212,1.5575639033837891,0.20369124601847696,1.7128577481937475
20261466,0.0,1.084640160503711,0.016173713746252087,212,-0.042183085529736854,0.012453773445944552,0.022908530205217208
20261466,0.02,3.274823659016286,0.04814554423909261,212,0.21345511406078307,0.049469372575607656,0.3445702039168652
20261466,0.03,4.505814944707173,0.06690414367628136,212,0.49029750491877405,0.06752296918277417,0.5052673820049897
20261466,0.05,6.792081236568706,0.10217185704347093,212,0.9421551467388795,0.10379441953079002,0.8263562528822755
20261466,0.075,9.404632493312226,0.14346960485924812,212,1.4389371497352514,0.1509967352386434,1.2270663807769722
20261466,0.1,11.974744063987119,0.18199684474499103,212,1.880583116799155,0.19449627209814688,1.6269435915421948
20261467,0.0,-0.5267483039464934,-0.00793797503583606,212,-0.07258006814411525,0.006250248468453461,-0.1907072993008049
20261467,0.02,1.476689477541807,0.02279441096118192,212,-0.11798476229000232,0.04171033260389568,0.18659283329350596
20261467,0.03,2.751151718600113,0.04216620386407921,212,0.08587228074850493,0.05985234209794079,0.375459345716225
20261467,0.05,5.130575707263966,0.07892017529742243,212,0.3419131298616087,0.09710659310404404,0.7535176664113629
20261467,0.075,8.040149774095791,0.12243284447931425,212,0.930241993392098,0.14239440677893156,1.2264770663689437
20261467,0.1,10.638239239363593,0.16095317153684252,212,1.4111816825423644,0.1871742450265954,1.6995483834227856
20261468,0.0,0.3592017059150209,0.0057455843690877645,212,-0.036644267706783286,-0.0013858691866503218,-0.33930192495971256
20261468,0.02,1.0224782929004557,0.017193995984602188,212,-0.02660614141776238,0.03443259283548411,0.011413457262770904
20261468,0.03,2.3047350397738393,0.03740352125484742,212,0.15519131308926348,0.05227196032784986,0.18662961121088112
20261468,0.05,4.379635150723311,0.0690071796375882,212,0.5662546741009453,0.08677771960298605,0.5367197473911164
20261468,0.075,7.156306644991587,0.10894386838709963,212,0.8491886089482248,0.1307252251133556,0.9735698436712036
20261468,0.1,9.870269155078905,0.1462447213414255,212,1.2216670135261145,0.17484451706147364,1.4094030829675965
20261469,0.0,2.437435109155379,0.03451319096909226,212,0.33819288894755023,-0.013368639119806094,-0.32676868639625406
20261469,0.02,2.829756822123116,0.03713417698514998,212,0.18742217770645844,0.02213637515230975,0.020422537367114444
20261469,0.03,3.898495840570584,0.05049974629219907,212,0.47174374301104877,0.04024809235552956,0.19347196736978736
20261469,0.05,5.971261231802887,0.07756138837701668,212,0.9930843243135911,0.0756266478198125,0.538400352392967
20261469,0.075,8.890785584300833,0.11436122143132794,212,1.3787572259542775,0.12112032885744528,0.9672093370341326
20261469,0.1,11.358961345050634,0.15039729474205624,212,1.7682725353550044,0.16547388007767921,1.3931904512143767
20261470,0.0,-0.8988415086147122,-0.012722164221735702,212,0.35780671310926787,-0.0017281946539347286,-0.08985844333114713
20261470,0.02,1.864702892587232,0.027343563987782836,212,0.1929140826311368,0.0377457609628172,0.260366990606662
20261470,0.03,3.238348798477014,0.04732061340547553,212,0.4504951987971861,0.05747597178488538,0.43549188401183836
20261470,0.05,5.872901547322378,0.08538802219960571,212,0.5642539035490086,0.09633587332536381,0.7856982541863087
20261470,0.075,9.037471696612501,0.12809137841903212,212,0.8610943247031172,0.14483569672986224,1.2232351257192886
20261470,0.1,12.38300062787443,0.1723611303057674,212,1.3870433400941786,0.1925136228054581,1.6603292465836166
20261471,0.0,0.0855148697923882,0.0014378682686509892,212,-0.5167591163430765,0.0017529034554076713,-0.09989204592394343
20261471,0.02,2.952222263947372,0.04169459536143408,212,0.40551680973720483,0.0466823507469692,0.2552701147296549
20261471,0.03,4.274220336280618,0.060471885037869905,212,0.8288804367501942,0.06792681004894037,0.4330884363164591
20261471,0.05,7.1843103235803625,0.10099283578685807,212,1.0428123586469293,0.11156008967831352,0.7891375974284398
20261471,0.075,10.948432064760558,0.1527228094705934,212,1.4943663495639807,0.16569013913706723,1.2348435589135844
20261471,0.1,14.515798017438046,0.20087910699802,212,1.7570024468042216,0.21826280933189046,1.681081774955906
20261472,0.0,1.6095899767076067,0.024916649223085056,212,0.15899249260283252,0.02276714658667956,0.4192871937788729
20261472,0.02,4.045875710972952,0.06424782542712644,212,0.5547672160927984,0.06454981073981328,0.7594404183192819
20261472,0.03,5.253753868019806,0.08441997021887755,212,0.8648926940345824,0.0855247415254052,0.9296667361836815
20261472,0.05,7.403478168964685,0.11828053899837021,212,1.1979569624001312,0.12644302081432007,1.2703685740137067
20261472,0.075,10.403487414746463,0.16373801718465536,212,1.5670922776692164,0.17536289389597362,1.6966089389209402
20261472,0.1,13.235883548997421,0.2058468701776203,212,1.870464063353695,0.2228471827230026,2.1231045998404103
20261473,0.0,-2.8656276402533334,-0.04193091167410587,212,-0.3999758074416109,-0.013457380422403832,-0.14283271362821626
20261473,0.02,-0.5388220630799516,-0.007555977269306986,212,-0.3352596465955214,0.026506567424167144,0.1761320431490112
20261473,0.03,1.79937736614383,0.024925354266022052,212,0.06787580899689744,0.04542588679679663,0.3356786880141599
20261473,0.05,5.318696855762082,0.07518980836824779,212,0.45029556593513415,0.08351453704644668,0.6548557775573228
20261473,0.075,8.36789727927958,0.12048393898412704,212,1.0215824547334653,0.12947517681389648,1.0538918044461447
20261473,0.1,11.481156108189337,0.1653883909132387,212,1.5708704403970093,0.17436420943086603,1.4528687788457821
20261474,0.0,2.440071918637754,0.036141290028983926,212,0.12089701308536004,0.009719570070078044,0.09104861009539657
20261474,0.02,3.06718731471817,0.04644447643693499,212,0.33058387536321804,0.048628307360664313,0.45283170667090517
20261474,0.03,4.177940795615048,0.06576506320490881,212,0.6595098748174227,0.0681132176298995,0.6335079501370297
20261474,0.05,6.2708171292668755,0.10024829858507084,212,0.9662067750926976,0.10593472233185558,0.994362509426043
20261474,0.075,8.778059248114609,0.13813315750819885,212,1.4323221755745168,0.1531360153536284,1.4443596356068604
20261474,0.1,11.111738151277365,0.17118082889578146,212,1.957823486813308,0.19771134013193684,1.8929746609146278
20261475,0.0,-1.5554431060889278,-0.023591178420591087,212,-0.2253385223236909,-0.018927675124590374,-0.12455256198614294
20261475,0.02,0.8207024310594051,0.012613863246372568,212,-0.08028638606433855,0.026555884053893225,0.21629024603936045
20261475,0.03,2.6401146030395815,0.03943794099535682,212,0.2399089826013564,0.048753020814965874,0.38687593593674285
20261475,0.05,5.713231001964345,0.08273067982775233,212,0.5228570960630435,0.0919409540224466,0.7283087347127426
20261475,0.075,9.372851666475436,0.1328750555435825,212,0.9649879979345675,0.14683786654009523,1.1554505538588165
20261475,0.1,12.63412868218598,0.1785130353554729,212,1.3762864214300876,0.19877888483095593,1.5827841733816046
20261476,0.0,-1.4792409356818756,-0.021412869440946752,212,0.06482860082084513,-9.859964398269846e-05,-0.13905607523286712
20261476,0.02,1.0972990663912343,0.015295016470965364,212,0.41112047589953316,0.03858289465308936,0.22943217957560005
20261476,0.03,2.9254803033576384,0.040974125043060874,212,0.7345660194931675,0.05698349237686222,0.4138802392428248
20261476,0.05,5.745097392916478,0.08082504351657546,212,1.1990190187414596,0.0944168294778449,0.7831228746830711
20261476,0.075,8.479563608797884,0.12201423432631489,212,1.4265614026297049,0.13981229149185942,1.2451984279362305
20261476,0.1,10.687800046903385,0.15782780509178865,212,1.7759704771180616,0.18380662210568005,1.7076728622081379
20261477,0.0,-0.025487233848513043,-0.00042091442907090743,212,0.056484771305802914,-0.005887557168610828,0.12766166244546898
20261477,0.02,1.6641019964306327,0.027806979508840222,212,0.46601838078435975,0.03507532411572717,0.4445641269993389
20261477,0.03,2.883451472694799,0.04688817759604684,212,0.6798584493716423,0.05459042718956282,0.6032009470578497
20261477,0.05,5.397382860471664,0.08584810932189309,212,0.9349061727492264,0.09380342182578157,0.9207929163189491
20261477,0.075,8.472510112654358,0.13075563361910017,212,1.2145104818811971,0.1426693241411758,1.3182698746088286
20261477,0.1,11.728301598721627,0.17841471957641983,212,1.7526074822425515,0.1889651435793417,1.7161314526338685
20261478,0.0,-0.26012787518473557,-0.004060390468756419,212,0.22864473884792655,0.018238174970503514,0.21324567143632295
20261478,0.02,3.216847429108982,0.04974317564870482,212,0.49248182038187743,0.060146701599538506,0.5566932416333217
20261478,0.03,4.596791767906783,0.07171291180694428,212,0.6565187483373466,0.08018057478680536,0.728470534204352
20261478,0.05,7.105133035538484,0.11077832817073288,212,1.0715066173125187,0.12161029725365154,1.0720761774287135
20261478,0.075,10.104137430292907,0.15671407165720322,212,1.467276190432956,0.17071053516604834,1.5015633727730526
20261478,0.1,12.720537767278154,0.19849238904923716,212,1.6122544483079517,0.2192436933384343,1.9308649778358515
20261479,0.0,-0.48990857231750135,-0.007513220146645889,212,-0.15442900039867863,0.012504520419021385,-0.0007015989827034758
20261479,0.02,3.1793958305057073,0.044484817653413854,212,0.35707998680870645,0.05065601659288484,0.3066500065244317
20261479,0.03,4.583709314522351,0.06482235826096776,212,0.4037899989847755,0.07032396569740758,0.46031805779845264
20261479,0.05,7.238730363182271,0.1027307720061606,212,0.5597217681179516,0.10778200298710433,0.7675854725986538
20261479,0.075,10.425447993103859,0.1466256949852561,212,1.0245582227627332,0.1540210969554517,1.1514314062190965
20261479,0.1,13.45842946073891,0.18826626787434592,212,1.4908256073073274,0.1988000106656591,1.5348580482645482
20261480,0.0,0.16309914153153046,0.002416929568387705,212,0.08883008844739929,0.002589144208606155,0.1363846484821795
20261480,0.02,2.1210424179557035,0.03034245127957576,212,0.2312233510170089,0.03969213256105534,0.5102904113820823
20261480,0.03,3.469479879336014,0.05109296936528744,212,0.5608076147266904,0.05771459271237185,0.6972800852813118
20261480,0.05,5.098839571464059,0.07738296712701992,212,0.8862839918224805,0.09299885743619724,1.0712550288156886
20261480,0.075,7.688226683616115,0.11712123210370289,212,1.3886694052528765,0.13693564654821838,1.5385545305457757
20261480,0.1,10.045737174231785,0.15274201177118973,212,1.5711094230398743,0.17819047723128292,2.0054387723495273
20261481,0.0,1.2145774247271786,0.018918618608824597,212,0.4538527799431504,-0.018520446824559573,-0.2837493227506637
20261481,0.02,1.079907256238636,0.015454267550577357,212,0.013327280217909392,0.022762648945956095,0.08696610075678715
20261481,0.03,2.5177610027946735,0.03707657008336108,212,0.15151210358825304,0.04306808939629688,0.2725604417890676
20261481,0.05,5.257016614343797,0.0785796545001814,212,0.5049680001772923,0.08435439131408837,0.6441416529094087
20261481,0.075,7.878008174969073,0.11685368004872776,212,1.01785403707266,0.13253594662037993,1.1091862945790714
20261481,0.1,10.505059201289669,0.15520144243156395,212,1.56234386478946,0.17896699852475823,1.574623164313831
20261482,0.0,-0.8672817528954567,-0.014360248477937454,212,-0.15013516595946663,-0.008864336423755803,-0.4692899716891041
20261482,0.02,1.0744065059847012,0.015724123881624027,212,-0.12727367677439155,0.029798585216120894,-0.0910981851196138
20261482,0.03,2.8655084407870888,0.04259915173485714,212,0.0701729877163508,0.0498162663853678,0.09756384365628674
20261482,0.05,5.379736516595496,0.08074516194609486,212,0.3822696109429895,0.08703117987284036,0.47393058982297226
20261482,0.075,7.804860607043281,0.12248686695165852,212,0.82501959537532,0.13381664118845424,0.9424128900108745
20261482,0.1,10.234857540293687,0.16199572844388432,212,1.329102224473914,0.17912349882154446,1.4084491242332613
20261483,0.0,0.6645438204356099,0.01058789251812554,212,0.3800874406593829,-0.01303413437114377,-0.1272534842684798
20261483,0.02,1.3873642274956652,0.020532635981612323,212,0.5152800973054301,0.027100849550441425,0.21394188080565066
20261483,0.03,2.7756814072940132,0.03906541636378859,212,0.4626584274118147,0.04536330381187882,0.384421164617128
20261483,0.05,5.322195245422103,0.0737168784474906,212,0.8196477987202408,0.08247017787530588,0.7250674606004417
20261483,0.075,8.547814132003992,0.11524299107471009,212,1.3869060254399006,0.1313362238229601,1.1501351805222257
20261483,0.1,11.310587107409402,0.15345050012984932,212,1.8135844208247276,0.17751735525623052,1.5741637529421957
20261484,0.0,-1.8089656130785545,-0.028215092404180273,212,-0.23542631998911243,0.006888600509956331,0.14405497994227515
20261484,0.02,1.3659362259006866,0.02142592700535223,212,0.2505988561415518,0.047987510346602764,0.49620322740797285
20261484,0.03,3.0181001456135332,0.04762119341747629,212,0.40048497978489084,0.0680043631883649,0.672331674889921
20261484,0.05,6.173253160437461,0.09576776177926737,212,1.0160417844028957,0.10903452221899879,1.0246377264723172
20261484,0.075,9.28181840662743,0.14374637401850945,212,1.6464151187500045,0.15668099055573786,1.4649895795331576
20261484,0.1,12.237364702288284,0.18627972586998998,212,1.879214209930454,0.20326750080068592,1.9051335021384876
20261485,0.0,-1.6936830062260797,-0.0236475051690069,212,0.10043954434555737,-0.01573970219627456,-0.22293313709297008
20261485,0.02,1.5577601270201564,0.02292396248253829,212,0.027903608344843185,0.02362431811417955,0.10098293248989701
20261485,0.03,2.872586895322322,0.04150820503031265,212,0.26638014209061983,0.04170172599099998,0.2628611440217152
20261485,0.05,5.542074923183545,0.07888586718702371,212,0.6391530692928116,0.0792416470431553,0.5863972115999512
20261485,0.075,8.851895930312484,0.12421789034274634,212,1.089789701347285,0.1260150400508492,0.9902795368449243
20261485,0.1,11.87856124105679,0.16383556487168457,212,1.599970516049788,0.16928488730094185,1.3933893551964867
20261486,0.0,2.2112415927258766,0.03422950898161624,212,0.5965820586952041,-0.02287557797116424,-0.012875043575272761
20261486,0.02,1.1642957922755994,0.017190923616506783,212,0.441937235605553,0.016124365486611964,0.32214716787082875
20261486,0.03,2.288907201522905,0.03425920853987185,212,0.5591797062297805,0.03669386469304646,0.4897481315078132
20261486,0.05,4.591982574526866,0.07041458025595973,212,0.7373889609217545,0.0775564554897054,0.8250635967903429
20261486,0.075,7.713922282005091,0.1177418504589753,212,1.3847812365688992,0.12605890608446024,1.2442839238860406
20261486,0.1,10.472933547715936,0.16155868408231253,212,1.4390340333841933,0.17379506328362027,1.6633948187417564
20261487,0.0,0.3432591195376603,0.005500050952129729,212,-0.08463640653426643,-0.01671353266421963,-0.20254722357868413
20261487,0.02,-0.06261740913513468,-0.0009552504469973037,212,-0.11107299578424742,0.02530498137152975,0.13820518109405108
20261487,0.03,1.5440299772330344,0.023221470126443645,212,-0.0714891790474375,0.04486406320744815,0.3086519686434012
20261487,0.05,5.146689140136249,0.07716687723764289,212,0.5619573661591795,0.08816175556442356,0.6496337641341693
20261487,0.075,8.654665218646931,0.12638262969663597,212,1.156180053518024,0.13978886615649294,1.0759169833162028
20261487,0.1,12.18611270119482,0.17266580680856203,212,1.6911395385263888,0.1901903324426411,1.5021074823586735
20261488,0.0,2.8215735921723724,0.040188366902660255,212,0.38037609930170707,-0.0036839784516037926,0.0384838873695643
20261488,0.02,3.523007896965442,0.04979719812104908,212,0.5558695776096971,0.03158365217890142,0.39448136685950447
20261488,0.03,4.254006088462086,0.06227382892582676,212,0.5971664730330587,0.049146298297357206,0.5722525437831933
20261488,0.05,5.776137406212472,0.08522416256785062,212,0.8926874194086494,0.08441137866180735,0.9272718998491221
20261488,0.075,8.432305631394822,0.12252245521543031,212,1.2902721833726833,0.12963374101121966,1.3699269879917804
20261488,0.1,10.871517461221858,0.15514255537640195,212,1.7533757982906388,0.172061236502044,1.811145332627091
20261489,0.0,-0.927918803855725,-0.01313667788394118,212,-0.23045635933381317,-0.012182861369233754,-0.4558323410963458
20261489,0.02,1.1161159876388043,0.015824743936748646,212,-0.08451793160996812,0.027754040927363832,-0.10014727689763818
20261489,0.03,2.8732631417709467,0.04052863166922669,212,-0.021088167151275036,0.047954199030156595,0.07781373351922641
20261489,0.05,6.073277617141793,0.08441024105324209,212,0.32629798771600743,0.08770200071952604,0.4338578844722986
20261489,0.075,9.84977125023876,0.1316228095140291,212,0.9177407765408165,0.13712736914122015,0.8789046307903481
20261489,0.1,13.4522705433981,0.17649064905667053,212,1.4545993652966225,0.18425662981940122,1.3236061806945942
20261490,0.0,-0.9492067600340705,-0.01285632429523519,212,0.0021317330667207034,0.004939107014179227,0.12328979824859951
20261490,0.02,2.0876922407854788,0.032035113650934414,212,0.4090192933959355,0.0438217806023593,0.46198304168247467
20261490,0.03,3.7090588235012745,0.05716017428210788,212,0.7735715423097881,0.0629476070826261,0.6311801993673174
20261490,0.05,6.627806570352743,0.10080362911831586,212,1.1464719122047133,0.10211868269162801,0.9692140162223793
20261490,0.075,9.773608202412635,0.14543668853233316,212,1.7594149959791288,0.14801089593264508,1.3909543248524892
20261490,0.1,12.689675213236729,0.1880432651567542,212,2.1706097648433236,0.1941922918842746,1.8116270455463381
20261491,0.0,0.0073435739840257966,0.0001039484538946435,212,0.3405062048573901,0.0050741678054194925,0.0842573818293418
20261491,0.02,2.8195376677246267,0.039146578087642284,212,0.5720131265200823,0.04336226888289517,0.46579308560676175
20261491,0.03,4.172961458295335,0.05718624339050555,212,0.6727252394355434,0.06361794827959125,0.6562224297102272
20261491,0.05,7.055002732923797,0.09763704173464857,212,0.951906435302524,0.10453321201022404,1.0363047196903217
20261491,0.075,10.264696249742627,0.14061127840782012,212,1.2931360643346432,0.1537622741036095,1.5097499038084277
20261491,0.1,13.184375413584663,0.18299655142715035,212,1.5706277052254238,0.2017700538903988,1.9810728122760233
20261492,0.0,-2.658492586391817,-0.041439588809515204,212,-0.7479143764084338,4.87601131300372e-05,-0.20313731692152504
20261492,0.02,-0.11765605460191475,-0.0018723523234766208,212,-0.15087157043111912,0.03840263869435895,0.11976309877856477
20261492,0.03,1.8077644709905256,0.02743445487727201,212,0.04765259946463107,0.05672557088550394,0.2815165326910192
20261492,0.05,5.152754160290601,0.07577509449042301,212,0.5587207493221302,0.09609974606083926,0.605569620350809
20261492,0.075,8.308996022839432,0.12001847521767271,212,1.1017429964064687,0.14305622608524085,1.0115342813373487
20261492,0.1,11.049463369109478,0.15968223526804204,212,1.3620898645188086,0.1883531058475564,1.4183168638291748
20261493,0.0,0.08901166951671431,0.0012243386860201252,212,0.0012982028971068576,0.014063555537098132,0.43815243212658167
20261493,0.02,3.6834542086450157,0.049830738139423944,212,0.4345172919298905,0.0549052095072465,0.8157627710127581
20261493,0.03,5.096208170950958,0.07036747061183014,212,0.812852248584306,0.07655908675988701,1.0046129344957548
20261493,0.05,7.760952155217232,0.1086450805898212,212,1.400469316188145,0.11878100434128723,1.382306453197539
20261493,0.075,10.97836448263488,0.15383014213831345,212,1.8928785631263862,0.16994886004191606,1.8542107856003187
20261493,0.1,14.067924151402767,0.19698846486653487,212,2.5529576105275202,0.21837138686228189,2.325596728401029
20261494,0.0,0.21410002124344202,0.0032769366044273548,212,0.26067018609378073,0.00335568152177193,0.0777461401635351
20261494,0.02,2.544338044336866,0.036869215025462754,212,0.22608531477789928,0.04138103586269267,0.46898997203316967
20261494,0.03,3.7853478199356827,0.05547548142268557,212,0.4331730198264682,0.06135863822888801,0.6641826389941606
20261494,0.05,6.332545394793609,0.09220791127938786,212,0.7650136595033471,0.09981670670094119,1.0536238205707469
20261494,0.075,9.369231152418113,0.1372864640672393,212,1.0866394902672365,0.15005254328224665,1.538481532173435
20261494,0.1,11.952425803662665,0.17523917111914092,212,1.2130301802186465,0.19566238059171184,2.0209393637968334
20261495,0.0,1.1520711037905946,0.017450794751243382,212,0.02179761504805214,-0.013248555197133232,-0.42445937455867344
20261495,0.02,0.6396465939642424,0.009052988623794582,212,0.021136865960093832,0.025019541823612806,-0.03901431991735849
20261495,0.03,3.022264899331677,0.0408269074051559,212,0.3303461329795162,0.04523392322373413,0.15387350866233163
20261495,0.05,6.203023102634205,0.08127079292108425,212,0.6349335826567015,0.08453036612537718,0.5398931771286453
20261495,0.075,9.812125999252812,0.12939047806204051,212,1.0287120789038804,0.13311943147557648,1.022695829930965
20261495,0.1,12.675608674711048,0.16889319481807552,212,1.5908030555199044,0.18122765517458442,1.5055528318496516
20261496,0.0,-0.8559240998080861,-0.01164760348036672,212,-0.2501544082896213,-0.0021975778128478043,0.2469720141244757
20261496,0.02,2.0131435741919366,0.02995123640876047,212,0.23018602213502448,0.037388709529591536,0.5751718137759886
20261496,0.03,3.6010544038417005,0.05318166760881571,212,0.4505087097715226,0.05819574230877999,0.7391282668701334
20261496,0.05,6.739074384842967,0.09661778361899692,212,0.984255989072412,0.0999395053485459,1.0667119712812279
20261496,0.075,10.291612036517842,0.14512663538537157,212,1.3282727189822305,0.15063072859292911,1.4754877136220328
20261496,0.1,13.847207856504976,0.19158647366278359,212,1.8362073091575815,0.1986879993092409,1.8833599109561643
20261497,0.0,-0.24514179192238061,-0.003748801137747111,212,-0.2271260216737168,0.02019426444467964,0.17741607405181442
20261497,0.02,3.0238187595392563,0.043407696605298696,212,0.37870021101283224,0.057345015021905976,0.48517790996578636
20261497,0.03,4.355210433063303,0.06394980572187187,212,0.6445184047832899,0.07569867600815636,0.6389253570156246
20261497,0.05,6.654684954576167,0.10078417078704495,212,0.8794368545881904,0.11211081106704938,0.9461101137201345
20261497,0.075,9.302015643992569,0.14148869552973373,212,1.3425629733009667,0.15584154302815478,1.3294211032865664
20261497,0.1,11.874491071119673,0.18145918032829467,212,1.6336896134345533,0.19903650711145643,1.7118637230635279
20261498,0.0,-0.3002228886323222,-0.004232443082099276,212,0.2191808526533602,-0.0023222843220483463,-0.07192942768263107
20261498,0.02,2.3683962822749907,0.03345988077371652,212,0.556843942100946,0.037362792798235726,0.29098075036762017
20261498,0.03,3.7868369501059487,0.05300705468872669,212,0.8587851934965197,0.05783869121950883,0.47214689716021496
20261498,0.05,6.671991144350383,0.090707059464781,212,1.2643402294494144,0.09733327674420646,0.8338076835418862
20261498,0.075,10.076554858888196,0.13582657716057125,212,1.433995400881795,0.14773835122913775,1.2844341190623998
20261498,0.1,13.492494137146604,0.17845568448435858,212,1.7414212620693583,0.19506693421603544,1.7331850768071786
20261499,0.0,1.2203646672288544,0.01762924813145167,212,0.07799054164857011,-0.005513782500531424,-0.20173005892110266
20261499,0.02,2.791685891841462,0.040373221049733975,212,0.3040703436571249,0.03273468506812038,0.15619667846136776
20261499,0.03,3.781728726451311,0.054469245871466315,212,0.5717549230353193,0.05151500045644374,0.33512866592817586
20261499,0.05,6.454498612239027,0.09251489205825403,212,1.1296688256438856,0.08921376612956994,0.6928574094706481
20261499,0.075,9.64517777923869,0.13733869432486126,212,1.5345113849113563,0.13510253661390415,1.1396157050592706
20261499,0.1,12.755985744189784,0.17749300914779734,212,2.1215945145111585,0.18020412909120104,1.5857167477989136
20261500,0.0,-0.3272510522087291,-0.00502332183599224,212,-0.163368631362102,-0.010572109693011065,-0.30181748283152005
20261500,0.02,1.5318419065321134,0.02141619783971677,212,0.31642044750923376,0.022056532872547437,0.06530204584363848
20261500,0.03,3.031886142018295,0.04217670112173852,212,0.3825311663089427,0.03943953383461215,0.24876836081230946
20261500,0.05,5.66782995815117,0.0783113343531824,212,0.9201472248192593,0.07570177550522629,0.6154544989316021
20261500,0.075,8.500413437463349,0.11743486968010913,212,1.470296984964034,0.11902158663266109,1.073227695538406
20261500,0.1,11.713831190485132,0.16011671932286767,212,1.8666474331233733,0.1619175221522921,1.530179655918008
20261501,0.0,0.3724953899654838,0.004973651885116474,212,-0.04357776450183183,0.022953730567642144,-0.12893351417550578
20261501,0.02,4.377156725693435,0.05998337851070001,212,0.522791527783164,0.0591642587600661,0.23993581989616802
20261501,0.03,5.795073623735914,0.07989898056648453,212,0.7224946998952889,0.07784291643474198,0.4245772474057124
20261501,0.05,8.61043405633454,0.11769602096821882,212,1.1603527535503289,0.11437067512417566,0.7942003593026019
20261501,0.075,11.851798365892433,0.16161987541354608,212,1.66166808416365,0.15927942705047632,1.2567150300101575
20261501,0.1,15.140081899498693,0.2045009169211569,212,1.9756914441084301,0.2019594209546385,1.7195529130898652
20261502,0.0,-0.9119327002056025,-0.013187115926840793,212,-0.31049869331557794,0.004474152969141466,-0.031705419610648836
20261502,0.02,2.9386560586245145,0.0421055245941949,212,0.4542254261721099,0.04702419076942147,0.41322540423032805
20261502,0.03,4.585354792739866,0.06579143436439439,212,0.6380256196409487,0.06865619185589283,0.6357097808250481
20261502,0.05,7.291147454078418,0.10586586761684993,212,1.0289437778447525,0.10956569181465364,1.080600773648695
20261502,0.075,10.41836960639744,0.15073524334353905,212,1.6034742415879357,0.15980630484478667,1.6363303069215098
20261502,0.1,13.689934648432585,0.194601746917752,212,2.0075825375765626,0.20869275450863078,2.1912968075516694
20261503,0.0,-1.7445913762935132,-0.026203459393711822,212,-0.5833600360750615,-0.016007808209032706,-0.16340447339160535
20261503,0.02,-0.3166655750401424,-0.004552481425370951,212,-0.02039940974500758,0.02455527329199462,0.12652121843283343
20261503,0.03,1.7519579379471868,0.026373207730983117,212,0.09920213864154076,0.045238717618994256,0.27167779888385946
20261503,0.05,4.824426181141976,0.07416107711763531,212,0.4467699232495049,0.0840022586000295,0.5623365666552017
20261503,0.075,7.893038783517162,0.12032059141372119,212,0.8782186119380055,0.13015364507131702,0.9262209027461621
20261503,0.1,10.923202763103342,0.1640642002641179,212,1.25822878521423,0.17379178541836296,1.290604150027811
