seed,ic_nominal,t,mean_ic,n_ic,active_ir,oracle_ic,oracle_active_ir
20261004,0.0,-0.3466877362973928,-0.0077380611015984094,212,-0.003306222635477179,0.0028777066828337096,0.14901382643973596
20261004,0.02,0.8590672365883808,0.01752738429775764,212,0.10580941618167877,0.03384838479751596,0.3460914903597315
20261004,0.03,1.9240598922189576,0.03715723543532226,212,0.29884631589889094,0.050103843223359194,0.4446252301376662
20261004,0.05,3.991735594172729,0.07117408384469805,212,0.5711133874882267,0.08153331585544696,0.6416538334148797
20261004,0.075,6.32725780769993,0.10911270369247658,212,0.8107738978748983,0.12093741551217034,0.8878075790227243
20261004,0.1,8.54095273750662,0.14426373720905464,212,0.9422921226889237,0.15962823306761484,1.1337312410314047
20261005,0.0,-1.3125310064594427,-0.030251251443973816,212,-0.613611016365557,-0.0050149927494080706,-0.19512635065919234
20261005,0.02,-1.3520912509032539,-0.028595289982713285,212,-0.6162986455759968,0.024315085327587478,0.07608875724120917
20261005,0.03,-0.4091536700314256,-0.007993060732924238,212,-0.49915809781803344,0.03864012485765081,0.21165850115254906
20261005,0.05,2.0588567487438647,0.03774250567348577,212,-0.09658006254932171,0.06745047477039792,0.48264942461740745
20261005,0.075,4.604558551081168,0.08274277193816106,212,0.3065673052823894,0.10227430996485307,0.8209596587941688
20261005,0.1,6.46287453828932,0.11723428833596868,212,0.7343550836705557,0.13675148903399176,1.158583279916648
20261006,0.0,2.1101121239313074,0.03546440655748449,212,0.4830672961638745,0.06491225554854618,0.6590154874106547
20261006,0.02,4.307377608299967,0.07606772134787275,212,0.7646737517319868,0.09282498627712826,0.9185091394994263
20261006,0.03,5.193969086333247,0.09318700382601858,212,0.8663524152897715,0.10694981525327918,1.0478327632147089
20261006,0.05,6.942763814102118,0.12582695663572535,212,1.1504723001675798,0.1344887513415643,1.3055941956531172
20261006,0.075,8.82396649541029,0.16181262749981565,212,1.5707656973829225,0.1685911116755012,1.6260559529320635
20261006,0.1,10.611142130695747,0.19244842658058808,212,1.7709337803131548,0.20231404484716412,1.944475783718015
20261007,0.0,0.22007456119776467,0.005023185508647458,212,-0.10299821409613293,0.004599722265461786,-0.03822276208577174
20261007,0.02,1.1674585599223757,0.02415276628515718,212,0.03409231829026608,0.03342901793394997,0.17257345917934774
20261007,0.03,2.2617888100688184,0.04452508622879098,212,0.1687043981117091,0.047880533184771305,0.2781449315955102
20261007,0.05,4.119689193552695,0.07738317125324638,212,0.47138814254389194,0.07582552290285845,0.4896053893986293
20261007,0.075,6.110630952180745,0.112207518495154,212,0.850150959617058,0.1088838184812263,0.7544653421086903
20261007,0.1,7.954732883839444,0.14449620675247216,212,1.3235038936432966,0.14254069753152165,1.0198318708376144
20261008,0.0,2.4885424961758305,0.05779889233895084,212,0.030802224015769247,0.02347276726828829,-0.08236283011272609
20261008,0.02,3.223684053977773,0.07091293964394269,212,0.2958958780628496,0.05178899138941004,0.17535571854173726
20261008,0.03,3.7388724814208043,0.07989834833973733,212,0.40183789475615195,0.0646900269541779,0.3042205685789771
20261008,0.05,4.780294397287842,0.09874527892248829,212,0.5954611455534312,0.09246092053842812,0.5618974880140859
20261008,0.075,6.096028733098553,0.12241313627016442,212,0.8635222583981246,0.12615466700530073,0.88376297053296
20261008,0.1,7.722629412034367,0.15101201058504493,212,1.1803574229549219,0.16034868383322823,1.2051865151099534
20261009,0.0,2.2430069449092436,0.05133685348888652,212,0.19353852173690775,0.007744205671027945,-0.2228395357499126
20261009,0.02,2.9215293400582514,0.06585186262381308,212,0.24128370051788228,0.0362985318575443,0.042475116554529714
20261009,0.03,3.334451140996825,0.07382444145863887,212,0.2901104142305977,0.05105420329512776,0.17512693812034036
20261009,0.05,4.28819333816443,0.09086230839184327,212,0.5809709786449241,0.07932280700317058,0.4403706986140037
20261009,0.075,5.881848461738212,0.11749901686889129,212,0.7337334060248719,0.11340826977117623,0.7717124768949508
20261009,0.1,7.650567272978027,0.14790490664350844,212,1.3528147706366827,0.14763812992077602,1.1026758013216733
20261010,0.0,1.7741076599426227,0.044247044462104396,212,-0.20793406228927122,-0.011180556124497174,-0.10945013860646145
20261010,0.02,1.755125147490026,0.04412261693115624,212,-0.18605050064328713,0.018025094421550227,0.13183004615264324
20261010,0.03,1.8727342061499388,0.04611499356868399,212,-0.21357837244786804,0.032568266166362166,0.2523831725550823
20261010,0.05,2.768520885593007,0.06457840060954129,212,0.30298851607088434,0.06089729147379547,0.49327346139757955
20261010,0.075,4.21735450592952,0.09153053031730556,212,0.5811271768476312,0.09502320599054556,0.7938952643577712
20261010,0.1,5.977217051557336,0.12338961076200855,212,0.8753571644683876,0.13056134738118452,1.0938506721252708
20261011,0.0,0.9151830648132792,0.021335481201713927,212,-0.02136732291141512,-0.02808682686241899,-0.19348160953966514
20261011,0.02,0.5897660025184784,0.01361790199821398,212,-0.12375728857145735,-0.0002350297806798361,-0.0036973085959545733
20261011,0.03,0.9393208496937779,0.020801415708796567,212,-0.07460883700181507,0.014297388967630411,0.09133938263222983
20261011,0.05,2.1796708567114096,0.0414635545105236,212,0.0838649688043182,0.04317635323900737,0.2816755431085009
20261011,0.075,3.937023494286458,0.06920833367469831,212,0.40690990022083073,0.07874419338188908,0.5200336250657317
20261011,0.1,5.664000990789105,0.09865311038104523,212,0.7615063577137898,0.11377131141497145,0.7587999214896434
20261012,0.0,1.3359163216291456,0.03088260595285887,212,-0.0814601829795189,0.03586380357040447,0.12095838203574297
20261012,0.02,2.817891190631574,0.0584737708812951,212,0.13212107794463052,0.06390761844681671,0.3731096561280788
20261012,0.03,3.6873463845828813,0.07413371811992561,212,0.2498926156742595,0.07868581997230846,0.49924982845333604
20261012,0.05,5.407932997637203,0.10540650423156014,212,0.705687080975344,0.10782234411227357,0.7516181772219143
20261012,0.075,7.359819715799887,0.13958823192062858,212,1.1675069101804205,0.14222374015844796,1.067158663383218
20261012,0.1,9.100544820198978,0.1689556894616538,212,1.6336044796253308,0.1758217337517102,1.3826677194708201
20261013,0.0,2.123157740428274,0.04862658632300773,212,0.11842915338998843,0.008911161815187729,-0.06151581924231279
20261013,0.02,2.411099913841425,0.05496880606919604,212,0.22634589223581117,0.035487960740297725,0.22458421083802727
20261013,0.03,2.7678277798782935,0.06233614481521232,212,0.28971361483395297,0.04879965836193973,0.36736966039218316
20261013,0.05,3.8370407766968695,0.08430298052581128,212,0.6456550795694705,0.07586955898377015,0.6523291008990384
20261013,0.075,5.409137446173714,0.11716516192988637,212,1.133258300703105,0.1104537559704733,1.0072147920343917
20261013,0.1,6.977527010859037,0.14756695532488387,212,1.5193119234047607,0.14360780442245144,1.360409122426895
20261014,0.0,1.086896289448599,0.02021614547063305,212,-0.04847634779510761,0.008517909371697297,0.1893469566143627
20261014,0.02,1.666704746250221,0.030874413193619485,212,0.07575576130660512,0.03950753324212061,0.4307577365646586
20261014,0.03,2.4571878979716435,0.045503608910444956,212,0.12145344930266874,0.053896066656289175,0.5514024058061732
20261014,0.05,3.9187686446894614,0.07277884056071245,212,0.469708704473047,0.08414578195790559,0.7925190081849448
20261014,0.075,5.839664299738363,0.10677827935670454,212,0.7984808414704208,0.12023693459720299,1.093485585125488
20261014,0.1,7.71170860951213,0.13995434584913855,212,1.2077137831848077,0.15668754454812836,1.393827400214874
20261015,0.0,1.024594305445985,0.019674399265928774,212,0.18238750196644377,0.030737184476359793,0.47643234617728153
20261015,0.02,3.0784989712867197,0.057983229421836986,212,0.4957306432276819,0.059627925839143364,0.7056521822753684
20261015,0.03,3.993985771767479,0.07609742010011553,212,0.7916298487969392,0.07427094683718528,0.8198962330763531
20261015,0.05,5.581025257575378,0.10725141120277899,212,0.9824403580036423,0.10372186811296176,1.0476018794607493
20261015,0.075,7.370244113302494,0.1407091037940668,212,1.2848233505520352,0.13994615308989913,1.330664901142042
20261015,0.1,9.160725850998595,0.17333625541746206,212,1.60116911011468,0.17521751775780567,1.6118446479303394
20261016,0.0,2.4566072983636964,0.05678759862033935,212,0.35364797937499515,0.017815667013493474,-0.0499882883873896
20261016,0.02,3.2576616059496057,0.072026130805594,212,0.33389369247977,0.04331102171900475,0.2034215133869047
20261016,0.03,3.7000795342820045,0.08012569740863026,212,0.47590152163275823,0.05688437558885456,0.33015779018102764
20261016,0.05,4.707906182731196,0.09830747835063372,212,0.6693752982192982,0.08301006070834596,0.5836434810923135
20261016,0.075,6.021218232737404,0.12364921882040653,212,0.9928132059597855,0.11438576835792527,0.9004228258987312
20261016,0.1,7.492435274633912,0.151190715145954,212,1.2700379153013328,0.14571385559442568,1.2169710700122605
20261017,0.0,1.0174947413039932,0.023668369395128584,212,-0.1516329440002085,0.03611317067975323,-0.06806579424634253
20261017,0.02,2.275364719476626,0.049852939971653056,212,-0.024334413992685874,0.06525788757895772,0.16219487195954563
20261017,0.03,3.013154697950725,0.06495168320238572,212,0.011104601847335232,0.0801251853611778,0.27722981441702227
20261017,0.05,4.725943097682569,0.10019334911804946,212,0.3747485661687675,0.10893604732137736,0.5070691898468369
20261017,0.075,6.566985909644466,0.1380162462415717,212,0.790405286358325,0.1432580760124202,0.7938548615329802
20261017,0.1,8.331892291452597,0.17350625517167922,212,1.138738871418959,0.1778299838602643,1.079955950457931
20261018,0.0,0.3019267200165984,0.006535773683218773,212,-0.17922650290891226,-0.021326264347569613,-0.07524929263656943
20261018,0.02,0.4338170280400972,0.009141071121342955,212,0.07722781135348468,0.009194324056398953,0.15149104647778183
20261018,0.03,0.9605075607140625,0.019682079977715688,212,0.23099438771793948,0.02462026560925454,0.26489966357858397
20261018,0.05,2.3031224703313318,0.0444636405344956,212,0.5135262846577974,0.055391245217476785,0.49174345081938786
20261018,0.075,4.547220410886248,0.08343147576172179,212,0.8799184717152717,0.09345992511818055,0.775244018376341
20261018,0.1,6.5454346414832285,0.11704278258874805,212,1.160460344380085,0.13059155818087975,1.0585374717246347
20261019,0.0,0.8498253981116414,0.017829492294709936,212,0.0035314752611536417,-0.01052359924298905,-0.08343046832501365
20261019,0.02,1.479248414203523,0.03135061732440869,212,0.15097188791935193,0.020538223318231352,0.17555705983449724
20261019,0.03,2.1677051996734877,0.045572735316527245,212,0.20963661382999915,0.03617410432659615,0.3049637407897391
20261019,0.05,3.7531062579883527,0.07667961805356426,212,0.5769513093911977,0.06698860796827763,0.5635556588831633
20261019,0.075,5.893169711122921,0.11796037162355909,212,0.9341784238856572,0.10488882425712157,0.8862834410669195
20261019,0.1,7.735556348517022,0.15258911673862643,212,1.2591729211589562,0.14076491696638513,1.2083062679659675
20261020,0.0,0.7004948117934494,0.014966122940545149,212,0.3072907963555471,-0.02228020875150542,-0.29114078203285243
20261020,0.02,0.14053054152977032,0.0031618930189498506,212,0.11209631011259887,0.006122039341629868,-0.03679658155669146
20261020,0.03,0.2578844709950402,0.00552601610696467,212,0.06413287041880684,0.02129656559532685,0.09041753171415065
20261020,0.05,2.0249845116899996,0.03822946280077667,212,0.2672934353096857,0.050908781818628686,0.344864380539895
20261020,0.075,4.59584887886607,0.08317596408294349,212,0.6168376230354352,0.08786939103220573,0.662822883515875
20261020,0.1,6.6979732021354295,0.12004850113469716,212,0.9980125712830954,0.12438963943666588,0.9804796098883356
20261021,0.0,0.9560923897599164,0.017443920563006414,212,0.12664369218874308,0.025758547096076494,0.2876294464040816
20261021,0.02,2.3340610630647642,0.0447457786808019,212,0.507683856877651,0.0572991340253484,0.5070669111195769
20261021,0.03,3.1147155813187335,0.060143557623772104,212,0.5963262687010453,0.07280649112314536,0.6168579877949132
20261021,0.05,4.667552936623297,0.09104869366453926,212,0.8369461042068468,0.1040956627532587,0.8365366064193649
20261021,0.075,6.495192471828348,0.12646547980894485,212,1.0755698798933648,0.14112539837291802,1.1112158784521828
20261021,0.1,8.266293619102333,0.15998973856905266,212,1.2447472263943693,0.17879160897598703,1.385843538530485
20261022,0.0,3.510609826363939,0.08323740977723887,212,0.7737877378507912,0.0670049934867564,0.3658551202556033
20261022,0.02,4.60685492784541,0.10671580956750423,212,0.8452396331163043,0.09407847844075407,0.654093432076372
20261022,0.03,5.100854119507082,0.11728190874904759,212,0.935003690444686,0.10681514677328179,0.7979276970039897
20261022,0.05,6.289156275180495,0.1407987120982476,212,1.126171984120716,0.13393471599800097,1.0849764926021186
20261022,0.075,7.913443515079542,0.17144065574844952,212,1.4873273982008117,0.16651834358793702,1.4425240880254282
20261022,0.1,9.495017864797772,0.2000717890528351,212,1.7861608962237625,0.19879525475384857,1.7985271532381437
20261023,0.0,0.9859203316670581,0.022764605641534007,212,0.06655815497577461,-0.0028679777812369443,-0.21434210961347205
20261023,0.02,1.929787081971877,0.04105852497562654,212,0.1333992758458448,0.02658652782670675,0.053843682227378675
20261023,0.03,2.568005413047499,0.05161899163519281,212,0.2946571795176429,0.04176361431766604,0.18784338692021202
20261023,0.05,4.067467400153484,0.07560841478301476,212,0.5101106384186672,0.07047309088227824,0.45556821006838505
20261023,0.075,5.924489265621344,0.10570758813360752,212,0.6469519610572644,0.1078310489189654,0.7895288267236482
20261023,0.1,7.913756122380768,0.1396645269910453,212,1.0484829246077974,0.1455643377383069,1.1224641272011586
20261024,0.0,0.07844286159219413,0.0013845763114559361,212,0.10810255737633995,0.016199133206072473,0.10515395344499147
20261024,0.02,1.6588198567894143,0.028687970571608813,212,0.227874296485258,0.04639508352518046,0.31867209029163696
20261024,0.03,2.632805714124255,0.045267042987407725,212,0.33655785786920744,0.06214463906799171,0.4253075191122064
20261024,0.05,4.416619569818751,0.07677639502207949,212,0.5941608769272514,0.09242661335911322,0.6383034650152755
20261024,0.075,6.586654857179343,0.11430486486043634,212,0.9156338547855003,0.1283421337222163,0.9039764822672951
20261024,0.1,8.565254536723103,0.14936321778811887,212,1.2017158915864585,0.16450855733702557,1.168935089824456
20261025,0.0,1.4530987376174807,0.03696726583045904,212,-0.09865628745215334,-0.010715617037662115,-0.21805104564230252
20261025,0.02,1.8204818813112822,0.045124693795623415,212,0.15208227643527328,0.02168008913722052,-0.03988610691587173
20261025,0.03,2.0421812592452766,0.04842279143692804,212,0.29679607048205325,0.037762987571584236,0.04929790643257437
20261025,0.05,3.362552078311924,0.07126727648104605,212,0.41511022857324104,0.07004553125947288,0.22784668023120905
20261025,0.075,5.836466977029694,0.11097706846688897,212,0.6250759376496221,0.11194432610458878,0.45132511547448156
20261025,0.1,8.007572645273212,0.14365030436100576,212,0.9047711035108937,0.15225423770471658,0.6750623820499764
20261026,0.0,1.8477770037077477,0.04259927576008324,212,0.17938441197218308,0.018734792190661893,-0.10824668068395532
20261026,0.02,2.436251168310323,0.053056820881704755,212,0.2591684732746176,0.04853390573411218,0.11917605710560066
20261026,0.03,2.9708093976161964,0.06245852415635062,212,0.31867517203946166,0.06367258866613686,0.23266663687405642
20261026,0.05,4.488647416868386,0.09000309276661286,212,0.6001138160529346,0.09324486518814672,0.45916229644971307
20261026,0.075,6.434791583012662,0.1261003899753398,212,0.8901032800431639,0.1293974635217395,0.7412824290162755
20261026,0.1,8.266639240638193,0.15904142668709395,212,1.336194980315741,0.16390229315331112,1.0221684052646574
20261027,0.0,1.0602793227755538,0.021885932213110054,212,-0.14080279775246385,0.014468924864205018,-0.050636186195493545
20261027,0.02,2.330088337066822,0.04649749301567275,212,0.3140273131726967,0.04364897303762935,0.20021421522254798
20261027,0.03,3.1171974303080168,0.06192138637871848,212,0.5821667302007217,0.05678657452543442,0.32560909996222825
20261027,0.05,4.445091115984729,0.08655342907937964,212,0.7773208660603553,0.08464656436641296,0.5762795332559176
20261027,0.075,6.1882585527033696,0.11757633603421297,212,1.1026793875999281,0.1201944346586487,0.8892731293053907
20261027,0.1,7.778260119250471,0.14610813213282103,212,1.3612647152062043,0.15383083181084553,1.201714236636057
20261028,0.0,0.5058396205785802,0.011033598505640707,212,-0.1608681732260841,0.01493693623575484,-0.07949490019483449
20261028,0.02,2.1120062417664434,0.046300866793927524,212,0.14591369589714928,0.04571918088793125,0.13573824667896595
20261028,0.03,2.836764324570673,0.061790302230888335,212,0.16256487950411808,0.0613130740051942,0.2434349470796746
20261028,0.05,3.9686090937051883,0.08534960551864262,212,0.2879812123081739,0.0921076077962297,0.4589525874176805
20261028,0.075,5.6340060226188555,0.11912118319828935,212,0.5632142294984651,0.12936059610516226,0.7285079680648395
20261028,0.1,7.2668521799469366,0.15088707100664434,212,0.8533176074623481,0.16653472910641576,0.9981333786167228
20261029,0.0,1.3284007470672912,0.029098120581030482,212,0.2043220688179712,-0.0044599333109397905,-0.12065565967898075
20261029,0.02,1.640454093670777,0.03456064280388992,212,0.16698879980326792,0.0252767104433102,0.12598652649835995
20261029,0.03,2.168219571504831,0.044321803390163776,212,0.36027027487657975,0.040731838700956105,0.24927365726280037
20261029,0.05,3.4862905676208906,0.06719342694926224,212,0.435676252268877,0.06826923864688389,0.49572826490564564
20261029,0.075,5.419558308174598,0.10008479505812762,212,0.8229139177930607,0.10356210930779376,0.8034658444385673
20261029,0.1,7.351235061999451,0.13212770053826428,212,1.0096207678666786,0.13829275186590093,1.1106864347822074
20261030,0.0,1.7729409624654733,0.04285837177102877,212,0.3597180212039085,0.0016559614612605327,-0.27693505928282897
20261030,0.02,2.128316661225279,0.051051131010412996,212,0.4449476176103075,0.03192615866097543,-0.0022595618602023753
20261030,0.03,2.8252044707901156,0.06524099001302648,212,0.6185562502325431,0.0473270098886604,0.13530478152872663
20261030,0.05,4.30843630554172,0.0918188130330414,212,0.7955909116369445,0.07815226652684357,0.410828455986521
20261030,0.075,6.129578432921721,0.12445978993765308,212,0.9920875456786682,0.11704995125308253,0.7558522878132098
20261030,0.1,7.834665697514575,0.15464089088063968,212,1.1917042760245609,0.15495477596899865,1.1013908283535054
20261031,0.0,2.9524787087371935,0.05640458712589813,212,0.2550282713871095,0.024415958675722396,0.2692347431707447
20261031,0.02,4.0056481346742485,0.07503082525663818,212,0.6635087087826163,0.0528166706265003,0.4861098741172646
20261031,0.03,4.687608874237786,0.08701580792895239,212,0.7597669981710746,0.06754878788127054,0.5944757893333064
20261031,0.05,5.872946221115659,0.10762827812779066,212,0.7733835832511993,0.09539956086810479,0.8110145242435285
20261031,0.075,7.466178992754801,0.1348630580293137,212,1.18171777261731,0.12990951097420103,1.0812237847972357
20261031,0.1,9.158832108671136,0.16263343956611145,212,1.4710296952960773,0.1641173530833449,1.3507740886022934
20261032,0.0,0.5965489720440564,0.01146423041316085,212,0.2657110496389707,-0.018078859404058695,-0.09054448737254828
20261032,0.02,0.6706993216040771,0.012366458024398041,212,0.25695234652269205,0.01254311439549726,0.17914381566766238
20261032,0.03,1.0420346859054355,0.018713798245110966,212,0.41136963595142156,0.028358724059676058,0.3138999366097102
20261032,0.05,2.7857737334616934,0.04903827247478677,212,0.5554513916878255,0.05867039710304033,0.5831704107144394
20261032,0.075,4.851192681292303,0.08703731392195577,212,0.7689893032292413,0.09569501224817507,0.9191705356143423
20261032,0.1,6.983356072506617,0.1248018376358974,212,1.077867742507451,0.1333258915770242,1.254328616556614
20261033,0.0,1.844462600913752,0.03712548849326965,212,0.13305454961495483,-0.021007258784686095,0.0021999492222902544
20261033,0.02,1.0130513945291582,0.020612470198838266,212,-0.09282061159606589,0.010457033074169049,0.21870560038306527
20261033,0.03,1.1005393404029178,0.02100521059487625,212,0.02661353985220114,0.02585839634930648,0.32705800846276656
20261033,0.05,2.7099837367606847,0.047242522059004255,212,0.4074401176983785,0.05660121334764336,0.5439194897234438
20261033,0.075,4.70197043633416,0.08303975946058875,212,0.6345563989902753,0.09435959249215545,0.8152019215648577
20261033,0.1,6.229644041966385,0.11131758002277588,212,1.0774197782062143,0.1305802931369256,1.0865875199631965
20261034,0.0,0.9470898501953063,0.021423041316084846,212,-0.18060992794355013,-0.017420878427645642,0.0734118777527695
20261034,0.02,0.4525428104118114,0.010737635078117955,212,-0.35984051622877306,0.014989677123358374,0.29456877215716687
20261034,0.03,0.6434164487914197,0.015023984302673297,212,-0.09124943568374892,0.030875949335976864,0.40520916868753437
20261034,0.05,1.7441837280461876,0.037720487633029924,212,0.30750638573263944,0.06258602397201353,0.626555636672159
20261034,0.075,3.8769088837269283,0.07861874175603603,212,0.6884959913556312,0.10298144749670242,0.9032414327969562
20261034,0.1,5.881568767300485,0.11569660983622676,212,1.2015545623113957,0.14143979550872937,1.179759778662526
20261035,0.0,1.0514135595540457,0.023679634439082744,212,-0.07605587299025185,0.0062147199305254,-0.04269593222294461
20261035,0.02,2.0089833298342388,0.04337502765056244,212,-0.142661476087528,0.03640811001237106,0.21456089686941873
20261035,0.03,2.643897885327728,0.055497751087588795,212,-0.026164270005257898,0.05154679294439574,0.34282066437614556
20261035,0.05,4.147373971163357,0.0838585233370747,212,0.5411832946260408,0.08179343596129741,0.5985350398304061
20261035,0.075,6.183019086419025,0.12114581882532219,212,0.9084225454644697,0.11869259948057904,0.9165316915357548
20261035,0.1,8.291676715981348,0.1565001351805274,212,1.2096623962947441,0.15539974520518768,1.2325112346453038
20261036,0.0,2.5725614510662025,0.06163771209005481,212,0.45272573489307766,0.010117033565734606,-0.16418484731746485
20261036,0.02,3.0176419505285454,0.0720292030903088,212,0.5719293328920573,0.0369718742575312,0.07889463218792435
20261036,0.03,3.3967501056762823,0.07995774584422288,212,0.62903929003263,0.050681432749735786,0.20035397537707178
20261036,0.05,4.4029612667290685,0.09963726558467628,212,0.8322953791988669,0.07729817137613777,0.44306730922736315
20261036,0.075,5.878531262598241,0.1267112625861264,212,1.2260168311952644,0.11021514185762624,0.7459826056576792
20261036,0.1,7.469115493824427,0.15403616283928268,212,1.406498525980109,0.14142750636987034,1.048240484388324
20261037,0.0,3.5327232822797643,0.08398192677311793,212,0.5980671752163293,0.03750747589280594,0.026233657992781042
20261037,0.02,4.196276570848044,0.09791371385969083,212,0.6859198610192617,0.06228084369034648,0.25701333156282735
20261037,0.03,4.619516421085393,0.1064807797868244,212,0.8308761805927394,0.07471284378865958,0.372221583982723
20261037,0.05,5.46025899492918,0.12168090841314445,212,1.0797832385837807,0.09810265936964913,0.6022407725855071
20261037,0.075,6.657896109356631,0.1440476531841159,212,1.2439903346435,0.1275479481234485,0.8889502644116053
20261037,0.1,8.01881821557383,0.16951330913738435,212,1.5262588367159446,0.15700808625336926,1.1746579130298036
20261038,0.0,2.100135557476634,0.05307064616292121,212,0.25170879479314656,0.012086368067901586,-0.17390349683608697
20261038,0.02,2.5719069652316486,0.061798494990127725,212,0.30291089624395406,0.040251026143094726,0.08463555871116972
20261038,0.03,3.0118874913386073,0.06999535060913165,212,0.4782065571795248,0.053436760091431196,0.2137823603230406
20261038,0.05,4.135816603661132,0.0889795099091423,212,0.6621090092520245,0.08146726173407944,0.47176244943240914
20261038,0.075,5.613098046385216,0.11425468421009512,212,0.9293718954580399,0.11523269484429662,0.7935105925367458
20261038,0.1,7.207509355221389,0.14194313815449908,212,1.2048888585002753,0.14901758575770732,1.114256529745906
20261039,0.0,-0.5058523361024271,-0.010190768398889063,212,-0.0561305838019176,0.007945952367297782,0.21427029215005605
20261039,0.02,0.7342883588377676,0.013872389582087353,212,0.164485211735985,0.03708913312414488,0.4417380201260082
20261039,0.03,1.6639371120373954,0.031128388730040396,212,0.38529390741860287,0.051573419411923754,0.5555777413214339
20261039,0.05,3.547638795563206,0.06638797630654028,212,0.7235479237682586,0.07969045707403796,0.7834356556210532
20261039,0.075,5.658001445837651,0.10545207645482925,212,1.110906034016796,0.11462438247077233,1.0685236810567647
20261039,0.1,7.618933056397435,0.14145720512211307,212,1.423385758596289,0.14879382102098165,1.3538087244684172
20261040,0.0,-1.6294535141832471,-0.035332810362201886,212,-0.553184532722105,-0.02955640305098355,-0.2443780555084011
20261040,0.02,-2.880060446493548,-0.06200536216092217,212,-0.7179120549973939,-0.0006697580678196591,-0.008452992616414322
20261040,0.03,-1.7510179914032875,-0.035397328341212037,212,-0.5698240346462256,0.013891335337828423,0.10957424956362656
20261040,0.05,0.7488950444463799,0.013070523271532625,212,0.014330515876789605,0.04308111241284952,0.3456937203658488
20261040,0.075,3.075388708103967,0.05249664096871185,212,0.5113029228506842,0.0782982000507951,0.6408317248315167
20261040,0.1,5.266010891764614,0.0889329135909683,212,0.8274942083386817,0.11354652258334084,0.935768775175466
20261041,0.0,2.3869426737955335,0.0634872274883458,212,0.24359225542409293,0.026106739363750325,-0.02511591862626924
20261041,0.02,3.02672208796356,0.07628585356262135,212,0.22490919597854342,0.05572919653610139,0.22745503830233832
20261041,0.03,3.604198475843322,0.08699891036302117,212,0.4366565537030016,0.07104248764941545,0.3537292982363392
20261041,0.05,4.881647170588632,0.11075483987252066,212,0.6345278921977208,0.10005663244824224,0.6061976117082776
20261041,0.075,6.65094424094208,0.14389915942290205,212,1.0885364888395108,0.1369890790519339,0.9215137039174052
20261041,0.1,8.192542281695822,0.17205101631178366,212,1.542371396403962,0.17172586617947058,1.2363630784974011
20261042,0.0,1.1186835496322116,0.02248605182739494,212,0.007731951373963735,-0.021051806913050253,-0.3117975096756102
20261042,0.02,1.2207399930203793,0.022629425114084174,212,0.09965603804574186,0.009482094724682323,-0.0033812300355898954
20261042,0.03,1.5900215379567464,0.027594237213151022,212,0.06690582794568364,0.024430296004391318,0.1505530046143323
20261042,0.05,3.2858760469296313,0.05378648850146241,212,0.41405368090768213,0.05334817588215535,0.4577719315914169
20261042,0.075,5.57073328278231,0.09074197724051485,212,1.048930012852811,0.09075324228446899,0.8403711961408437
20261042,0.1,7.686956935799285,0.12438503100959372,212,1.230717086858137,0.12619255851678288,1.2211015049860152
20261043,0.0,1.6704306450978152,0.036013321426523234,212,0.23547898711765616,-0.019386628597645398,-0.2888915440628188
20261043,0.02,1.6256701978951515,0.03949575615071399,212,0.05065316067733946,0.010161069646646294,-0.0369780303945922
20261043,0.03,1.7683877076990822,0.04273701652479537,212,-0.04797445975944014,0.024210115599832875,0.08886753934560075
20261043,0.05,2.6239349931631883,0.05832732530989112,212,0.20439256766479957,0.05471175824806036,0.3402689181343832
20261043,0.075,4.6168514538330445,0.09621320427006612,212,0.6109033182276848,0.09184441540566447,0.6538395516467009
20261043,0.1,6.522137794148848,0.13111794296201018,212,1.0157499475030258,0.12783315855446958,0.9664607752830944
20261044,0.0,2.7963191012497273,0.06380264871906208,212,0.07496978803213561,-0.013824769169008431,-0.2789132803364155
20261044,0.02,2.703057999248225,0.06217997034221155,212,0.006263806746747068,0.016954403198453205,-0.011706446552269928
20261044,0.03,2.8405127038483813,0.06313033041398013,212,0.07052845298910086,0.03311820513030583,0.12187495320067664
20261044,0.05,3.9185535384154746,0.08100232264724437,212,0.19668157587471904,0.06432596121547775,0.3889259772417682
20261044,0.075,5.915268673588458,0.11187827198322123,212,0.7917452907257044,0.10361075381577761,0.7223908892049844
20261044,0.1,7.923408517776318,0.14295750415782532,212,1.1271204143694018,0.14133687397078462,1.055272236543252
20261045,0.0,1.341326844912611,0.031352153466766064,212,0.11413915556460336,0.02034876576082059,0.2415311747304153
20261045,0.02,2.426853030535244,0.0517536601151902,212,0.3974043550562333,0.05151043757527098,0.445783617075837
20261045,0.03,3.180283778800871,0.0651728877018491,212,0.49048226807320494,0.06640589796737643,0.5480365083603925
20261045,0.05,4.72637043430141,0.09400986408212424,212,0.8781692375259935,0.09601606600086844,0.7527671254450767
20261045,0.075,6.22801799187897,0.12466716915590001,212,1.0529270267116868,0.1324733325686758,1.0090426462218651
20261045,0.1,7.861511135010417,0.1575334469395948,212,1.2829839458835677,0.16874062953161997,1.2656360894981489
20261046,0.0,0.9879022369354657,0.022862406704954156,212,-0.11583285227958365,-0.02013524197314413,-0.16192504827085816
20261046,0.02,0.6985902636129201,0.01616636216911493,212,-0.228785871352427,0.009107275989480497,0.04476389086974216
20261046,0.03,1.006149731333498,0.02235752791682711,212,-0.1215594316569335,0.023182436362742607,0.1482122746401306
20261046,0.05,2.5150792170612473,0.04999580121088981,212,0.22205550976979885,0.05124314880508607,0.3552912900740927
20261046,0.075,4.602862117391694,0.08512532873446448,212,0.5822104966870322,0.08618168262889259,0.6144286576883433
20261046,0.1,6.394623202128844,0.11466432217206432,212,0.8154954203495562,0.11956000786504886,0.8738111111584455
20261047,0.0,1.9323883300071556,0.04333918432889012,212,0.16601306129865406,-0.024785656936399614,-0.7983303177550384
20261047,0.02,1.673689140649092,0.041821475679794204,212,0.12415157218235157,0.00513788413799884,-0.558229832634604
20261047,0.03,1.8315468058521955,0.04661219164502414,212,0.07774426475109224,0.020680572510015646,-0.43831467209180136
20261047,0.05,2.7608323628747766,0.06709562588584209,212,0.18098315480108465,0.05041363193209841,-0.1988057581863741
20261047,0.075,4.327118622091833,0.09993271696474655,212,0.4309904175401659,0.08642285697900196,0.0998731953367825
20261047,0.1,5.849618534434958,0.1297272220811247,212,0.6492894103489387,0.12084831925544204,0.397620491448048
20261048,0.0,0.4473087556611484,0.01013853955873799,212,0.061738105537629345,0.01905584594335526,0.11121941972461895
20261048,0.02,2.1011382744703813,0.042186053465946796,212,0.24088129040242953,0.050617938865630555,0.30729416156253686
20261048,0.03,3.1070560792994146,0.06203659705552233,212,0.3827820755175058,0.06724667988431823,0.40548039246239653
20261048,0.05,4.895411685074863,0.09895112199837784,212,0.775134030896729,0.09988663269402503,0.6021135490479786
20261048,0.075,6.803982942645218,0.13881043184033953,212,1.1209477467673177,0.1402651586527827,0.8483166205908438
20261048,0.1,8.500399852078052,0.17343456852833464,212,1.360716237704242,0.1784341998541689,1.0948668500770316
20261049,0.0,-0.9700964284943704,-0.01861650922914328,212,-0.5889571537134375,-0.0031869833441204643,-0.06230538151199957
20261049,0.02,-0.4579909718772338,-0.008694053695344059,212,-0.3596713990553822,0.027717640649194245,0.20519946162714756
20261049,0.03,0.7484828890645701,0.014096666366265494,212,0.0213375464229782,0.043253672404329056,0.3388119824350363
20261049,0.05,3.0696413678837455,0.0577953080067836,212,0.6244116066807879,0.07345576729286657,0.6056836552538174
20261049,0.075,5.330820827403588,0.1000146445571404,212,0.8709539866310969,0.11013116607542255,0.9384603914435931
20261049,0.1,7.3472271873176656,0.13622920063248103,212,1.4151509633008992,0.14575379529571766,1.2701240584339666
20261050,0.0,0.6505320622335298,0.01489187605993822,212,-0.2734632041883995,-0.0027333093012395673,0.04494895914198811
20261050,0.02,1.1533247615482682,0.025511228176537577,212,0.1183371278288776,0.02345945403452429,0.2900082707220375
20261050,0.03,1.6261042440239466,0.03411823380496318,212,0.1311474683879758,0.03695292850179011,0.41246908810405447
20261050,0.05,3.11287949082244,0.060971538354402374,212,0.47599783269308754,0.06327319165321688,0.6572100938897408
20261050,0.075,4.903358769268384,0.0938956775002253,212,0.7612373377182959,0.09602374671265534,0.962709539842715
20261050,0.1,6.638291442057297,0.12468662695909356,212,1.037244703593499,0.12878454272114306,1.2676109814199232
20261051,0.0,-0.5634622459208862,-0.010613719594622276,212,-0.04332578198845497,-0.006436436477441238,0.2588544756300056
20261051,0.02,-0.19756428075519553,-0.0038941208759698197,212,-0.024503007796627205,0.023170147223883535,0.46455257069220046
20261051,0.03,0.9206815081079996,0.017751661081935783,212,0.3314766736654193,0.03760015648170148,0.5674616165160479
20261051,0.05,3.1607922325428994,0.057306302689682856,212,0.6135184613819343,0.06697836701922841,0.773357521755577
20261051,0.075,5.520870388934433,0.09674470952572117,212,1.0052382300738274,0.1021340089628786,1.0307859867120641
20261051,0.1,7.648213135000842,0.13258291072350256,212,1.2404472488215297,0.13803928837693247,1.2881557932793497
20261052,0.0,0.24682905378194694,0.004686258284927774,212,-0.17982476895569802,-0.000946263692148886,-0.1783393513962116
20261052,0.02,1.409422544659961,0.02372469461489935,212,0.056668875205068976,0.029224084254336025,0.07824016808112821
20261052,0.03,2.417268466151698,0.04035497177594442,212,0.27526500455750397,0.044771381053424986,0.20630379699129167
20261052,0.05,4.2976236165484325,0.07312703282838627,212,0.489258866088528,0.07559510154925078,0.4619218289778655
20261052,0.075,6.1147432395808,0.10708038735365685,212,0.80481249547467,0.11141026061167139,0.7803738336854499
20261052,0.1,8.029943040375205,0.1403138031607665,212,1.3793526395844793,0.1464486436887079,1.0974755970551928
20261053,0.0,1.115343733705851,0.027092430709738734,212,-0.09290507124533658,-0.031722875822348215,-0.4286206191844978
20261053,0.02,0.9133350562161636,0.023086171441679838,212,-0.23178061880687284,-0.00122430545883548,-0.15837772404534498
20261053,0.03,1.001320993736464,0.0249628253549513,212,-0.30081074815122283,0.013663474221483065,-0.023915865405522017
20261053,0.05,1.4192462120198015,0.03307160881213184,212,-0.0870679328751691,0.04361466585831443,0.24362145283158462
20261053,0.075,3.194148143719246,0.0671939389967147,212,0.35039705431636115,0.08093575647842435,0.5753108739473698
20261053,0.1,5.336609682009958,0.10455036089104451,212,0.6758975693899034,0.11699208989095437,0.9037858994920752
20261054,0.0,-1.2716834535627286,-0.026652581948074294,212,-0.21045183056328998,-0.004875203794886082,0.23119315941235538
20261054,0.02,-0.39710642411356545,-0.007435953104646111,212,-0.06993394344430542,0.024148669905537486,0.4660161064713862
20261054,0.03,0.681770577059469,0.012145253524934662,212,0.04324494190349784,0.0382903964476196,0.5834177034612588
20261054,0.05,3.007020349993273,0.05193390081845665,212,0.52805849200168,0.06717857757314086,0.8181625505929465
20261054,0.075,5.379126854769739,0.09199290916687831,212,1.2057054624113224,0.10396867498504822,1.1114047139718424
20261054,0.1,7.465810610400996,0.12723150279782727,212,1.3733149241589548,0.14036654404837004,1.4043248810286606
20261055,0.0,1.4148546425551616,0.03439832376145962,212,0.10181560125259093,-0.014822237606403462,-0.3827781633056556
20261055,0.02,1.7577105695369726,0.04459011625525361,212,0.3180028352528748,0.01212938005390836,-0.12490389440141203
20261055,0.03,2.141719795124206,0.05408296397643762,212,0.3511428791002453,0.025526077552658958,0.003492173317634388
20261055,0.05,2.9391362753198216,0.0701889045461621,212,0.6193192165101659,0.052200165493736635,0.25915162110198076
20261055,0.075,4.2678330991547195,0.0946862787668259,212,0.823195460596709,0.08641364012485765,0.576501655271773
20261055,0.1,5.733220360039647,0.12184732383519443,212,0.8859495326177537,0.11995582054580162,0.8912439969279863
20261056,0.0,2.0008218164105194,0.04574939168762647,212,0.33044891633589385,-0.010061220393416294,-0.05767908559350826
20261056,0.02,2.486860389137141,0.054944227791477895,212,0.3533750808067676,0.01706602954308982,0.19508650339781372
20261056,0.03,2.7764293716260675,0.05889621002957586,212,0.5100607245863259,0.030367998263135042,0.3214509682713132
20261056,0.05,3.888800195948835,0.0758091373843797,212,0.592386361719929,0.05847940340327219,0.5740933264175582
20261056,0.075,5.631767905518132,0.10378792223432931,212,0.8965073681257499,0.09234212552945709,0.8896312412926096
20261056,0.1,7.535085120445103,0.13405351100697205,212,1.4847261432540944,0.1268479792559336,1.2047300074636884
20261057,0.0,0.9349004706377076,0.020302681490099048,212,0.1067449524197397,-0.007276194299478121,-0.013406811996523216
20261057,0.02,1.2900012619358188,0.028019236598694073,212,0.2569790029368459,0.01863903931705159,0.22663458983874293
20261057,0.03,1.7198548464932972,0.03609217673420231,212,0.2969169243641187,0.0312825150132313,0.3465196843699578
20261057,0.05,2.9854575702315267,0.05872211389573895,212,0.5460518154027703,0.057457356688159,0.5859716718410479
20261057,0.075,4.884788592640285,0.09296426318419783,212,0.91290354747197,0.08922068425925168,0.8845940489352866
20261057,0.1,6.48978357648011,0.1225278348995158,212,1.2509831001264196,0.12075871095126127,1.18231274915425
20261058,0.0,1.3192248336145787,0.03183808649915205,212,0.15047229685117106,0.03941587674813,0.3311517582496948
20261058,0.02,2.665039327917247,0.06180054317993757,212,0.58642690306013,0.06770803463898606,0.5806868656045007
20261058,0.03,3.4300923742496896,0.07752500839757823,212,0.6903051328500749,0.08193783334289154,0.7056326756182876
20261058,0.05,4.936622380227686,0.10801231371713681,212,1.0438781121329184,0.11061505091799868,0.9558414453092969
20261058,0.075,6.656644093748668,0.141158681457328,212,1.3420691554718824,0.14544195839716859,1.2691150403359606
20261058,0.1,8.336484322683695,0.17093219262815523,212,1.5853325186466696,0.1793226021841896,1.5828411156921531
20261059,0.0,0.9263045472202921,0.021320631825592535,212,-0.16213954347582243,-0.015288200788143436,-0.39205574301519996
20261059,0.02,0.7586709354200305,0.018567352673706974,212,-0.2656799122287291,0.012450945854054183,-0.12799777223918318
20261059,0.03,1.0408828734694064,0.025130776919358676,212,-0.2582708765279879,0.02562541475843649,0.004198513426147794
20261059,0.05,2.026496532503329,0.045746319402911705,212,-0.015817360259579975,0.05300254385174384,0.26887253726249555
20261059,0.075,3.785020773261827,0.08100385878960173,212,0.579769919970135,0.0865821037367175,0.6001322969787202
20261059,0.1,5.457847617356706,0.11351221540402592,212,1.0253266432220673,0.11854820209898491,0.9316983203516199
20261060,0.0,-1.9356234045335372,-0.03631696556583292,212,-0.22087965485031025,-0.005952551634865104,-0.09363974792701782
20261060,0.02,-0.7421019052207065,-0.013738233149542435,212,-0.14231774247697418,0.022484515685037565,0.15851670499101694
20261060,0.03,0.5394640874249189,0.009799052097756009,212,-0.11898197120889258,0.03718130166558795,0.28482466040526
20261060,0.05,2.627976372885261,0.04772282256941315,212,0.14852989714871093,0.06625125963673306,0.5378178167981242
20261060,0.075,4.944222253068963,0.08898923881073906,212,0.5219785656514844,0.10321033270795271,0.8545950367125169
20261060,0.1,7.140056949626019,0.12783162241211218,212,0.9246360796529294,0.13958669577827118,1.1717225603533092
20261061,0.0,-0.8025901105934431,-0.019281658869890785,212,-0.29034730281653304,-0.015319947730196057,-0.022340053994068663
20261061,0.02,-0.6958238239145582,-0.014879074873626691,212,-0.19527629116696854,0.012584078191694182,0.18324842389914175
20261061,0.03,0.018472828387795997,0.00034460793550659664,212,-0.05923994855022308,0.026956738134836438,0.28588836464486833
20261061,0.05,2.239138119731447,0.03730265691182133,212,0.19822035948516653,0.05470151729901113,0.4908298387140305
20261061,0.075,4.656552250717363,0.07756546014632268,212,0.5981002172266269,0.08766559614612605,0.7463114378096071
20261061,0.1,6.7677765720782155,0.11256441556951967,212,0.9954553493576245,0.12198967302697876,1.000935895907059
20261062,0.0,1.5668122807201423,0.036430640100279375,212,0.06933094719348216,-0.0112932065640387,0.03798314415368992
20261062,0.02,1.2517878583084643,0.028755560835333736,212,-0.013955540286909754,0.019063014607689728,0.268270320548344
20261062,0.03,1.4062096654337461,0.031345496849884066,212,0.10750749441593549,0.034085462768005635,0.38343097649793656
20261062,0.05,2.4968869348117715,0.050304565824724104,212,0.3902615909470447,0.06382313061716055,0.6137497178444492
20261062,0.075,4.868566367186313,0.08725749432651424,212,0.9833023059610364,0.10072997484822913,0.9015675992278307
20261062,0.1,7.453789927060343,0.12469533176578541,212,1.3214679592924075,0.13779606583701323,1.189189006695319
20261063,0.0,-3.5533086479948355,-0.07291453313561475,212,-0.921418297182303,0.0022555690280929726,-0.18775016765489955
20261063,0.02,-2.5919949649103162,-0.05295645958102229,212,-0.9347010092266809,0.030462214994387966,0.04543094401764164
20261063,0.03,-1.2779580001270043,-0.025667914696990802,212,-0.6685205629497575,0.04419174333723855,0.1619963062009629
20261063,0.05,1.899761247102972,0.036642627745598434,212,-0.009673030648522908,0.07354127921742765,0.39502435480790404
20261063,0.075,4.5861649934122815,0.08936200935613105,212,0.6968009614761487,0.10789863918269033,0.6860093934461783
20261063,0.1,6.52827284569511,0.12828990488206524,212,1.1424511576187046,0.14046639330160005,0.9765098302777725
20261064,0.0,2.665454690764188,0.06682065640387026,212,0.5424399690800926,0.03210947164895665,-0.10854338345499039
20261064,0.02,3.4064719678646,0.08257379627884875,212,0.7603382525249252,0.05786085008069868,0.14721249429312977
20261064,0.03,3.8490669805100137,0.09066158579047837,212,0.7910558940921277,0.07173375171023849,0.274749383161633
20261064,0.05,5.305102533948337,0.11704175849384313,212,0.904162235052203,0.09951488624353795,0.5291010545817998
20261064,0.075,7.189082407427442,0.1483007193242612,212,1.2150299704032286,0.1317216469084623,0.8456059970075153
20261064,0.1,8.870720493291865,0.17553242694106946,212,1.6395665543666758,0.1637281970194742,1.160405621013449
20261065,0.0,1.6849503388152407,0.04067807371844764,212,0.22871380013182568,0.005145052802333304,-0.20913389972462942
20261065,0.02,2.1571155389006313,0.04898501953973078,212,0.31657493938156306,0.035891454132837404,0.04357888565241097
20261065,0.03,2.9015705878130738,0.062425753119393086,212,0.5209417906123381,0.05034092119384887,0.16955087783091058
20261065,0.05,4.554113680763943,0.09054125463914992,212,0.7519726113275074,0.08026804660041456,0.42066485239452384
20261065,0.075,6.4739446034292625,0.12717364143569912,212,1.0283894825054145,0.11657528326465069,0.7328780252560745
20261065,0.1,8.039492465691877,0.1596272089727099,212,1.3020774553416277,0.1532424892879673,1.0430564603811159
20261066,0.0,-0.8170017495274188,-0.017420878427645645,212,-0.19204096871724657,-0.016681993953743677,-0.06950788276967997
20261066,0.02,-1.659477962805565,-0.03464052220647392,212,-0.38308100655831046,0.011990615194291282,0.15703028953984374
20261066,0.03,-1.2123858896732314,-0.023432315519543827,212,-0.48300181518507523,0.027319779778631644,0.27022904486302335
20261066,0.05,0.35990084526914123,0.006539870062838461,212,-0.18919480790250975,0.05715524869120671,0.496426559772857
20261066,0.075,3.0290121140146273,0.05365182002146502,212,0.26852622453169045,0.09266010699743567,0.7786768503305039
20261066,0.1,5.158245271030771,0.09101438648522438,212,0.537059235638099,0.1273431291424639,1.060204893550397
20261067,0.0,1.651396671577704,0.036962657403386896,212,0.4816972507634533,0.009822094233116774,0.014546649445212395
20261067,0.02,1.8673488475333448,0.04149734964238607,212,0.2783281935940155,0.03856997435666358,0.2867566225066274
20261067,0.03,2.3821415990612897,0.05096305884858963,212,0.3542910656397772,0.052600074554109075,0.4228635287134545
20261067,0.05,3.8619892759656858,0.07686088285173565,212,0.8144988599435053,0.07988247486871103,0.6950363444429061
20261067,0.075,5.735735964185106,0.10653403272188042,212,1.0182020149329363,0.11360643213527885,1.0350830956450996
20261067,0.1,7.748754394432016,0.13840949868506214,212,1.3956878255477696,0.14715322098329495,1.3748113890880738
20261068,0.0,1.2181680760113547,0.02529514415159882,212,0.09283086789245476,-0.004686770332380246,0.027975054239000905
20261068,0.02,1.7928564556080073,0.03443211889332208,212,0.28681247565128604,0.024102585634815946,0.23234262893699253
20261068,0.03,2.2559167159380245,0.04116503084573853,212,0.48648983869293366,0.03914346750342047,0.3344962035986036
20261068,0.05,3.74754267023733,0.06525788757895772,212,0.6983162771491915,0.06756005292522468,0.5387106309888408
20261068,0.075,5.591783615090245,0.09798796074029771,212,0.9934464299378167,0.10306183894673886,0.7937384047263973
20261068,0.1,7.34348377026023,0.13019472140522206,212,1.207931917770189,0.1367468806069196,1.048405740423609
20261069,0.0,1.430059894712479,0.03318477129912583,212,0.16882517684204634,-0.006009900949540793,-0.07916031900458398
20261069,0.02,1.472434485621224,0.03452172719750285,212,0.007423014704227794,0.02028271163945305,0.16908227310108892
20261069,0.03,1.7421674010241046,0.040498345062633646,212,0.17245667269560525,0.03352989128208489,0.2930467934715238
20261069,0.05,2.5213678103321135,0.056384617275252145,212,0.31554295884354994,0.05998123858134181,0.5406055588791757
20261069,0.075,4.043994239375377,0.08380168606985146,212,0.7763752653041672,0.09334676263118655,0.849244035946026
20261069,0.1,5.660874135457388,0.11268577081575303,212,1.1217412269500744,0.12513006005292523,1.1568211169059488
20261070,0.0,3.191902638793712,0.07639952809706782,212,0.38556279803180193,0.020190031050557517,0.13415825833793926
20261070,0.02,3.5629639384939478,0.08309506058545459,212,0.5261473609172099,0.047962460777165136,0.4100255404347807
20261070,0.03,3.868160848958417,0.08799996313258342,212,0.5987030360665034,0.0626049697277546,0.5477076786337389
20261070,0.05,4.818858130248303,0.10382478965090654,212,0.9604097217646989,0.09023146593041069,0.8225036818677581
20261070,0.075,6.410153166776154,0.13087728065935325,212,1.3234152636340628,0.12430003113248513,1.1648005832397574
20261070,0.1,8.125501814400808,0.15943672732039424,212,1.5206477907223956,0.1589221196306704,1.5055821397332008
20261071,0.0,1.7702170809442752,0.04234273998640002,212,0.0921845476062012,-0.022091263241547126,-0.359138644872432
20261071,0.02,1.6288181165811484,0.04106466954505608,212,0.11252534676101845,0.006437972619798624,-0.13137967566217093
20261071,0.03,1.849687073424661,0.04576731334846264,212,0.11657271061647172,0.021516233952432833,-0.017522888349483408
20261071,0.05,2.633749978823192,0.06208933794312588,212,0.46131937561116265,0.04947607304664138,0.21009560612964032
20261071,0.075,4.049132253944835,0.09018282142242685,212,0.8323131703669631,0.08459126324154713,0.49433830412436036
20261071,0.1,5.777351676982181,0.123237020621175,212,1.1043389628704392,0.12008178421910716,0.778125727347121
20261072,0.0,1.0530833492086187,0.026823605797196434,212,-0.09905711272938732,0.01794111863934655,0.09703058338898818
20261072,0.02,1.8439119338557421,0.04475089915532651,212,-0.01750779824627884,0.04823230978461236,0.33028064076461405
20261072,0.03,2.392623650275901,0.056142418830237836,212,0.06710164195028523,0.06283487903390983,0.4468421018709455
20261072,0.05,3.763694088151762,0.083814487256163,212,0.2313230637269012,0.0913026692009602,0.679778876931438
20261072,0.075,5.5904176162335695,0.11844988898811232,212,0.67609139643509,0.12754897221835343,0.9704797593743989
20261072,0.1,7.285388229154066,0.14971960281503208,212,1.1282515068030345,0.16319566766891422,1.2604884523367341
20261073,0.0,1.3928810954160376,0.03605479727017263,212,0.04524467666983587,0.0059566480144848,-0.057291961684286206
20261073,0.02,1.992663696018813,0.049358302132575235,212,0.17880166099525072,0.038684672986014954,0.1996875225844055
20261073,0.03,2.5201542267817265,0.06073394833646023,212,0.22887271252631688,0.05446392728106898,0.32813372548088715
20261073,0.05,3.9362576164733074,0.08902457008495891,212,0.5531263256381597,0.08668553732211473,0.5848847193872044
20261073,0.075,6.209263960817731,0.13120703921873847,212,1.1516210120940098,0.12496518077323263,0.905446677779913
20261073,0.1,8.22980952618514,0.16708057169073973,212,1.5615037856442835,0.163112203934163,1.2254330244591383
20261074,0.0,1.741350992802187,0.03933855758280832,212,0.11208918917173083,0.01989048329086753,0.16327949229027905
20261074,0.02,2.387945111000712,0.049905168811804124,212,0.3206092620705596,0.05291447168992045,0.42670081982349534
20261074,0.03,3.1271440695317922,0.06325885432454796,212,0.4572629452516858,0.07007727820152548,0.5582902180204382
20261074,0.05,4.956796257948785,0.09497353738765679,212,0.8310819158532051,0.10110530563088342,0.8211678236116882
20261074,0.075,7.267462621919713,0.1342629384150288,212,1.1595449568512506,0.14239425196011765,1.149080077016958
20261074,0.1,9.512748268764788,0.17105201173203124,212,1.5158013697593633,0.18131600291662228,1.4760635168150835
20261075,0.0,1.8703888614776187,0.04945405500618553,212,0.058084177885667755,-0.0029432487567487807,0.03917077747768673
20261075,0.02,1.7946787472320447,0.048188785751153124,212,0.08413024426973596,0.02781185738044716,0.2664392474995513
20261075,0.03,2.1240902405517375,0.055209980419305416,212,0.0862772764585378,0.04375394276538395,0.38017919536690054
20261075,0.05,3.0957137013874143,0.07377323671339271,212,0.339222703456654,0.07589464930894076,0.6078215312957416
20261075,0.075,4.926611326078742,0.10573728688585028,212,0.7561749302298204,0.11458188253221802,0.8925774031283105
20261075,0.1,6.657542945212411,0.13619386935826117,212,1.0920569702859444,0.15236586404935318,1.1774144226935896
20261076,0.0,2.310377510988148,0.05726533889348593,212,-0.11231901060853401,0.025787733800866797,0.23198551333385697
20261076,0.02,2.7603332494057113,0.06348876363070319,212,0.1805270206937688,0.05454175849384315,0.4512215991906504
20261076,0.03,3.261575288393837,0.07268155154474475,212,0.2308807698142902,0.06908953866572723,0.560921133337204
20261076,0.05,4.3419854598296315,0.0924189326473263,212,0.24636930488180298,0.09750612408753145,0.7804436602409557
20261076,0.075,5.887180620390162,0.12092512637331128,212,0.6101671270363686,0.13283586216501855,1.0549963891612528
20261076,0.1,7.456914326781183,0.14930638052089565,212,0.9953794803493076,0.16698942724420163,1.3295990363875076
20261077,0.0,3.1708230662195085,0.08020557681121426,212,0.3323731238212685,0.02331044822585799,0.30364011694651116
20261077,0.02,3.5458782884526854,0.08793544515357328,212,0.3369683489294579,0.054445493572780376,0.5755790741965943
20261077,0.03,3.944398252302805,0.0961973307990398,212,0.5039839652127465,0.07025393457262473,0.7115614970284
20261077,0.05,5.093238264130543,0.11830549160651815,212,0.8349546820169135,0.10050774625386083,0.983482846509119
20261077,0.075,6.947985542901064,0.15223580399642797,212,0.9856399861205177,0.13883193783334288,1.323159914341796
20261077,0.1,8.872766167337954,0.18510259382757516,212,1.5235989649868855,0.17596766727566177,1.6623855692336704
20261078,0.0,1.90560537263854,0.04111536224284978,212,0.1529474342466565,-0.0158888324498808,-0.3061608555132533
20261078,0.02,2.0795995134666816,0.04647137859559721,212,-0.09505358327057513,0.01338287221753414,-0.06313204575603816
20261078,0.03,2.2994155571388206,0.05061077020129609,212,-0.11344660153634069,0.028269627802947752,0.058303455673328695
20261078,0.05,3.43840302424237,0.07095748777230683,212,0.19893288093998027,0.05682139375220181,0.3009581406227623
20261078,0.075,4.905885873634484,0.09445585741321819,212,0.38324152051226745,0.09236209538010305,0.6037510287348837
20261078,0.1,6.682267067638689,0.1248627712827403,212,0.7132892870902778,0.12671843125046084,0.9057920846516546
20261079,0.0,0.8622197007052962,0.020455271630932588,212,0.11532670772878743,-0.014266154073030255,-0.331429454251038
20261079,0.02,0.6964536436309082,0.01670554813655691,212,-0.3645757796318388,0.014575430734317007,-0.05637291671169176
20261079,0.03,1.446496103898645,0.032978928223236295,212,-0.24913072296889716,0.029855950810673517,0.08098623977095877
20261079,0.05,3.2557618003897013,0.06485849056603772,212,0.0995370125742759,0.059742112421042284,0.3553042466021791
20261079,0.075,5.40086673847855,0.10008530710558008,212,0.49640545209870596,0.09604986113273091,0.6973245427885134
20261079,0.1,7.478684706104131,0.13463980534004044,212,0.8959553188131296,0.13140008110831647,1.0381935016507562
20261080,0.0,0.6974314687322138,0.01483196650800023,212,-0.06354201033646036,0.00853531898508098,0.0008186195425941297
20261080,0.02,1.805518616261805,0.03537684644311358,212,0.3213175506715275,0.03798982459302469,0.24258433428628184
20261080,0.03,2.804749662774574,0.05356374785964164,212,0.5452803508088289,0.05191341892035819,0.3633743416762939
20261080,0.05,4.42534526810645,0.08089837701439469,212,0.8931186364800058,0.07909596998173013,0.6047224727284347
20261080,0.075,6.471770930908988,0.11592293481021473,212,1.239624820898614,0.1143202262840102,0.9058782531486612
20261080,0.1,8.452108807889648,0.14940622977412563,212,1.4738852665216124,0.1484942732612917,1.2063132343919867
20261081,0.0,-0.05830835408023277,-0.0012596367330553252,212,-0.18808905291794847,-0.023096924438181538,0.15740941438258368
20261081,0.02,-0.22458885633120704,-0.004953035007660235,212,-0.27116884448484285,0.008091373843796847,0.3695351719347971
20261081,0.03,0.3211339245896507,0.006791797409449529,212,0.13597228182395485,0.023434363709353676,0.475681390310914
20261081,0.05,2.4522992760718343,0.047188757076495794,212,0.48385263238711773,0.0540235664719521,0.688096383573089
20261081,0.075,4.5753132901035265,0.0842855709124276,212,0.8520107018819298,0.09231601110938155,0.9537534630154179
20261081,0.1,6.585977487028275,0.11871768980574968,212,1.1221417587957025,0.1287307777386346,1.2194344519196088
20261082,0.0,1.0453789675782652,0.022538280667546023,212,-0.01816192077118749,0.022480931352870333,0.1582337482977466
20261082,0.02,2.269598291380387,0.046080686389369074,212,0.14270555936169854,0.04957131387279923,0.4147249274542168
20261082,0.03,3.021331930383471,0.05931404075078445,212,0.22315302826957348,0.06248361448152123,0.5429565720128768
20261082,0.05,4.658039704705809,0.08961188851293225,212,0.6403310458653312,0.09044908609770687,0.7993382581733026
20261082,0.075,6.377267803559075,0.12111509597817448,212,1.0873156630029412,0.1238765678892994,1.1195517767239276
20261082,0.1,8.213053666006864,0.15484775805143414,212,1.437510255458935,0.15837678909379888,1.439316599377772
20261083,0.0,-0.8339410753184416,-0.018611388754618666,212,-0.19440024013572924,0.010380225956299824,0.15030606536898533
20261083,0.02,0.7218809755721928,0.013458143193045983,212,0.2082499980961107,0.03921259390950278,0.38479950291515147
20261083,0.03,1.8515795357605995,0.03303986187007923,212,0.3643053202394683,0.05259034565251232,0.5022605297179132
20261083,0.05,4.025110321201937,0.06865737061584971,212,0.6672108815107045,0.08027828754946377,0.7375683665784069
20261083,0.075,6.287221617008502,0.10699077904947607,212,1.0576844023721872,0.1158118205130306,1.0323370030804269
20261083,0.1,8.349308828299575,0.14199895132681734,212,1.2884276770084537,0.15079490246520127,1.327681762870286
20261084,0.0,1.198666169079853,0.028687970571608795,212,-0.10571199122363353,0.03838819751103975,0.27221313496065785
20261084,0.02,2.294770020883162,0.050164264822749646,212,0.12365948574851393,0.0643213527884056,0.5538664509430401
20261084,0.03,3.0478020774002252,0.06504077945911403,212,0.2671187577910969,0.07813229667619757,0.694740226833676
20261084,0.05,4.5301877290899,0.0945490500495662,212,0.5801697185332374,0.10630514751063011,0.9765100245832418
20261084,0.075,6.269250590542693,0.12879888004981196,212,0.9571106368535758,0.13950067180625764,1.3286152897372254
20261084,0.1,7.86342353706134,0.15996311210152467,212,1.377664066948975,0.1715712278488272,1.680391519582677
20261085,0.0,2.039582930312378,0.04570842789142955,212,0.12949994868933473,-0.015326092299625591,-0.22460703267406903
20261085,0.02,1.3974845584096798,0.031273298159087005,212,-0.19747202165917307,0.014821213511498541,0.012871535312264159
20261085,0.03,1.6988701619116133,0.03576907479169909,212,0.010500560399981203,0.029541041627409698,0.1317529977115628
20261085,0.05,2.946065900324246,0.05408347602389009,212,0.17265301260887128,0.05838979509909143,0.3697439780113647
20261085,0.075,5.0781248397249925,0.0865273146593041,212,0.3754033750822405,0.09635299322458811,0.6675433316882653
20261085,0.1,7.366082750902654,0.12167527589116738,212,0.7862348124633141,0.13331104220090284,0.9655214309097699
20261086,0.0,-0.2620602574040346,-0.0059458950179831094,212,-0.1578606907509807,-0.010167726263528297,-0.08179742734240945
20261086,0.02,0.022888101746116156,0.0005130715473664382,212,-0.24176860823253427,0.02140511965524869,0.2079130119385079
20261086,0.03,0.7232538229193899,0.015705519461899575,212,0.014806604621647828,0.03639377268370215,0.35242598855457324
20261086,0.05,2.4199083682815363,0.04817547251738913,212,0.23079779412093332,0.06653544597284919,0.6406943097440877
20261086,0.075,4.79419864548943,0.08843878779934294,212,0.5548317674148336,0.1055268353828886,0.9994612567568116
20261086,0.1,7.0339165727482005,0.12451201877780418,212,0.9469226598413861,0.14452795369452479,1.356281186141019
20261087,0.0,0.9651793206739173,0.020912530005980718,212,-0.02470404052023047,-0.001178221188113946,0.04885851253579188
20261087,0.02,1.3304232266633502,0.029682878771741538,212,0.04819104028732684,0.02853333224096543,0.3244778867116223
20261087,0.03,1.7181225986849777,0.03841328783621036,212,-0.07794204197298428,0.042331986989898325,0.46226118912310216
20261087,0.05,2.7305078312462396,0.05923876977527262,212,0.07942971907488851,0.06981562195331766,0.7376852608136845
20261087,0.075,4.221293591638604,0.08783610794779574,212,0.4271026531929463,0.10458671626016923,1.0815135515616496
20261087,0.1,6.013810712184959,0.12084422287582235,212,0.839715293525227,0.1378887464259088,1.4245804286312709
20261088,0.0,1.184947673809556,0.025403186164068198,212,-0.14580087400498637,0.023232104965631377,0.13632703809358715
20261088,0.02,2.319452288744274,0.04547442220565464,212,0.19919272728394422,0.049666042651504594,0.3790122668334599
20261088,0.03,3.0161139641003003,0.05666419518429612,212,0.29297848821055894,0.06340837218066672,0.5003368245610824
20261088,0.05,4.5131442474944174,0.08038120908740853,212,0.6001158271666869,0.09047520051778238,0.7428890166787168
20261088,0.075,6.261855717054769,0.10897393883285955,212,0.8196873662103082,0.1250092168541443,1.045772394951607
20261088,0.1,8.01451275265808,0.13892154613752364,212,1.078387957380324,0.1581335665538797,1.3481386541139497
20261089,0.0,0.5748146415454145,0.013842690829844585,212,-0.21488156242000678,0.02102262020825994,0.0749997522228613
20261089,0.02,1.9936440898641254,0.04193258997697835,212,0.10256893710921222,0.05212796680293956,0.309009010934669
20261089,0.03,3.016812302638823,0.0592177758297217,212,0.33685448207412116,0.0671381258243964,0.4259958337201044
20261089,0.05,5.281565449788368,0.09709853431537206,212,0.7328982669083512,0.0981559123047051,0.6598821392836278
20261089,0.075,7.7412382942593,0.13698805495702895,212,1.0167172491699241,0.13598649014001427,0.9519698150364438
20261089,0.1,9.79342705727406,0.1715061978223646,212,1.5045416035655814,0.17321541221868114,1.2436073668411116
20261090,0.0,-1.3783926483084061,-0.03050778721765703,212,-0.7474570885231772,0.008919866621879583,-0.10384843343242346
20261090,0.02,-0.7819212023694809,-0.015579043741141574,212,-0.6303629937657114,0.03816955324883868,0.1412580732432559
20261090,0.03,0.0033291226303745593,6.246978920030679e-05,212,-0.4250541632466846,0.052993839045051984,0.2638277585733858
20261090,0.05,2.608562116071311,0.043809755937702255,212,0.14455471028494335,0.08033154048451978,0.5089381671014884
20261090,0.075,6.063828386065828,0.0990607001532046,212,0.7387690364032264,0.11588299510892272,0.8151444305022505
20261090,0.1,8.404365400529352,0.13918320238573148,212,1.192697747808943,0.15195110561285935,1.1209690031020814
20261091,0.0,1.7035903629326714,0.03304447029715137,212,0.5872868951936256,-0.0531413087113609,-0.5131855882357071
20261091,0.02,-0.4566910572988936,-0.009595257211676318,212,0.08358771994688591,-0.023602315273761047,-0.2780233652614013
20261091,0.03,-1.1658755188942875,-0.024333006988423632,212,-0.2888131058663818,-0.009275739601340333,-0.16047804798455792
20261091,0.05,-0.8026577354972135,-0.015988681703110786,212,-0.3003544113983323,0.020861325260734566,0.0744813555960495
20261091,0.075,1.7634220367963742,0.032088989750858186,212,0.033062367121851614,0.05866834891323049,0.3678120974509392
20261091,0.1,4.309152993326961,0.07461299453542958,212,0.5116729776005502,0.09481019425032156,0.6605614018512548
20261092,0.0,1.2801197021756294,0.02732643639551365,212,0.053700797461006096,0.022739515316363403,0.07346544747050127
20261092,0.02,2.507068774458848,0.0506558303771127,212,0.2775043942500857,0.052923688544064755,0.29127102445705405
20261092,0.03,3.1930734600581703,0.06447855135631128,212,0.3348114360454811,0.06858875625721987,0.4002016551693678
20261092,0.05,4.700922716515182,0.0949735373876568,212,0.5704707269236425,0.09869612236705201,0.6180752715012953
20261092,0.075,6.448592505253052,0.12975692083336748,212,0.9228027331564869,0.13518411178200707,0.890351009850841
20261092,0.1,8.171174876320395,0.16291199338025053,212,1.1774255882605473,0.17187384789323198,1.1624266901190563
20261093,0.0,1.2608649783078256,0.021410240129773304,212,0.3256622845284883,-0.044553760886128835,-0.5464928218633341
20261093,0.02,-0.5067035959172154,-0.00873296930173113,212,-0.10505732656581887,-0.012501638551847877,-0.27020709319653574
20261093,0.03,-0.6582660423348066,-0.011753537223801602,212,-0.38936121600587476,0.0025074963747040366,-0.1324492709829201
20261093,0.05,0.44740271009690563,0.007930590943723934,212,0.09469723521251959,0.03628982705085246,0.14220841952833774
20261093,0.075,3.108754114674746,0.05371582595302271,212,0.2519499621344746,0.0750359457311628,0.48374503516728656
20261093,0.1,5.150544904635096,0.09001896623763916,212,0.7142787782441902,0.11350504673969146,0.8230548724099394
20261094,0.0,2.191930602702553,0.05707536928862272,212,0.12367165476579739,-0.008894264249256505,-0.1328126899160256
20261094,0.02,2.5905602940920636,0.06452821995920004,212,0.31381539325760177,0.020894096297692098,0.09827266507644
20261094,0.03,3.0198926635573007,0.07156170376621143,212,0.43493175160979314,0.035741936276718636,0.21389640505597807
20261094,0.05,4.350653227266946,0.09283829951089229,212,0.632391549956712,0.06644327743140613,0.44525772580978773
20261094,0.075,6.136448297506167,0.12106235509057098,212,0.8394277443534636,0.10405111462489451,0.7345728521929542
20261094,0.1,7.8318696370596586,0.15024342735890023,212,1.1499194369689254,0.1396804004620716,1.0238723300590906
20261095,0.0,2.1302680535133653,0.046473426785407064,212,0.441762381642713,0.009773449725132931,-0.0324962134667478
20261095,0.02,2.4665005649295675,0.05504407704470789,212,0.42257310494660194,0.038175697818268205,0.23112166022662223
20261095,0.03,2.9198123985827795,0.06412882294628008,212,0.46744391475157043,0.05180179257572158,0.3627475886130682
20261095,0.05,4.190172194879633,0.08745360850080698,212,0.6951445394682353,0.07959931262749981,0.6255809571024143
20261095,0.075,5.937872825374379,0.1188303402452912,212,1.018359258738513,0.11456703315609663,0.9532310438866327
20261095,0.1,7.6719734629849645,0.14919936260333116,212,1.3519259424351706,0.14795303910403984,1.2797413178248855
20261096,0.0,2.363300208206035,0.05677428538657535,212,0.2597002448853672,0.03394055333895903,0.24518626009772168
20261096,0.02,2.9986527458157455,0.07116896337017344,212,0.43363645581791244,0.059195757789265856,0.5276650781698422
20261096,0.03,3.441079934566213,0.07993623985121948,212,0.5228955764616241,0.07181363111282249,0.66888950735185
20261096,0.05,4.616315145389944,0.1030029534897058,212,0.7198309462914562,0.09774064182075883,0.9512514522223371
20261096,0.075,6.154906917984033,0.13174212880656078,212,1.054134218129307,0.13036113682727204,1.303923649072322
20261096,0.1,7.682954395713187,0.16009214805954497,212,1.3535105481923833,0.16113723691001894,1.6561191981762113
20261097,0.0,-0.4058587659541377,-0.00937302861730803,212,-0.2660004849771429,-0.009575287361030322,-0.27126445506529384
20261097,0.02,-0.16506176428552657,-0.0038884883539927442,212,-0.2977159829875098,0.021356475147264853,-0.03202718093004402
20261097,0.03,0.40746154877300744,0.009062727861116341,212,-0.32047656881815184,0.03627446562727861,0.08744264141676203
20261097,0.05,2.1478842996317464,0.04284813082197953,212,-0.01298039171993558,0.06751704093921793,0.3260276308713569
20261097,0.075,4.5724392853524956,0.08616580915786629,212,0.4582390966421942,0.10581614219352935,0.6234775844176985
20261097,0.1,6.791994012250502,0.12520174669626982,212,0.7544900169116661,0.14165280724895338,0.9198972510902403
20261098,0.0,0.21477380483234854,0.004947914533135609,212,-0.23543959516814417,0.027838483847975166,0.24482148111119087
20261098,0.02,1.3238841570574,0.02872483798818604,212,0.0003972566260186212,0.055803443416708315,0.4521455943553944
20261098,0.03,2.1120954118174575,0.04472427268779852,212,0.1586945107877662,0.06991495915909518,0.5558874794677574
20261098,0.05,4.095555258821504,0.08283238024234181,212,0.4727851916212793,0.09768841298060774,0.7634890465894956
20261098,0.075,6.133275785851987,0.12235425081313137,212,0.9239239124756929,0.13242007963361982,1.0231251051428447
20261098,0.1,7.822159117810593,0.15560456418617222,212,1.1110847639020283,0.16596891667144575,1.2827870030179442
20261099,0.0,1.068236602648334,0.023730839184328886,212,-0.04623889783667292,0.004548005472763179,0.24740638968088882
20261099,0.02,2.296203338342661,0.046269119851874915,212,0.3098484169646604,0.03602407442302493,0.4507371994046479
20261099,0.03,3.191729821388599,0.05939750448553568,212,0.27488246821455725,0.05103576958683915,0.5524071247111417
20261099,0.05,4.962731437999895,0.08390051122817653,212,0.6999134127942526,0.0812865089833605,0.7557250078346355
20261099,0.075,6.694699507673856,0.11320857126471624,212,1.073818232062873,0.11903106284665613,1.0097672336473065
20261099,0.1,8.554657492958844,0.14629042102589732,212,1.3972924049790205,0.15599474434494792,1.2636023655888498
20261100,0.0,1.0821349333342427,0.023382646916655064,212,-0.02901505558458904,0.002521321655920498,-0.12096153070121113
20261100,0.02,1.3267515374737502,0.027304930402510263,212,-0.09213493246464234,0.030324986277128273,0.12085661136270408
20261100,0.03,1.7411517450595388,0.035031726460154525,212,-0.029855244623219823,0.043943912370247175,0.24187085464888028
20261100,0.05,2.8793523022439755,0.055767088047583555,212,0.1523216168226683,0.06873827411333863,0.48406211870273747
20261100,0.075,4.4325700005319115,0.08449397422557942,212,0.4500409842156271,0.10229376776804659,0.787007780400372
20261100,0.1,5.935244059877663,0.11206414520846475,212,0.7156550447776345,0.13481953399585447,1.0900429415541628
20261101,0.0,2.6791592219140794,0.0657023447676943,212,0.33566224291713337,-0.007556284255974574,0.034358574023120945
20261101,0.02,2.8478996839588575,0.07222787750186387,212,0.3429804136902586,0.02251677467454264,0.24969096856901474
20261101,0.03,3.1104312031804087,0.07808109193095142,212,0.4751106499608357,0.03782699350314193,0.35742036055540183
20261101,0.05,3.9452765834653896,0.09314091955529703,212,0.6153544618080055,0.06718369804766548,0.5729683596980676
20261101,0.075,5.462061249465554,0.11893428587814092,212,0.71426087627823,0.10524623337893971,0.8424936983285682
20261101,0.1,7.180969269285465,0.14762993716153663,212,1.1528077318147723,0.14225395095814317,1.1120103597074995
20261102,0.0,2.6717632276335777,0.06444322008209145,212,0.1799728046768653,-0.0014526786226333166,-0.19814586696044106
20261102,0.02,3.1711360513614344,0.07445682006242882,212,0.45382721198055487,0.02807965819808454,0.08173136288244054
20261102,0.03,3.5101621353408072,0.0809844009864082,212,0.5440832686182874,0.042800510408900615,0.2212430969216666
20261102,0.05,4.552223315417684,0.09905711582103738,212,0.7454926198975801,0.072438841052278,0.4993419722203847
20261102,0.075,6.068077237457996,0.1242775010445768,212,0.9569688532506858,0.10797647039546449,0.8450895951338372
20261102,0.1,7.822058211964574,0.15347393473647988,212,1.340000408198333,0.14254940233821345,1.188557445974949
20261103,0.0,2.906958505768228,0.07671392523287916,212,0.3808741514001985,-0.007296164150124123,-0.08664447673309598
20261103,0.02,3.041854534914098,0.08086714211979452,212,0.5009289847732901,0.02193150443637913,0.20056427857611286
20261103,0.03,3.256621109167673,0.08531888267149493,212,0.6271807447583024,0.03660268804430644,0.3440350684377604
20261103,0.05,3.981465460266424,0.10026042733432192,212,0.8638867387069933,0.06433415397471715,0.6306388376722555
20261103,0.075,5.222790163261093,0.12225696179716367,212,1.230695497924848,0.10099521542860421,0.9881157077033579
20261103,0.1,6.871574196816866,0.14975749432651422,212,1.336323562959287,0.13594399020145995,1.344526298990393
20261104,0.0,2.674263943715485,0.06735420984933516,212,0.48186060259855984,-0.00046186680212028367,0.1254520796750229
20261104,0.02,2.70474257997708,0.06838240113387788,212,0.5202365138689082,0.029235349298290175,0.3420331196151925
20261104,0.03,3.063413278045517,0.07405179052753177,212,0.49902412950877817,0.04333252771200812,0.4503750852043087
20261104,0.05,4.119776289620113,0.08905426883720167,212,0.6768011201169891,0.07093751792166085,0.6671185853545455
20261104,0.075,5.897876650950071,0.11491983385084262,212,0.9421414609482383,0.10596258776493334,0.9380700665357692
20261104,0.1,7.835625276728516,0.1446119294767285,212,1.3801230366595836,0.14046588125414758,1.2089192731192444
20261105,0.0,1.386424732506251,0.03439013100222023,212,0.1864265661532956,0.007499959036203804,-0.05840376983438351
20261105,0.02,1.6818523980618925,0.041039067172433004,212,0.1823053764343305,0.03424931795279332,0.18679011733649045
20261105,0.03,2.0093324057338866,0.04785953923922038,212,0.13403373844602165,0.046852341900228585,0.3093196466693871
20261105,0.05,3.069881651645623,0.06822725075578204,212,0.4364195726536688,0.07147670388910281,0.5541827359784072
20261105,0.075,4.657714532158352,0.09814669545056079,212,0.7037373628723815,0.1031801219082575,0.8597687605555603
20261105,0.1,6.258024687567801,0.12749827952055975,212,1.1298526312366697,0.1342363119475008,1.16463128027927
20261106,0.0,2.1768249400144226,0.049705470305344134,212,0.23419194618268915,0.020418404214355354,0.07819483031779302
20261106,0.02,2.5149327737773204,0.05592428661548921,212,0.1608648418958423,0.05014480701955612,0.35109833789615713
20261106,0.03,3.043512532353155,0.06569159177119263,212,0.2125771199997285,0.06485029780679835,0.4872129589992076
20261106,0.05,4.355067135016371,0.08831794460056203,212,0.5622391277534412,0.09275585987104595,0.7587037639341956
20261106,0.075,6.182423577677122,0.12092615046821618,212,1.047934597957766,0.12785876092709264,1.0965530285256242
20261106,0.1,7.865168483579264,0.15170788307294017,212,1.4510402948213135,0.16349367928624678,1.4325407770333323
20261107,0.0,0.8720297798333577,0.017966208964517158,212,-0.10609448505785833,-0.010652123153556882,0.13427960254259474
20261107,0.02,1.041875273843347,0.02142457745844223,212,0.006390007111091934,0.01841066615325376,0.35934881121134515
20261107,0.03,1.7435416616381734,0.035712237524475866,212,0.15127454376254768,0.032957422230232916,0.4719179338091129
20261107,0.05,3.0161976668056947,0.060986899777976236,212,0.6136687583410269,0.06122090546375115,0.697089800173081
20261107,0.075,4.598881390834216,0.09294531742845673,212,0.9269638844787638,0.09605907798687519,0.978544514899366
20261107,0.1,6.308500829322961,0.12638150402674117,212,1.3111144166244173,0.13160233985203876,1.2598844901671082
20261108,0.0,0.700734124049852,0.016339434208046927,212,0.21819088830264968,0.024653548693664533,0.13049970971672312
20261108,0.02,1.8634419129471484,0.04288141390638954,212,0.5472017282895125,0.05165995543138974,0.3859733669157677
20261108,0.03,2.645338780840128,0.05948711278971645,212,0.6916667675921999,0.06489177365044774,0.513573899337817
20261108,0.05,4.188442989072007,0.09063444727549792,212,1.0314441819349787,0.0905975798589207,0.7684384721116874
20261108,0.075,6.0232962475362966,0.12621764884195347,212,1.2816815655879703,0.12435123587773127,1.0862576914839042
20261108,0.1,7.69668284795631,0.15731889905701343,212,1.5823819613281374,0.15607974422205653,1.4030483511594432
20261109,0.0,1.5397680328517185,0.03817825805553052,212,0.28940132886338066,-0.00047569208333675026,-0.22317832226605794
20261109,0.02,1.603005127477938,0.039395906897484,212,0.15752926155427488,0.03086417224457025,-0.0005446730546135684
20261109,0.03,2.0904150787622195,0.048960953309465094,212,0.28530071581467,0.046594269984187975,0.11078159969079308
20261109,0.05,3.5162702926963947,0.07318796647522918,212,0.4293307829999697,0.07826286877657525,0.33340730044452316
20261109,0.075,5.618893605428792,0.10843168058070278,212,0.7537583707293067,0.11591013362390319,0.6115448297348065
20261109,0.1,7.4508930356192264,0.1395452199346218,212,0.8215821676856182,0.1534887841126013,0.889388731636874
20261110,0.0,1.123081345942047,0.027372520666235182,212,0.2382929170572339,0.010951670913246878,-0.11301289843944519
20261110,0.02,1.5430303236766356,0.0356292858371771,212,0.27202577291273095,0.0413570486404116,0.14842974768331402
20261110,0.03,2.0414797055750666,0.045766801301010164,212,0.41270201299064313,0.05667085180117812,0.2793299688364009
20261110,0.05,3.660323939234684,0.07595507090833122,212,0.5622210974706802,0.08756472279799112,0.5414378760999946
20261110,0.075,5.968162931596308,0.11706377653429899,212,0.8876769434579294,0.1240219893657985,0.86954449836506
20261110,0.1,8.292019766741472,0.15682989373991268,212,1.3729731662489761,0.1604603101778648,1.1980259214119506
20261111,0.0,2.7642086394491607,0.07328218320648212,212,0.55958585037359,0.021159848925519628,-0.004760451686502544
20261111,0.02,3.205756129122169,0.08424921554330282,212,0.542144422367481,0.050154023873700423,0.2198303019036039
20261111,0.03,3.5852841184837354,0.09300625107529965,212,0.604575920544392,0.06463114149714483,0.33190699426294346
20261111,0.05,4.5200721153407715,0.11267604191415628,212,0.8123913360622455,0.092442998877592,0.5555774564956869
20261111,0.075,5.791892223582901,0.13802136671609633,212,1.2153622133941215,0.12784083926625647,0.8341676084013023
20261111,0.1,7.345964473601625,0.1688450872119221,212,1.4364100960267179,0.16317006529629116,1.111520689009143
20261112,0.0,0.7779249491020352,0.015812537379464035,212,0.14967460810688107,-0.007543483069663027,-0.3971805776520556
20261112,0.02,0.5924001931164867,0.011998807953530668,212,0.026302326120961096,0.019974971120523682,-0.17049939880477957
20261112,0.03,1.2377915279643892,0.024121019343104566,212,0.25284430500420463,0.03360106587797704,-0.057069280233784624
20261112,0.05,3.0070589240925827,0.05475835456623436,212,0.3116471526197069,0.061248043978731584,0.16991493292602178
20261112,0.075,4.752436304607294,0.0830894280634775,212,0.46069412447183744,0.09641239072907364,0.45376360113176
20261112,0.1,6.482597207183343,0.1131962821258572,212,0.7157515784649836,0.1318972791846566,0.737582180107432
20261113,0.0,1.1089380251569634,0.021053343055407632,212,0.17972553948482237,-0.02383171253246381,0.01836023497985273
20261113,0.02,0.9720036361772149,0.01826012420223006,212,0.1282677783326482,0.0045710476081239435,0.24202883906000852
20261113,0.03,1.3529225123246775,0.02499559639190884,212,0.211605683892037,0.01851870816572313,0.3537554839518196
20261113,0.05,2.5839267210911667,0.046694119237417966,212,0.306675258646637,0.04733469060044733,0.5769567110132318
20261113,0.075,4.325381312113209,0.08039708255843485,212,0.7730964850569648,0.08242479047018245,0.8554104525498066
20261113,0.1,5.901460901497816,0.11012246126873071,212,1.1412314170683038,0.11709091504927945,1.1331502971404663
20261114,0.0,2.4458540281029166,0.05952500430119859,212,0.16617234870533848,0.012412030247667117,-0.3364635625895109
20261114,0.02,2.4921712376685483,0.06119274285386576,212,0.1514300699185343,0.0401050926191432,-0.11826066311841005
20261114,0.03,2.681236455691139,0.06554104982016894,212,0.23474493324362017,0.05363748269279611,-0.008976794972701334
20261114,0.05,3.4493939439695045,0.08233927854562138,212,0.368261381262469,0.08089069630260776,0.20992016346220485
20261114,0.075,4.745808127080815,0.1089555051245709,212,0.6229867182256178,0.11508266494072539,0.48408435652460385
20261114,0.1,6.3993124166974305,0.14159340974446785,212,0.735238961733616,0.14878972464136195,0.7587456753698073
20261115,0.0,1.2858208903555426,0.024495326030853932,212,0.18916222936459148,-0.015520158284108503,-0.49559886323365726
20261115,0.02,0.7408729281175952,0.01445919596260825,212,0.05184899460214522,0.009890196544294152,-0.19365100452320194
20261115,0.03,0.8308619095077651,0.01648229544728369,212,0.015658435643867617,0.02274309964853063,-0.04262661630199803
20261115,0.05,1.7024382942928633,0.034028625500782415,212,0.09198688986113229,0.04824101459130421,0.25943545168288284
20261115,0.075,3.6318413410765036,0.06918426744443261,212,0.589082390928218,0.08041346807691362,0.6368572004156561
20261115,0.1,5.624858400006511,0.10340132640772086,212,0.8919277676070182,0.11176306130641739,1.0138507297897053
20261116,0.0,2.1479970571901372,0.051097215281134534,212,0.14192083129790387,0.0074036941151410345,-0.30846938609481306
20261116,0.02,2.4984036025467105,0.05965660049648123,212,0.21645249632567917,0.035056304737872676,-0.059404640837604224
20261116,0.03,2.816555521333795,0.06631424147338583,212,0.28590231070260724,0.049398241833867235,0.06511040368433321
20261116,0.05,3.824878283682192,0.08706086810476903,212,0.5040475840185423,0.07632681735881827,0.31406080968678535
20261116,0.075,5.2805250855568255,0.11591730228823766,212,0.8422414386893228,0.10968312455451873,0.6250067660998294
20261116,0.1,6.719480279807936,0.14502054334379275,212,1.110376164974519,0.14325602782261035,0.9355532871610114
20261117,0.0,2.1215941473399007,0.048271737438451895,212,-0.010409978696879934,-0.013563112920800594,-0.4417710694334203
20261117,0.02,2.3298277846440234,0.052056280159594945,212,0.03677042490313403,0.015600549734144967,-0.22203576723229754
20261117,0.03,2.7931925396398554,0.06127979092078421,212,0.23034155922978666,0.03044480538100426,-0.11246334707287539
20261117,0.05,4.156369934796875,0.08602294791862952,212,0.4504016419003463,0.05873747531931279,0.10605681751627336
20261117,0.075,6.007290267873926,0.11934341179265764,212,0.8853773137138206,0.0954272114305377,0.3779667853505951
20261117,0.1,7.621922995143893,0.14788288860305263,212,1.0631698456967633,0.1295382765711664,0.6484036762425188
20261118,0.0,2.7335136539187816,0.060526057070760864,212,0.07766908566277042,0.04074207965000533,0.194460886297581
20261118,0.02,3.9964442072677087,0.08482475687986957,212,0.6267511623116296,0.07346600824191579,0.4709391882632559
20261118,0.03,4.718032599293236,0.09853738765678893,212,0.7655730307565489,0.08933026241407845,0.6089801095722482
20261118,0.05,5.981841722062806,0.1224177446972366,212,1.0412484636778159,0.12143614973086786,0.8846098463400677
20261118,0.075,7.554408566042019,0.15321842305770159,212,1.2888435893104173,0.15923446857667192,1.2281859005596463
20261118,0.1,9.145734950226773,0.18352292743673146,212,1.5111582027528458,0.19650537854644062,1.5705359429834087
20261119,0.0,1.3765078624791756,0.03020516717325227,212,0.30970897325226343,0.020427621068499657,0.40864096196486543
20261119,0.02,2.552560899449791,0.050529866703807165,212,0.5351099997220324,0.051777726345455896,0.6085734817011164
20261119,0.03,3.466035540923599,0.06434695516102869,212,0.6354051538737631,0.06778125742468806,0.7087015645027567
20261119,0.05,5.480601284340396,0.09460025479481235,212,1.0837183205920606,0.10001822888930763,0.9092607584862242
20261119,0.075,7.661653498490314,0.12853927199141396,212,1.4524584867231949,0.1382435953104646,1.1604848850498761
20261119,0.1,9.866475736103954,0.16347217329324343,212,1.8122805418516035,0.17553703536814164,1.4122308845749187
20261120,0.0,2.036414083608083,0.042570601102745395,212,0.5957607586853749,-0.02012295283428506,-0.22312738309668248
20261120,0.02,1.5199797513740372,0.03314022317076168,212,0.3173953099786867,0.005832220483536648,0.02072046990668145
20261120,0.03,1.8904077259115983,0.04024795385837996,212,0.4623748734724275,0.019171568667611567,0.14253423476078253
20261120,0.05,2.723036667662071,0.054855643582202046,212,0.331679368666485,0.04609655986039538,0.3858889918110079
20261120,0.075,4.173685561330464,0.08125322589895051,212,0.616171551520897,0.07760027937309007,0.689463711476556
20261120,0.1,5.609028102432503,0.10804764499135665,212,0.8466221895034434,0.11033188867678748,0.9922008602046752
20261121,0.0,2.318226832203266,0.05398157858085026,212,0.18710568382090667,-0.027749387591246854,-0.5054720235793381
20261121,0.02,2.33129576279578,0.055743021817317856,212,0.23509352033942463,0.0005381618725370524,-0.25085216197782056
20261121,0.03,2.5199518075468266,0.060094913115788275,212,0.2969801304249695,0.01477308105096716,-0.12362781123305425
20261121,0.05,3.1822018627300026,0.07324429169499995,212,0.3798157017040981,0.04314511834440722,0.13060606905710664
20261121,0.075,4.296248740803838,0.09499913976027988,212,0.6839609180027889,0.07747124341506975,0.4479061669635834
20261121,0.1,5.722414773894815,0.12305268353828887,212,0.9639951935928152,0.11285679466487518,0.7645338614746752
20261122,0.0,0.3225162760497123,0.006460502707706932,212,-0.09584272316960195,0.027846164559762084,0.4374495423601794
20261122,0.02,2.568833258649931,0.04952727779188752,212,0.35513665923933135,0.06286867416577228,0.6317862461068485
20261122,0.03,3.4519786215227763,0.06695122850424794,212,0.4850568510334172,0.08054455222474377,0.7291517887276159
20261122,0.05,5.256256643528287,0.10289849580940365,212,0.9325531456074031,0.11547847762147813,0.9242478486014243
20261122,0.075,7.315169089900673,0.14353816596891666,212,1.1212491894555108,0.15843772274064183,1.1687406664767626
20261122,0.1,9.35451838157133,0.18154386403296768,212,1.3860239776576364,0.19890944133574745,1.4138370218488048
20261123,0.0,2.583761530048638,0.06837881680171065,212,0.1899781968434638,0.02394026659238565,-0.329222942142324
20261123,0.02,2.9722924987837627,0.07749428555043053,212,0.18985193151962068,0.05474760156973267,-0.03212796585452579
20261123,0.03,3.4472588614786233,0.0874853554428596,212,0.23086498709403408,0.06985197732244243,0.11609934534281685
20261123,0.05,4.568870175838163,0.10976454009946011,212,0.6228695834127717,0.0999147953039104,0.4118255560980462
20261123,0.075,6.215424390828624,0.14162771692378276,212,1.0554543364592155,0.13716573542303312,0.7799393104678033
20261123,0.1,7.862169500471422,0.17147547497521692,212,1.1863547474835936,0.1738278209718251,1.1460910893027985
20261124,0.0,0.7532546441682997,0.016951842961190906,212,0.09680043368852287,-0.016126422467822938,-0.3291424144036444
20261124,0.02,0.6692698701877513,0.015820218091250955,212,-0.017666073274960257,0.011606067557492685,-0.07959195282043662
20261124,0.03,1.017529933431731,0.02376463431619135,212,-0.14312711631700714,0.024904451945370682,0.04502028665066714
20261124,0.05,2.087303155425609,0.045446771643221716,212,0.03183676020025895,0.05076131215231977,0.29388007313905806
20261124,0.075,3.6597989996841775,0.07629967884383781,212,0.3237948105031749,0.08428249862771282,0.6041920554467677
20261124,0.1,5.305573666844994,0.10722888111487068,212,0.6420049080594326,0.11785488984835202,0.9135463541847396
20261125,0.0,0.3049958697712293,0.006723183050819682,212,-0.16128208988236697,0.003814753520838275,-0.05566552515922606
20261125,0.02,1.1472305520806767,0.02412101934310457,212,0.07268049419547777,0.032714199690313694,0.21617413863666415
20261125,0.03,2.040175410893436,0.04169295176922637,212,0.2987830251920033,0.04841255048787881,0.35195852642896996
20261125,0.05,3.7165681683076834,0.07323046641378349,212,0.5881278196620109,0.07677229864245978,0.6231861793160506
20261125,0.075,5.65332871940321,0.10800412095789741,212,0.9005110213875441,0.11274568036769105,0.9614375904095666
20261125,0.1,7.39474685085782,0.13943871406450978,212,1.264080164029197,0.1479084909756757,1.2986182108016424
20261126,0.0,1.3641795630398974,0.034619016213470535,212,0.031617329242740806,-0.007384236311947503,-0.29857121390391445
20261126,0.02,1.7494470929750074,0.04023873700423565,212,0.31018297142421297,0.02161249887349561,-0.0100631298773954
20261126,0.03,2.527928868471105,0.053252935055997506,212,0.5113485499442337,0.036177176611310924,0.13400180678516602
20261126,0.05,4.210056202310981,0.08046467282215977,212,0.8898033663854262,0.06472894256056497,0.4216724244952548
20261126,0.075,6.079598754266242,0.11154953751874093,212,1.030721554929888,0.10054871005005775,0.780234428984988
20261126,0.1,7.895221682801696,0.1439862074898205,212,1.470624108728187,0.13616109832130363,1.137426077235721
20261127,0.0,1.694721695065733,0.03621199583807831,212,0.07031486645988773,0.006518364069835075,-0.059576264908823194
20261127,0.02,2.11471139741178,0.04202731875568373,212,0.23510294149113975,0.03195432127086081,0.18491267705180273
20261127,0.03,2.602540885134601,0.05026769840814688,212,0.3360224834167712,0.045774994060249555,0.30691539942299373
20261127,0.05,3.956592735675596,0.07126727648104607,212,0.826561836124722,0.07133384264986604,0.5503826523778078
20261127,0.075,5.772927787374581,0.1006280774051893,212,1.130972095997903,0.10365581399159422,0.8535966580587393
20261127,0.1,7.357890449702465,0.12750596023234664,212,1.433712241097553,0.1359537191030567,1.155412307739691
20261128,0.0,1.9587607177200783,0.047674178061429304,212,0.026132993871985713,0.020441446349716123,0.07879431162344595
20261128,0.02,2.933886978896869,0.06696863811763164,212,0.21615552118524736,0.05153296766317928,0.27433281569919615
20261128,0.03,3.4812342113051944,0.07601498046026922,212,0.27825961886725653,0.06659484347733471,0.3721228662108597
20261128,0.05,4.806996430849731,0.09821787004645292,212,0.5936574315016727,0.09751226865696097,0.5677127409791436
20261128,0.075,6.4980325529226795,0.12768415274580328,212,0.9833882230448839,0.13385022816834483,0.8121527237590288
20261128,0.1,8.172388840025526,0.1572523328881934,212,1.163698401189229,0.17003508549144267,1.0564472374944858
20261129,0.0,0.8662461470665398,0.018642111601766365,212,-0.02408446653850539,-0.03551509925527819,-0.5264175053167905
20261129,0.02,0.0290678247007089,0.000663613498390128,212,-0.23783749143951793,-0.008497427473598832,-0.28366152561789454
20261129,0.03,-0.08735380751736249,-0.0020471657149411363,212,-0.3309064397858089,0.004973004858306226,-0.16239943855343858
20261129,0.05,0.34257693636289577,0.008114928026610081,212,-0.1612404426762554,0.03201525491770373,0.07984192306680758
20261129,0.075,1.7381966962127442,0.03813370992716637,212,0.27531154239114164,0.06588360956586568,0.3820091035823217
20261129,0.1,3.557439519256134,0.0731613400077012,212,0.6147833019545196,0.09939045871258981,0.683325516033525
20261130,0.0,0.3989854681218252,0.007962849933229014,212,0.07792121033308369,-0.00045674632759567336,-0.026590047300945302
20261130,0.02,0.9015887206859429,0.01783205253197224,212,0.27030066007959086,0.029825740010978298,0.26518228888948897
20261130,0.03,1.6991172100733525,0.03285501273974062,212,0.34650845369898964,0.04462032705494884,0.410755728359427
20261130,0.05,3.4440036521105255,0.0641272868039227,212,0.7570850751083831,0.07446091644204852,0.7011904196697557
20261130,0.075,5.785565931798049,0.10259689985990382,212,1.0290505349255146,0.1109606829484102,1.0627227808688036
20261130,0.1,8.053858567898532,0.13782525254180356,212,1.408349178268472,0.14713069089538666,1.4223332673342675
20261131,0.0,0.09940782864348817,0.002037436813344369,212,-0.020179570017013183,-2.3042135360770133e-05,0.009828507191195672
20261131,0.02,0.7946067318607736,0.016721421607583217,212,0.2935187531409052,0.02814827255671437,0.22184405619050665
20261131,0.03,1.5644398670118818,0.03167679155162668,212,0.2871193365438119,0.04231304123415725,0.32795934553532075
20261131,0.05,3.146014970228209,0.058473770881295115,212,0.39575438138489494,0.07035839225292687,0.5403771975830319
20261131,0.075,5.43266916162372,0.09616763204679704,212,0.8350398268843323,0.10617713564751471,0.8061930053307226
20261131,0.1,7.4114005230769155,0.1276170745295308,212,1.2821579992160073,0.13913046149812797,1.0722528826796267
20261132,0.0,1.7353733497540462,0.03958229217018,212,0.2078100233071446,-0.0036611392850998325,-0.2544044259276398
20261132,0.02,1.4613398893630898,0.034004559270516724,212,0.07011404441044845,0.025824601217444024,0.01283610826228044
20261132,0.03,1.6916558575028458,0.038044101622985604,212,-0.1546992480286644,0.03950702119466815,0.14663840616057702
20261132,0.05,2.8379499321137467,0.0591445530440197,212,0.00067042772175842,0.067502703610549,0.41453816025957224
20261132,0.075,4.542982796443545,0.08914131690412015,212,0.47512895395003074,0.1015246724944494,0.7498229589788589
20261132,0.1,6.166987870304909,0.11816826288925845,212,0.9717201319481396,0.13496853980452078,1.0853593632315115
20261133,0.0,0.9012028544450105,0.020350301903177978,212,-0.029023178462667793,-0.006510683358048162,0.031204178485139483
20261133,0.02,1.1570572048364418,0.024181952989947485,212,0.22139354136434902,0.02159099288049222,0.2725626301563476
20261133,0.03,1.8133254291195362,0.036091664686749854,212,0.2703286436222883,0.03516383470288958,0.3932617988289362
20261133,0.05,3.493360988295289,0.06552261611188033,212,0.5415003399081996,0.06273246954341753,0.6346550435148737
20261133,0.075,5.544875712413599,0.10230861714416799,212,0.9988396888615728,0.09724088350715637,0.9362942617415134
20261133,0.1,7.360507616430389,0.13487893150034,212,1.1957778683763647,0.13083887710041867,1.237688718621078
20261134,0.0,-0.3460546492895356,-0.006076979165813256,212,-0.24108848727996532,0.021636053056308835,0.261819198366772
20261134,0.02,1.4927735828236952,0.02800182698531038,212,0.20351199404908926,0.04838233968818359,0.48341332329469894
20261134,0.03,2.400236192672992,0.04608734300625107,212,0.4933201911309694,0.06190807314495448,0.594196537490454
20261134,0.05,4.033543887000562,0.07740262905643992,212,0.7765569873442921,0.09011779139596425,0.8156998491116194
20261134,0.075,5.974110700438226,0.11273441532373688,212,1.0485332619930563,0.12335888791486084,1.0923877038964875
20261134,0.1,7.90169283901088,0.14592891552445947,212,1.3731652640362015,0.15578019646236657,1.3687601741558648
20261135,0.0,0.9406575644323466,0.019516688650570622,212,0.026001676673557232,-0.009383781613809714,-0.26233804198869304
20261135,0.02,1.0693842385539862,0.022622768497202173,212,-0.06830549672832913,0.019584278914295546,-0.004250646225179565
20261135,0.03,1.2866493690674485,0.02689529244054105,212,-0.13968213706164503,0.034300522698039466,0.12497291030651683
20261135,0.05,2.3703622874326773,0.04708839577581334,212,0.24042874662545807,0.06327472779557428,0.3837028772960294
20261135,0.075,4.062222308166829,0.07751681563833883,212,0.27968917778199753,0.09744519044068854,0.707485827976457
20261135,0.1,5.747225836207826,0.10706758616734528,212,0.6438095856227758,0.13135809321721464,1.0314529048237682
20261136,0.0,0.5623459891428727,0.013659377841863357,212,0.03853703382066729,-0.011597874798253301,-0.04208999705248962
20261136,0.02,0.46284163333163575,0.010365888627630904,212,-0.12031670990695706,0.016166874216567404,0.22071891523519915
20261136,0.03,0.8073655724421228,0.01722271606354304,212,0.05954018790916035,0.028827759526130807,0.3517670149262812
20261136,0.05,2.480326790613162,0.048066406410014834,212,0.639801741191929,0.05544091382036556,0.6130854917671785
20261136,0.075,4.497893402790007,0.08422617340794207,212,0.9854966906428332,0.08835225177987695,0.9381442869739467
20261136,0.1,6.505478002585081,0.11774582374097775,212,1.3202486990659017,0.1217428661548923,1.2612566945145867
20261137,0.0,2.1120469598266367,0.04850932745639404,212,0.3922399917864067,-0.024195778271163947,-0.5594665923076698
20261137,0.02,1.8006108545959205,0.04432026724780639,212,0.44818565309652875,0.004169602405394105,-0.3126052308543557
20261137,0.03,2.0373020644667643,0.049434085155539535,212,0.5522497616820965,0.01935692984540263,-0.18921272069327483
20261137,0.05,2.9978047423282512,0.06832146748703496,212,0.553059063844021,0.04862453813319788,0.05744522800352418
20261137,0.075,4.688672526791137,0.09952410309768227,212,0.7762022288263153,0.08435981779303452,0.36542520957939045
20261137,0.1,6.462853083960246,0.1312029428391188,212,0.9980715314489536,0.12082783735734356,0.6728782379343017
20261138,0.0,1.8127721186354053,0.037111663212053184,212,0.3486712080588477,-0.0295676680949377,-0.4215269743619406
20261138,0.02,1.274385825315449,0.02683128650898336,212,0.21653571441412273,-0.0010005407221098043,-0.1834093900038659
20261138,0.03,1.432206093871968,0.03069929296487764,212,0.32692570652354186,0.013298896435330455,-0.06430044604146012
20261138,0.05,2.5026332518722176,0.052140767989251095,212,0.4366300980424574,0.04324343145527982,0.17395420934595213
20261138,0.075,4.219748384170253,0.08246729040873677,212,0.7009893565566305,0.07849841060470757,0.47171029990587676
20261138,0.1,6.2977251711074835,0.11837666620241033,212,0.9630773987383249,0.11270983704601872,0.7692119660117508
20261139,0.0,-0.011077554330543643,-0.00023707797048968192,212,-0.20343151324450265,0.008660258563481588,-0.1628660894520792
20261139,0.02,1.4498397888800492,0.02963730654847247,212,0.0028846353911314844,0.03678036851031058,0.10914759423300936
20261139,0.03,2.4325613706055647,0.047188757076495794,212,0.20713273866339307,0.05094052876068131,0.24490028457106797
20261139,0.05,4.393488129107604,0.07973756543966443,212,0.5349491479112329,0.07922142160758322,0.5158204088427959
20261139,0.075,6.547899717136685,0.11570224235820381,212,0.9750343439641064,0.1145639608713819,0.8532170400268989
20261139,0.1,8.240728029178939,0.14469590525893217,212,1.2883425950077745,0.14622743918924452,1.189004328947375
20261140,0.0,0.7727068499930269,0.014969195225259921,212,0.24065063663174893,-0.004017012264560582,0.020062601274156346
20261140,0.02,0.49287967432096325,0.010139563653642911,212,0.19830773942204946,0.023731863279233816,0.22649825644615518
20261140,0.03,1.0753748001534689,0.02213427522755389,212,0.24506061795243525,0.03764060823044593,0.32971942660923076
20261140,0.05,2.5765475410849987,0.0508795951138384,212,0.48150706328292303,0.06482367133927035,0.5361287825630249
20261140,0.075,4.450260624399238,0.08513505763606125,212,0.7268467189361546,0.09879494752537707,0.793996879658918
20261140,0.1,6.326878808831891,0.11670995174464809,212,0.9046582306602398,0.13267200698023085,1.0515900918759813
20261141,0.0,2.707504342059608,0.06988628450175735,212,0.03891618189141994,0.011813446775739598,-0.20936695759040488
20261141,0.02,2.9662513039216356,0.0770068163756872,212,0.16799438945839545,0.04007027339237582,0.06137982191192428
20261141,0.03,3.1580928129387487,0.08098132870169344,212,0.25283375753747067,0.05478395693885744,0.1963296749858643
20261141,0.05,3.9660795293635984,0.09709136565103761,212,0.5010330377459109,0.0829629523427195,0.46532994614550244
20261141,0.075,5.660333723694325,0.1287993920972644,212,1.129103588531842,0.11893428587814088,0.7997886701386745
20261141,0.1,7.51404144120302,0.16089862279717182,212,1.4499384637874848,0.15333619397176776,1.1321124095418542
20261142,0.0,2.235360755447318,0.04208159578564465,212,0.19096210991335283,0.029412517716841852,0.15393558738525576
20261142,0.02,3.7594313139179083,0.06576686274670446,212,0.5368277520394296,0.05777841044085238,0.40121251868546937
20261142,0.03,4.465338678811495,0.07778615259833359,212,0.6825381811497895,0.07091345169139515,0.5249155598494302
20261142,0.05,5.866109124523437,0.10427334321926279,212,0.8177946087174012,0.09860958634758599,0.772390119684937
20261142,0.075,7.502125365299391,0.13558760517454674,212,1.131754306532678,0.1314512858535626,1.081736229099446
20261142,0.1,9.082850335109786,0.16622954882474866,212,1.5060713705428095,0.16495813500028675,1.3909079424020925
20261143,0.0,1.7172895730668998,0.03752590960109455,212,0.25956344109332885,0.0011208718734382528,-0.15537290325355071
20261143,0.02,1.38582324754851,0.03128405115558869,212,0.1605175865647536,0.02619173924085893,0.07876175642240271
20261143,0.03,1.4978794308787524,0.03383507156375196,212,0.4043910670665501,0.03907382904988571,0.19570734736530981
20261143,0.05,2.322163859854743,0.05107263700341639,212,0.42154007598807003,0.06389072088088546,0.4293143794132759
20261143,0.075,3.9851581780551992,0.08209093553117755,212,0.6647886736938751,0.09544922947099355,0.7207072577031489
20261143,0.1,5.568838180038023,0.11090538182354434,212,0.972204440493553,0.12599183591541796,1.011299527201737
20261144,0.0,1.533630578904009,0.03154980378341622,212,0.0999299720272742,-0.023846049861132732,-0.39126336227917596
20261144,0.02,0.5826679361417373,0.01315654724354616,212,-0.044550253620366166,0.001769635995706998,-0.15444080965798804
20261144,0.03,0.6980704267544497,0.01575928444440803,212,0.082005248356433,0.014702418502527462,-0.03622993403128339
20261144,0.05,1.8036686145311303,0.039456840544326924,212,0.1671658429037743,0.04119421755052885,0.19972813706137857
20261144,0.075,3.3181155859993567,0.06898047255835292,212,0.36633752171713646,0.07341582759157457,0.49367858481250826
20261144,0.1,4.897587392302968,0.09867461637404863,212,0.6242163915470018,0.104962559090276,0.7863437471129356
20261145,0.0,2.05167382748801,0.04425267698408147,212,0.07711177724481855,0.006126647768702023,-0.08338858989778097
20261145,0.02,2.7050102251501253,0.05674561072923751,212,0.09603267225902133,0.03439422738183993,0.16293614757014765
20261145,0.03,3.1430617003077015,0.06407966639084377,212,0.17793347199785411,0.04767622625123916,0.285960712359187
20261145,0.05,4.1603095333088405,0.08016000458794517,212,0.3991284611578133,0.0754112765138171,0.531684340404793
20261145,0.075,5.9004439512111775,0.1096355041414398,212,0.6966412185369959,0.11002056382569085,0.8381266515538041
20261145,0.1,7.47437660646224,0.13532390073652906,212,0.9970814229226849,0.1445079838438788,1.1436352183046619
20261146,0.0,0.5430057295815035,0.01258612638150403,212,-0.21314706017861718,0.015716272458401265,0.06072071963916161
20261146,0.02,1.8078269833240868,0.03789202352960454,212,-0.06868255664492737,0.046448848507688906,0.27083139261750466
20261146,0.03,2.77469617147929,0.05475425818661467,212,0.08938052667079026,0.06105807437386838,0.375843873622996
20261146,0.05,4.6511710910941195,0.08383906553388115,212,0.5259079872892232,0.09103077200370314,0.5857380987486295
20261146,0.075,6.9126898342060965,0.11770178766006605,212,1.0035167764357673,0.12651770864909595,0.8477682700100555
20261146,0.1,9.063617523981867,0.14993415069761343,212,1.4599688680642247,0.16347422148305327,1.1092933478075282
20261147,0.0,2.320387445080909,0.04399818940020809,212,0.2970758722414838,0.03346025282855013,0.3169427974291006
20261147,0.02,3.5740585567803724,0.06698143930394317,212,0.541090587288,0.06265668652045323,0.5624454745885215
20261147,0.03,4.227566049998017,0.07881178364561399,212,0.5594640864717073,0.07744461694754176,0.6853761048907134
20261147,0.05,5.6443314055894565,0.10306337508909626,212,0.9639618740590693,0.10535325129650414,0.9315382478411964
20261147,0.075,7.420574760627683,0.13450820914475783,212,1.5651771360838762,0.14242907118688503,1.2396848581089273
20261147,0.1,9.246595191767417,0.16709644516176603,212,1.9480131039383457,0.1784260070949295,1.548153195601748
20261148,0.0,1.8664540798665703,0.04608273457917893,212,0.20138890350019684,0.017281601520576114,0.048696570591247795
20261148,0.02,2.571142129325827,0.0594292514275883,212,0.2504547625410011,0.046743275792854276,0.29844329700586514
20261148,0.03,3.1349182659575994,0.07005935654068936,212,0.3553311762807981,0.0604205752955538,0.4230287230308154
20261148,0.05,4.448649282266743,0.0944133574746639,212,0.6206345978582387,0.08821451101516478,0.6715749659615434
20261148,0.075,6.1206419227948965,0.12428466970891126,212,1.0338300298810794,0.12239572665678075,0.9809880065335796
20261148,0.1,7.69835065387732,0.15323583267108531,212,1.3621871481092267,0.15598399134844626,1.2888537826226771
20261149,0.0,0.5181218656645357,0.012420223006906492,212,0.13062584067985364,0.014846303836669147,0.1708869119058485
20261149,0.02,1.2332923419152226,0.0269797802701972,212,0.3513585420049753,0.04391574976036179,0.4194401319222983
20261149,0.03,1.8902299348144853,0.039836267706600904,212,0.5134026782780732,0.05879892101360818,0.5435928392389925
20261149,0.05,3.4552703020280218,0.06852475032566219,212,0.7305733068383469,0.08777210201623804,0.7915923801824751
20261149,0.075,5.4935337577663965,0.10414737954595729,212,1.1284950696272256,0.12306138834498069,1.1008995547505283
20261149,0.1,7.455742869263871,0.13804696908871938,212,1.4767738348255512,0.15820678933958168,1.4092715031315464
20261150,0.0,0.49939382589502634,0.010813930148534729,212,0.08054211686916833,-0.025676107456230182,-0.12998978019773977
20261150,0.02,0.4186349298062449,0.009198420436018644,212,0.13581110439494679,0.005169631080051452,0.09642476268099627
20261150,0.03,0.9023930215635994,0.018978526778033574,212,0.16524873203333168,0.021136294742706393,0.20950800272463851
20261150,0.05,2.5186168627657084,0.049519597080100605,212,0.4324062281755645,0.0506041135844141,0.4353859263740994
20261150,0.075,4.748870125641881,0.08900869661393261,212,0.8579919932433476,0.08819505321197126,0.7171095577449016
20261150,0.1,6.802317170892577,0.12538915606387074,212,1.3562212698286313,0.1245555428112634,0.998024465688537
20261151,0.0,1.6095020536337978,0.035856122858617556,212,0.009122557294211789,-0.003698006701677056,-0.09883422570589494
20261151,0.02,2.3039274376735968,0.04992821094716491,212,0.209544071331195,0.024730867858986226,0.10524149820049097
20261151,0.03,2.7758527136753335,0.05786494646031838,212,0.37450086357607376,0.038881811255212645,0.20741107642604673
20261151,0.05,4.047878754819005,0.07918762647572077,212,0.49588582148007193,0.06694662007717578,0.4119846453260236
20261151,0.075,5.805074143780656,0.10848698170556863,212,0.8022672217827538,0.101855967196192,0.6680807434679658
20261151,0.1,7.659010111882712,0.14041467650890144,212,1.2406460898376002,0.1359660082419158,0.9245120019795796
20261152,0.0,2.273396998567701,0.05047507762639379,212,0.20381426053094603,-0.010725857986711341,-0.42632808261675154
20261152,0.02,2.341775485723292,0.05413263257932639,212,0.08507721097448512,0.015177086490959293,-0.14782999368085362
20261152,0.03,2.5267726938387667,0.05867858986227972,212,0.11652349923094708,0.02802742935793346,-0.008741159553843542
20261152,0.05,3.276095873130432,0.0744383863541402,212,0.2527402253548641,0.053924741313627005,0.2690592650550138
20261152,0.075,4.504843163277721,0.09612052368117059,212,0.438601548340031,0.0876625238614113,0.6154864751968928
20261152,0.1,6.147182892558196,0.12406500135180527,212,0.8593769437912464,0.1198354893944732,0.9608369388137742
20261153,0.0,1.9353122237668017,0.04824203868620914,212,0.005113881433842482,0.008025319722429317,-0.05763490386801413
20261153,0.02,2.625641024524293,0.06305454739101583,212,0.3392536598526316,0.03837642041963313,0.18410102908166046
20261153,0.03,3.0836133205606036,0.0714715834145782,212,0.373477508841628,0.05338350715637519,0.30478333450862055
20261153,0.05,4.3871909094517,0.09407745434584913,212,0.6871429068045904,0.08295988005800474,0.5457177497943249
20261153,0.075,5.768525223406644,0.11933829131813303,212,0.9785960469891666,0.11841814204605967,0.8459593161262688
20261153,0.1,7.1961201223829345,0.1468746671691559,212,1.2263910754667218,0.15392812082681329,1.1450047358961128
20261154,0.0,2.3754086739939093,0.05707588133607519,212,0.330360781315549,-0.003805536666693973,-0.35746186868149643
20261154,0.02,2.514556723247958,0.060521960691141165,212,0.3191644130227732,0.02381942339360473,-0.09989628795290377
20261154,0.03,2.7049138240465793,0.06421177463357884,212,0.2789421811635348,0.03737024717554625,0.028535707732007615
20261154,0.05,3.4855048710912535,0.07750555059438469,212,0.5060962905926821,0.06404535921152885,0.28463993122397696
20261154,0.075,5.045993935903669,0.10544900417011445,212,0.7824283595496417,0.09753172646015452,0.6032284074137882
20261154,0.1,6.566294053395032,0.13201300190891288,212,1.045107865418196,0.12898680146486535,0.9199423811216774
20261155,0.0,1.6430077005885049,0.033037813680269375,212,0.07278557395776157,0.04493421214330774,0.17769522130131568
20261155,0.02,3.3691783338520755,0.06597219377514153,212,0.3985871560577147,0.07121863197306222,0.4431149232070811
20261155,0.03,4.112304024677276,0.08035407057242809,212,0.5677861994185575,0.08420313127258129,0.575782944289201
20261155,0.05,5.486991964324373,0.10733129060536299,212,0.8416712904444323,0.1101731539665244,0.8409761229062565
20261155,0.075,7.287369180166591,0.14278033573927362,212,1.211087284128453,0.14364723207629096,1.1720780335937395
20261155,0.1,9.061345721365198,0.17723242448324172,212,1.5242448912256408,0.17728158103867803,1.5025759354190846
20261156,0.0,-1.6012623681150322,-0.0355401895804488,212,-0.25646523100667973,-0.007399597735521346,-0.021137480745766726
20261156,0.02,-0.868416790049898,-0.017346631547038728,212,-0.3227428790269467,0.02392644131116919,0.1920922577254431
20261156,0.03,0.5096095050893876,0.009358691288639106,212,-0.1431096028400125,0.039840364086220596,0.29871103704924545
20261156,0.05,2.8860478967679137,0.051738810739068816,212,0.3942182842730897,0.07001839274449241,0.5119020860515443
20261156,0.075,5.143044512246421,0.09279887185705273,212,0.8483073525349778,0.10864520436837921,0.7781917704120022
20261156,0.1,7.215220807538315,0.13015939013100222,212,1.216301945969469,0.14702418502527465,1.0441024540313883
20261157,0.0,2.158358397440121,0.05101784792600301,212,0.15843964107772307,-0.02592547456557894,-0.3017160367628302
20261157,0.02,2.042664487266796,0.04890667627950418,212,0.06979311673053953,0.0036841814204605985,-0.06466072021699823
20261157,0.03,2.3015221635810312,0.05274549603060815,212,0.1034869632827376,0.01942042372950786,0.05407016400230542
20261157,0.05,3.240378978509204,0.06580680244799646,212,0.3056459900055088,0.04823589411677959,0.29188597993390736
20261157,0.075,4.9714775505795785,0.09231396291957168,212,0.4351923013293936,0.08530147305811123,0.5897102776568555
20261157,0.1,6.668091928179229,0.11918826141456179,212,0.7998542730796938,0.12028404296282943,0.887994552369183
20261158,0.0,2.288708921529353,0.05948352845754921,212,0.1577660056916318,-0.004661680007209632,-0.14115841836247825
20261158,0.02,2.7136641133284782,0.06819960019334913,212,0.17186797182787555,0.023696532005013975,0.0760385501715314
20261158,0.03,3.024367519120859,0.07304817752070719,212,0.2558386595554566,0.03762012633234747,0.18460793666744618
20261158,0.05,4.202746379054761,0.09406618930189498,212,0.5222001500722522,0.06578120007537339,0.40164508432842655
20261158,0.075,5.99163605320071,0.12611523935146116,212,0.8299448824437179,0.10072536642115698,0.6726616956145619
20261158,0.1,7.5736514848523795,0.1538687233223277,212,1.200304935837721,0.13445290801989201,0.9432417936714422
20261159,0.0,0.579617542089132,0.011942482733759899,212,0.08453446324777322,-0.01988843510105769,-0.14387121186604246
20261159,0.02,0.19914841730322702,0.0041450241276759624,212,0.02143376488309582,0.008938812377620656,0.10050069437368211
20261159,0.03,0.5422445231884018,0.011124742952178862,212,-0.018600231015199708,0.02357927313840028,0.22270653684388148
20261159,0.05,1.9802296316145984,0.03770717439926593,212,0.15549203015543367,0.05319660983622674,0.4670997950914255
20261159,0.075,4.269842281009472,0.07810720635102697,212,0.644430126203526,0.08956734038456812,0.7724368087405022
20261159,0.1,6.3164259382318795,0.1145701054408114,212,1.1041387311555455,0.12536099345398538,1.0774327627206532
20261160,0.0,0.9635537526105359,0.021957106809002206,212,-0.02029666304153147,-0.007412910969285348,-0.02683140913864433
20261160,0.02,1.303264853500108,0.028797036678983118,212,0.021385586665323524,0.022201865491278804,0.17074091020090235
20261160,0.03,1.7971312750566397,0.03783877059454852,212,0.18542981689228882,0.03611982729663523,0.26960380507268233
20261160,0.05,3.4282556585273825,0.06423072038931991,212,0.3123331154007433,0.06476171359752252,0.46745327890426636
20261160,0.075,5.610089608322471,0.09817332191808878,212,1.0335061215853163,0.10165422049992216,0.7149352892721874
20261160,0.1,7.223013406960154,0.12613111282248748,212,1.2410778881675137,0.13593630948967303,0.9625187110033647
20261161,0.0,1.7763787670601268,0.03776964418846623,212,-0.2297218041405119,0.013996817113035496,-0.10256955906684384
20261161,0.02,2.3077521557816354,0.047516979493523626,212,-0.003596362345771363,0.04327876272949966,0.11845994955415236
20261161,0.03,2.836159998975169,0.056633472337148424,212,0.04880378504067799,0.05713323065075086,0.22896732264496084
20261161,0.05,4.337629354959409,0.08357484904841102,212,0.5412941288021833,0.0838134631612581,0.44992888265966596
20261161,0.075,5.967612257860351,0.11286037899704245,212,0.7105022566793,0.11743501093733359,0.7259519864022029
20261161,0.1,7.738600696073372,0.1438704847655642,212,0.9443360553667152,0.15095875764998898,1.0016648283328278
20261162,0.0,0.8116477018428303,0.018215064026413458,212,-0.08420810569511868,-0.0397312979788463,-0.18542191814237408
20261162,0.02,0.24493527792210967,0.005715985711827885,212,-0.2454994001337719,-0.0098881483544843,0.029437130160489152
20261162,0.03,0.5085141667001626,0.011632694025020679,212,0.01422324969914795,0.004935113346824077,0.13692470970686701
20261162,0.05,1.5175000572678774,0.031226701840912998,212,0.2530845956439967,0.035608291891626176,0.35197736387221773
20261162,0.075,3.657052577350178,0.0685631538845968,212,0.5993032425909093,0.07179878173670111,0.6208586158388342
20261162,0.1,5.910542003403251,0.10543825117361277,212,0.8984586639789066,0.10864878870054646,0.8896994508443725
20261163,0.0,-2.012107727300493,-0.03958741264470461,212,-0.3776925725061707,-0.005680142390155582,-0.36272139712910817
20261163,0.02,-0.7723980046907735,-0.014883171253246383,212,-0.25902970352939114,0.02284909347119016,-0.12525853853685004
20261163,0.03,0.380564757616546,0.007338152041225966,212,-0.17818200243510135,0.037554584258432396,-0.006653556965475511
20261163,0.05,2.458577386727057,0.04724661843862394,212,0.18513456399345213,0.06720674018302623,0.23024526881398502
20261163,0.075,4.6567508003750255,0.08811414971448236,212,0.44688814367777313,0.10343051311251117,0.5256664924383148
20261163,0.1,6.7762090001645205,0.12583310120515487,212,0.7682560367947007,0.14040392351239975,0.8201413193670524
20261164,0.0,2.930928219666652,0.07100459613793328,212,0.5312809455818712,-0.014082841085049027,-0.30620139241651506
20261164,0.02,2.8908123614037744,0.06929435764671185,212,0.30955553739940744,0.01124302591369748,-0.0815309361178331
20261164,0.03,3.104408388265843,0.07360170081681809,212,0.335551970484235,0.02424851915876748,0.0307152898592255
20261164,0.05,3.6672123969678516,0.08343915647350869,212,0.49957344998092507,0.05138447390196545,0.2549844212918904
20261164,0.075,4.84059618053475,0.1030387968113781,212,0.722125311367737,0.08416575180855161,0.5348093469014671
20261164,0.1,6.3237221425375845,0.1275494842658059,212,1.092679751413276,0.11565154966041015,0.8139360369631554
20261165,0.0,0.6181742004910987,0.013212872463316924,212,-0.05374595970388788,0.021574607362013446,-0.16928884770892622
20261165,0.02,1.833054499918961,0.03879885956791388,212,0.08960488589328376,0.05196359957069942,0.10015118494737672
20261165,0.03,2.6329131825655985,0.05413160848442148,212,0.4371926795837531,0.06625842830106753,0.23483614177116888
20261165,0.05,4.420546565785193,0.08715713302583178,212,0.6847302458618167,0.09536935006840955,0.504079245300133
20261165,0.075,6.3327049782078255,0.12267632866072965,212,1.0961921139750876,0.12972056546424268,0.8402788199952526
20261165,0.1,8.23578291349093,0.15555796786799825,212,1.2980901860222926,0.16453774404181584,1.175920787857341
20261166,0.0,1.4343586513630417,0.03557449675976373,212,-0.10020442738697165,0.024254151680744563,-0.016399739506315392
20261166,0.02,2.433557690964718,0.05742509769865394,212,0.1987382453568069,0.055129588969268964,0.23505761455469334
20261166,0.03,3.0805562265081163,0.07082742771938161,212,0.32086810559389667,0.07033739830737595,0.36069604242070497
20261166,0.05,4.562152557959006,0.10254108668758552,212,0.6561152624842018,0.10024404181584316,0.6117260371587941
20261166,0.075,6.2317929048117255,0.1374504338066017,212,1.0415694844413304,0.1360607370206212,0.9249147378487941
20261166,0.1,7.68699174856613,0.16746716751734814,212,1.37386552334713,0.169751411202779,1.2372477145929592
20261167,0.0,1.6146187635490177,0.04017626721503536,212,0.014318779088452449,-0.02655836521682137,-0.384890822814243
20261167,0.02,1.4339479049280743,0.036718922816015215,212,-0.12137997344008954,0.0021925871914402046,-0.1377811938290787
20261167,0.03,1.5680959324216102,0.039605334305540765,212,0.03670479503613394,0.015504796860534659,-0.014138949755697017
20261167,0.05,2.408453972958183,0.053989771340089615,212,0.015869415985867295,0.04448668266985638,0.23326704672007822
20261167,0.075,3.9663482046492606,0.07929566848819014,212,0.4585127118687972,0.08072632907036761,0.5426419387604228
20261167,0.1,5.845869920514838,0.11081833375662589,212,0.8409829547219856,0.11661675910830009,0.8519907783379493
20261168,0.0,1.5823873174580207,0.03692988636642935,212,0.11673716027989792,-0.020832138555944256,-0.1225884195925932
20261168,0.02,1.6210501892146658,0.03716235590984688,212,0.3621395438109767,0.007096977691116592,0.1349680945386983
20261168,0.03,1.931512230266641,0.0413770184910576,212,0.38936686654005026,0.02055460883671012,0.2634444067948219
20261168,0.05,2.980067533817722,0.05549928722994618,212,0.5241224959541333,0.04811914729761835,0.5197312903552652
20261168,0.075,4.498248748731717,0.07820859174661435,212,0.7518095419161601,0.08186512260464203,0.8387165573219465
20261168,0.1,6.282784049850695,0.10549867277300322,212,1.1001455423273052,0.1161682055399438,1.1560030860416348
20261169,0.0,1.0329812122521378,0.023292014517569373,212,-0.1273051772581925,-0.0023001171564571224,-0.05412082853860503
20261169,0.02,1.3277338905077352,0.029236885440647557,212,-0.014327785991957389,0.02693932852145274,0.1815820090787528
20261169,0.03,1.9593571442100803,0.04245436633103664,212,0.09715314782842857,0.041548042340179746,0.2993817206448179
20261169,0.05,3.3538313441813106,0.07091601192865744,212,0.36158860303294066,0.07017149493277841,0.5348278323419119
20261169,0.075,5.005335382127872,0.10498048075111217,212,0.8576511395062876,0.10439930689256834,0.8287455693802157
20261169,0.1,6.619226320045942,0.13855952858863335,212,1.073567514372744,0.13946329234222793,1.122086161305781
20261170,0.0,1.0261736451081631,0.023088731678942154,212,-0.23313218586851753,-0.010720225464734267,-0.016160880212440297
20261170,0.02,1.7577954892272767,0.03724018712262103,212,0.013002490882249116,0.018707141628228965,0.19942919081786548
20261170,0.03,2.3531611334937224,0.04751185901899901,212,0.17444645858765262,0.03368862599234796,0.30720758589836245
20261170,0.05,3.7639718179251163,0.07190733579662295,212,0.5476059649294133,0.0630069269779369,0.5226960999331501
20261170,0.075,5.692265765942889,0.10517249854578521,212,0.8782507671959949,0.09940018761418659,0.7918566977631072
20261170,0.1,7.7019933035712,0.13867729950269952,212,1.1167742187502607,0.13620462235476286,1.0606935264546267
20261171,0.0,3.19544815883327,0.06797993183624314,212,0.5829955856132766,-0.003078429284198625,-0.4571623937058273
20261171,0.02,3.3093139088928356,0.07096414438918883,212,0.46325809009450325,0.022588461317887252,-0.19959238285462147
20261171,0.03,3.47965762400414,0.07439486232068097,212,0.5095389602715591,0.035289798376195114,-0.07086493596269573
20261171,0.05,4.018630765228107,0.08422873364520438,212,0.7387740129486774,0.05984400986408212,0.18641806507964614
20261171,0.075,5.369836114362401,0.10828933138891848,212,0.8965518566881021,0.09232983639059798,0.5075830242843209
20261171,0.1,6.919663792690196,0.13603411055309317,212,1.1001180945881854,0.12364870677295407,0.8280969000348141
20261172,0.0,-1.0946991597257214,-0.02175945649235206,212,-0.2100808711647224,0.0017814130871136047,-0.004426707499732704
20261172,0.02,0.7873690325894495,0.014551876551503785,212,0.16198335555373883,0.03069212430054319,0.28359392706393843
20261172,0.03,1.7377605186025276,0.03173158062904005,212,0.19551335687610855,0.0450837299994265,0.4274175620948254
20261172,0.05,3.5056199178222744,0.06412882294628006,212,0.49701713023393446,0.07246546751980601,0.7146286286337249
20261172,0.075,5.638108280659718,0.10133828722175342,212,1.0524910078001302,0.1071525860444539,1.0726964046953655
20261172,0.1,7.519200478659234,0.13438787799342938,212,1.357480756339014,0.14112335018310815,1.4295342070338124
20261173,0.0,1.6975192596715296,0.038303197633931134,212,0.04049443579405645,-0.023565959904636287,-0.39113302921284177
20261173,0.02,1.3601136140869632,0.03204136933777928,212,0.19500927440612462,0.0026145142922684985,-0.13730284526278008
20261173,0.03,1.6315594129392008,0.03782136098116485,212,0.15897972065401642,0.015855037318018333,-0.010655954694071346
20261173,0.05,2.592171802092521,0.05568874478735693,212,0.6290460396212877,0.04380309932082026,0.24203114708394308
20261173,0.075,4.234545662969302,0.08210476081239401,212,0.8161623420052909,0.07778256826616636,0.5566102153908976
20261173,0.1,5.873666607269906,0.10799541615120556,212,1.0536931005063568,0.11192179601668047,0.8695704773407565
20261174,0.0,0.6134305529648816,0.013669618790912594,212,-0.013416832772468827,0.0014301485347250076,-0.02001402148096954
20261174,0.02,2.067303836289849,0.03822741461096683,212,-0.046177243833773626,0.03384275227553887,0.1494025465144851
20261174,0.03,2.8456844058677593,0.05050016795156441,212,0.007766584823902466,0.05025387312693042,0.2341118349359157
20261174,0.05,4.488769688631874,0.08076882900892193,212,0.3559952924702945,0.08237051344022153,0.4035086799161265
20261174,0.075,6.234290871388163,0.1160668201443564,212,0.538602403524671,0.12170241440614785,0.615165059131269
20261174,0.1,8.238104602143183,0.1550899564964484,212,0.7837830332129021,0.16105991774469725,0.8266527345441291
20261175,0.0,3.2528400362140157,0.07812615210676804,212,0.4757804601600969,0.021651414479882683,0.16429605728886382
20261175,0.02,3.595782801574059,0.0852221057029797,212,0.416749857253422,0.05152272671413004,0.41075532398809095
20261175,0.03,3.957683498824057,0.09118285009708418,212,0.530329903569144,0.06676945165862411,0.5337964514537912
20261175,0.05,4.953995802168201,0.10766924192398758,212,0.7723470177386704,0.09763464799809929,0.7794525500917381
20261175,0.075,6.491475323384715,0.1335844755405173,212,1.3288004997066325,0.13522353943584658,1.0856235401052883
20261175,0.1,8.196083219337506,0.16220895222802087,212,1.6916040167617294,0.17190610688273705,1.3906560801683219
20261176,0.0,0.4216427087832262,0.008767788528498514,212,-0.16227654277832987,-0.015086454091873602,-0.35719375832319344
20261176,0.02,-0.13305305953644345,-0.002933007807699554,212,-0.3974097554979586,0.014050582095543959,-0.12330227344765321
20261176,0.03,0.19304540678277046,0.004233096289499342,212,-0.16909657968950786,0.028362820439295753,-0.006321204400714714
20261176,0.05,1.883487453816109,0.03909431094798417,212,0.18360218806502557,0.05732780868268624,0.22767168350772501
20261176,0.075,4.1061560155342525,0.08090247339401437,212,0.5203288333274403,0.09279938390450519,0.5201380732072515
20261176,0.1,6.0638464287463485,0.11743040251026142,212,0.8056217519207355,0.1275981287737897,0.8124605499964326
20261177,0.0,2.1240728258041233,0.048591255048787876,212,0.3682083398615008,0.0060764671183607885,-0.16766123013127981
20261177,0.02,2.3441910908589745,0.05185197322606282,212,0.15406471044312947,0.0333035663080969,0.09635627012710117
20261177,0.03,2.677753583192688,0.05715217640649194,212,0.2431014610032047,0.04712423909748564,0.2282826221955351
20261177,0.05,3.9441911413946262,0.07915024701169106,212,0.40734144457651567,0.07502468068720865,0.49188910580343703
20261177,0.075,5.8313234640869585,0.11108408638445343,212,0.8304754657886396,0.10821662065066893,0.8207687362383532
20261177,0.1,7.7645513153099515,0.14102554911968804,212,1.2242074164761458,0.14082329037596572,1.1487164408031934
20261178,0.0,-0.39736280388494755,-0.008708903071465442,212,-0.2872005743034508,-0.006165051327636636,-0.17453546219422314
20261178,0.02,-0.266323376915087,-0.005530112486584356,212,-0.312978542568338,0.0214302099804193,0.07377845142623747
20261178,0.03,0.5868481018216561,0.011757121555968834,212,-0.09160215892321572,0.03522272015992266,0.19794168157600014
20261178,0.05,2.380797727123787,0.046708456566086895,212,0.16466452207283613,0.06257885530767908,0.44622130879255545
20261178,0.075,4.485292159085293,0.08527484659058324,212,0.4194157631536748,0.09769916597710944,0.7563607091372322
20261178,0.1,6.354220296723429,0.11902491827722658,212,0.7950023871413593,0.13024439000811083,1.066094202512265
20261179,0.0,2.750444418307417,0.06436743705912713,212,0.3664704121543471,0.0225265035761394,-0.01955990096428675
20261179,0.02,3.1676881625387963,0.07098052990766761,212,0.4632043136750649,0.054000012289138866,0.21299624312169632
20261179,0.03,3.6478792810356815,0.07865663326751818,212,0.517212817476253,0.0684899310988948,0.3295424554752205
20261179,0.05,4.901079436726373,0.09873606206834398,212,0.6320749107554055,0.09976374130543426,0.5631089241915399
20261179,0.075,6.695070377735543,0.1324149591590952,212,0.8942445666074538,0.1355522739003269,0.8558254106632743
20261179,0.1,8.470176743722444,0.165320152549177,212,1.1998805105676007,0.17305002089153604,1.1491973732197107
20261180,0.0,1.480504029299763,0.03646699546940414,212,0.13237325304753317,0.008465680531546222,0.1458272924481979
20261180,0.02,1.9717176409394883,0.04515490459531866,212,0.2801522820457284,0.0371633800047518,0.37241754338915384
20261180,0.03,2.5889649576135887,0.05642814130871136,212,0.42424267284170813,0.05112588993847237,0.4856956361629131
20261180,0.05,4.0478923549277885,0.08096084680359499,212,0.7625979748356047,0.07988401101106841,0.7121800459797437
20261180,0.075,5.985932555657573,0.11375646203885009,212,1.0506936230650659,0.11500739396521356,0.9950733491512513
20261180,0.1,7.664522546770831,0.1438663883859445,212,1.4402858158336163,0.15006318665563376,1.2776214540544704
20261181,0.0,1.6731218546792046,0.034879136319320984,212,0.13445008682892204,0.03422883605469487,0.2585992565312058
20261181,0.02,3.1228751526104146,0.06298337279512367,212,0.33139910756333074,0.06472689437075513,0.4490553339991154
20261181,0.03,3.7719186884259583,0.07602931778893814,212,0.4766721923859268,0.07986916163494703,0.5442484868668009
20261181,0.05,5.365422547935385,0.10818026528154416,212,0.7638563786663825,0.11138261004923848,0.7345389878654218
20261181,0.075,7.173839500749186,0.14576506033967182,212,1.09891975132121,0.14890954374523793,0.9721689610884554
20261181,0.1,8.785523196958483,0.17949823446038393,212,1.500836037426868,0.18535196093692394,1.2094645362681717
20261182,0.0,2.5945675396229975,0.06056036425007578,212,0.2551566127188611,0.000452649947975977,0.12872901938751016
20261182,0.02,2.990835634435539,0.06786267296962945,212,0.35111109208143804,0.02666487108693337,0.34534009299741736
20261182,0.03,3.3451493902836216,0.07402670020236116,212,0.4308284158205203,0.04007539386690044,0.45360030379472904
20261182,0.05,4.194009408482938,0.087014271786595,212,0.6844409380076721,0.06647041594638659,0.6699941290527649
20261182,0.075,5.369396156292382,0.10426259022276112,212,0.7026240171136311,0.09933669373008136,0.9401751983873327
20261182,0.1,6.861488378189937,0.12842457336206262,212,0.9920974455153477,0.13334330119040794,1.2099066266920557
20261183,0.0,3.1401830883261206,0.07455462112584897,212,0.48876969372386675,0.011638838594450224,-0.21586594787364888
20261183,0.02,3.3251056479943406,0.07982205326932058,212,0.3384658248153351,0.04128638609197191,0.04444930134643118
20261183,0.03,3.521475703865187,0.08298701857298518,212,0.32732283950857693,0.055794738610016464,0.17448853784511006
20261183,0.05,4.3489301268006635,0.09796082222531727,212,0.41577708348546666,0.0848124677410105,0.4342717184657405
20261183,0.075,5.808038162797693,0.12522171654691583,212,0.7762078386108215,0.12021645269910455,0.7583273443678251
20261183,0.1,7.552457351235527,0.15553594982754243,212,1.2050364034340681,0.1542788733317494,1.081467387399824
20261184,0.0,1.19369683557894,0.029724354615390917,212,0.28802774232050476,0.002640116664891572,0.03875817922209735
20261184,0.02,1.6203586620987025,0.03724684373950303,212,0.3991474185856259,0.03027787791150181,0.23869699585111329
20261184,0.03,2.273023801558639,0.05006287942716227,212,0.45726816738141385,0.044197375859215626,0.33867837574425375
20261184,0.05,3.66565147687602,0.0766166362169115,212,0.6643737909600642,0.07169278791404157,0.5386395122826118
20261184,0.075,5.241206415216092,0.10530972726304492,212,0.9370851833964355,0.1053046067885203,0.7885351472636738
20261184,0.1,6.889503734815129,0.1355748039882352,212,1.0903080046904667,0.13904853390573413,1.0382942724516357
20261185,0.0,0.030024733844513825,0.0006554207391507356,212,-0.15384628293172684,-0.017309764130461498,0.030019507793600242
20261185,0.02,-0.3626194564118894,-0.008045289573075319,212,-0.1477430656936239,0.015862205982352794,0.25384104276645675
20261185,0.03,0.22684269680089375,0.0048060773888037745,212,-0.09388566239262751,0.03270037440909724,0.36585684911147226
20261185,0.05,1.9922334203406655,0.03819157128929452,212,0.29087620146024906,0.06606385026913214,0.5900538053545998
20261185,0.075,4.581594112718939,0.0841831614219353,212,0.8717169213952765,0.10637888234378455,0.8705172033116576
20261185,0.1,7.050833760801984,0.12607683579252654,212,1.1285759653776688,0.14772312979788463,1.1510900575188416
20261186,0.0,2.1687801677721903,0.05027640321483873,212,0.04547779242655665,-0.012428415766145878,-0.07045737027019469
20261186,0.02,2.1513596285939416,0.051526311046297284,212,-0.07087797979115384,0.017466962698367183,0.16072982782801015
20261186,0.03,2.309394918235479,0.05379314511834441,212,0.17740495872618978,0.03290826567479661,0.27628089054328825
20261186,0.05,3.1967777941728523,0.06975724854373706,212,0.29467802349013655,0.061859940684423104,0.5072522404029124
20261186,0.075,4.793951088361753,0.100206150304361,212,0.8383668106547153,0.0976090456254762,0.7956273348150645
20261186,0.1,6.518568241312296,0.1320411645187983,212,1.197624448677161,0.13309393408105918,1.0834936588187674
20261187,0.0,1.3834605570905083,0.0318334780720799,212,0.24429416635889956,0.001450630432823472,-0.18112524119189868
20261187,0.02,1.6430217260116795,0.03698160315912796,212,0.24295379492700422,0.028871795607042495,0.04231163914402395
20261187,0.03,2.060120985989067,0.04459984515685037,212,0.34389288719327166,0.04274725747384462,0.1536858659569406
20261187,0.05,3.302771648059816,0.06463114149714483,212,0.37541535936834336,0.07128314995207236,0.37570081681354106
20261187,0.075,5.280275527439743,0.09780772003703125,212,0.7689083068150238,0.10603990693025504,0.6517536100681534
20261187,0.1,7.176332329390827,0.1291547530292727,212,1.0395172449118237,0.14045410416274096,0.9260533084550175
20261188,0.0,2.4561583832024456,0.04899833277349478,212,0.213943324229851,-0.02385987514234919,-0.35811365771082343
20261188,0.02,2.314932892081863,0.05058465578122057,212,0.15325359907182326,0.0076177299502699514,-0.06258631527467706
20261188,0.03,2.483624039684892,0.055507992036638025,212,0.2080591612510017,0.02295559934130216,0.08512673816557753
20261188,0.05,3.0200996946942857,0.06662915065664965,212,0.18758943712480314,0.053807994494465786,0.3803782681940855
20261188,0.075,4.502548452867674,0.09244914344702153,212,0.43260092994633964,0.0927661008200952,0.7489647505638289
20261188,0.1,6.267155306212878,0.12357855627196684,212,0.7552048116806191,0.13193107431651907,1.1168086573422233
20261189,0.0,1.0913738642432018,0.024548578965909923,212,-0.2211740237537872,0.002689273220327877,-0.23185570228855923
20261189,0.02,1.1359112050073699,0.026141558590517696,212,-0.05482809467224636,0.03391495096633595,0.06393150216772372
20261189,0.03,1.8550510656521262,0.04098479014247208,212,0.13981964293938207,0.05075363144053287,0.2116719015987533
20261189,0.05,3.5804506624177517,0.07353359850564072,212,0.4556157783704804,0.0812265994314225,0.5067737772028005
20261189,0.075,5.697692551495715,0.11399251591443481,212,0.8112910695174537,0.12095431307810159,0.8747924897744547
20261189,0.1,7.822862118000035,0.15336538067655803,212,1.2221475996035824,0.1590982639543172,1.2416501950415295
20261190,0.0,-1.1580640676159502,-0.024013489378087647,212,-0.16755309242025554,-0.007989476400757013,-0.1566093118382859
20261190,0.02,-0.705547546210342,-0.013361878271983221,212,-0.320407875458282,0.017283137662933497,0.07138227268378254
20261190,0.03,0.28848495220530673,0.005201890069556526,212,-0.19090512081217956,0.029706432954554763,0.18556505503304463
20261190,0.05,2.4176521959667157,0.04289626328251092,212,0.12019897841401003,0.05613217788118861,0.4142542015835608
20261190,0.075,4.54739918072323,0.08120458139096666,212,0.5852957755892817,0.08871222113895738,0.7006172630796963
20261190,0.1,6.4706388941065605,0.11720049320410622,212,0.9546501970866822,0.1202661213019933,0.9873876166969469
20261191,0.0,-0.031213996038731075,-0.0006887038235607355,212,-0.461136672554988,0.019638555944256477,0.054961792587722935
20261191,0.02,1.507633519093525,0.030849834915901334,212,-0.0807080212828773,0.048694688634185114,0.313040174103904
20261191,0.03,2.3850229277595436,0.048181105039366214,212,0.24278787173538133,0.06314927616972121,0.4419819502907228
20261191,0.05,4.219615803668732,0.08330704823077362,212,0.6834969499729912,0.09216393301600048,0.6996218352444415
20261191,0.075,6.382968501295725,0.12439168762647573,212,1.265933228606476,0.12820490500495663,1.021114759110914
20261191,0.1,8.387585631400533,0.16199491639289193,212,1.5547157799160616,0.16402416044699694,1.3418486010111834
20261192,0.0,1.8532459665374559,0.04372373196568872,212,0.08000051680971557,-0.03369323441942011,-0.6575920316048326
20261192,0.02,1.3919933838212049,0.0348509737094356,212,0.047818525789059874,-0.005529600439131892,-0.39140216538942235
20261192,0.03,1.4827560051581874,0.03695036826452781,212,0.04833622669262194,0.008261373598014071,-0.2583940609340894
20261192,0.05,1.8848533445208682,0.04408472541967409,212,0.017931343597490077,0.03746241571698933,0.007406587089265545
20261192,0.075,3.13530618988904,0.06655592787094765,212,0.36858515168399647,0.07246188318763877,0.33916734558719674
20261192,0.1,5.036645173917145,0.10007813844124562,212,0.8163017069703487,0.10674550831974701,0.6702631437861882
20261193,0.0,1.5756755460770262,0.032816097133353546,212,0.09241891490416555,-0.008755499389639437,-0.16680065037622194
20261193,0.02,1.8387128659866607,0.03603943584659878,212,0.13534175925334485,0.018483376891503287,0.04910073551472619
20261193,0.03,2.163552181479328,0.041197801882696075,212,0.3679623052278397,0.03255341679024079,0.1570342553075518
20261193,0.05,3.3922266904228207,0.06596553715825954,212,0.5904532270513202,0.05984196167427228,0.3728355825998432
20261193,0.075,4.959115759842174,0.09830440606591895,212,0.8449121299691111,0.09287004645294489,0.6423994797235056
20261193,0.1,6.6707973768995785,0.1308153229176054,212,1.1964569725151728,0.12643885334141686,0.9116637856691643
20261194,0.0,0.6007034721087247,0.012429439861050797,212,0.025180717204937305,-0.010953207055604255,-0.2892411185553808
20261194,0.02,0.5738673327204672,0.011304471607992854,212,0.01915854480041705,0.01769021538764041,-0.042958205352742376
20261194,0.03,1.0183996894613647,0.019207411989283874,212,0.15123624489450158,0.0313956775002253,0.08017157729771973
20261194,0.05,2.7361521384005116,0.04899474844132756,212,0.39553811724405796,0.06034171998787471,0.3263587422166498
20261194,0.075,4.70912726616992,0.08485291948975496,212,0.8389529424223849,0.09419164092774807,0.6338559975620951
20261194,0.1,6.504899886872896,0.11774787193078759,212,1.3615211992791356,0.12877788610426105,0.9409480535288254
20261195,0.0,-0.26220952366584455,-0.005561859428636972,212,-0.38572580021638153,0.00464990291580301,-0.04520058463822906
20261195,0.02,0.9675216880360589,0.0189129847041185,212,-0.05284664521596678,0.029741252181322144,0.1990730348276036
20261195,0.03,1.7291650707354285,0.03297944027068876,212,0.07605970032865104,0.04330026872250305,0.32109357745451395
20261195,0.05,3.3289626332519338,0.06278930681064075,212,0.3642467357300638,0.06789749219639682,0.5648475814502611
20261195,0.075,5.230451910262581,0.09837404451945371,212,0.6652715016593616,0.09897365208628614,0.8688902605645791
20261195,0.1,6.969253531667439,0.13052908839167943,212,1.0272862811220185,0.13141185819972306,1.1720548794580656
20261196,0.0,3.225094015909714,0.07352386960404393,212,0.6548766327573937,0.0018925273842977637,-0.06366130999555729
20261196,0.02,3.198017110498669,0.0729642017385035,212,0.8587862033413638,0.029836493007479988,0.16620341456517718
20261196,0.03,3.3684799523074775,0.07571952908019894,212,0.8273361261637162,0.04293978731597014,0.28096743052309137
20261196,0.05,3.9504332504604402,0.0866005374450061,212,0.8328226965080705,0.06993288081993133,0.5101213469469293
20261196,0.075,5.4706249415102315,0.11446359957069942,212,1.1637471152566232,0.10370599464193546,0.7957860275201242
20261196,0.1,7.123774687069261,0.14592225890757748,212,1.362885432177196,0.13769928886849803,1.0804802975237675
20261197,0.0,0.13664941089620916,0.0030722847147690905,212,-0.27848608992217705,-0.004771258162036389,0.003291585011335053
20261197,0.02,0.9205719095078138,0.01931545400175325,212,-0.11953292432020526,0.024232133640288717,0.23310418065893332
20261197,0.03,1.8448361326260956,0.03677524803578597,212,-0.0017477619996690273,0.038861841404566645,0.3482503453431062
20261197,0.05,3.728273750217956,0.06930408654830861,212,0.2736776677579553,0.06793026323335437,0.5789725840769463
20261197,0.075,5.9946549146717345,0.10982496169885057,212,0.872201414034522,0.10526415503977586,0.8680771812149207
20261197,0.1,8.10665850268829,0.14716499807470157,212,1.3055920131860248,0.14123753676500708,1.15781203987232
20261198,0.0,1.428536920162231,0.030482696892486425,212,-0.09528310017383854,0.02050084385420165,0.347647468866133
20261198,0.02,2.417773515743918,0.04678219139924135,212,0.23266818095887407,0.048360321647727744,0.5454744190938361
20261198,0.03,3.1128531366373684,0.058684222384256794,212,0.23999028563746455,0.06294394514128414,0.6443356390042191
20261198,0.05,4.487679801068449,0.08196087547825233,212,0.4889587961123484,0.09158531939471895,0.8419313673635167
20261198,0.075,6.19832231981792,0.11170622403919415,212,1.058558068322826,0.12487506042159938,1.0886428512904096
20261198,0.1,8.012706443729833,0.1426410588322041,212,1.4288824330373384,0.15755648907495554,1.3349755748572267
20261199,0.0,1.6726364348554583,0.03568049058242326,212,0.05707084079684491,0.018810575213626193,0.19687997008181077
20261199,0.02,2.615969529602162,0.05411061453887055,212,0.4410591380434,0.0451277660803382,0.43756900143448846
20261199,0.03,3.1091364357503792,0.06479192439721775,212,0.4239615610631361,0.05784395251476745,0.5579869805206279
20261199,0.05,4.20079220056007,0.08788936088285174,212,0.5754336965425048,0.08494303984138815,0.7989185297293533
20261199,0.075,5.4655647048566305,0.11478106899122556,212,0.9339022106102126,0.11619944043454396,1.1001559331225883
20261199,0.1,6.84297890269345,0.1431065099664916,212,1.2994565718851558,0.1483939119606092,1.401323808700789
20261200,0.0,2.8200502491884025,0.06619391032205736,212,0.27511878543395263,0.030181100942986587,0.07437454332397597
20261200,0.02,3.416808506528276,0.07734118336214453,212,0.6143459742063937,0.05866220434380095,0.39426483255480027
20261200,0.03,3.963262370211102,0.08740240375556083,212,0.8543971034563073,0.07321356884785227,0.5537843936378698
20261200,0.05,5.336569104421768,0.11302781851399733,212,1.1932231254489098,0.10156102786357415,0.871870917388125
20261200,0.075,6.90805079942191,0.13943666587469997,212,1.5302060650954659,0.1371114583930722,1.2674883719991543
20261200,0.1,8.701507545553978,0.1705747835063371,212,2.0032708627158144,0.17318008094446127,1.6606122598612767
20261201,0.0,2.9715642982331634,0.07500624697892003,212,0.2697660715391658,0.02005792280782245,-0.2543169855781434
20261201,0.02,3.2611392033264557,0.08247292293071384,212,0.44265483430041974,0.04756562400150747,-0.006423490303724655
20261201,0.03,3.5362461496587385,0.0888412570969777,212,0.5053041388073284,0.06079846631547038,0.11701983546828543
20261201,0.05,4.355008932668426,0.10588885293177888,212,0.6925978186558462,0.08823806519797801,0.36285734539119474
20261201,0.075,5.637975981264198,0.13122547292702708,212,0.9109286282228072,0.12171419149755448,0.6681029086722955
20261201,0.1,7.002563170667198,0.15710025479481238,212,1.1597981136987232,0.15376682587928786,0.9709548701995281
20261202,0.0,2.16123064800051,0.04552869923561556,212,0.1625545998230365,-0.032149411350248645,-0.08504437759121404
20261202,0.02,1.3573781685451694,0.02938896353402863,212,-0.20755886932493164,-0.003652946525860444,0.15912804678559983
20261202,0.03,1.2351956146538452,0.02642011240465676,212,0.0033507782905171663,0.009896341113723697,0.2814125644077673
20261202,0.05,1.6944233180628463,0.03450790191628638,212,0.29278152344881553,0.039052323056882325,0.5263264854369936
20261202,0.075,3.148026280487516,0.06241039169581924,212,0.47531921101309577,0.07370769463947763,0.8330076874288235
20261202,0.1,4.752230612630329,0.09351471419559393,212,0.8792611749559388,0.11009276251648792,1.1401335043696397
20261203,0.0,0.4900452391316138,0.010853869849826727,212,-0.20002342312078697,0.017131059569552434,0.06293371047525646
20261203,0.02,1.7182127672470706,0.03530413570486404,212,-0.09382290233518487,0.04553023537797295,0.2756467489381273
20261203,0.03,2.4677487325442136,0.04916935662261694,212,0.0816702819680218,0.05961614874773674,0.381981419220387
20261203,0.05,4.274591121318776,0.08114006341195651,212,0.19990394425289384,0.08824420976740754,0.5945596216680268
20261203,0.075,6.230194641118669,0.11526905021342139,212,0.5832804862808996,0.12334915901326407,0.860013909014159
20261203,0.1,8.1775479431062,0.14985222310521962,212,1.057298070714089,0.15826874708132954,1.1250325494742688
20261204,0.0,2.1438231629214197,0.05319404959896443,212,0.23948452181629687,-0.0013543655117607082,-0.2885277440709056
20261204,0.02,2.420684410962715,0.057776874298494985,212,0.17453484444310344,0.02599972144618586,-0.041392935781034125
20261204,0.03,2.8174097764902895,0.06492505673485774,212,0.2881671195249707,0.03923870832957832,0.0819168132545818
20261204,0.05,3.9591686042027767,0.08570035802357875,212,0.5723361255634374,0.06604797679810583,0.32797350577813017
20261204,0.075,5.4246240251395115,0.11178354320451585,212,0.9589683759425262,0.09894190514423352,0.6343928631265378
20261204,0.1,6.995100102650527,0.1404269656477605,212,1.304439645357869,0.13259776009962396,0.939399424585267
20261205,0.0,1.0344836558260606,0.025482553519199726,212,0.04587933470877043,0.02173846254680114,-0.016484916758644646
20261205,0.02,2.0399563548083393,0.04642119794525598,212,0.20293715644742083,0.05185299732096773,0.2791732901525734
20261205,0.03,2.840780149599496,0.061722199919710966,212,0.43310848503480764,0.06675921070957487,0.42655163239739635
20261205,0.05,4.5826603519413025,0.09408155072546884,212,0.8230183826203786,0.09667711926199625,0.7203108716422341
20261205,0.075,6.503678659945268,0.12887773535749106,212,1.2134112658966514,0.13350357204302835,1.0854469024931634
20261205,0.1,8.357228128006618,0.16249109037432716,212,1.5055852194324364,0.16926599021784547,1.4480262269723736
20261206,0.0,1.2768376870570897,0.024126651865081644,212,0.14682408938037722,-0.011061761115526094,-0.11439298492822413
20261206,0.02,1.2164744459778205,0.021452228020875146,212,0.26333386117745394,0.013552871971751366,0.1415983861588523
20261206,0.03,1.7824105616485177,0.031033659951335016,212,0.3361705232975735,0.026266498168918313,0.2696251084995911
20261206,0.05,2.8143718299676266,0.050147367256818426,212,0.5332102613381916,0.05236658091578662,0.5256980734863528
20261206,0.075,4.061826022785531,0.07500829516872987,212,0.8655434129458915,0.08571008692517554,0.8457380463579326
20261206,0.1,5.4222608380753625,0.10094605887316788,212,0.9625775112225702,0.11776937792379095,1.165596946618753
20261207,0.0,2.708290589637765,0.06965791133795951,212,0.1605257590766069,-0.01371263077691936,-0.4600326328869786
20261207,0.02,2.6343540489937642,0.0685605936473345,212,0.17958817988515352,0.012265584676263116,-0.18695466519383833
20261207,0.03,2.743308708600256,0.07046182583832408,212,0.21228839478084585,0.02497306630400052,-0.05028406177067819
20261207,0.05,3.4389672048559548,0.08457897410268804,212,0.37000327245680953,0.05112128151140023,0.22326145653064897
20261207,0.075,4.5656381897642575,0.10588987702668382,212,0.670893621168919,0.08198442966106555,0.5654542324559801
20261207,0.1,6.050960792238729,0.13340679507451317,212,1.08865267371585,0.11422856979001961,0.9077633471583714
20261208,0.0,0.9572566683414485,0.022576684226480636,212,0.07763267178242808,-0.016545277283936462,-0.09865151126645405
20261208,0.02,1.572804518286301,0.03798675230830991,212,0.033715405117427884,0.010193840683603838,0.12720560260567204
20261208,0.03,1.8162411700573973,0.04340267821299536,212,0.10169115489408762,0.02367963443908273,0.24030534246759763
20261208,0.05,2.4593112806171007,0.05502308309915697,212,0.595376361796411,0.049822729171957826,0.46681277824982603
20261208,0.075,4.0855112472431045,0.08546891257506616,212,0.9497515422733167,0.08429990824109652,0.750452768793443
20261208,0.1,5.88194933901724,0.11800389565701833,212,1.2333455478802915,0.11845859379480414,1.0345522047457285
20261209,0.0,0.3912262958151202,0.008420108308277146,212,-0.06259965273375663,-0.0010855405992184098,-0.013662620179740612
20261209,0.02,0.9394982471710135,0.018791629457885123,212,0.2451458334521498,0.0268574009290589,0.20632937725053227
20261209,0.03,1.726154631942036,0.03360567430504919,212,0.3451175011110104,0.041198313930148535,0.3163910269359716
20261209,0.05,3.380266455693245,0.06423276857912975,212,0.5548251836995455,0.07005423606616473,0.5366038044472126
20261209,0.075,5.118061210873702,0.09567401830262415,212,0.9808447762297218,0.10444283092602757,0.8119509933075286
20261209,0.1,6.854619986138551,0.1258756011437092,212,1.208354474417705,0.13717444022972497,1.087265766996961
20261210,0.0,1.6445395160867198,0.035607267796721256,212,0.16274753155237415,-0.01819509417576746,-0.07025848604339116
20261210,0.02,1.7079002336934037,0.037205879943306104,212,0.09971730701006656,0.010860014419256263,0.1277182289134768
20261210,0.03,2.1554407526487984,0.043917285902719184,212,0.3331690420401799,0.025858396349306485,0.22679361535034606
20261210,0.05,3.52854106409186,0.06272837316379784,212,0.4393013646063559,0.055578142537625254,0.42508588737663905
20261210,0.075,5.631121656983285,0.09568221106186353,212,0.9423078484731241,0.09213269812140029,0.673149009099382
20261210,0.1,7.598369299520449,0.1276918334575902,212,1.1327195125032226,0.1276769840814688,0.9213359489537978
20261211,0.0,1.4941390562587964,0.031244111454296692,212,-0.02429445288555245,-0.02928245766391663,-0.2747612797046953
20261211,0.02,1.332163801302966,0.03169112888029559,212,0.024902240239600575,-0.0020220753897705205,-0.08211155166651199
20261211,0.03,1.4534172523292481,0.03347510220467151,212,0.11058211722688722,0.011698748146388221,0.01430416702498171
20261211,0.05,2.265546743434033,0.046532824289892596,212,0.3692579158011891,0.039581780122727526,0.2072906081626962
20261211,0.075,4.058524877693372,0.07975241481578581,212,0.6427074942641611,0.07453209103794067,0.44875887876303294
20261211,0.1,5.786234297995808,0.11265709615841518,212,0.7835517407262235,0.10754020596596728,0.6904097268663855
20261212,0.0,1.2939603271413889,0.023378550537035372,212,0.36914184670217287,0.004464029690559479,0.15280516990600257
20261212,0.02,2.3320930859131312,0.04009792395480873,212,0.41127547462753056,0.0341126012829861,0.3789995157725716
20261212,0.03,3.083070971383124,0.053508446734775804,212,0.39631453643655634,0.049320922668545535,0.4921688629594154
20261212,0.05,4.09777984046022,0.07288637052572937,212,0.5410857018592977,0.07802118237901344,0.7186121312958765
20261212,0.075,5.704299900963742,0.10370189826231575,212,0.7182286698641274,0.11391929312873283,1.001779930862771
20261212,0.1,7.500705740499942,0.1363874232952916,212,1.0164656724806331,0.15007445169958789,1.2849572780641252
20261213,0.0,1.1081330710315107,0.030228209308613047,212,0.06760305691311319,-0.008021735390262087,-0.18251287057052903
20261213,0.02,0.9711272960387195,0.02723990037604765,212,-0.062179108658462434,0.023278701283805377,0.120913913107447
20261213,0.03,1.3674470006546384,0.03611419477465815,212,-0.015265352897351819,0.03876608853095633,0.2726626516256302
20261213,0.05,2.7179480383800962,0.0615086761320345,212,0.2070733137757124,0.06891902686405753,0.5761319415757691
20261213,0.075,5.039391483187474,0.10200753324212061,212,0.7488131636743637,0.10677469502453732,0.9552118397069027
20261213,0.1,7.192618158497895,0.13865118508262397,212,1.2431644088791842,0.14331593737454837,1.3337190750205261
20261214,0.0,1.9777619674799811,0.04823077364225496,212,0.3640900455974637,-0.03599847205040186,-0.2747060067021015
20261214,0.02,1.4858335084621155,0.03682747687593705,212,0.3105795910644623,-0.006360141407024471,-0.01550188613204835
20261214,0.03,1.52185219328811,0.036816723879435354,212,0.3095752609465768,0.008197367666456384,0.11405678427968981
20261214,0.05,2.292922725942155,0.05067477613285379,212,0.6367037908485265,0.03747265666603856,0.3730229045768148
20261214,0.075,3.887940131130431,0.07896693402370984,212,0.9118991334210849,0.07233745565669061,0.6963146793120946
20261214,0.1,5.764115116686527,0.11045426801792575,212,1.1816592274049988,0.10600662384584503,1.0189584576465671
20261215,0.0,0.5741285852493397,0.01113959232830025,212,-0.025630849180415076,0.03228664006750834,0.3579995265069687
20261215,0.02,2.1528856458631114,0.04029608631891134,212,0.15931750299789546,0.06022190088399872,0.6134278293684208
20261215,0.03,2.9782126430669824,0.05576043143070155,212,0.35416200670869374,0.07501239154834956,0.7411254958714628
20261215,0.05,4.661217664599022,0.08781511400224482,212,0.6758694329656911,0.10431123473074497,0.996434457956096
20261215,0.075,6.529597610620555,0.12284325613023209,212,1.0986480989979814,0.13879097403714596,1.3152987630469204
20261215,0.1,8.408899301892001,0.15673055653413512,212,1.3840523847620658,0.1727335755659149,1.633706014511555
20261216,0.0,0.4963365104222944,0.011239441581530238,212,0.1283404494065796,-0.013675763360342132,-0.26833067606715727
20261216,0.02,0.4929031156196864,0.011953747777714052,212,0.06238041017486978,0.017892474131362707,-0.014277255118438291
20261216,0.03,0.9293540370407635,0.020667771323704114,212,-0.028581491702013666,0.03406958929697933,0.11268071588875654
20261216,0.05,2.2903796605334548,0.04505044691501651,212,0.2680116235687003,0.06634086794091382,0.3663973250819076
20261216,0.075,4.348400393303549,0.08080467233059423,212,0.5459280540656888,0.10467376432708775,0.6830425059700517
20261216,0.1,6.290609398889801,0.11428387091488543,212,0.8099937097131191,0.14292370902596285,0.9989535915338974
20261217,0.0,4.027078916667983,0.0952541393916057,212,0.3858686699905554,0.026301829443138153,0.0014214094923569746
20261217,0.02,4.438383303127043,0.10550225710517046,212,0.5198463404850581,0.05681934556239195,0.2844432847703528
20261217,0.03,4.781315915851899,0.11294845115886579,212,0.49750420455726047,0.0714239630014993,0.42595261910180404
20261217,0.05,5.763907057062835,0.1319448995977355,212,0.5265178097617026,0.1016885276792371,0.7089050557477171
20261217,0.075,7.274409022690136,0.1602928706609099,212,1.1703665669497376,0.13775202975610157,1.0623416002001074
20261217,0.1,8.843197152590687,0.1877621682956603,212,1.324519680561488,0.17249752169033009,1.4153129303373475
20261218,0.0,1.5582903891152835,0.03530413570486403,212,0.13515651277690482,0.021319607730687622,0.17901071044250186
20261218,0.02,2.053333696000633,0.043205539943797666,212,0.04522371496522445,0.049120200067180625,0.4129391321154184
20261218,0.03,2.653528512205969,0.052715797278365374,212,0.10772823065559152,0.06299668602888767,0.5298240934259535
20261218,0.05,4.171520430689245,0.07683784071637485,212,0.2995801897954837,0.09013468896189548,0.7633974551938312
20261218,0.075,6.048426687266038,0.10639885219443056,212,0.6518952571383815,0.12395081476990635,1.0549175604192718
20261218,0.1,7.963478927032867,0.13673612761041792,212,1.0869410492999052,0.15677459261504684,1.3458319101381604
20261219,0.0,2.2068256981659786,0.042770811656657845,212,0.1733077048170783,0.004857282134049924,0.21004924539983222
20261219,0.02,2.387505969350784,0.04668131805110643,212,0.10256054226286189,0.03262919981320509,0.4306523866408953
20261219,0.03,2.8025592467060276,0.05484898696532005,212,0.4230173793547932,0.047241497964099335,0.5408539413576343
20261219,0.05,3.9847532585688397,0.07904374114157908,212,0.7082711677595922,0.07651576286877657,0.7610079234746454
20261219,0.075,5.803597606733654,0.11579236270983706,212,1.0994512101259046,0.11344667333011084,1.0356328132254364
20261219,0.1,7.442478656082378,0.14736981705568622,212,1.3147906887077765,0.14958135000286746,1.3094863967875103
20261220,0.0,-1.10966954828061,-0.02482252435297684,212,-0.4273496562381008,0.0021147559786660534,0.32102428364709806
20261220,0.02,0.647749372390149,0.01204386812934728,212,-0.03171330951054367,0.03641886300887276,0.5253840354015848
20261220,0.03,1.9103530814068856,0.03468558238229054,212,0.2098697938907316,0.05512242030493451,0.6275664173727011
20261220,0.05,4.159792412349356,0.07653010019744551,212,0.6415685446685336,0.08899640747507351,0.8318979535047384
20261220,0.075,6.586062937459684,0.12273726230757256,212,1.3117394976092422,0.13197203811271596,1.0871712352583747
20261220,0.1,9.001500343010372,0.16520494187237322,212,1.423664596664907,0.17422004932041063,1.342176428553765
20261221,0.0,1.6600521818574234,0.039648858339,212,0.13915705839835113,0.024578789765605163,0.32622047673937793
20261221,0.02,2.6837678295085765,0.06048202098984918,212,0.31347010126535146,0.05481416773855267,0.5882702093402477
20261221,0.03,3.359727589383988,0.07399495326030854,212,0.5000829375848499,0.06911411694344538,0.7194405600626015
20261221,0.05,4.8738950607293985,0.10429024078519404,212,0.901619843392621,0.09946368149829181,0.9820229055478163
20261221,0.075,6.793572255320133,0.14188220450765612,212,1.4901467936419446,0.1356014304557632,1.3106014059047721
20261221,0.1,8.590686955908582,0.17605215510531788,212,1.771552390820193,0.1729537559704733,1.6394234937865724
20261222,0.0,1.0662127673225559,0.022804033295373553,212,0.037146149626733904,-0.02799670651078577,-0.36910024483446263
20261222,0.02,0.6364042947652826,0.013492962419813365,212,-0.05178067672357589,0.0008121072596039615,-0.14076864802703992
20261222,0.03,0.7339731697251208,0.014742870251271925,212,-0.001141427556330619,0.015054195102368526,-0.02654523979189254
20261222,0.05,2.110278432329387,0.03739687364307425,212,0.2580181029389597,0.0446075258686373,0.2019604648499676
20261222,0.075,4.332711344572131,0.07360272491172301,212,0.5270496485141902,0.07955425245168321,0.4875866182266456
20261222,0.1,6.289044890552799,0.10564204605969245,212,0.819617435467993,0.11428079863017067,0.7730415438775414
20261223,0.0,0.16105033839403798,0.003838307703651511,212,-0.10230345088017387,-0.011995735668815897,-0.18765114704578192
20261223,0.02,0.183215934990691,0.00436366838987703,212,0.12600443436045974,0.016839704569101825,0.06551235911490957
20261223,0.03,0.6847674228447725,0.015582628073308813,212,0.2307416017618036,0.030641431602749482,0.1918774551588576
20261223,0.05,2.1984825342201675,0.04660809526540444,212,0.5314332972602227,0.05942413095306368,0.444108653920266
20261223,0.075,4.175194581719853,0.08354668643852563,212,0.8612506995844982,0.09552450044650539,0.7583285743238958
20261223,0.1,6.304093549001594,0.11980374245242054,212,1.1477079961818848,0.1309566480144848,1.0711752698616703
20261224,0.0,2.4309350520252195,0.05996024463579088,212,0.014889800367221798,0.02711803308236181,0.1725968815090131
20261224,0.02,3.19930537139647,0.07240607001532046,212,0.3675190524711013,0.05437483102434069,0.385637762720169
20261224,0.03,3.707366332908644,0.08099208169819513,212,0.4670692646398475,0.06721749317952794,0.4921754899840446
20261224,0.05,4.760603700730173,0.09890145339548906,212,0.645961667627707,0.09386802693779238,0.7052501066402531
20261224,0.075,6.224684863433723,0.1258807216182338,212,1.1070434019083641,0.12738358089120835,0.971518735516807
20261224,0.1,7.701061401171177,0.15319026044781622,212,1.4569521894541733,0.15915714941135026,1.2376011803169433
20261225,0.0,1.6763389020711534,0.03704612113813811,212,-0.17746039666251598,0.0033856577556755345,0.24249924395770303
20261225,0.02,2.2640726565162415,0.044552736791223915,212,0.024993283123709065,0.03642347143594491,0.4753936230978947
20261225,0.03,3.0789536070318477,0.05773744664465545,212,0.17297502138575052,0.053339471075463496,0.591664220468306
20261225,0.05,4.577486430622281,0.08246165788675966,212,0.509212390095997,0.08576180371787415,0.8237877003553326
20261225,0.075,6.716859770568109,0.11945196585257949,212,0.9217086650680629,0.12758225530276343,1.1130274159999787
20261225,0.1,8.920496277422462,0.15672236377489573,212,1.3217701536255118,0.16836017827444105,1.4010679468477552
20261226,0.0,1.1110443580879004,0.02094018056841364,212,0.39863496797891457,0.027088334330119028,0.5383187162330039
20261226,0.02,2.973635806775012,0.05825871095126126,212,0.750820479407469,0.059786148501953976,0.7159482917714659
20261226,0.03,3.6960366495709254,0.07166104097198894,212,0.819305673209639,0.07601139612810198,0.8047835287665124
20261226,0.05,5.419763882759416,0.10269777320803873,212,0.9267958668620907,0.11004975053048116,0.9824694395264547
20261226,0.075,7.460318571816193,0.14026311046297282,212,1.013857278218758,0.15113387787873075,1.204553174595835
20261226,0.1,9.502458807824357,0.1766855578040128,212,1.2034261891730547,0.19097629015476122,1.4265362087084201
20261227,0.0,2.5652679451471547,0.06403358212012222,212,0.36064694865148206,0.004255626377407646,0.32806859229222624
20261227,0.02,2.8701120317819155,0.06994209767407565,212,0.21749706680242342,0.035875068614358636,0.5548020020143398
20261227,0.03,3.3206364048138597,0.07818503756380113,212,0.2695793228463439,0.051738810739068816,0.668040744690389
20261227,0.05,4.481596641480094,0.09740781097665882,212,0.5365272789421679,0.08357689723822086,0.89420735926458
20261227,0.075,6.476680109346666,0.13133556312930633,212,0.8489576752814874,0.1232677434683227,1.1762204762023736
20261227,0.1,8.322291378056288,0.162573017966721,212,1.1339636613685542,0.1613118450913083,1.4573043346041916
20261228,0.0,-1.0709390446911382,-0.022362648391351728,212,-0.2284226601050441,-0.025048337279512365,0.10381606743475107
20261228,0.02,-2.214891059486075,-0.04354809968949443,212,-0.040729452529971205,0.0037773740568085947,0.31287784039621297
20261228,0.03,-1.621174882058944,-0.030830377112707776,212,0.052696444097310384,0.017965184869612245,0.41726982062153584
20261228,0.05,0.7008823792759555,0.012813475450396938,212,0.36885869317226033,0.046439631653544595,0.6257393254472836
20261228,0.075,3.425574766468222,0.06266334313733522,212,0.8120447920656532,0.0831252713851498,0.8856618515001077
20261228,0.1,5.569074391327224,0.10093735406647605,212,1.1174604947076976,0.1183689854906234,1.144741883536196
20261229,0.0,2.3179802081708107,0.05254528547669569,212,0.3977133971876897,-0.01817205204040669,-0.05320592484711583
20261229,0.02,2.346988347690534,0.05861714416798433,212,0.28355000932204155,0.01185645876174637,0.2202138271758063
20261229,0.03,2.6090109341668133,0.06360397430750703,212,0.4060636251437363,0.026798515472025827,0.35671680269996614
20261229,0.05,3.5609363618866583,0.07934021661655428,212,0.6757541980281191,0.056893080395546414,0.6292438803052568
20261229,0.075,5.0429103140308325,0.10457801145347742,212,1.0828611654775961,0.09307947386100164,0.9688723558234917
20261229,0.1,6.687398033990168,0.13344110225382808,212,1.4403179868764515,0.12990336640477146,1.3071715669918824
20261230,0.0,2.9246668401380864,0.06923188785751151,212,0.3153074539871438,0.037680035884285465,0.16801697524157352
20261230,0.02,3.6767198821704863,0.08372129461981499,212,0.5733400817652197,0.06692818636888717,0.4687021561547891
20261230,0.03,4.242399111092676,0.09399501470600284,212,0.6091307693453248,0.08226964009208662,0.6187308906933953
20261230,0.05,5.43196192039211,0.11412411210971743,212,0.7373932515607354,0.11216553060405215,0.9180779945601045
20261230,0.075,7.347954525218908,0.14616906577966393,212,1.04110970061462,0.14949635012575885,1.290762404039952
20261230,0.1,9.186155400401713,0.17809983286771153,212,1.3917774559110632,0.18550659926756732,1.6615487253400085
20261231,0.0,2.2341266971695712,0.046051499684578764,212,0.09145306241714203,0.042450781998869404,0.34509691563398537
20261231,0.02,3.6951834127982144,0.07299134025348397,212,0.4288930170041573,0.07225552806429678,0.5952256001138972
20261231,0.03,4.303049253286578,0.08423334207227651,212,0.5872737095641294,0.08675159144348224,0.7202128589450173
20261231,0.05,5.7970914629240236,0.11141435699129111,212,0.9988785625942258,0.1164795303910404,0.9699751594636035
20261231,0.075,7.451805843050352,0.14266563710992225,212,1.419971032759453,0.1532660434707805,1.2816610518370877
20261231,0.1,9.263368549705579,0.17559848106243697,212,1.7521381424040527,0.18947957545121624,1.5926054211815195
20261232,0.0,0.28804844731655177,0.006284870431512631,212,0.012422404763409648,0.008116976216419927,0.05015705471195619
20261232,0.02,1.2490619066729638,0.024978186778525143,212,0.2878569696031306,0.0366963927281069,0.26067644838003934
20261232,0.03,1.9663851358360522,0.037500307228471474,212,0.308572431126397,0.05043821020981657,0.36596522280373356
20261232,0.05,3.898229118760359,0.07118893322081944,212,0.6494243746931642,0.07795820054236068,0.5765697203411154
20261232,0.075,5.871263091802212,0.10683511662392778,212,1.1524314832928737,0.11118188744787358,0.8398114245416832
20261232,0.1,7.893729734808498,0.14259087818186286,212,1.3158073452575478,0.14578912656993748,1.102946510814302
20261233,0.0,1.7498895136971204,0.04100117566095085,212,0.21326765750579843,0.011645495211332221,-0.27931686820052776
20261233,0.02,2.0577352084466676,0.04654101704913198,212,0.17415706882131918,0.040205965967278115,0.007214058780930388
20261233,0.03,2.4492729822011166,0.05357654904595319,212,0.14351998608927163,0.055159287721511734,0.15043492613414067
20261233,0.05,3.839993731531834,0.07747943617430916,212,0.46400164530706967,0.08197623690182615,0.43671629790395583
20261233,0.075,5.829209941806167,0.11075381577761576,212,0.8951565010726945,0.11608320566283521,0.7941211435190467
20261233,0.1,7.863358079495375,0.14403331585544696,212,1.1463234967712796,0.15004987342186976,1.1508240498028433
20261234,0.0,0.8006025621093483,0.017825907962542704,212,-0.1665854438770437,0.04071340499266748,0.45942888193786646
20261234,0.02,2.38744346761517,0.051247245184705754,212,0.06588079956126229,0.07154327005792281,0.690733183674124
20261234,0.03,3.2320706515213065,0.06849812385813418,212,0.3393513523996728,0.08613867064288581,0.8062414200368445
20261234,0.05,4.950202169543191,0.10300500167951565,212,0.8756562723755639,0.11769871537535125,1.036934059047648
20261234,0.075,6.858871326768036,0.14114792846082633,212,1.32298381224787,0.15385131370894403,1.3246191399181888
20261234,0.1,8.748454565300756,0.17748793616202002,212,1.588665911541931,0.19054770643705093,1.6114451112265356
20261235,0.0,2.3123530329717,0.05569693754659632,212,0.0661681266491934,0.0075547481136171825,-0.23453596684241018
20261235,0.02,2.7881939053440887,0.06256246978920031,212,0.02130792627720791,0.03640862205982354,0.018768322887510187
20261235,0.03,3.228617009370751,0.0692349601422263,212,0.0771829886954697,0.05171269631899328,0.14520829183792036
20261235,0.05,4.207645057522135,0.08412939643942685,212,0.3913857863467466,0.07990858928878657,0.3975835289342201
20261235,0.075,5.9944643471791785,0.1147073341580711,212,0.9617875431956121,0.11542983311349428,0.7119430132137502
20261235,0.1,7.825068668986041,0.1449478326055432,212,1.2748784969821143,0.14922496497595425,1.0248430735288372
20261236,0.0,1.3301790340594954,0.027694598513833473,212,0.2316795848516107,-0.020095814319304593,-0.4129880761264068
20261236,0.02,0.9786205737969991,0.021500872528858996,212,0.06335075369964169,0.008197879713908847,-0.15279564585829286
20261236,0.03,1.184462882397926,0.025484089661557113,212,0.06089384149916608,0.022460449454771873,-0.02282822047725538
20261236,0.05,2.3207892486111987,0.047630654027970086,212,0.301916838025781,0.04906387484740986,0.23680242349565736
20261236,0.075,4.07398246287985,0.08062596776968514,212,0.692705688950727,0.08289075365192243,0.5606750286577512
20261236,0.1,5.852676595129392,0.11373290785603683,212,0.9561210770107297,0.11594188056595582,0.8836746606581946
20261237,0.0,1.7046927271570786,0.041144548947640074,212,0.3130121306348097,-0.004920263970702694,-0.19810345296147824
20261237,0.02,1.7722940246429182,0.043991020735873625,212,0.1911336083872797,0.022442015746483256,0.07324949055250973
20261237,0.03,1.9625214461193063,0.04781601520576114,212,0.2444695150846189,0.03547823183870095,0.20860960495181669
20261237,0.05,2.894717864497125,0.065619905127848,212,0.4654693783739635,0.06424249748072654,0.47863419044779104
20261237,0.075,4.406520041949969,0.09236260742755552,212,0.6371984073324769,0.09914416388795581,0.8147333335699694
20261237,0.1,5.97645998251091,0.11933521903341826,212,0.8946356165843424,0.1336710115599833,1.1490659758636161
20261238,0.0,1.1782812873112651,0.026887611728754122,212,0.30126560390774487,-0.03393389672207703,-0.6056777624022643
20261238,0.02,0.8625509340606777,0.020363615136941977,212,-0.039427178489183944,-0.0034005071317969164,-0.2893640863539035
20261238,0.03,0.8820833950265625,0.020853644548947642,212,-0.03877489668199666,0.012998324580735545,-0.13155038173444675
20261238,0.05,1.6316997008490473,0.036725579432897205,212,0.029244677152214776,0.044866621879582826,0.18327669771774688
20261238,0.075,3.3335981095227565,0.06667881925953842,212,0.32112946939308495,0.08257533242120615,0.5750792844465175
20261238,0.1,5.410204062129921,0.10102030575377481,212,0.8009375740299476,0.12072184353468406,0.9646398914120656
20261239,0.0,-0.2552137417278467,-0.004719029321885316,212,-0.09955043258834238,-0.0009918359154179528,0.025500161792364282
20261239,0.02,0.8953744183450589,0.016309223408351697,212,0.09852765287179892,0.028903030501642647,0.270452696409779
20261239,0.03,1.7444623573125841,0.031903116525614665,212,0.321042047945816,0.04431565882073424,0.3929862144928651
20261239,0.05,3.3752678432693415,0.06353894428104441,212,0.422623991726017,0.07436721175824808,0.63810954298644
20261239,0.075,5.366190530158082,0.10084313733522313,212,0.792763557025804,0.11154902547128846,0.9444989301087465
20261239,0.1,7.214945861456696,0.13509603962018368,212,1.028016281857726,0.14721620281994774,1.2507016741318484
20261240,0.0,2.718983772007584,0.05658790011387935,212,0.4129891097434784,-0.00800842215649809,-0.1736205242289175
20261240,0.02,2.3271771498568157,0.051351702865007905,212,0.390065424786528,0.021708251747105906,0.10371272037330463
20261240,0.03,2.6067303809504585,0.057442507312037615,212,0.44751139186422284,0.036291875240662304,0.24215070733703517
20261240,0.05,3.4995883604599762,0.07527507189146233,212,0.5904485954657606,0.06614526581407353,0.5184858538643602
20261240,0.075,4.906369067054051,0.10156410014828893,212,0.865892616493508,0.10144172080715064,0.8627208930234741
20261240,0.1,6.44475535043589,0.12901291588494088,212,1.189651050707319,0.13668953129224395,1.2054046185104919
20261241,0.0,1.4183564484285494,0.02944733694360924,212,0.2036994685193547,0.0040124038374884305,-0.08620473443355758
20261241,0.02,1.9394530247471249,0.03826428202754405,212,0.18930815685508026,0.03224260398659664,0.17325690411368913
20261241,0.03,2.4558713902625557,0.04735158816637856,212,0.21319584810962341,0.04674634807756904,0.3028553276046348
20261241,0.05,4.122347139826417,0.0765592869022358,212,0.6078273321203281,0.07586853488886522,0.5617175432329967
20261241,0.075,6.062412682975007,0.11142459794034032,212,0.8782955772624284,0.11264071063993643,0.88452517852295
20261241,0.1,7.9020080637932795,0.1438981353279971,212,1.2523561391065765,0.14680912509524083,1.2062777594752423
20261242,0.0,1.0370484281335384,0.020379488607968278,212,0.04578342769867037,0.00836327104105392,0.08079851266527689
20261242,0.02,2.083425302501712,0.039855725509794444,212,0.2575739110167541,0.03798572821340499,0.34020841050794226
20261242,0.03,2.721192641494042,0.051061371959462226,212,0.4957277773955868,0.05298667038071752,0.46991148890957646
20261242,0.05,4.173275221549868,0.07765097207088374,212,0.7999155500131568,0.08263370583078673,0.7292537128578497
20261242,0.075,6.134535189312874,0.11346152270623222,212,1.1191791165233262,0.1191816047976798,1.053187634994631
20261242,0.1,7.923950589569373,0.14579527113936702,212,1.5157638757915688,0.15438486715440897,1.3766758424995378
20261243,0.0,3.030552722994448,0.0741777542008373,212,0.25319384750530033,-0.006495321934474309,-0.33919021276082
20261243,0.02,3.058697697547931,0.07536672838545294,212,0.27686081607731877,0.023157346037571996,-0.11081956855800353
20261243,0.03,3.1886463324493133,0.0776888635823659,212,0.34860816076101997,0.03782750555059439,0.003375168471734446
20261243,0.05,3.9516204146732266,0.09176043962346078,212,0.6653275118203222,0.06653493392539674,0.23174870001425463
20261243,0.075,5.588297730450493,0.12250223252689273,212,1.083120164471226,0.10198141882204508,0.5171140455870729
20261243,0.1,7.532980610949555,0.1555830581931689,212,1.2729140658358655,0.13669977224129315,0.8022653616850145
20261244,0.0,0.6649829682847036,0.015282568266166361,212,0.0570773991128377,0.006537821873028615,0.0035207844688941456
20261244,0.02,1.4091488113844939,0.031275346348896844,212,0.23458191295441388,0.03372344521911535,0.28234834760506355
20261244,0.03,2.1062048733742906,0.04516002506984326,212,0.19997780896501546,0.04747447955496932,0.42167058715359035
20261244,0.05,3.6777492342072566,0.0746672715653905,212,0.4244127017145115,0.07440715145954006,0.7000625508870686
20261244,0.075,5.347822625687006,0.10482789061027863,212,0.897433362561087,0.10651867129830656,1.0474367430990357
20261244,0.1,6.961575129248563,0.13446570920620357,212,1.2763156474871418,0.13686925994805793,1.3939272887275151
20261245,0.0,3.1505182194098906,0.0827089768062986,212,0.3984175432750163,-0.02614514292268493,-0.42568237607245396
20261245,0.02,3.040645677679056,0.08081081690002376,212,0.35913227700437544,0.005415925904685445,-0.18672867159184026
20261245,0.03,3.1419564818378576,0.08244373622592353,212,0.3724378787424861,0.02058225939914304,-0.06729074547583322
20261245,0.05,3.7301372219705273,0.09374820783391637,212,0.5547580350157882,0.05156317846287451,0.17146328077870038
20261245,0.075,4.943307283700222,0.11641194012731547,212,0.8368904888222698,0.09046700775854302,0.4695870541926911
20261245,0.1,6.3930442552425415,0.14219711369091997,212,1.0059446848780251,0.12733800866793926,0.7672296322389044
20261246,0.0,0.9690198697261657,0.023999664096871178,212,-0.03692625025691448,0.00589981074726157,0.09561341212564022
20261246,0.02,1.8624776459624208,0.04130994027478515,212,0.0644704019552304,0.03385760165166026,0.317821694984551
20261246,0.03,2.417236501759666,0.050526282371639954,212,0.278257222917086,0.046802673297339815,0.42903684286581534
20261246,0.05,3.9586507759925658,0.07653317248216027,212,0.5609903089339228,0.07404359776829238,0.6516581269125915
20261246,0.075,5.721908019081689,0.10652686405754594,212,0.9525478754070018,0.10727598948049713,0.9302284080192106
20261246,0.1,7.530549618264309,0.13792254155777126,212,1.2387406179950242,0.14070705560425698,1.2090333255698231
20261247,0.0,0.21221057347095318,0.004641198109111172,212,-0.20585729083522328,0.012798114026823099,0.034205342678177195
20261247,0.02,1.4396941161668293,0.02852923586134575,212,0.10828906253951937,0.04135500045060176,0.2583825793335401
20261247,0.03,2.3374026833879955,0.04442472492810853,212,0.3452786504594148,0.05574763024439001,0.3704905644619332
20261247,0.05,4.075820555237766,0.07549115591640108,212,0.4512516606255818,0.08432755880352945,0.5946954252804513
20261247,0.075,5.895910427984621,0.10951261275284904,212,0.7973116503292613,0.12020928403477005,0.874827859962995
20261247,0.1,7.414452206219077,0.13920061199911518,212,1.0794399610355376,0.1546270655994232,1.1546777694408568
20261248,0.0,0.08947457650476229,0.0016989734472672995,212,0.2695091170874031,0.008471825100975758,0.255175274747197
20261248,0.02,0.9974641710355714,0.01815976290154762,212,0.5239851404401047,0.03608859240203509,0.48068584008894605
20261248,0.03,1.9662905332953595,0.03492522059004252,212,0.6993131062075054,0.05094923356737316,0.5934075611899744
20261248,0.05,3.5918288775435223,0.06428038899220867,212,0.8778530351741187,0.07926392154613753,0.8187499986816844
20261248,0.075,5.398019672519002,0.09826446636462693,212,1.2026746352856281,0.11444670200476817,1.1001689782197226
20261248,0.1,7.253130130239773,0.13175492999287228,212,1.3940283241518447,0.14938318763876485,1.3812019781482787
20261249,0.0,1.4279959866917875,0.03258055530522125,212,0.04050180122760821,-0.016658951818382915,-0.10319185255979271
20261249,0.02,1.613530714191919,0.03677832032050074,212,0.1677885884745365,0.011246098198412241,0.17143354829392363
20261249,0.03,2.127506216188804,0.047057672928665646,212,0.31451179185154277,0.025021198764531905,0.30859072114711067
20261249,0.05,3.2866068361699714,0.06920628548488847,212,0.4693770249114316,0.051910346635643416,0.5825366677396625
20261249,0.075,5.101626307229647,0.10303828476392564,212,0.6916221728150954,0.08798460170900958,0.9241612448874471
20261249,0.1,6.939359120812083,0.13598085761803716,212,1.118615132687564,0.12342903841584807,1.26472461920032
20261250,0.0,-0.09286682951808567,-0.0021050270770692865,212,-0.5256352368007249,0.003161380971497394,0.23353738399453286
20261250,0.02,0.696090300536875,0.014808412325186999,212,-0.1477041127270718,0.03581003858789602,0.43730516559791643
20261250,0.03,1.6281296121505893,0.03387501126504395,212,0.18240886590669803,0.05150890143291359,0.5393143699758908
20261250,0.05,3.3662528359999904,0.06837113608992372,212,0.723708766876271,0.08214879689330569,0.7435548199227597
20261250,0.075,5.333920769713633,0.10652532791518857,212,1.1232401930309825,0.12059075938685389,0.9992122327246397
20261250,0.1,7.294741991365667,0.14397647858822374,212,1.5410820401198446,0.15821190981410627,1.2551813473633178
20261251,0.0,4.149335961917967,0.10595490705314643,212,0.6742751709221889,0.02357824904349536,-0.32117252037244665
20261251,0.02,4.3904736189840765,0.11338932401543517,212,0.6306399138649885,0.04973107267796722,-0.06490240576823035
20261251,0.03,4.543689541885266,0.11703202959224636,212,0.7046174188917467,0.06382620290187531,0.06299797378360027
20261251,0.05,5.239221152863569,0.13073083508794928,212,0.9351161307413672,0.0902980320992307,0.31828876237798437
20261251,0.075,6.3166177892184345,0.1502500839757822,212,1.2670504808432481,0.12251605780810917,0.6363635637327013
20261251,0.1,7.725021111166603,0.1748160725550758,212,1.4816072451052649,0.1545625476204131,0.9531696801665012
20261252,0.0,0.8478241359719795,0.016729102319370137,212,-0.04746987327036424,-0.02027707911747598,-0.11882707456215418
20261252,0.02,0.9918145557085104,0.02044400658697843,212,0.04616054254565786,0.007813332077110253,0.0942749378587117
20261252,0.03,1.392697965156295,0.028359236107128517,212,0.1202329671273854,0.02154388451486576,0.20093261991512815
20261252,0.05,2.3111095668996984,0.04640993290130182,212,0.3996507448783624,0.04837977945092127,0.41442360114066434
20261252,0.075,3.7885144812222604,0.07571952908019892,212,0.7964178319950753,0.08067051589804933,0.6815382837447107
20261252,0.1,5.3611803837943315,0.10516789011871308,212,1.0999603872591333,0.11311179429620102,0.9488204462667401
20261253,0.0,-0.6268720570413093,-0.012326518323106037,212,-0.035661953032174454,0.012208235361587428,0.2801458187126442
20261253,0.02,1.1497911175741502,0.0216498783375253,212,0.2901741379734036,0.04161460850899974,0.5194219454150554
20261253,0.03,2.194108747919804,0.04134475950155253,212,0.39676774484687244,0.056967839323605794,0.6389727037440892
20261253,0.05,4.025445499779396,0.07605440811410877,212,0.7416037835309851,0.08634861009839502,0.8778330024752116
20261253,0.075,5.951508489726599,0.11122541148133279,212,1.0521952122905718,0.1205948557664736,1.1758196140368025
20261253,0.1,8.07575988647614,0.14767141300518602,212,1.2706433020848182,0.1563557377989333,1.4729608279598425
20261254,0.0,-0.028707592351519432,-0.0005980714244750483,212,-0.10855859144451037,-0.013053113658148926,-0.08852077909712604
20261254,0.02,0.2363683779105792,0.004467614022726715,212,0.0382898102532221,0.019073255556738958,0.11573484046663661
20261254,0.03,1.1478767217968726,0.020886415585905184,212,0.19825433006086846,0.03512031066943037,0.21791297722070294
20261254,0.05,3.306770783893963,0.059138408474590155,212,0.5722713060701414,0.06799529325981697,0.4223275588115121
20261254,0.075,5.614664391275024,0.10262199018507442,212,0.8012252533385587,0.10754993486756405,0.677867565732322
20261254,0.1,7.549353623406152,0.13836648669905535,212,1.1398336664030086,0.14638975823167483,0.9333078572546543
20261255,0.0,2.035043153786243,0.04383074988325318,212,0.223478309849324,-0.005487100500577584,0.17473289684921647
20261255,0.02,2.1324093788039264,0.045789331388918476,212,0.3304975896631809,0.01962831499520723,0.3800123424411052
20261255,0.03,2.403412643829954,0.05128974512326005,212,0.43785979983490747,0.032971759558901845,0.4827691356021132
20261255,0.05,3.133392001993632,0.06516674313241956,212,0.515519245032632,0.058509102155514955,0.6884801261136515
20261255,0.075,4.65783025936783,0.09329760607575027,212,0.9487846418139879,0.08977574369771994,0.9459126335274806
20261255,0.1,6.064742098925915,0.12012889258473362,212,1.1633512278524847,0.1208795541500422,1.2035628180613982
20261256,0.0,2.977758332798079,0.07268513587691199,212,0.5558307604937345,-0.011284501757346858,-0.19545254621173197
20261256,0.02,3.1523219774576856,0.07487721102089974,212,0.6379729274184097,0.017977474008471318,0.06885721405476272
20261256,0.03,3.4303934908265066,0.07912208440180568,212,0.5776500582539333,0.032617934769250935,0.20101679886359666
20261256,0.05,4.273008455776077,0.09282601037203321,212,0.6533196428022948,0.06152045322344113,0.46527677446192744
20261256,0.075,5.544643808221968,0.11426697334895419,212,0.9993454805323048,0.09791525000204819,0.795349470121133
20261256,0.1,6.961227938155886,0.13904187728885212,212,1.2593055960044308,0.13335866261398174,1.124942793925486
20261257,0.0,1.8055559372664154,0.04400279782728025,212,0.16665339840834653,0.010321340499266756,0.28488569696818783
20261257,0.02,2.2534174156693645,0.051749051688118046,212,0.21751856183565094,0.038945817186770336,0.5284567247516468
20261257,0.03,2.6975520943521745,0.05971446185860937,212,0.44542339044713497,0.053675886251730726,0.6502445382806407
20261257,0.05,3.923628176042526,0.08107042495842175,212,0.6676996397976699,0.08136997271811175,0.8937808653626244
20261257,0.075,5.730365520960628,0.11269345152753996,212,1.114796156274115,0.11599308531120196,1.1980370948843937
20261257,0.1,7.507050410465696,0.144811115935736,212,1.4010225383777428,0.1507728844247454,1.5019831948626847
20261258,0.0,1.1232511373376421,0.024308940758157937,212,0.06755071283210248,-0.03132706314159546,-0.3372083451519769
20261258,0.02,0.34286151715442725,0.007919325899769784,212,0.0036749166917838714,-0.0008679204319222705,-0.0949539400642106
20261258,0.03,0.4148128509699558,0.0095435404189777,212,0.04304360266800543,0.014772569003514695,0.026140641764849083
20261258,0.05,1.3081393793109883,0.028535892478227735,212,0.2819077667196804,0.04648622797171859,0.2681874488387569
20261258,0.075,3.4597253771646437,0.06839878665235666,212,0.6675902283825982,0.08557285820791587,0.5703207002944654
20261258,0.1,5.664064794556739,0.10552325105072137,212,0.9844653839885504,0.12425957938374066,0.8717591671119913
20261259,0.0,2.4537902558281517,0.05432772265871423,212,0.49566531455580537,0.0020533102843706746,-0.4212162699002389
20261259,0.02,2.7296059618748116,0.060982291350904064,212,0.4424320806741839,0.030567696769595035,-0.08700510919905191
20261259,0.03,3.1333012590793747,0.06831788315486773,212,0.49201148118192817,0.04536433200337541,0.07986366077934169
20261259,0.05,4.451607355197671,0.09041733915565421,212,0.8802657041440936,0.07480245209284035,0.4129866723283565
20261259,0.075,6.159141441748719,0.11872537051753661,212,1.2416626268305624,0.11184959732588337,0.8279515991329292
20261259,0.1,7.965571208118937,0.15004321680498775,212,1.575420742774378,0.14794228610753818,1.2409199050303195
20261260,0.0,0.7822646825328021,0.015617447300076193,212,0.09713428860963617,0.020085061322802904,0.19303923324118547
20261260,0.02,2.134948995219199,0.04231457737651463,212,0.13176979404802114,0.04765472025823577,0.4266490698593955
20261260,0.03,2.802524342885051,0.05532723928591911,212,0.3477602505059797,0.0619690067917974,0.5434337505967615
20261260,0.05,4.1862208343503795,0.08230087498668677,212,0.6082164037257066,0.09019306237147609,0.7769310066421132
20261260,0.075,6.010612143092783,0.11706992110372852,212,1.0781044962058697,0.12433689854906234,1.0686022650408045
20261260,0.1,7.653864910620541,0.14883478481717854,212,1.458486908612838,0.15748992290613553,1.3599591602172758
20261261,0.0,0.4191157871059787,0.009375588854570332,212,-0.05794474570741854,0.021734878214633907,0.4049502993577468
20261261,0.02,1.616894302191838,0.03451046215354869,212,0.34060268875114125,0.05593503961199092,0.6111499392545219
20261261,0.03,2.5869275117278216,0.05332410965188967,212,0.6034422047320496,0.07388486305802933,0.7142981732992938
20261261,0.05,4.499166676525446,0.08889963050655829,212,0.9004510637280793,0.10683562867138024,0.9206517681076314
20261261,0.075,6.542491046585292,0.12672252763008052,212,1.229768576709995,0.1472100582505182,1.1786187433778792
20261261,0.1,8.431061606708454,0.161369194405984,212,1.6363235470741606,0.18644313405811946,1.4364971382984273
20261262,0.0,2.3320180758643483,0.05592070228332201,212,-0.07144100473577653,0.01099468289925364,0.09769776886084822
20261262,0.02,2.4500533002772973,0.056611966344145045,212,0.006494295576274921,0.03980912919162044,0.3843779245378649
20261262,0.03,2.797129513229761,0.06294087285656937,212,0.09638944056332839,0.05410242177963116,0.5275696698372738
20261262,0.05,3.89643814092057,0.08272280208751505,212,0.22835448758677013,0.08235054358957553,0.8135869109856358
20261262,0.075,5.716753616841237,0.11543597768292384,212,0.5933333277363105,0.11809094372393678,1.1702795235105095
20261262,0.1,7.527747894059452,0.14617930672871315,212,0.9216494590606894,0.15229161716874626,1.5258523068667018
20261263,0.0,3.264064975046813,0.06548677279020802,212,0.4207240099014917,-0.00043831261930705995,-0.010703361323874545
20261263,0.02,3.03993516909119,0.060011961428489496,212,0.31742168376464863,0.02808529072006161,0.2210362838294906
20261263,0.03,3.3439669677351023,0.06489279774535266,212,0.3847345507327728,0.042172740232182794,0.3368737413202723
20261263,0.05,4.298479732760705,0.08113443088997943,212,0.44960885969977527,0.07041574156760255,0.5684311607641608
20261263,0.075,5.4859434435654455,0.10385807273531654,212,0.8370181129081452,0.10582433495276876,0.8575491713397615
20261263,0.1,6.960607773547803,0.13017116722240882,212,0.9306417454932607,0.14009925527818515,1.1461493456497474
20261264,0.0,2.2363677517639577,0.052351731539665235,212,0.21445359097239536,-0.01790322712786439,-0.4134018488616256
20261264,0.02,2.200256040589056,0.05415055424016256,212,0.055196281823926274,0.009148751833129881,-0.1449887720575038
20261264,0.03,2.3190462135954344,0.05666470723174857,212,0.030072814230713563,0.02232219664260726,-0.01101032405926274
20261264,0.05,2.6776432552053127,0.06193674780229234,212,0.06020444471886187,0.04852776116468266,0.25642773899197374
20261264,0.075,3.92023888503283,0.08238177848417569,212,0.5118209880480742,0.08156659893985696,0.589625196969493
20261264,0.1,5.551375387314135,0.11027300321975439,212,0.98245449623477,0.113444625140301,0.9214234585961993
20261265,0.0,2.8252278538876845,0.06159726034131034,212,0.15170499917742028,-0.026308998107472614,-0.3555977233528929
20261265,0.02,2.3852790403584274,0.05554537150066771,212,0.06826035741657328,0.0012898475327505587,-0.05820130043913239
20261265,0.03,2.4526523910956297,0.05723973652086285,212,0.04113506342664724,0.014660942658878087,0.09053307243703333
20261265,0.05,2.9218124748106034,0.06568339901195322,212,0.18724239385448527,0.04153780139113052,0.38798076461530545
20261265,0.075,4.405620705276441,0.09005685774912134,212,0.7382867263324777,0.0751158251337468,0.7595584127919094
20261265,0.1,6.06595502403951,0.11550254385174384,212,1.23531672517888,0.10837330717112216,1.1306069386199193
20261266,0.0,2.5309982176465673,0.06622770545391983,212,-0.07752848064955478,0.019496206752472163,0.16472766811985226
20261266,0.02,3.1874023545575842,0.07742259890708592,212,0.06782273741039414,0.05134453420067344,0.4111230818780505
20261266,0.03,3.759345943636721,0.08623186327923382,212,0.17001129303037382,0.06681195159717841,0.5344648826879919
20261266,0.05,5.106789050617787,0.10650945444416225,212,0.4038360831663521,0.09769097321787001,0.7813727551799251
20261266,0.075,7.238983459206239,0.14140446423450956,212,0.911309039799491,0.1377115780073571,1.0902952700826614
20261266,0.1,9.304914750551223,0.17648278701283807,212,1.3514034622323132,0.17499170483127008,1.3993484489124277
20261267,0.0,-0.3960313592738688,-0.007410350732023037,212,-0.13859410714709153,-0.005135835948188988,0.17694470126985554
20261267,0.02,0.0928929090451573,0.0017696359957069948,212,0.07980586016557868,0.023859363094896727,0.42590250354941406
20261267,0.03,0.8001884310598932,0.014708563071957004,212,0.20280233119220512,0.038686721175824806,0.550455084085082
20261267,0.05,2.810825915378355,0.04921032041881385,212,0.6235946246752654,0.06839366617783203,0.7996608720292004
20261267,0.075,5.292297209958279,0.08973477990152304,212,1.1190755207357397,0.10554936547079692,1.1112600515813458
20261267,0.1,7.635344560946968,0.12681572026642854,212,1.442386262230484,0.14267382986916166,1.4228242837645173
20261268,0.0,1.2194763119087337,0.02697465979567258,212,0.026565996698753352,0.0059761058176783345,0.13506066387553878
20261268,0.02,1.1696556485044407,0.02535556575098927,212,0.07982738757879117,0.03585509876371263,0.39823678845306393
20261268,0.03,1.5868663948699482,0.033676336853488885,212,0.10247211746561287,0.050985588936497926,0.5296301675038689
20261268,0.05,3.1560547510915495,0.06473969555706666,212,0.543730117118668,0.07991678204802596,0.7919653212541737
20261268,0.075,5.149551121482235,0.10329123620544162,212,1.0081706018961645,0.11701871635848238,1.118910724691444
20261268,0.1,6.988886468834778,0.1385083238433872,212,1.3110135870426607,0.1523725206662352,1.444597845719242
20261269,0.0,2.3351463950827234,0.0522764605641534,212,0.31599963765602057,0.024777464177160227,0.047193078630101234
20261269,0.02,2.7604600561617203,0.06101762262512391,212,0.4019328896179763,0.05156266641542205,0.31594588836429816
20261269,0.03,3.1498099336070666,0.06859182854193464,212,0.4663498770370396,0.0654427367092963,0.4500978675448831
20261269,0.05,4.381670266681148,0.09177733718939202,212,0.7185514060616324,0.09153513874437771,0.7178997773226791
20261269,0.075,6.093989309391608,0.12291391867867178,212,0.9336095365562689,0.12603740813868702,1.0516026157477474
20261269,0.1,7.614598366697272,0.14940469363176825,212,1.376991470361426,0.15719600766842265,1.3839887729280145
20261270,0.0,1.295228645951784,0.027207641386542573,212,0.1633426580050452,0.015343501913009282,-0.20526691460231106
20261270,0.02,2.204826887768208,0.043974123169942404,212,0.20688859989493458,0.040319128454272116,0.059927074303692304
20261270,0.03,2.802562909772465,0.055065070990258806,212,0.3319314480134227,0.05317254360596105,0.19235367733275763
20261270,0.05,4.2649070459729606,0.08173455050426431,212,0.4676695856447213,0.07959880058004735,0.4568089410866717
20261270,0.075,6.080041459710748,0.11494594827091816,212,0.8455520303954734,0.11176152516405999,0.7865153060311232
20261270,0.1,7.740789761407467,0.1443374720422091,212,1.2013933949346125,0.1431106063461113,1.1151005077816207
20261271,0.0,1.3117066387935306,0.030535949827542416,212,0.004899002165377067,-0.02037744041815844,-0.4211046121698289
20261271,0.02,0.9478040580052589,0.022077950007783117,212,-0.14078673669445382,0.006916736987850143,-0.1907156788432662
20261271,0.03,1.1927017671508755,0.026766768529973204,212,-0.06555540486772676,0.021411264224678223,-0.07574568142062683
20261271,0.05,2.42068901766127,0.04915706748375786,212,0.19906142354715087,0.05000501806503411,0.15368553556887582
20261271,0.075,4.356819436370081,0.08203563440631172,212,0.6062862740540406,0.08406385436551177,0.4393992838226715
20261271,0.1,6.4942439320793675,0.11709808371361394,212,0.9795978516591313,0.11924919506140473,0.7237502264544123
20261272,0.0,0.8929710841981879,0.018628286320549896,212,0.17918606943737184,-0.030472967990889655,-0.3148463097861896
20261272,0.02,0.15262987186178617,0.0033866818505804536,212,-0.1923667685875128,-0.0019206899941831433,-0.06375146690042001
20261272,0.03,0.4121992255099709,0.008859957069941589,212,-0.06324451060638729,0.01208688011535405,0.06176525834607737
20261272,0.05,2.126648765151339,0.039610454780065384,212,0.2044083906217693,0.04169960838610836,0.3126860509466553
20261272,0.075,4.457569927146745,0.07817940504182404,212,0.5602917923696563,0.0786750669758068,0.6260204288673231
20261272,0.1,6.445162355475312,0.11294691501650843,212,0.9362593226362764,0.11458393072202788,0.9388547716754726
20261273,0.0,3.1310966534729894,0.0752433249494097,212,0.2355971318945224,0.029917908552421355,0.06653711841819664
20261273,0.02,3.4983044031381074,0.08308686782621519,212,0.632214187816042,0.056363623329701205,0.29618878262656606
20261273,0.03,3.8610647269086904,0.0904895378464513,212,0.7856286905983089,0.06947715858724061,0.4111143157227722
20261273,0.05,4.916979538980098,0.11323058930517209,212,0.9659644205288482,0.09624034278504656,0.6411363976234703
20261273,0.075,6.427152367731294,0.14330928075766639,212,1.2862594733388466,0.12867291637650644,0.9289257615809419
20261273,0.1,8.007626656483154,0.17221640763892873,212,1.6870754665684007,0.16047567160143864,1.2169222481194069
20261274,0.0,3.2260574094936265,0.07301284624648736,212,0.42688451561677226,0.013100734071227844,-0.14427530693891547
20261274,0.02,3.635205322770624,0.082138043896804,212,0.4908493909822703,0.04070674837578547,0.10055674906586903
20261274,0.03,3.919154702446613,0.08693644057382086,212,0.5157135705580783,0.0537240187122621,0.22293210347221956
20261274,0.05,4.954790839146522,0.10143813647498341,212,0.723551514507539,0.08094394923766375,0.4675371835946683
20261274,0.075,6.662471745629412,0.12597289015967686,212,1.1060055987301465,0.11568124841265291,0.772888456125183
20261274,0.1,8.369394720426932,0.15175294324875674,212,1.2953128282313384,0.14880764630219814,1.0776041703151296
20261275,0.0,1.4892632801629115,0.03303422934810214,212,0.04768111069973665,-0.022825539288376925,-0.2630760130718771
20261275,0.02,1.4800499673328538,0.03247404943510926,212,0.06843271755257098,0.0051686069851465295,-0.014187076291249738
20261275,0.03,1.7112472814265403,0.036770127561261357,212,-0.0236482070394788,0.01861394899188098,0.10993678650223028
20261275,0.05,2.4403626375003524,0.0494105309727263,212,0.06815580270095815,0.04681803472091365,0.35749021904509215
20261275,0.075,4.0548149551787205,0.0786643139793051,212,0.5170482224442462,0.0817493998803857,0.6655230888478489
20261275,0.1,5.809549959539161,0.10972562449307302,212,0.7930450512819006,0.11631362701644286,0.9718427835438378
20261276,0.0,1.4344075160160163,0.03789919219393899,212,0.013475278051767478,-0.0030236402067852415,-0.12741905442610024
20261276,0.02,1.9415001463191828,0.048712098247568794,212,0.21063320035020427,0.02863932606362497,0.1252273427090953
20261276,0.03,2.440253446565476,0.05758997697834654,212,0.26506857312637494,0.0439541533192964,0.25145511235958395
20261276,0.05,4.04942424980123,0.08613201402600382,212,0.6459862761144148,0.07416136868235854,0.5036580206645663
20261276,0.075,6.151891692039691,0.12130711377284756,212,1.232807706767411,0.11181836243128324,0.8183114879404114
20261276,0.1,8.132762325725803,0.15471616185615153,212,1.4892117482922358,0.14930586847344318,1.1321209674999821
20261277,0.0,1.7971863570846214,0.04812477981959545,212,0.07188646070002855,0.007882458483192554,0.3813358486492712
20261277,0.02,2.3074007138718806,0.056514677328177366,212,0.22809448587014147,0.038326751816744366,0.5956479048530648
20261277,0.03,2.85051766726357,0.06503361079477957,212,0.2827276890766609,0.05311570633873783,0.702560857786599
20261277,0.05,4.464939214709733,0.09045574271458884,212,0.5764754508122012,0.08437517921660836,0.9158570763673416
20261277,0.075,6.484823510116562,0.12359135745827837,212,0.9899647762967122,0.1227393104973824,1.1813960110715764
20261277,0.1,8.633324310383532,0.16114542966925832,212,1.3933621138285222,0.16108500806986786,1.4456113911948136
20261278,0.0,-0.1020639140729776,-0.002023611532127905,212,-0.002515734730757201,0.010002334936383226,0.24660921879266082
20261278,0.02,1.177894246814794,0.022004727222081126,212,0.16222211153022664,0.04107030206703315,0.4400000325812439
20261278,0.03,2.3255143998097445,0.04285632358121892,212,0.3102200306099372,0.056526966467036435,0.5366474415861004
20261278,0.05,4.08446448640702,0.07633552216551012,212,0.6903610209889158,0.08519855152016646,0.7298128154326239
20261278,0.075,6.1458359746718205,0.11553992331577354,212,0.9631473692188605,0.12187241416036507,0.9709581389665968
20261278,0.1,8.093518763545035,0.15283694770561776,212,1.2297420525248601,0.15802040406688567,1.2116609252832813
20261279,0.0,-2.382090770878379,-0.04575758444686586,212,-0.6077702790553875,-0.009366884047878485,-0.004331074826622497
20261279,0.02,-1.2726639632774044,-0.023005779991643382,212,-0.522865948338485,0.019146990389893415,0.2275926002737404
20261279,0.03,-0.09358384769685854,-0.001668250600119605,212,-0.26056634269713275,0.03305215100893831,0.3433766349833888
20261279,0.05,2.066485742692859,0.03769334911804947,212,0.24766892200333482,0.060768767563227626,0.5745285350868355
20261279,0.075,4.025353725658253,0.07477019310333527,212,0.520532782678101,0.09621627655478086,0.8625648146600025
20261279,0.1,5.716820710396195,0.10720686307441485,212,0.7755108715470544,0.12867957299338845,1.1494255767537003
20261280,0.0,0.2679951341442544,0.004827071334354695,212,-0.04319538131011365,0.03199374892470036,0.3786040788500236
20261280,0.02,3.255333066776478,0.059193709599456,212,0.4365475592586586,0.0661268321057849,0.5900690900725521
20261280,0.03,4.260294364065789,0.07948154171343366,212,0.6044468236836776,0.08406948688748885,0.6958935863682596
20261280,0.05,6.064542967416,0.11558395939668521,212,0.957067797340304,0.11728958946083451,0.9076833668742444
20261280,0.075,8.120140373290784,0.1552932393350757,212,1.2656901230540023,0.15938808281241038,1.1725949528719743
20261280,0.1,10.253852531752209,0.19319908814589662,212,1.575816304894883,0.19914754340114205,1.4375729470400223
20261281,0.0,-3.4402798713381415,-0.07162468560286418,212,-0.5752168796001449,0.002076864467183904,0.4558520497563829
20261281,0.02,-2.579255567246573,-0.047143184853226716,212,-0.4564429315860386,0.03360618635250166,0.6684087002952334
20261281,0.03,-0.11374916179832392,-0.0018925273842977563,212,-0.07475608586389362,0.049826313504125044,0.7749723901677464
20261281,0.05,3.2291159579585504,0.05444344538297052,212,0.8379892872638832,0.08249135663900245,0.9886109501147059
20261281,0.075,5.800360714371709,0.10118825731818219,212,1.2942564111252068,0.12018419370959944,1.256492324600705
20261281,0.1,8.063813865252397,0.14150636167754937,212,1.556996558190778,0.15945464898123035,1.5251189183969727
20261282,0.0,1.544083951648615,0.034684558287385606,212,-0.030600685586919713,0.0035100852866236823,0.03524278217454025
20261282,0.02,2.1311262369178783,0.04525168156383389,212,0.16897634305681739,0.035090099869735124,0.24346766528525282
20261282,0.03,2.8046934950486864,0.057712868366937294,212,0.3399572280193151,0.05100658288204884,0.34756629145392326
20261282,0.05,4.441325044769824,0.08887556427629263,212,0.6347807767267526,0.08224608590927339,0.5557034435970805
20261282,0.075,6.2569289942734265,0.12412030247667112,212,1.0067755693348568,0.12070136163658558,0.8156953504306409
20261282,0.1,8.086659839619672,0.15822368690551292,212,1.2659900748735797,0.15909263143234012,1.0753935493992275
20261283,0.0,2.751452356965503,0.055259136974741725,212,0.3287173093830117,0.026461588248306148,0.15268246640525934
20261283,0.02,3.524850869781372,0.06760460105358884,212,0.41196803528762005,0.05400462071621102,0.39684804131514534
20261283,0.03,4.150993299132585,0.07754753848548653,212,0.5075722684553525,0.06796149812795452,0.5186789352946469
20261283,0.05,5.53813445980282,0.10024148157858086,212,0.5795677620803708,0.09524799482217616,0.7617952871686788
20261283,0.075,7.325616797168484,0.13117938865630555,212,1.0421159330185057,0.1291352952260792,1.064583566387666
20261283,0.1,9.12257541107008,0.16331855905750498,212,1.3324302887008088,0.162746090005653,1.3660245241870577
20261284,0.0,1.8994099308933314,0.03805843895165452,212,0.43778453594980704,0.003979120753078427,0.12350061116487823
20261284,0.02,2.1735455468239278,0.04112048271737438,212,0.26742926386507,0.03156618930189498,0.3339198387870778
20261284,0.03,2.512148670470154,0.04794863549594868,212,0.4990546362874415,0.04505403124718375,0.43914622974213047
20261284,0.05,3.806829816682262,0.07310911116755012,212,0.7417369734986028,0.07307838832040242,0.6495970724540837
20261284,0.075,5.494168533368913,0.10584174456615243,212,0.9362822449634868,0.10776141046543067,0.9125837555705403
20261284,0.1,7.139129126296137,0.13638076667840962,212,1.308945656567188,0.14021907438206113,1.1753815596885546
20261285,0.0,1.4666037408432173,0.03346178897090751,212,-0.10248981421275055,0.025053457754036987,0.30890145427543264
20261285,0.02,3.2570918601337318,0.06607665145544367,212,0.3411733931473712,0.059460486322188456,0.5166322458648177
20261285,0.03,4.205058650045737,0.08141452084647585,212,0.611391593189365,0.07614913689281413,0.6204909391825806
20261285,0.05,5.883485099367105,0.10973996182174195,212,0.9496918707658154,0.10899442073095798,0.8281637459063824
20261285,0.075,7.805924488027998,0.14505894690272733,212,1.1222640534369863,0.14974776542491744,1.087606932482394
20261285,0.1,9.582207652676095,0.17767841781433572,212,1.2894737649499823,0.18872328136393057,1.3467952411421695
20261286,0.0,1.3531891473955275,0.02872330184582865,212,0.07256617137198364,0.029760197937063217,0.3275449458351215
20261286,0.02,2.819191692841751,0.054362541885481605,212,0.4009032580911363,0.0598537387656789,0.5182959337842024
20261286,0.03,3.71829967793883,0.07002351321901704,212,0.54538659322991,0.07448191038759944,0.6137631889837052
20261286,0.05,5.258991821990971,0.09826702660188924,212,0.8226865628305077,0.10460514996845788,0.8048504633652136
20261286,0.075,6.930796444140127,0.1312423704929583,212,1.1535816760381497,0.14072856159726033,1.0439321197097224
20261286,0.1,8.708774406792816,0.16532271278643937,212,1.435794080953991,0.17684122022956109,1.2831702155397609
20261287,0.0,0.7265167607863483,0.015777718152696647,212,-0.29578083895655144,-0.004349331061208105,0.1604855277310099
20261287,0.02,1.284900393776193,0.02753688789847532,212,-0.09089706527644523,0.025133849204073435,0.4066364852090523
20261287,0.03,1.9033177401369692,0.03884187155392064,212,0.25148415596430285,0.040063616775493825,0.5297623788125568
20261287,0.05,3.8653664261831375,0.07316953276694058,212,0.7852851173617483,0.0697326702660189,0.7760568384488971
20261287,0.075,5.877403158857843,0.10805174137097634,212,1.2684384437857488,0.10537526933695998,1.0838847373968163
20261287,0.1,7.793017270521804,0.14023750809034974,212,1.6511037134743465,0.1410045551741371,1.391498000040467
20261288,0.0,0.06360779366647412,0.001261684922865171,212,-0.11383577425850147,-0.0071620077175792,0.043374562494860526
20261288,0.02,0.37954254835843476,0.007383724264495044,212,-0.09937988873698925,0.02050186794910658,0.23425333908412863
20261288,0.03,0.9774935033267802,0.01860370804283174,212,0.013452502601411762,0.03425239023750809,0.3297463050872202
20261288,0.05,2.6530507363304427,0.049479145331356146,212,0.4306949484114821,0.06212006079027355,0.520806990019376
20261288,0.075,4.949115274687844,0.09126477768947804,212,0.820455875768171,0.09619169827706274,0.7597059558826561
20261288,0.1,6.784413077860148,0.12452686815392558,212,1.1330010458867403,0.12935803586789996,0.9985911275738379
20261289,0.0,0.10843211304666381,0.0022325268927322088,212,0.09452350671809015,-0.011446308752324693,-0.36895778678516256
20261289,0.02,0.3573915688143525,0.007322278570199659,212,-0.16852109323938402,0.016366060675574928,-0.10250676898993161
20261289,0.03,0.8843226561597821,0.017790064640870393,212,0.09422319298114536,0.029886673657821217,0.030681244913865615
20261289,0.05,2.374576326041843,0.04395159308203409,212,0.310930447043117,0.05972931123473073,0.2969061953486104
20261289,0.075,4.77158117759971,0.0821928329742174,212,0.530065005956287,0.09330016631301256,0.6292478590809092
20261289,0.1,6.9354945530766505,0.11621275366830794,212,1.0037154415549212,0.12751415299158605,0.9608817161378839
20261290,0.0,1.1344653064848413,0.02842477818104359,212,0.01614511598177563,-0.0005591558180879746,-0.21991296965928878
20261290,0.02,1.37210771888818,0.03380690895386657,212,0.11321437594119793,0.025395505452281277,0.013040879350591165
20261290,0.03,1.709183137896842,0.04042409818202673,212,0.20890790876307452,0.03900009421673126,0.129187415398456
20261290,0.05,2.816330804024295,0.06263057210037769,212,0.44880331300241916,0.0650638215944748,0.3607747665181908
20261290,0.075,4.507410768836271,0.09387109922250715,212,0.735222275149071,0.09707600422746376,0.6488452236223172
20261290,0.1,6.23538696842851,0.12497132534266216,212,1.2139676519211204,0.12834418191202615,0.9352203448829965
20261291,0.0,0.2608616396617918,0.00646818341949385,212,-0.42749585093878506,0.001294968007275169,-0.02988877126169019
20261291,0.02,1.1372331039361863,0.025594179863836344,212,0.03210644001101198,0.03180173113002729,0.20766880063594226
20261291,0.03,1.8673746434089282,0.03905181100942987,212,0.09289482315322921,0.047532852964549926,0.32642834657297076
20261291,0.05,3.5128282538673985,0.06732399904963993,212,0.5337920016025602,0.07724850277324899,0.5638570018755603
20261291,0.075,5.767624054779806,0.10758424204687896,212,0.876641680119012,0.11643651840503362,0.86036635836946
20261291,0.1,7.6339027756238265,0.14154425318903155,212,1.2152274404657097,0.15109598636724864,1.156418035759428
20261292,0.0,0.04835739068784855,0.0008679204319222674,212,-0.12594835986257674,0.024665325785071156,0.2147936392162223
20261292,0.02,1.962507752399855,0.03392467986793272,212,0.15690384778335525,0.05242136999320002,0.4781088333738099
20261292,0.03,3.0282521228559016,0.05145104007078544,212,0.4149611073489983,0.0668600840577098,0.6095929273481222
20261292,0.05,4.899482130459134,0.08231162798318846,212,0.6966259937790482,0.09455417052409078,0.8721677573970575
20261292,0.075,7.16807950889344,0.11954208620421271,212,1.2651507587988564,0.12905643991840013,1.199554176902443
20261292,0.1,9.22158352008194,0.15262188777558397,212,1.622208167663983,0.16167539878255596,1.5258840129688032
20261293,0.0,0.0169139259158793,0.0003415356507918248,212,0.004158856581377539,-0.010323388689076595,0.037672676104758
20261293,0.02,-0.0055913605684533,-0.00011265043954153555,212,-0.22526706851615685,0.01818946165379038,0.27654065423091767
20261293,0.03,0.5694984692919154,0.011071490017122872,212,-0.19112089944931945,0.03214992339770112,0.39569018936694833
20261293,0.05,2.2341253114887527,0.04014708051024504,212,0.18854003315561443,0.0605962075717481,0.6333844680351266
20261293,0.075,4.346264701171177,0.07542714998484339,212,0.5762109450639767,0.09568477129912585,0.9292957586463595
20261293,0.1,6.128840990669555,0.10610800924143243,212,0.8509548643702572,0.12929710222105703,1.2237660700620927
20261294,0.0,0.26628233669143087,0.005164510605526837,212,-0.10876565156861111,0.0032909289769701543,0.14352715424146853
20261294,0.02,0.6800905129502194,0.01292510179503355,212,0.05169427652564351,0.03263739257244448,0.3648760646442719
20261294,0.03,1.2525113328909845,0.023263339860231522,212,0.15303743260688146,0.04720616668987949,0.4755428606914986
20261294,0.05,3.119167656787528,0.056066635807273536,212,0.29177129157816584,0.07833865179953957,0.6968176661191351
20261294,0.075,5.302630805993929,0.09165751808551602,212,0.7743890469471562,0.115167664817834,0.9732114228044537
20261294,0.1,7.195313754580675,0.12363795377645237,212,1.1945663819852426,0.15154658812541477,1.2492570258689983
20261295,0.0,1.0964935700892862,0.021727197502846983,212,0.09717394682618799,-0.022733882794386324,-0.5683611716838154
20261295,0.02,0.9403393556625236,0.019103978403886644,212,-0.021286839765280136,0.009380709329094948,-0.28863924711519795
20261295,0.03,1.3469954544691825,0.025582402772429725,212,0.057154518210300466,0.02598179978534971,-0.1487970127460771
20261295,0.05,3.083039275975054,0.055325191096109255,212,0.3437033960840273,0.0588398848098051,0.13076530145460988
20261295,0.075,5.457667343957654,0.09675597456967532,212,0.6674862761398762,0.09922609148034965,0.4798150969117021
20261295,0.1,7.774853061193006,0.13603564669545054,212,1.0405219933936696,0.1390126905840618,0.8281724111111536
20261296,0.0,-0.446851016675261,-0.009972124136687997,212,-0.19278782678781517,-0.0024245446874052723,-0.09333603625718657
20261296,0.02,-0.028097278439044353,-0.0005914148075930509,212,-0.1839350266091738,0.025938787799342944,0.1483838538870084
20261296,0.03,0.5023655267300717,0.010068389057750761,212,-0.20880008822085278,0.04058334493974225,0.2691484639755745
20261296,0.05,2.3399200551856802,0.042834817588215536,212,0.15959398831291136,0.06747402895321117,0.510433814873684
20261296,0.075,4.842199618519779,0.08435316117615249,212,0.6840900128547381,0.10266295398127134,0.8114743257294205
20261296,0.1,7.1455108962656775,0.1229006054449078,212,1.1042538734138154,0.13608326710852947,1.1117331906562893
20261297,0.0,0.4714613001869388,0.010510798056677512,212,-0.20963209201297744,0.021459908732662077,0.10396767875755265
20261297,0.02,1.26693660329358,0.02794294152827731,212,-0.07431130312418559,0.05044537887415103,0.34131459644378315
20261297,0.03,2.07920426998194,0.04539863918269034,212,0.11748272759521229,0.06566906168328432,0.4599547690757042
20261297,0.05,3.7387977607446152,0.07985687249608794,212,0.5222140459323666,0.09572573509532274,0.6971181135881411
20261297,0.075,5.573105440158714,0.11874073194111043,212,0.9043354322163695,0.13252351321901704,0.9932492378840169
20261297,0.1,7.315524543652369,0.154716673903604,212,1.2861127458074968,0.16879388246667595,1.2888755357553807
20261298,0.0,1.0407753895871759,0.019298556435822022,212,0.33646349814289533,-0.022672949147543402,-0.2052657170789714
20261298,0.02,1.0729009189774037,0.021173674206736087,212,0.3395222807600413,0.005161950368264528,0.08498952053405621
20261298,0.03,1.4930780391121128,0.02839661557115821,212,0.4484968356477306,0.01935027322852063,0.23029825483987126
20261298,0.05,2.8370201498250975,0.051449503928428064,212,0.511608797297655,0.04688920931680581,0.5211803656770453
20261298,0.075,4.84507414892037,0.08658824830614703,212,0.7678144155364166,0.08274789241268567,0.8850764933639396
20261298,0.1,6.793669871731458,0.12002853128405115,212,1.1363348750323736,0.11738790257170713,1.2490106523282456
20261299,0.0,0.7491239170267647,0.016945698391761365,212,0.18764505327484554,-0.016591361554657996,-0.009132085149090093
20261299,0.02,0.37500806323985103,0.008812848704315127,212,0.0677742128726715,0.014066967614022721,0.3159476725541545
20261299,0.03,0.9074053835488719,0.020452199346217816,212,0.13881229642657794,0.029570740379652467,0.4782715551750181
20261299,0.05,2.5859739002572195,0.05192314782195495,212,0.45771563876527155,0.06050557517266241,0.8024124678355099
20261299,0.075,4.991548179420723,0.09342920227103285,212,0.8971181777620225,0.09768585274334543,1.2064856137654039
20261299,0.1,7.082122928705461,0.12947324654470377,212,1.336726959498169,0.13487841945288753,1.609120369734
20261300,0.0,0.7998964197260251,0.017555546907643025,212,0.12301682274080797,-0.0012401789298617854,-0.14718138222570346
20261300,0.02,0.9586506680836981,0.01976964009208661,212,-0.16153871663866665,0.0276782129953547,0.10007350349332089
20261300,0.03,1.58862456877793,0.031087936981295927,212,-0.06423487320096719,0.04270424548783785,0.22387697819836877
20261300,0.05,3.308160447779757,0.060536298019810086,212,0.08272092494591048,0.07212802824863386,0.4717701798885035
20261300,0.075,5.478009153585719,0.09798796074029771,212,0.551301676708533,0.10888433052867874,0.7820364447856648
20261300,0.1,7.471135221043949,0.1338865835374696,212,1.0495222757603861,0.14377575598685882,1.0925517714928616
20261301,0.0,2.2339037560950112,0.055424528301886794,212,0.20327816255322556,0.00436315634242457,-0.2784686889319951
20261301,0.02,2.843469979849196,0.06777050442818637,212,0.41734700966911603,0.03187392982082434,-0.029171550942866675
20261301,0.03,3.324063322400663,0.07633757035531998,212,0.467054202904108,0.04547339811074973,0.09524139642643227
20261301,0.05,4.3953228420415025,0.0945997427473599,212,0.5528591272376677,0.07070453633079084,0.3435508747184916
20261301,0.075,5.803248822279336,0.11787383560409309,212,0.701902665548017,0.10295174874445964,0.6528777464870827
20261301,0.1,7.512386194343912,0.14645069187851775,212,1.0256965521584707,0.1352286599103712,0.9608995897489521
20261302,0.0,2.689617793436177,0.058169614694532974,212,0.496770020835178,-0.02931010822634955,-0.5419942158725456
20261302,0.02,2.0527635048438078,0.04722972087269271,212,0.2119407081736287,-0.0026452371394161895,-0.30345940187091447
20261302,0.03,1.9615861795421925,0.04558451240793387,212,0.13621641234367046,0.010056099918891684,-0.18431368661520983
20261302,0.05,2.3096942654002834,0.052694291285362,212,0.30743014638111327,0.03598823110135263,0.053693429244771995
20261302,0.075,3.6596858751190466,0.07700067180625764,212,0.6534326330129436,0.06882941855987679,0.35058559544904466
20261302,0.1,5.42107790749754,0.10742755552642576,212,0.9414184422430701,0.10296762221548594,0.6466755654158218
20261303,0.0,1.08504796808948,0.02585429996968679,212,-0.02827204043672957,-0.024970506066738216,-0.29609143764692636
20261303,0.02,0.8303624556874507,0.019387140645097868,212,-0.1414264971525951,0.0039878255597702765,-0.07839660029351081
20261303,0.03,1.175044025716089,0.025952613080559406,212,0.058175757922193996,0.019151086769513104,0.030181369603929992
20261303,0.05,2.2440897787674126,0.045123669700718516,212,0.2762383756781439,0.0470622813557378,0.24676088744082464
20261303,0.075,4.423622652882649,0.08365319230863763,212,0.6931298185429121,0.08306177750104457,0.5163286982025594
20261303,0.1,6.344916562475145,0.11717591492638806,212,0.9725533215729143,0.1174478121236451,0.784506760842798
20261304,0.0,1.5443046729212135,0.03600461661983139,212,0.14214246158704738,-0.012394108586830958,-0.28664191353728175
20261304,0.02,2.1198107191860074,0.047867219951007296,212,-0.10411226742782041,0.01374386567151951,-0.04206765891875308
20261304,0.03,2.5464814238147753,0.05514085401322311,212,0.06722886325057087,0.027526646949426095,0.07991689264808305
20261304,0.05,3.4259224450912384,0.06955447775256228,212,0.2900034873300583,0.054202783080313614,0.3232180335679144
20261304,0.075,4.862893979302245,0.09484910985670865,212,0.6162795705778151,0.08793442105866833,0.6259652000675915
20261304,0.1,6.254929908122486,0.11917392408589289,212,0.8318377943253238,0.12032500675902637,0.9270049180746293
20261305,0.0,2.6894188502073364,0.06100328529645499,212,0.3131450146782942,-0.029925589264208293,-0.3737541684303276
20261305,0.02,2.468065779027707,0.05841590951916696,212,0.2323016409437863,-0.0035955972111847484,-0.14935707227289427
20261305,0.03,2.553471688323101,0.06133304385584022,212,0.3437967150883772,0.009350498529399719,-0.03736506464277994
20261305,0.05,2.730407651334912,0.06513755642762925,212,0.3110140010373819,0.035432659615431884,0.18615308989731144
20261305,0.075,3.5895077962374935,0.08033614891159194,212,0.6543068587600529,0.06896664727713644,0.4645701729800241
20261305,0.1,4.892479364302389,0.10382888603052623,212,0.9490109836687127,0.10165012412030248,0.7417490853485847
20261306,0.0,0.7105966350068895,0.01246579523017557,212,0.3724158250846979,0.01807015459736685,0.30143274319033636
20261306,0.02,2.0379254305305383,0.036351784792600296,212,0.5096136358848629,0.051232907856036826,0.5282263878431632
20261306,0.03,3.1186641470120082,0.05576299166796384,212,0.6462954172184519,0.06828408802300527,0.6419585974380906
20261306,0.05,5.1039164206700205,0.0938357679482873,212,0.9098498347335263,0.10144120875969817,0.8700399159362396
20261306,0.075,7.269550195442429,0.1352045936801055,212,1.2049875467636915,0.14224934253107105,1.15618465833834
20261306,0.1,9.110240419910884,0.17027625984155204,212,1.4581711851906303,0.18086540115845617,1.443324300966322
20261307,0.0,1.0394608853956373,0.020085573370255367,212,-0.07971315178624346,0.008884023300207279,0.17566263835916165
20261307,0.02,2.111252986048594,0.04028174899024242,212,0.23915956505609337,0.03882394989308448,0.45654918629163593
20261307,0.03,2.988649382099389,0.05586232887374139,212,0.4491394649044156,0.05325242300854506,0.596910849818393
20261307,0.05,4.839803521756868,0.0862682186483586,212,0.8181894093075412,0.08266391663048199,0.8773813106754921
20261307,0.075,6.9909769169133416,0.12222879918727829,212,1.1654021836838968,0.11921693607189965,1.2273114515276407
20261307,0.1,9.17703618894133,0.15634242456516928,212,1.5648361069175714,0.15565935326358565,1.5762529064822726
20261308,0.0,1.6440542580659399,0.034763925642517145,212,0.289459502825579,0.005072854111536221,-0.06143388745274157
20261308,0.02,2.1546509426465446,0.04518972382208604,212,0.19098662334498506,0.031023931049738242,0.18132823142422766
20261308,0.03,2.559386485441681,0.052276460564153394,212,0.11740984702443027,0.044321803390163776,0.303033971392627
20261308,0.05,3.4090636811630177,0.06905062305934015,212,0.3705441687883194,0.07038604281535979,0.5470572574025713
20261308,0.075,4.7922385208668885,0.09474004374933433,212,0.8402108866587578,0.10322415798916915,0.8531544841362058
20261308,0.1,6.168372667166956,0.12006591074808083,212,1.1417176977732868,0.13611142971841486,1.1603245358816794
20261309,0.0,2.5183265209896764,0.058978137621969705,212,0.20738544226647346,0.027422701316576408,0.2759195880341109
20261309,0.02,3.2205672600831736,0.06835628671380234,212,0.5329459629241534,0.057271995510367935,0.5150213120584058
20261309,0.03,3.8464055887453927,0.07893006660713262,212,0.6151216369017294,0.07265287688740692,0.6343931282847072
20261309,0.05,5.323538985839477,0.10490930615522001,212,1.003980189552345,0.10278994174948182,0.8727213904025725
20261309,0.075,7.156151359195347,0.1380367281396702,212,1.2971810346626016,0.1396645269910453,1.1697362101241802
20261309,0.1,8.960626553521431,0.1701692419239876,212,1.615577310730846,0.17583095060585455,1.465593493613303
20261310,0.0,-2.2788756179276417,-0.047916376506443606,212,-0.5637991373003498,0.013163715907880616,0.0764907127490411
20261310,0.02,-0.804319128988691,-0.015210881622821745,212,-0.6279632218560968,0.03824175193963575,0.3303630731996533
20261310,0.03,0.19823641719952595,0.003641169434453831,212,-0.4357311820640757,0.05150019662622175,0.45721370413256657
20261310,0.05,2.4524332305081638,0.04321117246577476,212,0.028743176353574013,0.07817684480456173,0.7107028471621163
20261310,0.075,4.859534105468127,0.08438900449782483,212,0.5830043098893442,0.11138670642885817,1.0270824483390935
20261310,0.1,6.770019292213423,0.11749389639436666,212,1.014123750860197,0.14286789585364454,1.342808653704935
20261311,0.0,0.9224120380732166,0.020447590919145657,212,-0.051362133085679655,0.04681701062600873,0.6097968867568423
20261311,0.02,2.208040833632819,0.04697830557353411,212,0.5187484332245492,0.07331085786381995,0.8673877740863934
20261311,0.03,2.937222627557872,0.061217833179036375,212,0.6909472658417022,0.0862467126553552,0.9956848536630825
20261311,0.05,4.6624224817575115,0.09434730335329636,212,1.1569893775352886,0.11359926347094437,1.2512364993012908
20261311,0.075,6.602642233189387,0.12966014386485225,212,1.6000104718213624,0.14645171597342269,1.5686299242409605
20261311,0.1,8.486954163834588,0.1610046166198314,212,1.9677918477512357,0.1791884457516447,1.8836252515509468
20261312,0.0,0.3691295010284772,0.008043241383265471,212,0.15359612108133675,-0.0004869571272908965,-0.11409878729247622
20261312,0.02,1.3676493962258554,0.02690962976920998,212,0.437215429391055,0.03292823552544261,0.1468120494996886
20261312,0.03,2.33863036406794,0.042740088809510156,212,0.535780177644572,0.049695741403747364,0.27719222380032565
20261312,0.05,4.466402290977977,0.07506103605633341,212,0.9140099156245648,0.08166900843034926,0.5377316234678886
20261312,0.075,7.116771118114192,0.11564489304352812,212,1.268339933725401,0.12180072751702047,0.8628471440470382
20261312,0.1,9.455271047213348,0.15152508213241137,212,1.568844031051228,0.16048181617086818,1.1871393374740804
20261313,0.0,0.6163192434823206,0.012246638920522045,212,-0.21000982979537697,-0.00423309628949934,-0.04510645349403879
20261313,0.02,1.0865449438760448,0.021093794804152095,212,-0.10603540601427998,0.029396132198363085,0.1885777822812069
20261313,0.03,2.0367597249497122,0.03867955251149034,212,0.07227341892923016,0.045160537117295736,0.3053460538944901
20261313,0.05,3.97225428412229,0.07422742280372606,212,0.5072210463050326,0.07709232830024824,0.5386908337178324
20261313,0.075,6.41608752918662,0.11836335296864632,212,1.0522985754741045,0.11659013264077207,0.8299218890447876
20261313,0.1,8.613628348205989,0.1581013075643746,212,1.3958272297449508,0.15700245373139218,1.1205262412303754
20261314,0.0,1.9475314819380711,0.04212358367674649,212,0.30326455309332023,-0.036284706576327846,-0.5070923269967145
20261314,0.02,1.3921713914640694,0.032152483634963425,212,0.1017170902040102,-0.008700198264773598,-0.2810167666106938
20261314,0.03,1.3864020676579933,0.03245254344210587,212,0.0902514955347822,0.005316076651455443,-0.16802570563072727
20261314,0.05,2.0440390406901137,0.047262491909650234,212,0.17143426881148077,0.03230456172834448,0.057813293600430506
20261314,0.075,3.4232224321469555,0.07439691051049083,212,0.3300849026869942,0.06595888054137754,0.33974173382695094
20261314,0.1,5.175649684353717,0.10397328341212038,212,0.6306481997758409,0.1009204565005448,0.6211155771777672
20261315,0.0,-0.009601261563485205,-0.00022478883163059446,212,-0.2724789587351335,0.018537653921464208,0.3376777284593828
20261315,0.02,1.5391527349749337,0.0322205859461408,212,-0.14644213912083903,0.04690047436075996,0.5541271422492366
20261315,0.03,2.5403371780953563,0.051366552241129286,212,0.15961707283437657,0.06071858691288639,0.6624637028853326
20261315,0.05,4.003094915431011,0.07850813950630434,212,0.6870624652435702,0.08813053523296109,0.8793291339059334
20261315,0.075,5.878857432313289,0.11289058979673763,212,1.230754833502069,0.12170804692812491,1.1507062701201474
20261315,0.1,7.693451894631735,0.1452724706904038,212,1.5358674627331028,0.15502441442253337,1.42231870894748
20261316,0.0,3.5239385018133342,0.07365648989423146,212,0.4886357521055582,-0.016611331405303992,-0.29802723236296774
20261316,0.02,3.602094636205377,0.07758850228168344,212,0.5477553113161673,0.012065374122350665,-0.03084868758822042
20261316,0.03,3.9619239882655277,0.08553650283879108,212,0.6440262797839366,0.026385293177889388,0.10286714868357967
20261316,0.05,4.941358881639757,0.10471063174366495,212,0.7710750865631465,0.05587615415495784,0.37048293825063405
20261316,0.075,6.332249903593889,0.12937032500675905,212,0.9720333647813673,0.09195911403501583,0.7052048144754145
20261316,0.1,7.9180154172068375,0.15657489410858683,212,1.2947599415699103,0.12771129126078373,1.0399482474402149
20261317,0.0,-0.6678421911287563,-0.014888291727770996,212,-0.25299745543617896,0.011806790158857602,0.05065043567639367
20261317,0.02,0.6474803936601109,0.013349589133124147,212,-0.014251126537005106,0.04041897770750211,0.2805273949465903
20261317,0.03,1.430615847681646,0.027811345332994696,212,0.05099860186147993,0.05471841486494237,0.3953346829514248
20261317,0.05,3.339319268322972,0.0631733423999869,212,0.17831084506928405,0.08519035876092709,0.6246369780520925
20261317,0.075,5.374077269712256,0.10144120875969818,212,0.6461155826798202,0.11905922545654152,0.9105774109011227
20261317,0.1,7.397759891314695,0.13851702865007906,212,1.0992253220450288,0.15339559147625328,1.1956116682896527
20261318,0.0,2.120394931158102,0.043134365347905525,212,0.343793126954088,0.05098098050942577,0.5973090713258946
20261318,0.02,3.3862098447084787,0.06852014189859003,212,0.5466645207836367,0.07576458925601552,0.7988421535558536
20261318,0.03,4.00179476150263,0.08150515324556155,212,0.7768749716122229,0.08850689011052033,0.8995903046653136
20261318,0.05,5.215191851028385,0.10733948336460236,212,0.9771921592681684,0.11349275760083237,1.101020193887887
20261318,0.075,6.7657245301475,0.13978229790511146,212,1.2927203658264068,0.14687517921660834,1.3526220072453707
20261318,0.1,8.19484826141639,0.16927162273982255,212,1.562041540836418,0.17798718242816997,1.6039316031246877
20261319,0.0,0.8805995749477616,0.020454759583480125,212,0.10952564885009854,0.02871766932385158,-0.03967193511902601
20261319,0.02,2.2496964136853803,0.04701773322737364,212,0.1643384964246841,0.05536922717702094,0.22229860644512872
20261319,0.03,3.0232781974553564,0.06109340564808822,212,0.16878683832320632,0.06770342621191391,0.35325056379139047
20261319,0.05,4.431941554272654,0.08619653200501397,212,0.4116622962781591,0.09264269738405198,0.6150410851104233
20261319,0.075,6.172061913891216,0.11704892715817761,212,0.859241551949728,0.12173620953801031,0.9419704529823282
20261319,0.1,7.746985103384908,0.14559966901252672,212,1.2872908285390112,0.15256146617619348,1.2684213505265542
20261320,0.0,3.0815800830975593,0.07105836112044174,212,0.36125055488948604,-0.02652405803750645,-0.3524907851884799
20261320,0.02,2.7643604422650285,0.06571104957438616,212,0.3170486445447923,0.0028280380799449428,-0.1499275347688358
20261320,0.03,2.773356674006385,0.06591382036556091,212,0.35315362417361273,0.01657958446325138,-0.04850112317829424
20261320,0.05,3.113306917986206,0.07204046813426294,212,0.26276480250363565,0.04532029592246372,0.1546071946584682
20261320,0.075,4.295365777477365,0.09257561916777952,212,0.4776799943188461,0.08044828730368102,0.4089006937547966
20261320,0.1,5.8910924428533376,0.11880576196757306,212,0.6694258668978069,0.11353423344448177,0.6635464349277711
20261321,0.0,2.908670373222854,0.07320691223097026,212,0.40777244223974907,-0.018694340441917437,-0.44352500461140343
20261321,0.02,2.883300817081843,0.07614811279790921,212,0.4178979586516286,0.012586638428956484,-0.170334359265239
20261321,0.03,3.111292728010413,0.08125220180404558,212,0.5420280393253589,0.02882315109905865,-0.033920402564983965
20261321,0.05,3.9264091798481315,0.0963837160717358,212,0.8083534388636546,0.060553195585741314,0.2384811559079982
20261321,0.075,5.62302995948079,0.12496774101049492,212,1.0936563018180536,0.10097626967286312,0.5780540311307133
20261321,0.1,7.608779766125546,0.15798353665030845,212,1.4943420250876376,0.1398734423516496,0.9164139335463454
20261322,0.0,-0.6529318177507949,-0.014262569740863023,212,-0.047107997441167074,0.024076983262192864,0.08085194962909514
20261322,0.02,1.6033047156062967,0.0319691706469822,212,0.2312970740953794,0.04985959658853504,0.3062951117661199
20261322,0.03,2.511493886422644,0.05040646326776395,212,0.4324861692680801,0.06247951810190154,0.4191671237347658
20261322,0.05,3.941425684068289,0.07871091029747908,212,0.6835040465435565,0.08712999451085132,0.6451719831903564
20261322,0.075,5.468259007380034,0.10889661966753784,212,0.8856634663783314,0.11806636544621862,0.9280838092392837
20261322,0.1,6.9904019156284685,0.1379604330692534,212,1.0667454379905494,0.1491589108545867,1.211327668143607
20261323,0.0,1.8272316251605676,0.04308316060265936,212,0.35338376250310133,0.0053575524951048215,-0.03017675286092878
20261323,0.02,2.2048998964092927,0.049193422852882626,212,0.3585827860200808,0.03477775092373361,0.20300383868305294
20261323,0.03,2.7576313360039215,0.05883425228782803,212,0.4025990518155596,0.04992001818792552,0.3195532573598505
20261323,0.05,4.120282352254186,0.08281087424933843,212,0.7480372152565536,0.07770115272122498,0.5525238957353443
20261323,0.075,5.720865103219317,0.11100062264970222,212,0.9680977191342318,0.11268321057849075,0.8434013911668101
20261323,0.1,7.406671004922368,0.1416103073103991,212,1.1380679072739013,0.14709638371607175,1.1337715825220673
20261324,0.0,2.2897949448158452,0.04784878624271869,212,0.43710721289220456,-0.021138342932516242,0.19821346245173477
20261324,0.02,2.0434278952298297,0.04156442785865852,212,0.6013876620033919,0.01137718234624239,0.40464393845655977
20261324,0.03,2.5015679689170076,0.04851700816818096,212,0.6935028547080432,0.027766285157178085,0.507857969570024
20261324,0.05,3.84732032909572,0.06959185721659199,212,0.9811959008643566,0.060132804627270414,0.7142478942278255
20261324,0.075,5.571322396499704,0.09859934539853678,212,1.0350102075192742,0.09943039841388182,0.9720901715904106
20261324,0.1,7.2917985861713115,0.1271127077888562,212,1.2119091925568937,0.1370930246847836,1.229667319432716
20261325,0.0,0.7440535319653849,0.017137204138981975,212,0.21782199565427052,-0.015569826886997273,-0.09475017535172997
20261325,0.02,0.9681169736541961,0.023284845853234912,212,0.20663979255223727,0.015123321508450829,0.18270298367908988
20261325,0.03,1.4102313753300089,0.032656850375638015,212,0.3800833073132565,0.0307223351002384,0.3211722676791337
20261325,0.05,3.1165171809948053,0.06545553789560786,212,0.6054886545776959,0.06285228864729353,0.5975230069672176
20261325,0.075,5.493407110585812,0.10536400429300583,212,1.0279551058275291,0.1023710869333683,0.9417105754994762
20261325,0.1,7.684868891547767,0.14102094069261586,212,1.287998681938566,0.14163898196773692,1.2843020497660196
20261326,0.0,1.0035839983980253,0.021283764409015315,212,-0.05297629935671999,0.01049697277546105,0.071813254334274
20261326,0.02,1.6449215161745945,0.03442597432389255,212,0.16509351477966416,0.03882394989308449,0.3085148386137717
20261326,0.03,2.288770131535007,0.04746731089063486,212,0.28308162261613,0.05235275563457017,0.42675056796154665
20261326,0.05,3.7005784990196684,0.07512094560827143,212,0.6576659881410906,0.08050512457090422,0.6629525169943334
20261326,0.075,5.501455975670442,0.10926375769095273,212,0.9648952627487446,0.11485070744476032,0.957619058596359
20261326,0.1,7.361238098756477,0.1418427768538166,212,1.2765723513697003,0.14861716464988245,1.2515218278685623
20261327,0.0,-0.2611221706585054,-0.005771286836693732,212,-0.12882305804953934,0.02500225300879083,0.17450140718479681
20261327,0.02,1.3384281823075157,0.026126197166943855,212,0.1786824445213229,0.052938537920186136,0.4045680296968612
20261327,0.03,2.343458888562736,0.04463056800399806,212,0.3397000426309128,0.06553695344054924,0.5197724685928837
20261327,0.05,4.032273459533187,0.07535136696187911,212,0.6026560253270413,0.0912944764417208,0.7504895109305612
20261327,0.075,6.186779515492357,0.11509853841175172,212,1.024695195712328,0.12449921759149263,1.0393925593409217
20261327,0.1,8.015112900028472,0.1496115608025627,212,1.2887282851179982,0.15773416954095973,1.3287571472679194
20261328,0.0,0.7473323889844256,0.018161299043904993,212,-0.09305796620517415,-0.0015684013468896167,-0.2001586648894904
20261328,0.02,1.3149515163330392,0.03162353861657068,212,0.050817237439531475,0.028952699104531417,0.06493036520677424
20261328,0.03,1.7480104752430323,0.041074910494105304,212,0.09394782693107472,0.04307855217558722,0.197116295409276
20261328,0.05,2.7638668965039286,0.061124640542688374,212,0.2618118541329602,0.07256224448832121,0.46068576323605603
20261328,0.075,4.418413686212098,0.09375896083041807,212,0.5805133928043493,0.10843987333994216,0.7884713805578881
20261328,0.1,6.018329608640544,0.12430207932229496,212,0.9215283384303298,0.1434736479899065,1.1141583223034524
20261329,0.0,1.7196383329581653,0.04154497005546499,212,0.0021708543573746805,0.013995280970678111,0.01141350083893808
20261329,0.02,2.271651145956919,0.05469332453977174,212,0.17419025253907525,0.042574697482365094,0.31543294861837234
20261329,0.03,2.7385620215570308,0.06401975683890578,212,0.3627061848790258,0.05665805061486658,0.46728880624215435
20261329,0.05,4.046768029834956,0.08964005112281766,212,0.7097236729870238,0.0846260824683145,0.7706010240106437
20261329,0.075,5.748684815726889,0.12201066697252967,212,0.9473499436224498,0.11852413586871925,1.1488047323956796
20261329,0.1,7.597111390940157,0.15570697367666458,212,1.3776636664936437,0.1530320377850056,1.5257059307028786
20261330,0.0,-2.936854057940412,-0.05916401084721322,212,-0.869434989255274,0.011958356204786207,-0.04800688113989343
20261330,0.02,0.6070954335651652,0.011651639780761766,212,0.19659348245588157,0.04278310079551692,0.2230985988725991
20261330,0.03,2.1433142862272296,0.03971081608074783,212,0.47274762929915143,0.058152717128601754,0.3584166472739348
20261330,0.05,4.269533805043774,0.0785219647875208,212,0.808869614374492,0.08757393965213545,0.6285021525101954
20261330,0.075,6.370642588498861,0.1160576032902121,212,1.1903369619785575,0.12488171703848139,0.9649116762153053
20261330,0.1,8.33874184617462,0.15078926994322417,212,1.6672486216824305,0.160570400380144,1.2997617575215792
20261331,0.0,1.5729740076216014,0.03896117861034417,212,-0.05727291154331702,0.022879304270885394,0.15675644477491504
20261331,0.02,2.4268722758166286,0.05655359293456444,212,0.18663247417963857,0.050937968523418996,0.39149738394662814
20261331,0.03,3.0435609982124827,0.0682559254131199,212,0.32825488991815177,0.06515445399356048,0.5088198834720367
20261331,0.05,4.371739241200865,0.09323411219164503,212,0.6845441680982047,0.09368522599726362,0.743327917761372
20261331,0.075,6.052524833034018,0.12318735201828625,212,1.0596842852003736,0.12826327841453725,1.0361218662124565
20261331,0.1,7.809311917185787,0.15323122424401314,212,1.2615590911399555,0.16242298806314978,1.328418288957481
20261332,0.0,0.5096195928632762,0.010779622969219806,212,0.011886444786480342,0.014091033844288416,-0.10362956118163887
20261332,0.02,1.4422475065512435,0.028217398962796677,212,-0.04519413400961469,0.043693009118541036,0.16568097734724685
20261332,0.03,2.37489224964014,0.044393490033508384,212,-0.04615638189610891,0.05928178176127938,0.2999107556879785
20261332,0.05,4.3596410546792095,0.07951380070293876,212,0.3436833950220615,0.08970200886456549,0.5674564593258465
20261332,0.075,6.341781163433398,0.11576932057447628,212,0.7908454697388801,0.12755767702504525,0.9000488505617009
20261332,0.1,8.027005551265013,0.14685930574558206,212,1.1436623071717884,0.16209271745631212,1.2304239380251567
20261333,0.0,3.2690381378609823,0.07769398405689051,212,0.4897315610230351,0.02957893313889185,0.21641981413471795
20261333,0.02,4.064002631827658,0.09446507426736252,212,0.6760903197026172,0.057467597637208226,0.4526750879140769
20261333,0.03,4.579853774412152,0.10474289073317002,212,0.7123196269971092,0.07099025880926438,0.5708601255869394
20261333,0.05,5.795178783251786,0.1280948148026774,212,1.1789698380820857,0.09724805217149084,0.8073096264439464
20261333,0.075,7.224647582668817,0.1550075168566021,212,1.5104875389976473,0.13050707035122358,1.1029472423359652
20261333,0.1,8.747118135954228,0.18287877174153483,212,1.8368294663604596,0.16378657042905478,1.3985653145374148
20261334,0.0,1.6865192809206182,0.03336808428710707,212,0.32025106807505077,-0.018534581636749446,-0.5380090262833085
20261334,0.02,1.6549571544053083,0.03318169901441106,212,0.11500144405908717,0.012093536732236048,-0.2150857454732966
20261334,0.03,2.1472522208210107,0.043160479767981055,212,0.14470141054250166,0.02746008078060611,-0.05416679517768281
20261334,0.05,3.2743981828932527,0.06412626270901778,212,0.13602271327338603,0.057909494588682525,0.2665082472781101
20261334,0.075,5.161649888598338,0.09524594663236634,212,0.3866220387413072,0.0949346217812697,0.6650164566327242
20261334,0.1,7.208684591465397,0.1292868612720078,212,0.9236658271873441,0.13324447603208286,1.0607172399922131
20261335,0.0,-0.4615715958521137,-0.009771401535323078,212,-0.17000625311508322,0.0065311652561466154,-0.011577657039406178
20261335,0.02,0.18922838316055934,0.003585356262135524,212,-0.13913876712853737,0.03405013149378579,0.2777203606221015
20261335,0.03,1.146662123744859,0.020848012026970557,212,-0.008849110676535628,0.0479071596522993,0.4224114936633676
20261335,0.05,3.524949716143905,0.06333924577458443,212,0.5499027029320579,0.07572772183943831,0.7118175830451973
20261335,0.075,5.8398526780174365,0.10514075160373262,212,1.0694717272643868,0.11059405697244776,1.0734951124107128
20261335,0.1,7.900128230053953,0.14021241776517912,212,1.4390992391435933,0.14343166009880468,1.4349073531478764
20261336,0.0,1.2954374351522557,0.030862636102212865,212,-0.0861747383420127,0.014731605207317772,-0.027265474939418926
20261336,0.02,2.1081776863623194,0.05013251788069703,212,0.2501874072232604,0.04259517938046354,0.2555771394372409
20261336,0.03,2.7307479074453296,0.06346930582750965,212,0.45644182666691674,0.05661964705593196,0.39660424221674395
20261336,0.05,3.7717844307322403,0.08424051073661099,212,0.6463137477699407,0.0818733153638814,0.6778090629389926
20261336,0.075,5.412028039326181,0.11418453370910792,212,0.99925328015629,0.11525573697965738,1.0275996195988246
20261336,0.1,7.027070390775439,0.143227865212725,212,1.239360576130866,0.1476872864762123,1.3753149480652214
20261337,0.0,2.8653342834885858,0.07165489640255941,212,0.3262544090458127,0.009350498529399719,-0.050084881345135786
20261337,0.02,3.0231126646649136,0.0737665800965107,212,0.4588098128407393,0.03773380086679393,0.20995615332050563
20261337,0.03,3.378535853088867,0.07997925183722626,212,0.47164668738826665,0.05090110110684177,0.3398269765458511
20261337,0.05,4.169234890340951,0.09201390311242923,212,0.7670751702038135,0.07768015877567405,0.5992196856785733
20261337,0.075,5.576767505465458,0.1164329340728664,212,1.0771241490047458,0.10988999172531318,0.9227051237704136
20261337,0.1,7.161143270878407,0.14374912951933083,212,1.4475447225465796,0.14198871037776814,1.24520980057465
20261338,0.0,1.5212994997965381,0.031197515136122695,212,0.1881726098411936,-0.005129691378759449,-0.08123217025278141
20261338,0.02,1.5619015140506198,0.030780708509819024,212,0.40948062606671215,0.02222439557918712,0.1635362236443726
20261338,0.03,2.1474099282450623,0.0413770184910576,212,0.43883117418452094,0.03615618266576,0.285851628584935
20261338,0.05,3.5115594362798137,0.06541815843157818,212,0.6936103546758732,0.06285894526417553,0.5302931573271829
20261338,0.075,5.080028822927481,0.09398323761459622,212,1.0725338910771725,0.0975532324531579,0.8353841286967091
20261338,0.1,6.7246809617396694,0.1235247912894584,212,1.3444567203180906,0.13178565284001997,1.1398141294465678
20261339,0.0,0.9693277617249061,0.020905361341646257,212,-0.29216770966996175,-0.014659918563973159,-0.18827032609534688
20261339,0.02,0.4259086771172485,0.009572727123768016,212,-0.40376936143565273,0.012992180011306009,0.06533984425816675
20261339,0.03,0.8572805151847479,0.018743496997353733,212,-0.20465082679403412,0.026674087941077677,0.19199483420339014
20261339,0.05,2.000163531080726,0.040819398815327014,212,0.2650005687170863,0.053396308342686744,0.444953853569826
20261339,0.075,4.151928860797689,0.07946464414750244,212,0.6920145342007645,0.08614993568683997,0.7603909417032809
20261339,0.1,6.030805680663282,0.11169751923250232,212,1.0331843467982957,0.11961070056284258,1.074837008014978
20261340,0.0,3.2453372662066235,0.07419106743460131,212,0.7834522547397542,0.01779262487813271,-0.06156687381369915
20261340,0.02,3.6233124385517232,0.080541479940029,212,0.8912769927510725,0.04543345840945772,0.24189643722459822
20261340,0.03,4.050661407541824,0.08782586699874652,212,0.8480879624974793,0.05896380029330078,0.393170947419949
20261340,0.05,5.099484519472746,0.10651047853906717,212,1.0224735681271504,0.08607773699604289,0.6947253960188471
20261340,0.075,6.628124219634018,0.1328778500561204,212,1.1461353781284498,0.11788561269549973,1.0696421982929252
20261340,0.1,8.205102831407558,0.15855088522763583,212,1.4847727117546234,0.14930433233108578,1.4420859595963884
20261341,0.0,2.408119442900652,0.0498708616324892,212,0.2528433485498601,0.009769865392965696,-0.1400013329277513
20261341,0.02,2.704766062742429,0.05694991766276965,212,0.10457738808328085,0.03632823060978707,0.13745306745077301
20261341,0.03,3.159242947802174,0.06550623059340156,212,0.1396744260117951,0.05079254704691993,0.2762215494564946
20261341,0.05,4.437948937438599,0.0893108046108849,212,0.4850470952201183,0.07678509982877132,0.5537770191484799
20261341,0.075,6.3920874207461935,0.12287295488247485,212,0.8984916254506148,0.11003131682219255,0.9006238346935854
20261341,0.1,8.262841718731767,0.15396806052810527,212,1.2660572505853833,0.14306093774322254,1.2471755097266621
20261342,0.0,0.8939251618446165,0.020548464267280575,212,0.20863765193741965,0.006128183911059402,-0.09077053527022957
20261342,0.02,1.8279716917965545,0.03735386165706749,212,0.18470756581492617,0.035857146953522476,0.156209778560412
20261342,0.03,2.59707533298947,0.04942486830139523,212,0.22058932267163595,0.05049607157194472,0.2798211434267485
20261342,0.05,4.192698575881942,0.07257146134246553,212,0.39444318397419303,0.07879949450675494,0.5272284903645912
20261342,0.075,6.1254070036168695,0.1034499709157047,212,0.6791827180311264,0.11347688412980607,0.8367139130696069
20261342,0.1,7.963350700924885,0.13409191456590666,212,0.9888292162329397,0.14896638101246118,1.1462803789531393
20261343,0.0,1.9295663268682248,0.04294541983794722,212,0.21438194784345987,0.03387859559721118,-0.068061746456039
20261343,0.02,3.2094730319222595,0.0661401453395489,212,0.24960106976570656,0.0618799105350691,0.21732067370228622
20261343,0.03,4.0352671769766575,0.07969864983327735,212,0.44483971846526543,0.07505642762926125,0.36002331936998877
20261343,0.05,5.683134627608464,0.10527183575156276,212,0.6808018517630119,0.1015502748670725,0.6453764967826516
20261343,0.075,7.561002518322972,0.134685889610762,212,1.1303880000656166,0.13373092111192128,1.0018157482524297
20261343,0.1,9.630887654387731,0.16807496784342,212,1.6524470611044786,0.16677436731416775,1.3577569453541394
20261344,0.0,0.07919312202760147,0.0014106907315314724,212,-0.18221412813585916,0.024410326153745325,0.5578813837718073
20261344,0.02,2.1229967532057126,0.03833238433872144,212,0.294282816111326,0.05585362406704954,0.8146136505887164
20261344,0.03,3.226659544210791,0.05909232420386862,212,0.5038323054304356,0.07145314970628958,0.9431581798338178
20261344,0.05,5.0480994206119885,0.0943068516045519,212,1.009787553938159,0.10252265297929691,1.2005417853012985
20261344,0.075,7.083045676744439,0.13294390417748794,212,1.3536570725776873,0.1393962141259555,1.5226939100009045
20261344,0.1,9.016295590900002,0.16898231592918175,212,1.639006852752762,0.17719402092430708,1.845130676985759
20261345,0.0,-0.43999508456318137,-0.008428301067516533,212,0.033495717016665504,-0.0108661589886858,-0.027385862005271985
20261345,0.02,0.0570048126166546,0.0010671068909297954,212,0.10458645283754547,0.019952953080067833,0.17127099387161987
20261345,0.03,1.34477795134574,0.025481529424294807,212,0.35284896624401635,0.03556630400052433,0.27072299773131897
20261345,0.05,3.2494736803494715,0.06212108488517848,212,0.5274459275398012,0.06652315683399011,0.46983576099311686
20261345,0.075,5.322772311338637,0.10120566693156587,212,0.8175066238154645,0.10443463816678819,0.7190382836927236
20261345,0.1,7.134086931685376,0.13530444293333552,212,0.9845176345487641,0.14061232682555158,0.9684732606816375
20261346,0.0,1.855776274713369,0.04165762049500651,212,0.1210938854253841,0.03122465365110316,0.1734566617150003
20261346,0.02,2.762404190423691,0.05916657108447553,212,0.2474046719143506,0.06066174964566316,0.4113414968571702
20261346,0.03,3.5793423487925953,0.07498218074865433,212,0.44335107598422724,0.075651938816474,0.5304270058291345
20261346,0.05,5.0741940823038005,0.10499174579506632,212,0.7348797614383016,0.10486373393195095,0.7688400017248653
20261346,0.075,6.799626414469924,0.13982633398602315,212,1.1233671937107805,0.14144133165108677,1.0672180298189975
20261346,0.1,8.520962700292403,0.1733086048550291,212,1.4169020378437356,0.17758880951015493,1.3658670983316392
20261347,0.0,1.4765007038400164,0.03575729770029248,212,0.14570837107220583,0.020863885497996868,0.04802326524847733
20261347,0.02,1.8351732680878796,0.04179075283264651,212,0.07393617920778262,0.05036754766137687,0.2586653812695796
20261347,0.03,2.464363831372207,0.0539155244594827,212,0.25180364834250263,0.06671466258121073,0.36392954978197933
20261347,0.05,4.0339744583810395,0.08163828558320158,212,0.4190404015464177,0.09607597555280643,0.5742951316682109
20261347,0.075,6.094419228814586,0.11603814548701857,212,0.8876398447826795,0.1318291768734792,0.8368464634017306
20261347,0.1,8.122583273771204,0.1489914713376318,212,1.3981211712693942,0.16741442662974468,1.0988060509570807
20261348,0.0,0.6820838911674074,0.016266211422344936,212,-0.178617932650023,0.00965516676361432,-0.019780665766002584
20261348,0.02,1.599824608186832,0.034433142988227,212,-0.04157466665042981,0.036682055399437974,0.2424153045598824
20261348,0.03,2.3585850275523597,0.04870390548832942,212,0.1239546766903241,0.04998556026184058,0.3734299781264388
20261348,0.05,3.742845567189715,0.0742376637527753,212,0.5387736370696189,0.07825416396988343,0.635231040550369
20261348,0.075,5.583545422703502,0.10788378980656894,212,0.8181926866577168,0.11271802980525811,0.961927936389894
20261348,0.1,7.260281414865216,0.13913199764048534,212,1.1828201399422626,0.14709996804823897,1.2878315564364593
20261349,0.0,-0.4237851465996957,-0.008777517430095286,212,-0.1761304151790012,-0.018992864106702496,-0.07017999087812861
20261349,0.02,-0.7367292945492184,-0.015023472255220837,212,-0.20155186310326811,0.011309080035065006,0.16876182123005948
20261349,0.03,-0.1691751836369806,-0.0033544228610753834,212,-0.14581098869061915,0.02633664866990554,0.288306579462613
20261349,0.05,1.551403459928214,0.029162126512588173,212,-0.021320599026862827,0.05648037014886244,0.5274789772145101
20261349,0.075,3.8768484465952486,0.07181823953989463,212,0.46226556149476467,0.0935029371041873,0.8264657788969149
20261349,0.1,6.098362337563401,0.11200474770397924,212,0.9816289211284462,0.1317805323654954,1.1252864266052294
20261350,0.0,1.0433282812967115,0.01898620748982049,212,0.2700266283233073,-0.01998777230683522,-0.08022697565374148
20261350,0.02,0.7324181505253173,0.013111999115182004,212,-0.2919931901477694,0.01028396103523706,0.19060647534910033
20261350,0.03,1.0757010661133617,0.01912497234943757,212,-0.15229959902314555,0.025487673993724348,0.32604797496344173
20261350,0.05,2.7925819345004395,0.04914631448725616,212,0.2772361199865743,0.05642762926125889,0.5969243642709035
20261350,0.075,4.840832116323088,0.08563891232928339,212,0.7983105844064187,0.09349679253475777,0.9353916179695563
20261350,0.1,7.017985248465469,0.12330051450528025,212,1.1128447396187833,0.13039646810149189,1.2735528291691545
20261351,0.0,1.9564594551787027,0.04705152835923612,212,0.22702980419745306,-0.022060540394399426,-0.1791503450382569
20261351,0.02,2.0177305645176333,0.04891230880148126,212,0.2895049219587612,0.005333486264839135,0.03782847679177227
20261351,0.03,2.319113233230447,0.05552540165002172,212,0.27125799977509635,0.018627262225644977,0.14630610648689457
20261351,0.05,3.3216657256362594,0.07522335509876371,212,0.44994740848683584,0.04626604756716014,0.3631984121814094
20261351,0.075,4.797547985526436,0.09818049058242326,212,0.8787865124684106,0.07977084852407443,0.6341146789806217
20261351,0.1,6.443166757786972,0.12509933720577754,212,1.1984406947801949,0.11369501634455467,0.9046954701846861
20261352,0.0,1.1326939614115585,0.028430922750473125,212,0.18548569149022584,0.021202860911526393,0.26477675909864146
20261352,0.02,1.8654125242918054,0.04304322090136737,212,0.3669924535756607,0.049789446087547824,0.4914033021455223
20261352,0.03,2.4332220288964046,0.0534075733866409,212,0.39748149940550415,0.06381391376301623,0.604719439588845
20261352,0.05,4.0500263005535455,0.08134334625058375,212,0.7420280417798807,0.09056224858470083,0.8313053672538279
20261352,0.075,6.114762277102148,0.11643139793050904,212,1.157434250511818,0.1250281626098854,1.1143435379214397
20261352,0.1,7.949354996286342,0.14867092963239092,212,1.5926525405823373,0.15775874781867785,1.3970144887639717
20261353,0.0,2.6909877884102906,0.06955447775256227,212,0.2475779597096568,0.003980656895435818,-0.24194304526669694
20261353,0.02,2.6796998835243917,0.0684167083131928,212,0.26288923951062343,0.03117600914311931,0.04333216782951267
20261353,0.03,2.886620057048934,0.07227140153532308,212,0.45561820519966156,0.045151320263151426,0.18555195420323564
20261353,0.05,3.5123498470075942,0.08374228856536592,212,0.46823736346346356,0.07226679310825093,0.46907775999360507
20261353,0.075,4.760074569802149,0.10672349027929118,212,0.7613570394607168,0.10647002679032272,0.8216145395393749
20261353,0.1,6.167363310626074,0.1333837529391524,212,1.1423880687214925,0.140440790928977,1.1718571553839146
20261354,0.0,1.4027661025008111,0.03572145437862017,212,0.3026292187632657,0.015987145560753407,-0.04329863153628566
20261354,0.02,1.8004523598511193,0.043059094372393684,212,0.3452168946573845,0.04324394350273229,0.1988798534061914
20261354,0.03,2.1848940841451663,0.05029074054350765,212,0.44531028889667956,0.05570615440074062,0.31977859762824257
20261354,0.05,3.541377402126988,0.07618293202467659,212,0.7159562298735975,0.08156455075004712,0.5611436501163691
20261354,0.075,5.208240464233699,0.10579975667505062,212,0.982653159765274,0.11613236221827149,0.8619344549328951
20261354,0.1,6.8825664921905405,0.13455070908331218,212,1.3926819186617299,0.1483457795000778,1.1615623224791205
20261355,0.0,0.4669958630519704,0.010222003293489212,212,-0.1749418613387858,-0.003947373811025816,-0.5273598731999651
20261355,0.02,0.9725533694751267,0.01962985113756462,212,-0.29781420499315053,0.024038067655805795,-0.2422486334260637
20261355,0.03,1.674968326461222,0.032292272589485416,212,-0.2893390916126441,0.038991901457491866,-0.09974659525083704
20261355,0.05,3.339438502348635,0.06147027257309989,212,0.12656648428013725,0.06760460105358884,0.18508219064560477
20261355,0.075,5.373233077758488,0.0976474491844108,212,0.4766224815264873,0.10390415700603806,0.540649669450108
20261355,0.1,7.132013997349449,0.12895761476007506,212,0.9620351849544954,0.13767931901785202,0.8955002395074079
20261356,0.0,1.3646146845856642,0.02934185516840217,212,-0.1153175016365565,-0.024571109053818225,-0.5630124264699917
20261356,0.02,0.636087119673685,0.014470461006562404,212,-0.23981756301945986,0.0064021292981263165,-0.22636330630394472
20261356,0.03,1.0801105156067596,0.023805086064935813,212,-0.02267709251188355,0.02145990873266208,-0.05789841201265631
20261356,0.05,2.744332688447925,0.05527705863557788,212,0.11017293059749211,0.053682542868612716,0.2791906788442483
20261356,0.075,4.923911771415451,0.09350242505673485,212,0.7727527467021045,0.09184902383273662,0.7005995845521191
20261356,0.1,7.013515128278071,0.1289171630113306,212,1.2071797883177346,0.12956695122850426,1.121705923979262
20261357,0.0,1.5784760255993653,0.03728012682391303,212,0.10467131743819237,-0.023257195290801985,-0.30303304095234607
20261357,0.02,1.3410861640338207,0.033971788233559175,212,-0.10960555952778966,0.005935654068933876,-0.05032566593438801
20261357,0.03,1.4072981947144134,0.0351131420050959,212,0.0005727514526920409,0.020156235918695063,0.07603034723968588
20261357,0.05,1.836149481022535,0.042706293677647694,212,0.004314579385404658,0.049155531341400466,0.3286981184396093
20261357,0.075,3.394025864536367,0.07282441278398151,212,0.33219584098972477,0.08519138285583201,0.6443491153451585
20261357,0.1,5.226200994827633,0.10697285738863992,212,0.673458536706636,0.1197325678565284,0.9596539408080765
20261358,0.0,1.5355546003522482,0.03203573681580219,212,0.2078549328031503,0.008324355434666846,0.03445075669813016
20261358,0.02,2.567231813333474,0.049536494646031846,212,0.2904696545353905,0.0368520551536552,0.24244350014411428
20261358,0.03,2.97704907683435,0.05578654585077709,212,0.3267097534937977,0.05111308875216085,0.346491201846627
20261358,0.05,4.069004762967701,0.07605184787684643,212,0.4037889819683185,0.07904169295176923,0.5546523470803654
20261358,0.075,5.480560975704276,0.10497177594442031,212,0.8516536996753346,0.11501302648719063,0.8149006913911062
20261358,0.1,6.820273751726816,0.13184453829705303,212,1.0405269465549865,0.14917171204089824,1.0750930240487637
20261359,0.0,0.9704020685272057,0.020419428309260274,212,-0.14657976000576226,0.014241575795312104,-0.22296336826056945
20261359,0.02,2.1941207097222577,0.04396644245815549,212,0.05790652141170301,0.04165557230519666,0.04843944910254351
20261359,0.03,2.989599981749865,0.058404132427760345,212,0.05328664123763087,0.05585720839921676,0.18405290118831136
20261359,0.05,4.645883605479712,0.08888682932024677,212,0.4557616271361511,0.08369978862681163,0.45504964872698805
20261359,0.075,6.590807893703024,0.12482231953399585,212,0.829970744013184,0.11689224063772438,0.7932528606652745
20261359,0.1,8.350554595002452,0.15711100779131404,212,1.2001398301695414,0.15090704085729034,1.1306971249137
20261360,0.0,2.438877562975355,0.053502302165346266,212,0.4397453093537283,-0.014940008520469608,-0.22769195328886305
20261360,0.02,2.35857078684172,0.053048116075012905,212,0.5420115790358349,0.012015193472009439,0.025114259189685614
20261360,0.03,2.472146505316123,0.055880762582029994,212,0.5286072172554475,0.0255747220606428,0.15126545759138996
20261360,0.05,2.961865656623014,0.06620363922365413,212,0.6783904613394778,0.05215766555518232,0.40301001554420496
20261360,0.075,4.265864022710495,0.09026372491991579,212,1.0389394913760648,0.08422463726558467,0.7165352094859828
20261360,0.1,5.794874232486749,0.11590603724428353,212,1.1198558033680421,0.1172737159898082,1.0286246384827031
20261361,0.0,0.9363784620562151,0.018805966786554044,212,0.21846234338579934,-0.009684865515857085,-0.11469195247175414
20261361,0.02,0.9166185293189086,0.016925728541115365,212,0.09886464557929336,0.021618131395472685,0.11710096008577686
20261361,0.03,1.928142730510502,0.0338637462210898,212,-0.03991963227719569,0.03760322876641625,0.23317112103808188
20261361,0.05,3.6124910816895235,0.06622616931156244,212,0.3104203404210609,0.06907571338451078,0.4656018466520373
20261361,0.075,5.347987188369725,0.10239412906872905,212,0.6664479856574599,0.10752689273220327,0.7565660373565829
20261361,0.1,7.019593963274155,0.13663576630973545,212,0.8988860022236115,0.14522792256203965,1.0478340221757878
20261362,0.0,1.9093649078241914,0.043473852808887506,212,0.19570670157381334,-0.01883617758624927,-0.19715758342340614
20261362,0.02,1.7747956840993142,0.04202424647096896,212,0.06842352723200963,0.00841447578630007,0.02598722030797222
20261362,0.03,1.905084003376263,0.04526857912976512,212,0.008223082611962316,0.022610991405795557,0.13749726658436975
20261362,0.05,2.7540180364648137,0.06417695540681145,212,0.382890172803921,0.05076950491155916,0.3603421375455742
20261362,0.075,4.020872856904662,0.09292688372016812,212,0.6365602741513937,0.08453084164215667,0.6384661090572974
20261362,0.1,5.385028656217473,0.12338500233493638,212,0.923245131418946,0.11931268894550995,0.9159646457930736
20261363,0.0,1.0796894129523862,0.025287463439811895,212,0.011984308190406329,-0.007863000679999014,0.03144606428664805
20261363,0.02,1.7384873502460176,0.04083988071342548,212,0.21935752051593288,0.02299041856806954,0.29324168033526493
20261363,0.03,2.1287977938099187,0.04926306130641739,212,0.24213563402659827,0.03777374056808593,0.4241554071021978
20261363,0.05,3.4488433291192004,0.07584395661114705,212,0.5467101936328971,0.0702114346340704,0.6859442877584165
20261363,0.075,5.310119370411652,0.10973074496759765,212,0.894011498925974,0.10842860829598801,1.012962923234416
20261363,0.1,7.193367138161104,0.1440220508114928,212,1.2134580496511744,0.1473324375916565,1.339535242303224
20261364,0.0,-1.4924956507017546,-0.029473963411137234,212,-0.34537226641825924,0.0075849589133124146,0.1768004237517593
20261364,0.02,0.8032011740731364,0.016329705306450157,212,0.13192386963113142,0.03813370992716637,0.40217681316449533
20261364,0.03,1.836044583161882,0.03780241522542377,212,0.3474563804888119,0.053889922086859623,0.5148604061927964
20261364,0.05,3.68725913233465,0.07547630654027968,212,0.7498389367225169,0.08603165272532136,0.7401661517336002
20261364,0.075,5.8830608140119915,0.11897883400650507,212,1.11939359340336,0.1265248773134304,1.0215755375637106
20261364,0.1,7.859673227000303,0.15760308539312956,212,1.4422900829604048,0.1660032238507607,1.3025857161855778
20261365,0.0,0.47447444392760946,0.011122694762369021,212,-0.27135162991415146,0.0014357810567020876,-0.15134394446364902
20261365,0.02,1.1957457070460031,0.027200472722208113,212,-0.18116015607832345,0.03151037612957668,0.06603857431349364
20261365,0.03,1.7857325702355036,0.03907229290752833,212,0.06043012763938651,0.04638689076594106,0.1747276776347816
20261365,0.05,3.2316265314581916,0.06528246585667587,212,0.1827440953572881,0.07622850424794568,0.39205916297243365
20261365,0.075,5.574509510099773,0.10636710525237796,212,0.5332803993917841,0.1123217050770529,0.663548575038188
20261365,0.1,7.824302098042085,0.14501439877436323,212,0.8607037392382714,0.14829559884973662,0.9347204734474933
20261366,0.0,0.5512502429839576,0.012372090546375118,212,0.10053859680932298,0.007041676566250749,-0.034601083231046215
20261366,0.02,0.9773047422265426,0.021897709304516667,212,0.15938472701681392,0.038069191948156215,0.21885538010538158
20261366,0.03,1.6139151206355964,0.03472449798867761,212,0.37840348221736875,0.05359549480169426,0.3453269787743808
20261366,0.05,3.1533766649033885,0.06216102458647048,212,0.6768092164549689,0.08399677614923931,0.597702314757917
20261366,0.075,5.363654830218643,0.09974428350224071,212,0.8092745859056926,0.12307623772110209,0.9119960292032215
20261366,0.1,7.436372969307892,0.13653233272433823,212,1.0363214145955821,0.16107374302591368,1.2248302054712816
20261367,0.0,2.988353677921012,0.07086122285124408,212,0.181944241079893,0.021469637634258847,0.05808751179754623
20261367,0.02,3.431524772144695,0.0809767202746213,212,0.19283489179707197,0.051197576581816985,0.3249809165126816
20261367,0.03,3.899031436977766,0.09063495932295036,212,0.31783207604840924,0.06560761598898894,0.4583225555038359
20261367,0.05,4.731849254511222,0.10639014738773872,212,0.6414831215027054,0.09391206301870407,0.7247265316944556
20261367,0.075,6.078004685707368,0.1331881508123121,212,1.0054686518080667,0.12797960412587356,1.05706617745533
20261367,0.1,7.468402014162122,0.160703532717784,212,1.4035506544972145,0.16204816932794797,1.3884682595465474
20261368,0.0,-1.1402519465923957,-0.023521923823724592,212,-0.386858350058446,-0.014932327808682682,-0.015510616216817113
20261368,0.02,-1.6574877685056988,-0.03390983049181134,212,-0.5030556320146646,0.011934802021972982,0.21267644536247368
20261368,0.03,-1.0010558969306753,-0.01977322442425385,212,-0.33847635529951153,0.0257477940995748,0.32673333909154506
20261368,0.05,0.9590480386589956,0.017983106530448396,212,0.12383044496282747,0.052162273982254474,0.5547345848189044
20261368,0.075,3.315482916610707,0.06197003088670234,212,0.5568267587910982,0.08635833899999182,0.8394444116749422
20261368,0.1,5.218961142455242,0.09694645622199102,212,0.9412136052013655,0.11978530874413193,1.1237165224931314
20261369,0.0,1.1601493910853244,0.02366324892060397,212,0.3652857682897068,0.0012775583938914776,0.14635227257443495
20261369,0.02,1.5808246708980216,0.03311410875068614,212,0.34408755687068515,0.02938435510695647,0.3947679948771086
20261369,0.03,2.0679039814607068,0.04306421484691829,212,0.3287222773955068,0.04253526982852555,0.5187548885965916
20261369,0.05,3.3838007755575252,0.06827743140612326,212,0.5427373385886181,0.0699973987989415,0.7662416257713041
20261369,0.075,5.20806674377619,0.1023270508524566,212,0.9543937254760487,0.10225075578203983,1.0745951219652605
20261369,0.1,6.9363382536690406,0.13396441475024373,212,1.2054703672969582,0.13711811500995422,1.3817045502037855
20261370,0.0,3.97259652164057,0.09484091709746925,212,0.37978003471810035,0.061477953284886824,0.39946646259497104
20261370,0.02,4.772843984115917,0.11011222031968146,212,0.7626233164061293,0.09068667611564897,0.6809747449757604
20261370,0.03,5.261232317428045,0.11918928550946675,212,0.8526851450401467,0.10639117148264361,0.8213198503719985
20261370,0.05,6.441299790351273,0.1418146142439312,212,1.0106504268300642,0.13599417085180118,1.1011219362913787
20261370,0.075,7.9248839760410235,0.17055737389295342,212,1.2533647396106335,0.17362863451281757,1.44906820827263
20261370,0.1,9.602136675983873,0.20123260062756534,212,1.5714755918382741,0.2096168656141702,1.7948133450018653
20261371,0.0,0.643147057001434,0.016031181641665105,212,-0.1007291710671808,0.013763835522165514,0.1300030568802796
20261371,0.02,1.5633826107352058,0.03547771979124849,212,0.1349601653071807,0.04418918309997625,0.31856434064585937
20261371,0.03,2.127106140875512,0.04610065624001508,212,0.07682662297768175,0.0595582873856086,0.4129024264900759
20261371,0.05,3.575201925510465,0.0735177250346144,212,0.283297077808287,0.08843469141972325,0.6016618289507357
20261371,0.075,5.450288990563074,0.1099017688167198,212,0.7659049427388835,0.12524168639756184,0.8377015981376676
20261371,0.1,7.20187116068966,0.14410193021407683,212,0.9868465020119045,0.16175425409023508,1.0737490047446137
20261372,0.0,2.049639358309888,0.04753950958143193,212,0.06488542270090467,0.02166216747638438,0.2228775903711646
20261372,0.02,2.393381153665076,0.05594016008651554,212,0.18066506411990035,0.04692146830631089,0.4906456165095677
20261372,0.03,2.6924446594828764,0.06274834301444383,212,0.18489404564451675,0.05998584700841397,0.6242705130612268
20261372,0.05,3.758951515003644,0.0864023750809035,212,0.5302549900707262,0.08434343227455574,0.8909464864766695
20261372,0.075,5.077889458534558,0.11348405279414055,212,0.9162655129555918,0.11555835702406211,1.2231026932084634
20261372,0.1,6.472304594322922,0.140859133697638,212,1.2368642962284557,0.14649216772216717,1.5537814289280374
20261373,0.0,1.1008113082073567,0.02646312439066353,212,0.19001279375461363,-0.003915626868973208,-0.35550639343719587
20261373,0.02,1.7381840429518443,0.04172111437911174,212,0.25332031081710543,0.02235343153720741,-0.08571616815316634
20261373,0.03,2.1214199353045156,0.05004700595613597,212,0.33868153415087493,0.03511211791019096,0.04895719467157039
20261373,0.05,3.6043185721903668,0.08025473336665055,212,0.5172866898509273,0.06233460867285493,0.31777923442891814
20261373,0.075,5.181597720235073,0.10738915196749113,212,0.9339036593510496,0.09425001433732867,0.6526580206757566
20261373,0.1,7.02433234078882,0.1375369698260677,212,1.3816203596648473,0.12658376277046343,0.9860313527947914
20261374,0.0,1.3778685086169893,0.027837459753070237,212,0.32046829036069197,0.0003609934539853714,-0.16594621310491334
20261374,0.02,1.1492177472722889,0.023470207031025984,212,0.2275806507768139,0.028929656969170645,0.09823100587835602
20261374,0.03,1.3244398936247594,0.026988485076889054,212,0.3611422084424591,0.043394485453755974,0.2304462744802262
20261374,0.05,2.7099276034027078,0.05290679097813353,212,0.5967596298348433,0.0719636610163937,0.4950712249442276
20261374,0.075,4.798970817672016,0.09161706633677157,212,1.132581437995085,0.10737891101844191,0.8260947475358332
20261374,0.1,6.844893532195778,0.12906514472509198,212,1.2908795989115749,0.14213976437624426,1.1572139893038336
20261375,0.0,1.6058320255599723,0.03918289515726002,212,0.020080170387954503,0.005193185262864675,-0.05481890268921216
20261375,0.02,2.066671903004954,0.047334178552994856,212,0.2417177663418666,0.03401582431447088,0.16236578262229365
20261375,0.03,2.6861298826406466,0.05880762582030002,212,0.4178438831282556,0.04819032189351051,0.27098654734810274
20261375,0.05,4.0633823270540335,0.085024967433782,212,0.5690406367831692,0.07702422598907085,0.48823806785560997
20261375,0.075,5.854665843819003,0.11982217616070917,212,0.9000350707360522,0.11152444719357033,0.7597245026998086
20261375,0.1,7.548156895516405,0.15307556181846488,212,1.1863409952909187,0.14587822282666577,1.0309877014227329
20261376,0.0,0.7451282740056032,0.01600865155375679,212,0.4136953128060896,0.02620249223736062,0.20104994314460584
20261376,0.02,1.8635735865985068,0.03670253729753645,212,0.5803664828544978,0.05731193521165993,0.48331346693443983
20261376,0.03,2.729496350811633,0.05130305835702406,212,0.7540505373663792,0.07273787676451551,0.6244429706534862
20261376,0.05,4.553027801919056,0.08082925060831238,212,0.8085494176856987,0.10354111536224285,0.9066174343669795
20261376,0.075,7.042139918881766,0.11928759862033933,212,1.2924438353056673,0.14012332150845083,1.2590121709869748
20261376,0.1,9.478231323966066,0.1570342006734448,212,1.770800394010684,0.1776722732449062,1.6108154325342274
20261377,0.0,0.592917528515358,0.0136721790281749,212,-0.25585081878424437,-0.0158555493654708,-0.002769491942314578
20261377,0.02,0.5366124363756954,0.011654200018024063,212,-0.19741960705290162,0.011584049517036843,0.23062618530025988
20261377,0.03,0.8732673433498683,0.018302624140784374,212,-0.018943450595258916,0.026201980189908165,0.34703954361828643
20261377,0.05,2.1888543977975843,0.04392291842469625,212,0.33406250980241176,0.05380082583013133,0.5792485563496611
20261377,0.075,4.170188361765882,0.0798512399741109,212,0.7003940012492896,0.09000616505132764,0.8682531084161522
20261377,0.1,6.273918310676544,0.11651742190252257,212,1.2491423528175514,0.12594523959724396,1.1557252309560015
20261378,0.0,0.8520031981406894,0.017140788471149197,212,-0.022759592056874667,0.03856997435666358,0.2828212818694814
20261378,0.02,2.728110149042944,0.05261799621494523,212,0.25860018639678756,0.06648731351231782,0.5042028394076747
20261378,0.03,3.5577071339405926,0.06822622666087712,212,0.461342703227774,0.08023834784817178,0.6149297479479968
20261378,0.05,5.21627119451886,0.09890094134803659,212,0.8086571469161117,0.10745623018376359,0.8364082226875222
20261378,0.075,6.908135260383059,0.13045176922635773,212,1.2429035756332163,0.1399707313676173,1.1132042082035032
20261378,0.1,8.725058028332366,0.16431705158980492,212,1.475442209385204,0.17297270172621437,1.389803222576599
20261379,0.0,1.1167267684109383,0.024617193324539773,212,0.6073110456878097,-0.005466618602479135,0.3501284754597629
20261379,0.02,1.3367916263513573,0.030357757314085812,212,0.6351694812464562,0.028088363004776375,0.5638312086067322
20261379,0.03,1.8808970785038153,0.041690391531964056,212,0.7140409076251062,0.045227615333568186,0.6708200357372679
20261379,0.05,3.4340646046953585,0.07250950360071769,212,0.8673422513319187,0.07959265601061782,0.8850312170557662
20261379,0.075,5.545457469424797,0.11279534897057981,212,1.0665481092200437,0.12019033827902899,1.153146901877088
20261379,0.1,7.648020208059262,0.15028695139235942,212,1.2407685548493872,0.16225196421402766,1.421530546967181
20261380,0.0,1.6553702847040133,0.03405320377850056,212,-0.03525209644979891,-0.052495104826354465,-0.4634620972456971
20261380,0.02,0.02179882119897996,0.0004700595613596651,212,-0.14866054921965527,-0.023335538551028604,-0.22906917192223525
20261380,0.03,-0.1460231004019268,-0.0031219533176578516,212,-0.1718076928831911,-0.006655592787094772,-0.11178374441299091
20261380,0.05,0.922667962216857,0.01846084680359498,212,0.08763515165225966,0.023277677188900454,0.12291365247914014
20261380,0.075,3.029840240058742,0.05477217984745083,212,0.3241295464690268,0.059781540074881824,0.41641627262376196
20261380,0.1,5.2233234464556615,0.09227043888611244,212,0.6915011935539984,0.09663973979796656,0.7099135086459065
20261381,0.0,2.2830618158907927,0.055286275489722196,212,0.36819572277950163,0.010481099304434739,0.10148876460247513
20261381,0.02,2.699487911571099,0.0612280741280856,212,0.3625835210393804,0.04029967065107858,0.3534887685854158
20261381,0.03,3.2563079153527688,0.07111315019785514,212,0.5241432285996519,0.053773175267698405,0.47919322016345495
20261381,0.05,4.8494221234529205,0.09758805167992529,212,0.7101272388455987,0.08247087474090399,0.7299602418668233
20261381,0.075,6.807393398905835,0.1301302034262119,212,1.1264584689950685,0.11790199821397847,1.0421127588712722
20261381,0.1,8.632170242072778,0.16155711582103735,212,1.338655527888106,0.1536377899212676,1.3526718227957906
20261382,0.0,1.853046506008009,0.037271422017221174,212,0.5581175897741161,0.0038987293030419744,0.23847291054875638
20261382,0.02,2.7990590218241107,0.05240908085434093,212,0.6833341365066952,0.03278332609639601,0.414405642093788
20261382,0.03,3.526558186449688,0.06565114002244815,212,0.6897840357259443,0.04779092488059053,0.5022964580754607
20261382,0.05,4.9399221615048585,0.09530278389958956,212,0.9779952699215971,0.07671546137523658,0.6779025267373509
20261382,0.075,6.293613451670004,0.12574707723314132,212,1.155950883404392,0.11187571174595895,0.8970308267525811
20261382,0.1,7.6878570260178085,0.15534546817522676,212,1.396773641101432,0.14693355262618898,1.1156674504711268
20261383,0.0,0.36410990326583365,0.00816613277185623,212,-0.0441052821492285,-0.012948655977846777,-0.2775522015500191
20261383,0.02,0.5510059208743251,0.011901518937562982,212,0.08130475787173527,0.014613322245799167,-0.0763750156525781
20261383,0.03,0.9662988427439053,0.02012602511899983,212,0.15781418525709037,0.02747902653634718,0.0242516029306813
20261383,0.05,2.2577593149171244,0.044270086597465154,212,0.45618308408383934,0.05387097633111856,0.22553359898679728
20261383,0.075,3.985886828512558,0.07536263200583325,212,0.5694752541630058,0.08686065755085655,0.47709237632375157
20261383,0.1,5.631940329798261,0.103452531152967,212,0.7799518522367732,0.11957741747843258,0.7284646093672532
20261384,0.0,1.4264555654078321,0.029993179527933206,212,-0.2133367987121119,-0.0475558950999107,-0.3302380908745474
20261384,0.02,0.16218572639881565,0.003760988538329825,212,-0.1900036166897845,-0.016652295201500914,-0.09322894197628476
20261384,0.03,0.07504074179508953,0.0017686119008020673,212,-0.03075206626461911,-0.0012176488419534848,0.025191372966964873
20261384,0.05,1.1777065730849159,0.025709902588092644,212,0.24066642123812937,0.030172396136294743,0.2618166432990228
20261384,0.075,3.289521298009118,0.06278674657337843,212,0.6449713269676619,0.06862920800596432,0.5570984873653776
20261384,0.1,5.567067705275083,0.09961831982893521,212,1.009308717603431,0.1078310489189654,0.8516905920965626
20261385,0.0,2.2588184965423395,0.05348898893158227,212,0.17557427733733108,0.009333088916016023,0.022785843402798975
20261385,0.02,2.6752794133350686,0.05999352772020088,212,0.31018491905064915,0.036187929607812606,0.26883357075742415
20261385,0.03,3.0845766700003003,0.06669827706273196,212,0.4782819508284766,0.04961534995371092,0.3917530178016984
20261385,0.05,4.133099926508867,0.08567373155605076,212,0.885080832265947,0.07347573714351256,0.637340886679655
20261385,0.075,5.609042597972794,0.1125889938472378,212,1.2095642108013338,0.10569017852022382,0.9437686677671878
20261385,0.1,7.163778644800147,0.14021139367027421,212,1.7421393697729324,0.13669721200403084,1.2494564671929898
20261386,0.0,1.834150888490108,0.04315484724600398,212,0.28864018997670954,0.005902370984523875,-0.31767250439941486
20261386,0.02,1.839688617371655,0.04319427489984351,212,0.22581669325902148,0.031879050295348973,-0.06709196633045152
20261386,0.03,2.2048650768166866,0.0502461924151435,212,0.2628370244494632,0.044079604945149474,0.058035014495985256
20261386,0.05,3.3241088317788403,0.07112595138416666,212,0.49927367124721234,0.06902553273416955,0.3079088720631511
20261386,0.075,4.870240844995049,0.09810777984417371,212,0.785318990573062,0.1008554264740822,0.6194293647649061
20261386,0.1,6.424051110079492,0.12552382454386815,212,0.9529042748847781,0.13210158611818876,0.9298845436477587
20261387,0.0,1.2107808674980811,0.02659932901301829,212,0.027158750516774577,0.026186618766334314,0.27632935685552906
20261387,0.02,3.224167670647814,0.06054039439942979,212,0.25043716392081944,0.05696271884908118,0.49091619137963366
20261387,0.03,4.289564261294058,0.07624386567151951,212,0.6204089968994829,0.07277320803873537,0.5982889002473385
20261387,0.05,6.281343774253695,0.10736303754741558,212,1.102390290584744,0.10217753299633783,0.8131506657824095
20261387,0.075,8.617153212247043,0.14579527113936702,212,1.5590785528987599,0.14215512579981812,1.081858493270278
20261387,0.1,10.761137271833277,0.1806882327399045,212,1.8244111694334397,0.18059196781884168,1.3505872318042678
20261388,0.0,2.8748336314410627,0.06384975708468855,212,0.36679027687361426,0.01946497185787201,0.12139553556133566
20261388,0.02,3.3518795243656867,0.07221354017319494,212,0.48661326638356805,0.048100713589329755,0.3532214194973146
20261388,0.03,3.8247448790896943,0.08065054604740332,212,0.5068118308730069,0.06228442802251371,0.46905463781654533
20261388,0.05,5.002318331532068,0.10087027585020358,212,0.6734383965041414,0.09095959740781098,0.7005162025759681
20261388,0.075,6.477196054788674,0.12712755716497762,212,1.0330530191758127,0.12528418633611613,0.9893659086276381
20261388,0.1,8.326181024862027,0.15914178798777637,212,1.3958910075653725,0.16043982827976633,1.2775547263256941
20261389,0.0,2.861293839649535,0.07621263077691937,212,0.42265650759325774,0.021078433380578243,0.28551947955396656
20261389,0.02,3.4708605308588116,0.0868693623575484,212,0.6668143404577763,0.05309880877280659,0.54680559914441
20261389,0.03,4.0898310560698645,0.09728440754061563,212,0.7477535512166449,0.06924571313872799,0.6772486294930563
20261389,0.05,5.506454583534939,0.12104545752463972,212,0.9315833755178317,0.09959374155121704,0.9376597911026737
20261389,0.075,7.3277352944762475,0.15015637929198175,212,1.3169815063726602,0.13622561630031377,1.262130911388276
20261389,0.1,9.116901373114702,0.18130166558795338,212,1.6483566429015024,0.17416474819554476,1.5852312516236708
20261390,0.0,-1.7065508956410407,-0.03373880664268919,212,-0.11397082758740516,-0.015496604101295275,-0.06959179440989631
20261390,0.02,-0.22924259583068152,-0.004369812959306561,212,-0.025214439854496604,0.01438238884473902,0.1816672095294935
20261390,0.03,0.9448896862978079,0.017875064517979003,212,0.20901760843095896,0.028946042487649423,0.307198562022045
20261390,0.05,2.7215328459903536,0.05169733489541943,212,0.5014758697975032,0.056431725640878595,0.5579864997862419
20261390,0.075,4.810762764432268,0.09121101270696959,212,0.8642960105823915,0.09083465782941036,0.8707956474981375
20261390,0.1,6.650729863769251,0.12529493933261782,212,1.2659353187152327,0.12458268132624385,1.18262929198289
20261391,0.0,1.019122671033767,0.021240240375556087,212,0.14702397472974313,-0.01363633570650259,-0.19484823416261773
20261391,0.02,0.158208413740836,0.0033482782916458447,212,-0.03664650963714442,0.013567721347872751,0.049467064650046653
20261391,0.03,0.3046699800331718,0.006084659877600176,212,-0.04389469375097367,0.027403755560835335,0.1713050810378565
20261391,0.05,1.6886345701268946,0.03025842010830828,212,0.25193652256773114,0.05449925855528883,0.41427258342934803
20261391,0.075,3.8196088634886185,0.06588360956586568,212,0.5335215598700105,0.08791752349273713,0.7165137663651486
20261391,0.1,5.998231561841337,0.10234138818112551,212,0.9838507505430012,0.12241108808035459,1.0169312170101714
20261392,0.0,1.2049713794848256,0.026202492237360615,212,0.03593770566514158,-0.014798683423590236,-0.1889883510600792
20261392,0.02,0.6897760343313101,0.0154044355598522,212,0.02250708801384225,0.016127958610180324,0.062248291408078284
20261392,0.03,0.7107863734836293,0.01569220622813557,212,0.09615595568789345,0.031268689732014854,0.18778511588158983
20261392,0.05,1.9290762631496121,0.04085626623190425,212,0.3087358197280366,0.061963374269820334,0.43863016746989014
20261392,0.075,3.8839441420751344,0.07821780860075866,212,0.6584334353261585,0.10044527646466053,0.7516234517583096
20261392,0.1,6.132334266815031,0.11834235902309538,212,1.0656554237191826,0.1382502519273466,1.0638028159488813
20261393,0.0,1.3246363107918335,0.028449868506214206,212,0.2263790908594026,-0.0072413750727107415,0.011137624157190428
20261393,0.02,1.7367274922290166,0.036325158325072306,212,0.4806742067542971,0.019949880795353068,0.24602619387224461
20261393,0.03,2.128815432563536,0.04197508991553266,212,0.6110884731904828,0.03341314446292367,0.3633612560186547
20261393,0.05,3.691419328022194,0.06630348847688412,212,0.7938950109652082,0.05979536535609828,0.5977615268940568
20261393,0.075,5.285792241721889,0.09346606968761008,212,0.9611028931813054,0.09336058791240302,0.8901507325939654
20261393,0.1,6.898051443288287,0.12234913033860674,212,1.216708003405366,0.12581466749686626,1.1817137613646265
20261394,0.0,0.18771777130866904,0.004148608459843192,212,-0.054501507143710076,-0.02183728770512621,-0.1829325137992801
20261394,0.02,0.38577566704229527,0.008286975970637152,212,-0.17880976427851716,0.007903452428743478,0.11408276979019577
20261394,0.03,0.9120156723929734,0.018853587199632964,212,-0.053269566349414134,0.02223514857568881,0.2626627862430077
20261394,0.05,2.270342016746781,0.04334020842379505,212,0.3700827419456761,0.05053447513087934,0.5598850385100894
20261394,0.075,4.2363352406844275,0.077368321877125,212,0.6713478810208717,0.08600297806798352,0.931358984565127
20261394,0.1,6.324630964431008,0.1120738741100615,212,1.088719034829103,0.12170753488067249,1.3025319862783775
20261395,0.0,2.4634160602968853,0.057286332839036856,212,0.15437015144992866,0.02243945550922095,-0.3110245311933978
20261395,0.02,2.7857351115858444,0.065766350699252,212,0.29601224930923176,0.04759890708591747,-0.03896029224272091
20261395,0.03,3.179292153003347,0.07436362742608084,212,0.3877182633726653,0.06106524303820284,0.09714169194008697
20261395,0.05,4.332684757414153,0.09924913361571043,212,0.5255077589398777,0.08684171179511549,0.36943699873946234
20261395,0.075,5.664735359062769,0.12595855283100796,212,0.7864646549022791,0.11849238892666662,0.70987733094592
20261395,0.1,7.131431780877391,0.15386155465799328,212,1.108427734040551,0.14917222408835074,1.0502550901734522
20261396,0.0,1.3476729333899753,0.030877997525786707,212,-0.013556183383192312,-0.01285034286697417,-0.2046461878511404
20261396,0.02,1.3436659713669785,0.030253299633783662,212,0.014634888317529,0.013883142578589046,0.032877150568924686
20261396,0.03,1.8352202220658937,0.03952033442843215,212,0.20167705963400745,0.02680466004145536,0.1515320232108383
20261396,0.05,3.161960858364515,0.06397828099525639,212,0.4942018849224464,0.05477934851178528,0.3885824251190134
20261396,0.075,4.979649353464085,0.09833564096051908,212,1.0059414902780743,0.08826264347569619,0.6843155638793511
20261396,0.1,6.7490258650417045,0.13347080100607084,212,1.3117130584210668,0.12332406868809345,0.9792734052635572
20261397,0.0,-0.30715651556135876,-0.005790744639887273,212,-0.029856747230804434,-0.0034604166837349164,0.0750544116125815
20261397,0.02,0.23961827779892486,0.004349331061208106,212,0.08038078255115379,0.02835001925298421,0.31811945775631595
20261397,0.03,1.4340314929447662,0.025159451576696513,212,0.19022322357507837,0.04472017630817884,0.43963022843684135
20261397,0.05,3.7247866955672797,0.06434593106612375,212,0.580437907739993,0.07605645630391861,0.6825362331900228
20261397,0.075,6.165790810391682,0.10697797786316454,212,0.8199134508105484,0.11531615857904783,0.985803968770872
20261397,0.1,8.384910454280568,0.1461019875633915,212,1.1767152009024213,0.1535778803693296,1.2884580514496924
20261398,0.0,1.745247713984081,0.03146275571649776,212,0.22731673372679342,0.02356493580973136,0.15511302652374998
20261398,0.02,3.547565309780271,0.06271301174022398,212,0.403770800701446,0.05615522001654938,0.4205948289912707
20261398,0.03,4.350729783383202,0.07701347299256917,212,0.5573457440035233,0.0713502281683448,0.553372946050571
20261398,0.05,5.964630292616881,0.10626162347717087,212,0.8835280313581741,0.10242638805823413,0.8189302678127214
20261398,0.075,7.9596661588775905,0.14370304524860927,212,1.1655575829677327,0.14206961387525704,1.1507275677053617
20261398,0.1,9.8306725328369,0.17904302427514565,212,1.5582286041035,0.17980904726402805,1.482145124013984
20261399,0.0,1.6867817404825656,0.03937286476212323,212,-0.0032177830468100256,-0.03459751022046715,-0.49642764402786455
20261399,0.02,1.253316946064611,0.029911763982991835,212,-0.1033242252708648,-0.005793304877149578,-0.2822743119719658
20261399,0.03,1.2334491833823849,0.02889278955259342,212,-0.16379672242475155,0.008862005259751431,-0.17523471399050553
20261399,0.05,1.8027952600132646,0.03913373860182372,212,0.03044306970254995,0.036831573255556735,0.03873479906460587
20261399,0.075,3.5464048100263232,0.06936194791043676,212,0.1907118561210627,0.07189555870521633,0.3059180208313536
20261399,0.1,5.4103251342527345,0.10219852694188877,212,0.5657567252958801,0.10443361407188327,0.5726889472211274
20261400,0.0,2.4896366169290003,0.05108748637953777,212,0.6233421516545056,0.017352776116468266,0.3872234024695792
20261400,0.02,3.0198423836038755,0.06132997157112543,212,0.8118863379903287,0.04432794795959331,0.623409939217189
20261400,0.03,3.4598680450143187,0.06985965803422935,212,0.9719643032023625,0.05796735595081067,0.7411945452606902
20261400,0.05,4.660177467043725,0.09121050065951714,212,1.21446537394167,0.08539825002662646,0.9760950938947545
20261400,0.075,6.106709500177868,0.11733669782646099,212,1.4289160490109243,0.11875148493761212,1.2683633638878922
20261400,0.1,7.661916725428997,0.14505689871291752,212,1.6870254187254896,0.15177854562137982,1.5589803480105577
20261401,0.0,1.6703755237450397,0.03522630449208989,212,0.13885320726237865,-0.007697609352853951,-0.20823082533704595
20261401,0.02,1.7672477961873594,0.034963624148977135,212,0.25632377330715994,0.019452170671560468,0.006277793981843441
20261401,0.03,2.288314997545068,0.043699665735423034,212,0.295971982286913,0.03282992241457001,0.11362834124918798
20261401,0.05,3.551304331202291,0.06392810034491517,212,0.7974330373882867,0.06063000270361054,0.32848768104856235
20261401,0.075,5.457663847765077,0.09674163724100639,212,0.9922432773543833,0.09600736119417658,0.5972875689391701
20261401,0.1,7.158419958229631,0.1289289401027372,212,1.2270293540663835,0.13135502093249987,0.8662373776904856
20261402,0.0,0.6850178386395072,0.014727508827698074,212,0.13053679865650322,-0.022245901572190495,-0.13093934659631262
20261402,0.02,0.8696911980096553,0.018250907348085762,212,0.20002131680908403,0.008815408941577438,0.10183901130199921
20261402,0.03,1.2479849862367487,0.024978186778525136,212,0.3457761592925931,0.023942314782195488,0.21808627273446637
20261402,0.05,2.736248995038522,0.053366097542991514,212,0.48138109948904445,0.05393498226267624,0.4502441093092225
20261402,0.075,4.530275376619021,0.08792110782490435,212,0.7277285196460958,0.09055098354074669,0.7397022766081257
20261402,0.1,6.224781826695319,0.12044636200525977,212,0.9449955781586059,0.1274598759616251,1.0281887079790548
20261403,0.0,2.1457089280316914,0.05247718316551832,212,0.17230201621447885,0.021824998566267132,-0.23194987759960045
20261403,0.02,2.927661296527012,0.07001173612761041,212,0.1534535693008782,0.05333076626877165,0.048873585880466794
20261403,0.03,3.6045690313593144,0.08351186721175824,212,0.21604651808756478,0.06916071326161936,0.1891199662529896
20261403,0.05,4.95455575911536,0.11036158742903024,212,0.5642991517545637,0.10118979346053958,0.46922207270592264
20261403,0.075,6.718712646927169,0.14516494072538688,212,0.8973864337394774,0.14000094216731251,0.8184948601516807
20261403,0.1,8.542465915915098,0.18000260120105852,212,1.3058910981856076,0.1783901637732572,1.1666469879383736
20261404,0.0,-0.12403163521082002,-0.0024788217173661907,212,-0.3415985357111704,0.0041696024053941155,0.0549898236144178
20261404,0.02,0.4342293729595404,0.008974143651840509,212,-0.10838365040306883,0.033239560376539204,0.29111504494388113
20261404,0.03,1.4035925092697958,0.028263483233518218,212,0.14269995301059304,0.04766598530218991,0.4093152615966245
20261404,0.05,3.688948057823211,0.0701330913738438,212,0.4594317555709002,0.07758799023423099,0.6459503731877739
20261404,0.075,6.196881011887202,0.11307134254745654,212,0.8135362554905438,0.11379384150287976,0.9421000225315364
20261404,0.1,8.450976978088553,0.1496049041856807,212,1.1781998172616532,0.14878460416683736,1.2385249662398732
20261405,0.0,1.5964033440386318,0.0389821725558951,212,-0.04311251280236456,0.007107730687618283,0.07117468347254265
20261405,0.02,1.761081116004505,0.041846566004964815,212,-0.014610905807532803,0.035129015476122204,0.30970361930309026
20261405,0.03,2.3032626051445,0.05165944338393727,212,0.10313838446385591,0.05009667455902473,0.4292295026848063
20261405,0.05,3.6301742442821725,0.07344757453362719,212,0.4189375751928267,0.07694332249158194,0.6687610875989211
20261405,0.075,5.584611310236941,0.1071525860444539,212,0.873873287438942,0.11159050131493783,0.9689850956292987
20261405,0.1,7.230008248487114,0.13619540550061857,212,1.0938108768043353,0.14431135762213357,1.2699791505218123
20261406,0.0,0.05832608060925115,0.0011787332355664081,212,-0.26968014795700546,-0.011768386599922988,0.005063124597705954
20261406,0.02,1.0443461650667287,0.020253012887210285,212,-0.001713765048850563,0.017638498594941793,0.22019261469641863
20261406,0.03,1.7571145614524388,0.03318937972619798,212,0.28531041765867743,0.032342453239826645,0.3278374057572632
20261406,0.05,3.549769137222343,0.06561785693803816,212,0.42507903459440805,0.0628538247896509,0.5432508420457347
20261406,0.075,5.658841279725853,0.10331427834080241,212,0.9500273567970273,0.09963009692034179,0.8126747753095082
20261406,0.1,7.768669674348353,0.14025133337156623,212,1.3545318355376892,0.13649648940266593,1.0821667377922626
20261407,0.0,-0.03934681945807296,-0.0008018663105547341,212,0.01469855906213777,-0.002085569273875753,0.13364528155864447
20261407,0.02,0.907582961026023,0.018285726574853143,212,0.3267501252047187,0.02675396734366168,0.3477415475866543
20261407,0.03,1.522758525975792,0.0304750161806995,212,0.5106238289008838,0.041419006382159444,0.4549611489238122
20261407,0.05,3.264636626871538,0.061888615341760954,212,0.5974230627740901,0.06898712917523493,0.6697004223853883
20261407,0.075,5.495035946612068,0.10150316650144603,212,1.0332275564992093,0.10273105629244876,0.9385977419312063
20261407,0.1,7.483424005980604,0.13636386911247836,212,1.230530897032997,0.13814323400978215,1.2078931360361123
20261408,0.0,0.7632316667776404,0.017534552962092106,212,-0.24344844226692586,-0.0042156866761156415,-0.3025550345206621
20261408,0.02,0.6637936156283576,0.014698834170360237,212,-0.3880229575064138,0.023999152049418722,-0.07877996775775761
20261408,0.03,0.9902022530822027,0.021276083697228387,212,-0.3640215232052161,0.03797497521690331,0.033076362745707535
20261408,0.05,2.2971072075258054,0.04654562547620414,212,0.13537406264453122,0.06488102065394605,0.2566919817405246
20261408,0.075,4.349234166415943,0.08577460490418568,212,0.3123506410049824,0.09782564169786742,0.5359583484855209
20261408,0.1,6.16809181867993,0.12028455501028192,212,0.8899987308929262,0.1309377022587437,0.8148432148844367
20261409,0.0,-0.18635993162055536,-0.0038168017106481288,212,0.09329915702701291,-0.018543798490893746,-0.07093726409589106
20261409,0.02,-0.4785796035207031,-0.009236311947500795,212,-0.20802484334351987,0.010214834629154748,0.14743071135534924
20261409,0.03,-0.0676591198520089,-0.0012540042110782516,212,-0.1865658264419698,0.02446972365823086,0.25684411107524935
20261409,0.05,1.9674970557980054,0.034849949614530674,212,0.17222676081062233,0.05388531365978747,0.476094950517584
20261409,0.075,4.408524449047429,0.07790648374966205,212,0.511454541374681,0.08900562432921783,0.7508807386627975
20261409,0.1,6.485429295435587,0.11550151975683891,212,0.9008926720144579,0.12538249944698876,1.0263644855115681
20261410,0.0,1.738285336270963,0.0369611212610295,212,0.20687755530510168,0.004570535560671478,-0.05830125083573752
20261410,0.02,2.7973283811934073,0.05621256933122505,212,0.48991694082466175,0.03363639715219689,0.12023770213396388
20261410,0.03,3.4568786829567695,0.06725692083336747,212,0.6279107089121527,0.04763219017032747,0.20952736828037197
20261410,0.05,4.623718635751072,0.08640954374523796,212,0.6928265325631358,0.07628738970497874,0.3881272449179465
20261410,0.075,6.311572852642491,0.11714672822159775,212,1.0012249912774207,0.11165348315159063,0.6113746601022514
20261410,0.1,8.05758308339321,0.14900580866630073,212,1.258362551705001,0.14674511916368319,0.8345614524361108
20261411,0.0,0.9352413041787532,0.02223514857568881,212,-0.1611247342349978,-0.010350015156604594,0.09525608682361834
20261411,0.02,1.089723842825124,0.025584963009692038,212,0.026613501770553053,0.020775813336173485,0.29413954330442066
20261411,0.03,1.3925139484678533,0.03173721315101713,212,0.2635422151618197,0.03665389278955259,0.39350202950467883
20261411,0.05,2.665644503233366,0.05547470895222802,212,0.606678562891666,0.06722158955914763,0.5920473311463914
20261411,0.075,4.875810838790471,0.09532121760787816,212,0.8792040145917223,0.10510029985498816,0.8398486636169247
20261411,0.1,7.1670115481732015,0.136595314560991,212,1.3251594690737103,0.14245160127479334,1.0871665375470871
20261412,0.0,0.19223103349105025,0.003827554707149824,212,-0.2522488716230059,-0.03591244807838833,-0.2403201524718279
20261412,0.02,-0.9826703721280906,-0.020641144856176113,212,-0.4794890274644224,-0.006328906512424321,-0.003094339410539207
20261412,0.03,-0.7687419828263043,-0.01622217534143324,212,-0.5206028387919334,0.0086894452682719,0.11570913369036041
20261412,0.05,0.5688381332503527,0.011395616054531,212,-0.177696375236327,0.038126541262831916,0.35365568695817556
20261412,0.075,2.709483443460575,0.05194106948279111,212,0.34581866246786297,0.0745290187532259,0.6516390543245648
20261412,0.1,4.880980753788779,0.09112550078240851,212,0.7912384794747228,0.11025968998599038,0.9501100300564436
20261413,0.0,0.37234511467983783,0.0075194168393973426,212,-0.18222723324475587,-0.003713368125250912,-0.16851756504707832
20261413,0.02,0.39697038959796305,0.008515349134434988,212,-0.2425917759093329,0.025020686717079445,0.1220906426091046
20261413,0.03,0.8378794986496034,0.018111118393563774,212,-0.0749287863136185,0.03929452150189662,0.2672730652048784
20261413,0.05,2.6795868133801353,0.05426064444244176,212,0.39219404104367434,0.06908134590648785,0.5573239518527738
20261413,0.075,4.950546063826245,0.09727109430685159,212,0.9986980665035926,0.10498611327308924,0.9191544302592598
20261413,0.1,6.778089876300519,0.1304364078027839,212,1.3715634010260227,0.1399789241268567,1.279968153407313
20261414,0.0,2.0717134925018565,0.05171116017663589,212,0.09113663565866331,0.01109145986776887,-0.03755474745874415
20261414,0.02,2.292248225043657,0.05447621641992807,212,0.18659078460564882,0.0388956365364291,0.1842533320708826
20261414,0.03,2.6327224423403517,0.06059620757174808,212,0.2488903238621968,0.05231896050270771,0.29511438508222765
20261414,0.05,3.660107481770713,0.07955066811951597,212,0.3489641747630179,0.07946003572043028,0.516710395282564
20261414,0.075,5.102083063807805,0.10705017655396161,212,0.6890989498007349,0.11332480603642502,0.7933865547428752
20261414,0.1,6.530638435400379,0.1367909166878313,212,0.9381874144129907,0.1459447889954858,1.0695925368794452
20261415,0.0,0.6549377918067342,0.01475669553248839,212,-0.20412682352807068,-0.0014199075856757763,0.023270089711635526
20261415,0.02,1.598256289088284,0.03435121539583316,212,-0.03161859254789912,0.028323392785456213,0.24109511079538698
20261415,0.03,2.1119701275146676,0.04377749694819718,212,0.10389483989340681,0.042560360153696165,0.34997833862462135
20261415,0.05,3.399007975787171,0.06694610802972333,212,0.4441725492480169,0.07044697646220272,0.5676486165710171
20261415,0.075,5.132590820427645,0.09987946402969056,212,0.696061447299038,0.10665026749358916,0.8394787850580877
20261415,0.1,6.725925894463293,0.1301675828902416,212,0.9976520599059497,0.14208804758354565,1.110913762266488
20261416,0.0,1.9638278901042079,0.038968347274678634,212,0.40648988384717866,-0.02770688765269255,-0.49474580487278236
20261416,0.02,1.5737457498025524,0.03455296209210301,212,0.1632574864884979,0.0010338238065198025,-0.18963648595072893
20261416,0.03,1.6290925519329724,0.03672762762270706,212,0.14429007619077588,0.015201152721224982,-0.037469041006709815
20261416,0.05,2.131947511393468,0.04802134623419822,212,0.14124557179260483,0.04374318976888226,0.26602360557294774
20261416,0.075,3.577058943326593,0.07649630506558305,212,0.35265191912724503,0.0806454255728787,0.6436733455008392
20261416,0.1,5.397787491439937,0.11104670692042373,212,0.7487426531579008,0.11628034393203286,1.019227624185535
20261417,0.0,2.136443251025576,0.051521702619225125,212,0.06810931445517439,0.025747282052122334,0.13780893786095483
20261417,0.02,2.644534458108299,0.06224704855848401,212,0.20141286888097865,0.0504510113961281,0.32439350952879287
20261417,0.03,3.0243627549310745,0.06977977863164535,212,0.4160679542619928,0.06292960781261521,0.41762771828580614
20261417,0.05,3.8975774804939505,0.08746333740240375,212,0.5865417844767487,0.08911725067385447,0.6039601903272539
20261417,0.075,5.172190763966937,0.11425826854226233,212,1.0144744223313442,0.12095072874593435,0.836580273844314
20261417,0.1,6.466997351898427,0.14094771790691385,212,1.2004579147133918,0.15200487059536782,1.06881495599838
20261418,0.0,2.876357447716868,0.06499623133074989,212,0.4857574075367058,0.03072028691042857,0.13656289376053837
20261418,0.02,3.8721542587705553,0.08535216575590494,212,0.6595597052160392,0.059739552183779986,0.37398726707022234
20261418,0.03,4.430011774706134,0.09634582456025363,212,0.8461529244271933,0.0737174235410744,0.49270803249746725
20261418,0.05,5.580152392785495,0.1192440745868801,212,1.0597012171533704,0.10201828623862232,0.7301345623709681
20261418,0.075,7.182679988040855,0.15105195028633694,212,1.3854813071331953,0.1365328447717907,1.0268232777481687
20261418,0.1,8.619101125404482,0.17856630809690396,212,1.6434714385874711,0.1689116533807421,1.3233133779029516
20261419,0.0,1.101397138048821,0.024359121408499173,212,-0.014595653606722337,0.015853501175660954,0.06047976302911425
20261419,0.02,2.1407489963938167,0.04558041602831418,212,0.038527321244173136,0.0429510523599243,0.34547174272883824
20261419,0.03,2.7237145132888583,0.055831093979141225,212,0.14626176419530654,0.05670771921775536,0.48780318954132956
20261419,0.05,4.324216101087189,0.0841124988734956,212,0.4951767906136395,0.08359840323122424,0.7720564948644197
20261419,0.075,6.39540946910565,0.1190566652192792,212,1.0481356259081,0.11858660565791952,1.1264408057402402
20261419,0.1,8.254533661733584,0.15014562629548006,212,1.5526396496513335,0.15207399700145013,1.4795598628678672
20261420,0.0,0.26068348126264984,0.005299691132976679,212,-0.2774512124838472,-0.004404120138621489,-0.0876502609475232
20261420,0.02,0.7670575492015075,0.013987088211438728,212,-0.08452194450424651,0.026142070637970166,0.16091048533043528
20261420,0.03,1.4569927322500367,0.025578818440262493,212,0.13708220672689073,0.04018650816408458,0.2849212467457651
20261420,0.05,2.758317976756083,0.04936649489181461,212,0.4351796029648981,0.06927387574861339,0.5323427041048024
20261420,0.075,4.745255062860855,0.08652168213732703,212,0.7842460081591336,0.1042707829820005,0.8403711907695022
20261420,0.1,6.762183531536236,0.12323650857372254,212,1.0280178724984927,0.14012792993552298,1.1468421364919228
20261421,0.0,2.27472409218273,0.05069730622076209,212,0.07621559169297985,-0.008331524099001304,-0.26956930664297346
20261421,0.02,1.8943916778210772,0.04332484700022121,212,-0.09496410254916403,0.02024328398561351,0.011513553246259762
20261421,0.03,2.0986969782222813,0.047143696900679176,212,-0.06540350431722401,0.03497949762000344,0.15203068714462534
20261421,0.05,3.2027825765877767,0.06589282642001,212,0.2894502031185294,0.06391683530096101,0.4329216073630245
20261421,0.075,4.8590653357750675,0.09189152377129095,212,0.7120206754596036,0.09844931549496555,0.7835717658486244
20261421,0.1,6.895129418072185,0.12316379783547302,212,0.9291996441190704,0.13295056079436995,1.1334333987650032
20261422,0.0,2.015660823827624,0.050651221950040556,212,0.13013041532415176,0.024775928034802837,0.0832029526813018
20261422,0.02,2.5156813222392005,0.06172578425187819,212,0.24760960770937254,0.05156215436796959,0.3669144750008148
20261422,0.03,2.9886730276164335,0.07140040881868605,212,0.3554225798215413,0.06439713581136991,0.5086398765457647
20261422,0.05,4.279894340454037,0.09539956086810476,212,0.7385044912104474,0.08997902653634718,0.7917415464304441
20261422,0.075,5.787956383621102,0.12201117901998215,212,1.2436957354034333,0.12121750546866679,1.1447832091723524
20261422,0.1,7.4569816600314525,0.15150716047157525,212,1.6294171332594372,0.15406125316445327,1.4966439127393967
20261423,0.0,0.22306655286823004,0.004922312160512541,212,-0.29096864366304187,0.014798683423590225,0.13887680365426605
20261423,0.02,1.5012285058948474,0.029519023586953845,212,-0.020125914251219804,0.04572839774207555,0.3750359580660957
20261423,0.03,2.6820147472773495,0.0501437829246512,212,0.19765899579761595,0.06193213937522018,0.49319908088157255
20261423,0.05,4.682972759764357,0.08369569224719195,212,0.5176364369416859,0.09268058889553411,0.7296563978393776
20261423,0.075,6.899361562496829,0.12150117975733048,212,0.8559511267271773,0.1300052638478113,1.0253991699029217
20261423,0.1,8.762589347686815,0.15254559270516715,212,1.0506045476907175,0.16545430898172195,1.3212261529313065
20261424,0.0,1.0194583529868797,0.0205003318067492,212,0.06532453512814342,0.038441450446095746,0.10026310736258662
20261424,0.02,2.8526582560080747,0.05683009855889365,212,0.4859041428612517,0.0685483045084754,0.3743743633019783
20261424,0.03,3.598220131293787,0.0713901678696368,212,0.5886028071926047,0.08236590501314937,0.5112323916306224
20261424,0.05,5.040682495734649,0.10050774625386084,212,0.7171089165531744,0.10997140727025453,0.7845084108323133
20261424,0.075,6.722613338329944,0.133541975601963,212,0.9790100995282659,0.1456928616488747,1.1251869761454012
20261424,0.1,8.27671495837522,0.16331036629826556,212,1.2940802613815579,0.18070922668545542,1.4647198210089274
20261425,0.0,-2.1283456432907464,-0.046818546768366116,212,-0.7561944081977338,0.03083908191939963,0.3110114540588209
20261425,0.02,0.34005640639935586,0.006766195036826451,212,-0.37285176756332805,0.061759067336288186,0.4957260234968931
20261425,0.03,1.8740779582423313,0.03608603216477277,212,-0.1890114925477262,0.07719012936366838,0.5882184239533728
20261425,0.05,4.248676887518725,0.08222150763155522,212,0.3878916279430904,0.10778496464824386,0.7734483386889786
20261425,0.075,6.593270652306082,0.12848960338852522,212,1.0362328163918484,0.14616138506787701,1.0053929581941796
20261425,0.1,8.597214300346334,0.1672485232551471,212,1.347981340253963,0.18369958380783064,1.2377152400615992
20261426,0.0,1.2351285232318276,0.026539931508532757,212,0.05805701856084664,0.004648878820898086,-0.30540542351442523
20261426,0.02,2.2172531575381687,0.04445083934818407,212,0.3548701889210849,0.03279049476073046,-0.02607841061616171
20261426,0.03,2.8892812057886217,0.05534208866204049,212,0.5614320881460457,0.04621689101172385,0.11351429424645099
20261426,0.05,4.68276759391413,0.08264497087474092,212,0.7462565137278273,0.07474868711033189,0.3924684372107057
20261426,0.075,6.730471950460111,0.11371396210029576,212,1.1025699299352139,0.10979372680425038,0.7405436938303233
20261426,0.1,8.860742331375938,0.14613271041053918,212,1.3707772403904166,0.14512244078683262,1.0876753791571907
20261427,0.0,2.217686317016297,0.046622944641525825,212,0.23450979698544905,0.010142123890905219,0.07317751824943372
20261427,0.02,2.853011995779723,0.05723666423614809,212,0.35953736688766286,0.0417083131928002,0.32810185596784214
20261427,0.03,3.3821642109570624,0.06519080936268527,212,0.4122851966495906,0.05752289876207409,0.4555746906163137
20261427,0.05,4.986354620528774,0.09078396513161668,212,0.6239659067869718,0.0884817997853497,0.7104488871677171
20261427,0.075,6.8049423818798305,0.12234093757936731,212,1.0689786809812918,0.12626578130248486,1.0287164542167642
20261427,0.1,8.813076267534246,0.157304049680892,212,1.3394832206513905,0.16360274539362113,1.3463535240551718
20261428,0.0,1.165529190744354,0.02824965795230176,212,-0.007803346919182099,-0.006415954579342778,-0.3337420148054804
20261428,0.02,1.3406319962974222,0.03253498308195217,212,0.1597646309011546,0.023513731064485205,-0.06232472572035819
20261428,0.03,1.5276192634493273,0.03533639469436912,212,0.34520693698700705,0.03743630129691379,0.07307679799260215
20261428,0.05,2.9860145940427087,0.062277771405631704,212,0.3886193153023087,0.06751499274940807,0.34318918753897293
20261428,0.075,4.802523329982751,0.09447992364348388,212,0.5842353222604799,0.10310536298019812,0.6793801462541685
20261428,0.1,6.768788547570904,0.12818647129666802,212,0.9822838903695374,0.13943564177979503,1.0137470316306179
20261429,0.0,0.5348835039750149,0.011276308998107467,212,-0.2016080788222517,-0.0027793935719611024,-0.34489925946197725
20261429,0.02,1.1231303275279743,0.02479384969563899,212,0.03475621649854799,0.026129781499111084,-0.04376524986761029
20261429,0.03,1.7318080926967945,0.03750389156063871,212,0.1593162143895723,0.041332470362693434,0.1063355492720377
20261429,0.05,3.230203925153996,0.06749195061404731,212,0.390173701608222,0.07079363258751914,0.4055321810567704
20261429,0.075,5.133561392392532,0.10440340327218804,212,0.7254115117785218,0.10591496735185442,0.7774979136023613
20261429,0.1,6.844725634441963,0.1370223621363439,212,1.0847757236472633,0.14055497751087587,1.1470081224796584
20261430,0.0,-1.1499990663898254,-0.023578249043495352,212,-0.19955286876703732,-0.0046289089702520846,0.03621590620799455
20261430,0.02,-0.8206184952211991,-0.016749072170016137,212,0.01809804249537797,0.025818456648014486,0.273084753222749
20261430,0.03,0.4461076272882184,0.008263933835276379,212,0.14484124100015175,0.04051268239130257,0.391592579405893
20261430,0.05,3.161738632669511,0.05345109742010013,212,0.5471897389754452,0.07057242808805578,0.6286987358108627
20261430,0.075,5.796534147577288,0.09754862402608573,212,0.9212392790878475,0.10799592819865803,0.9251346134161942
20261430,0.1,8.090821433942953,0.13585182166001689,212,1.1736973839983116,0.1458290662712295,1.221464539053123
20261431,0.0,0.279706630511371,0.00602014189859003,212,-0.24124455772336273,-0.019712802824863387,0.11603079564190662
20261431,0.02,0.5893166754743853,0.012539018015877567,212,-0.2746950565630028,0.011338266739855314,0.3076395972225463
20261431,0.03,1.199321057735388,0.024666861927428535,212,-0.040986527151288255,0.02663363619233322,0.4034650811030851
20261431,0.05,2.9927822232270076,0.057277115984892546,212,0.5376278800679708,0.05673383363783088,0.595125605760566
20261431,0.075,5.090615455541254,0.09390335821201222,212,0.8773400571068559,0.09553474139555461,0.8346518670884233
20261431,0.1,7.045675868110958,0.12862068753635536,212,1.0663315367474984,0.1329326391335338,1.0740280981737491
20261432,0.0,1.9046685636914182,0.04593577696032246,212,0.14757734085464375,0.0021024668398069773,-0.11101491995026105
20261432,0.02,2.6550723537901733,0.061829729884727874,212,0.33247302945730284,0.02924303001007709,0.09207975216583972
20261432,0.03,3.0679144946074963,0.0682502928911428,212,0.2639787111307532,0.04439092979624608,0.19375960896910943
20261432,0.05,4.528476639785002,0.09201902358695385,212,0.43482753725252427,0.07430474196904775,0.3973473569146173
20261432,0.075,6.324430434799801,0.1216788602233346,212,0.7235236304030352,0.11075688806233053,0.6521826146680494
20261432,0.1,8.177172783865272,0.15281288147535207,212,1.024405645787109,0.1464952400068819,0.9072976750020978
20261433,0.0,1.3284979016610494,0.031404382306917146,212,0.018901692158495163,-0.0051926732154122185,-0.15888094951808182
20261433,0.02,1.8822371454167603,0.04179126488009897,212,0.06986872921911369,0.02510312635692575,0.05400757816557246
20261433,0.03,2.430790270337566,0.05171884088842281,212,0.28319531544883275,0.03979171957823675,0.16044630954120365
20261433,0.05,3.8971687473903076,0.07945184296119091,212,0.5520600543248279,0.0713609811648465,0.3732770154451704
20261433,0.075,5.866507837575272,0.11615591640108473,212,0.9585765305279682,0.10963448004653487,0.6391542260471554
20261433,0.1,7.805407200198965,0.15258962878607885,212,1.2113818825680376,0.14652493875912467,0.9047487214478778
20261434,0.0,1.8954208990398984,0.039179822872545254,212,0.29357761624903067,0.027767821299535474,0.29812557099151327
20261434,0.02,3.0062918970509886,0.060429792149698104,212,0.5073637252087952,0.054422451437419604,0.5110185901403512
20261434,0.03,3.590627959305747,0.07157092062035572,212,0.6043914970578936,0.0679230945690199,0.6171576134183803
20261434,0.05,4.865179227705783,0.09604934908527843,212,0.8597140045195992,0.09554907872422352,0.828786862821678
20261434,0.075,6.482297236800602,0.1257742157481218,212,1.1289353824143207,0.129862914656027,1.0920388008796027
20261434,0.1,7.971540863116803,0.1541273072858208,212,1.23628009500448,0.16345015525278758,1.3537695950418394
20261435,0.0,-1.0344424511005288,-0.021903341826493745,212,-0.5179214335085488,-0.018123407532422846,-0.26227611905073017
20261435,0.02,-0.7686561350841494,-0.015324044109815742,212,-0.22169117519964004,0.010772454304885342,-0.018436800413147044
20261435,0.03,0.18730718345135441,0.0035735791707289066,212,-0.0031808161809795455,0.0254057464013305,0.10353992758634405
20261435,0.05,2.3495649156766305,0.04404683390819194,212,0.4935261660195094,0.05545473910158202,0.34754361660694716
20261435,0.075,4.4270242372885,0.08367008987456886,212,0.6192514160958985,0.09159095191669601,0.652510399359773
20261435,0.1,6.307323846325912,0.11919133369927655,212,0.8965873015675299,0.12687562981836656,0.9572485325450077
20261436,0.0,3.0683434097324334,0.07129697523328883,212,0.4675053587960996,-0.013290191628638608,-0.24458093688919205
20261436,0.02,3.1386975792215566,0.0735725141120278,212,0.3617587292383601,0.015630760533840184,0.023574718384897192
20261436,0.03,3.4173271986267557,0.07951124046567644,212,0.4393608779680923,0.03049140169917827,0.15743517205075216
20261436,0.05,4.269967596889998,0.09569757248543738,212,0.5622537973891206,0.0593160889405943,0.4246644772495848
20261436,0.075,5.755552486730457,0.12305934015517085,212,0.9816766800333674,0.09495766391663048,0.7576637130275166
20261436,0.1,7.255884806186576,0.14978616898385208,212,1.3020376040215327,0.13113842486010863,1.0893494546053826
20261437,0.0,0.30676627643453913,0.00704833318313275,212,0.15283004449445045,0.011421218427154085,-0.31658049000567334
20261437,0.02,1.0207927171691211,0.02213017884793419,212,0.16917209852724224,0.03671431438894304,-0.07215063134294888
20261437,0.03,1.648286324615192,0.03462260054563777,212,0.32976603196780935,0.05012739740617242,0.050200685901407874
20261437,0.05,2.981178703245986,0.061109791166567,212,0.5644655508704025,0.07522745147838342,0.29511495894723233
20261437,0.075,4.862543934055673,0.09598943953334042,212,0.7485491501214855,0.10743267600095036,0.6015277062403414
20261437,0.1,6.609891972239991,0.1268423467339565,212,1.1617961063224813,0.13826049287639583,0.9080599915371713
20261438,0.0,2.260993915401996,0.04721743173383363,212,0.14733928064083351,-0.006737520379488604,-0.19954872231039622
20261438,0.02,2.3919120421853357,0.051716792698612964,212,0.2650737660762589,0.021212589813123166,0.07632415212576923
20261438,0.03,2.6927275609469468,0.05711889332208194,212,0.2992687906892139,0.03492982901711467,0.2143287874925814
20261438,0.05,3.8866597787804835,0.07952096936727318,212,0.5775692233523284,0.06307349314675689,0.4904215400783027
20261438,0.075,5.621817579865064,0.10835333732047617,212,0.982513377246118,0.0981784423926134,0.8355846087255332
20261438,0.1,7.375746243706366,0.1383475409433143,212,1.278729931419314,0.13192595384199443,1.1806451723018885
20261439,0.0,1.7589372261045038,0.03847780581522051,212,0.22557366749562388,0.027538936088285174,-0.003594247996506615
20261439,0.02,2.3184296059753464,0.04901215805471124,212,0.3858558798273367,0.055170040718013416,0.24163443978196278
20261439,0.03,2.9421490547058435,0.06045283428505887,212,0.4714536493888487,0.06860514177569864,0.3643079728208388
20261439,0.05,4.562701510564855,0.08967077396996535,212,0.6087489632742102,0.09669248068557008,0.6097167109340916
20261439,0.075,6.56597731655208,0.12530364413930967,212,1.00590943332399,0.1317242071457246,0.9164760410152735
20261439,0.1,8.377756396859672,0.15777769357441893,212,1.4960586142380567,0.1655418690960929,1.2230677231509401
20261440,0.0,-1.794375843693106,-0.03345871668619274,212,-0.08675181894704435,0.010259894804971366,0.12953767159739862
20261440,0.02,1.1424501369859266,0.021500872528858996,212,0.2897988692538183,0.04193463816678819,0.32790397134184485
20261440,0.03,2.3491061772599076,0.04433409252902285,212,0.39734870078484175,0.05781783809469191,0.42709478153290625
20261440,0.05,4.3553327899622944,0.08358918637707992,212,0.7146046127369812,0.0892135155949172,0.625456096436223
20261440,0.075,6.485632487875087,0.12340241194832006,212,0.9318647700827679,0.12731445448512604,0.8732962071661157
20261440,0.1,8.500769410926473,0.16145726656780737,212,1.3434484376828955,0.16492997239040136,1.1209086868578781
20261441,0.0,1.144473542465161,0.023148641230880146,212,-0.14209902739374766,0.0032561097502027715,-0.20175841515344736
20261441,0.02,2.290626076290848,0.03972105702979707,212,0.12154031937500782,0.03343977093045167,0.08907281820806442
20261441,0.03,2.8409294343967715,0.048156014714195595,212,0.23179020979268547,0.047814991110856214,0.23454081007969554
20261441,0.05,4.284090706552501,0.07113414414340606,212,0.619426008318314,0.07834069998934941,0.5254942012580577
20261441,0.075,6.203076960056895,0.1040393375334879,212,1.1131522903836655,0.11493826755913124,0.8890383083563406
20261441,0.1,8.270107540011086,0.13810175816613277,212,1.4233249316101808,0.151204028379718,1.2521638738086744
20261442,0.0,0.9489004491361952,0.019245815548218484,212,-0.07273013768985923,-0.023590026134901975,-0.3419989794678255
20261442,0.02,0.900207732301267,0.01890530399233158,212,-0.0595741566746442,0.006301767997443858,-0.09314589146429739
20261442,0.03,1.1757169563665832,0.024510175406975306,212,-0.21709266644194675,0.020777349478530875,0.03131358888290915
20261442,0.05,2.12041237007581,0.043300780769955506,212,0.05895171210497982,0.04920519994428924,0.2802303218193056
20261442,0.075,4.185799640520464,0.0810550635348479,212,0.6466262069497646,0.08488261824199772,0.5912316203505864
20261442,0.1,6.054324843089819,0.11485941225145217,212,0.9684345823020624,0.11981705568618455,0.9018740890051667
20261443,0.0,-0.8423468594059262,-0.017224252205900428,212,-0.1196602910357909,-0.007635139563653642,-0.26970041504258047
20261443,0.02,-0.3905528926182633,-0.0072480316895927365,212,-0.2579533836444729,0.02519836718308359,-0.026145282987217914
20261443,0.03,0.7182306067179938,0.01241049410530972,212,-0.14819840998796638,0.04135500045060175,0.09572178107873368
20261443,0.05,3.297313659437909,0.05437841535650791,212,0.31753066872387786,0.07294884031492967,0.33958236025163374
20261443,0.075,5.9624258338979415,0.10056407147363161,212,0.7652239041310475,0.11324799891855579,0.6445363778050217
20261443,0.1,8.075676202932087,0.13900244963501257,212,1.0560361237435945,0.15139246184222382,0.9494787020725103
20261444,0.0,2.9185844882383494,0.07141116181518775,212,0.39239048990936637,-0.003959150902432429,-0.43603966858166
20261444,0.02,3.26359217471703,0.08019175152999779,212,0.3650122066068652,0.026811828705789822,-0.1525866733462961
20261444,0.03,3.6628234114817837,0.08813411956512836,212,0.3080872160186903,0.0418081624460302,-0.011096974642201914
20261444,0.05,4.627408191452889,0.10343870587175054,212,0.5348637009153399,0.07211881139448956,0.27133445469704986
20261444,0.075,6.477203806492856,0.130109209480661,212,0.8254161057340693,0.10809475335698311,0.623195178585929
20261444,0.1,8.309168772024623,0.1555666726746901,212,1.1452096410732082,0.1431597629015476,0.973536514737106
20261445,0.0,1.740248746073613,0.03846500462890897,212,0.16033564509743117,0.009729925691673698,0.015545736745108407
20261445,0.02,2.515531300247424,0.054714830532775136,212,0.40535529249462904,0.0370343440467315,0.2859971180089419
20261445,0.03,3.0567795819304338,0.06499111085622526,212,0.45937709284668315,0.05134811853284068,0.42097720751335493
20261445,0.05,4.326790288580576,0.08849869735128095,212,0.7686252211777576,0.0787493138564137,0.6903881602181476
20261445,0.075,6.127991330100972,0.121833498553978,212,1.0580225295343446,0.11241950614047307,1.0260041766526034
20261445,0.1,7.943327058680904,0.1547617340794206,212,1.50476685789665,0.14566981951351396,1.3601812851201964
20261446,0.0,0.6298912811923535,0.013949196699956576,212,-0.05098107240800293,-0.02082343374925241,-0.19529479155758256
20261446,0.02,0.6727962031707322,0.015315851350576365,212,0.03328056938730225,0.005858334903612187,0.04423408655551864
20261446,0.03,1.1006262938338731,0.02401246528318273,212,0.16004062559627896,0.019656989652545084,0.16391671826950635
20261446,0.05,2.6013917713743,0.05195796704872233,212,0.4779880395614002,0.04598134918359155,0.40307844814291927
20261446,0.075,4.198729008956756,0.07986199297061257,212,0.6711257918151701,0.07786500790601267,0.7015671694171831
20261446,0.1,5.867765401989794,0.10825656035196093,212,0.9150326569051184,0.11141640518110096,0.9994261880380069
20261447,0.0,1.998565274212186,0.043666382651013046,212,0.25481034205617087,0.01270287320066525,0.19647254844427606
20261447,0.02,2.8232548644275366,0.058606903218935115,212,0.5175571126993241,0.04245846271065633,0.4511575320130371
20261447,0.03,3.5415709554162813,0.07048077159406516,212,0.7142853604232795,0.05767702504526499,0.5783895342659945
20261447,0.05,4.978548007689673,0.09427459261504682,212,0.9702527334886564,0.08666505542401626,0.8325784115099459
20261447,0.075,6.786740760216204,0.12670614211160178,212,1.2641480286350324,0.12366355614907545,1.1496877988238434
20261447,0.1,8.338288012345085,0.15491176398299183,212,1.4598580637165628,0.15771112740559892,1.4659456113255156
20261448,0.0,1.7233853431113224,0.039771237680138294,212,0.24810922303339197,-0.02357261652151828,-0.26912639513114794
20261448,0.02,1.7388332429763225,0.04104469969441008,212,0.2145745811850185,0.00543999213495113,0.005124950950152925
20261448,0.03,2.1711199160616688,0.05020522861894658,212,0.14839819185969805,0.019656989652545084,0.14211416555370907
20261448,0.05,3.2399903851629213,0.06943568274359121,212,0.4542877672384199,0.047483696409113624,0.41575771076734513
20261448,0.075,4.860536956101873,0.09543438009487215,212,0.6779883340853491,0.08424409506877822,0.7570575910755515
20261448,0.1,6.247918575360495,0.11796600414553618,212,0.9232936814840819,0.11870898499905783,1.0973420569453023
20261449,0.0,1.5514621311486938,0.03507371435125637,212,0.185801627459237,0.0175719324261218,-0.056164558913865195
20261449,0.02,2.229163690157825,0.04936649489181461,212,0.26713131500809406,0.04619692116107785,0.21261963913956114
20261449,0.03,2.8066081896608583,0.06077644827501455,212,0.4442284750432733,0.0599069917007349,0.3466407503460744
20261449,0.05,4.281534965000365,0.08819710140178111,212,0.8000388626743111,0.08695026585503733,0.613878518335113
20261449,0.075,6.1236029911993075,0.12197789593557212,212,1.2620119000038186,0.12196304655945076,0.9462914566596707
20261449,0.1,7.882425148880054,0.1539936629007283,212,1.6984207540684395,0.15557128110176227,1.2767151867416067
20261450,0.0,1.0102615992955282,0.02121310186057562,212,-0.02370147693994486,-0.02856507918301805,-0.3426195392991933
20261450,0.02,0.3228475333753809,0.006846586486862905,212,-0.04439271593385964,0.00402930140341966,-0.11776344948842386
20261450,0.03,0.7401774343661164,0.015374224760156967,212,-0.12002905559954416,0.020228434609492127,-0.005543027885117739
20261450,0.05,2.2180543260123557,0.04324599169254212,212,0.08841427148929398,0.05279977306056908,0.2184384562882157
20261450,0.075,4.422786112440443,0.08342942757191193,212,0.5680711424865384,0.09131649448217663,0.4974644589068689
20261450,0.1,6.396383444825274,0.119544646441475,212,0.9595177199315983,0.1280958388975823,0.7753096489138777
20261451,0.0,0.5040712629678926,0.01077399044724273,212,-0.1502274459532137,-3.840355893461165e-05,-0.05468585383209035
20261451,0.02,0.9278131693259367,0.01872045486199297,212,-0.13910132851494592,0.029668541443072613,0.20073804854500502
20261451,0.03,1.7784369158974709,0.035144888947148505,212,0.06713934887660053,0.04447234534118746,0.32849870016388766
20261451,0.05,3.4946404822462056,0.06803164862894175,212,0.5036966955682899,0.0735950441999361,0.5840539943885974
20261451,0.075,5.273505271591621,0.10029729475089916,212,0.9214505584965106,0.10894782441278397,0.9034308813762019
20261451,0.1,6.916160918970652,0.12981836652766285,212,1.1930798089532921,0.14488229053162816,1.2225479608172618
20261452,0.0,-0.0029007422738436934,-5.786136212815004e-05,212,-0.3867433252145597,0.012780704413439398,0.1048706281422714
20261452,0.02,1.1523734876334073,0.022171142644131118,212,-0.13814963089196747,0.044852284550913904,0.35953841333138625
20261452,0.03,2.1106720069401956,0.03970262332150846,212,0.052028584745024024,0.060510695647187016,0.4869659341383479
20261452,0.05,4.18979680917619,0.07697814171834932,212,0.4556141150542814,0.09176760828779525,0.7419394236296887
20261452,0.075,6.487325761112668,0.117156969170647,212,0.8353220938442625,0.1303406549291736,1.0607358656606845
20261452,0.1,8.51824407235332,0.15205095486608936,212,1.344818109516467,0.16709593311431356,1.3794187436809264
20261453,0.0,0.09778083354378352,0.0021055391245217493,212,-0.15343748461937712,-0.019292923913844944,-0.3545248375824351
20261453,0.02,-0.4622325938433233,-0.010122666087711677,212,-0.22826867412577914,0.006143033287180789,-0.13049796721364726
20261453,0.03,-0.1757015795558692,-0.003750235541828133,212,-0.3879893645603532,0.019144942200083573,-0.01841887173258998
20261453,0.05,1.3533065215002718,0.026158968203901397,212,0.21148118132997834,0.044469785103925144,0.2058227774119945
20261453,0.075,3.4005534773784323,0.06202123563194848,212,0.5849314505604535,0.0761347995641452,0.48618234112837305
20261453,0.1,5.219399916836243,0.09480200149108219,212,0.929594951821723,0.108561740633628,0.7664656607371877
20261454,0.0,1.0836401528444888,0.025057554133656665,212,0.12806530708005812,-0.0047937882499447014,-0.3931158287757144
20261454,0.02,1.2281297082479041,0.02756709869817055,212,-0.03438546660094962,0.021783522722617757,-0.14635467155823986
20261454,0.03,1.4106257575628356,0.030697756822520256,212,0.028017195405018343,0.035070130019089124,-0.022887265296856182
20261454,0.05,2.649806446769968,0.0526569118213323,212,0.23184808267155857,0.061758555288835726,0.2241640894058326
20261454,0.075,4.743200220488288,0.0853219549562097,212,0.4702130654976357,0.09365143086540116,0.5330785996829815
20261454,0.1,6.718572940538499,0.11521630932581785,212,0.9298082112103205,0.12493292178372753,0.8419371225003169
20261455,0.0,1.2944881400895443,0.024743156997845305,212,0.14440286028719396,-0.007617729950269948,-0.027283511356090882
20261455,0.02,1.1360193023420135,0.021569486887488835,212,0.1032897797369482,0.023309424130953063,0.20021026475148895
20261455,0.03,1.853941322871103,0.03464257039628377,212,0.3985828790028823,0.03943943093094324,0.3139161574522156
20261455,0.05,3.8292998624448793,0.06858107554543294,212,0.5763388129999653,0.06960312226054613,0.5411989962751684
20261455,0.075,6.1809624652921284,0.10933442023939241,212,0.9151970991787978,0.10757297700292483,0.8249643013020417
20261455,0.1,8.295787477164401,0.14603439729966655,212,1.2749551780368102,0.14353560573165436,1.108218153036921
20261456,0.0,1.0953541832062503,0.025363246462776195,212,5.622304634324151e-05,-0.030485769177201187,-0.17715638516608243
20261456,0.02,0.32377776341074455,0.007841494686995628,212,-0.20315963539665144,-0.0022734906889291277,0.054460450762534085
20261456,0.03,0.3195978515758226,0.0072756822520256585,212,-0.12596944050525935,0.012263024439000807,0.17031565457965103
20261456,0.05,1.5760842464842917,0.02989998689158522,212,0.2923429566373975,0.0414768677442876,0.40206882310735953
20261456,0.075,3.75354691317158,0.06462243669045298,212,0.869635971123597,0.07611329357114184,0.6917355012455608
20261456,0.1,5.79454371703403,0.09790398495809403,212,1.191943894669921,0.11194893453166091,0.981226232455655
20261457,0.0,0.446492998946785,0.010773478399790268,212,-0.1810070596376897,-0.008281855496112536,0.039924662920236866
20261457,0.02,0.7867778677153278,0.019258104687077567,212,-0.044947544134351154,0.020389217509565054,0.24707435306879033
20261457,0.03,1.5543800122652525,0.03615720676066493,212,0.14683957366341033,0.03456013075643747,0.3508233031547477
20261457,0.05,3.1889454115291986,0.06917044216321615,212,0.4425987126302443,0.0631559327866032,0.558636410252801
20261457,0.075,4.974714417135445,0.10278533332240966,212,0.8853183893516008,0.0978312742198445,0.8189249213973965
20261457,0.1,6.622393158121835,0.13520971415463012,212,1.2076686467556625,0.1320688150812312,1.079695046697267
20261458,0.0,0.8128459831690357,0.021021084065902553,212,-0.09209890587146068,0.019804459318854,0.11384013874749364
20261458,0.02,1.699619322336648,0.03784133083181084,212,0.11378417073498154,0.04851035155129896,0.3589349081654681
20261458,0.03,2.494945085513594,0.0519810091840831,212,0.31000178297560965,0.06298593303238598,0.48146472406160207
20261458,0.05,4.307184426970518,0.08393533045494392,212,0.5991192506394223,0.09160221696065018,0.7264321214360439
20261458,0.075,6.317099047619263,0.12230202197298029,212,1.1668150593229534,0.12726478588223727,1.0323509281792922
20261458,0.1,8.170688085609884,0.1570767006119991,212,1.4655819750498298,0.1616272663220246,1.337781564799367
20261459,0.0,3.0535450316489268,0.0749294398610508,212,0.4723101882097684,-0.015045490295676681,-0.43555837858735424
20261459,0.02,3.2695464378108503,0.07734015926723962,212,0.27561041270397024,0.014042389336304572,-0.1872473095696347
20261459,0.03,3.580220325437636,0.08242632661253983,212,0.3468145834053855,0.02878167525540927,-0.0631451090554806
20261459,0.05,4.431647825774952,0.09495203139465341,212,0.6772272840015428,0.05712145355934425,0.18489808050275733
20261459,0.075,5.839041621544778,0.11653841584807348,212,0.9036107752361393,0.09170155416642771,0.4945378666011663
20261459,0.1,7.506752791299787,0.14424223121605123,212,1.2339986029092316,0.12712653307007268,0.8035602744099851
20261460,0.0,1.7585801125151246,0.03682901301829444,212,0.3438434258929146,-0.03453555247871931,-0.5297911418529374
20261460,0.02,1.4608338643706773,0.03257594687814909,212,0.45374830867184246,-0.006069298454026329,-0.26016715792521855
20261460,0.03,1.60564643873075,0.035558111241284954,212,0.4020609417351153,0.008830770365151274,-0.12516880247559822
20261460,0.05,2.3367579027155396,0.04755231076774346,212,0.5031883619026271,0.038019011297814986,0.1451383869867833
20261460,0.075,3.9464113650301,0.07543073431701063,212,0.6510439289585267,0.07456076569527852,0.48347504803719416
20261460,0.1,5.802718561239801,0.10761957332109882,212,0.8355784364419507,0.11035646695450561,0.8221302849160654
20261461,0.0,2.429908011012867,0.06433773830688436,212,0.005124305402513869,0.01752277587068548,-0.11822530534068298
20261461,0.02,2.9270778592782145,0.07538004161921694,212,0.2542340967794586,0.04285171515414676,0.12609662392038323
20261461,0.03,3.310465332273553,0.08291021145511597,212,0.31174589574923217,0.05558787143922202,0.24815678867055865
20261461,0.05,4.265663439260778,0.10032084893371239,212,0.5571261888439669,0.08117129830655666,0.4920343463258976
20261461,0.075,5.691921409605963,0.12752439394063528,212,0.8821282724393418,0.11262534921636257,0.7963417974281449
20261461,0.1,7.173947553242131,0.15580989521460933,212,1.0632333631339403,0.14395497259522033,1.0999316877568233
20261462,0.0,-0.27834319964668985,-0.005774359121408502,212,-0.5106889698298812,0.032409019408646635,0.22525005096326403
20261462,0.02,1.5184827292652865,0.03043200419469273,212,-0.02390006449046235,0.06102223105219606,0.46517381712863093
20261462,0.03,2.7468690411497505,0.05422889750038916,212,0.24679329666079416,0.0751235058455337,0.5848870399024396
20261462,0.05,4.630257777109149,0.09176760828779525,212,0.7647872698090188,0.10363942847311544,0.8237673269265092
20261462,0.075,6.557161139178992,0.13098941905144235,212,1.182704480439486,0.13841154687487198,1.1212445969147071
20261462,0.1,8.23948881751852,0.16422897942798156,212,1.4711146070026009,0.17256818423876977,1.4173366817771493
20261463,0.0,2.143316079414569,0.05568772069245201,212,0.05396538046534689,-0.006468183419493849,-0.0480936527007877
20261463,0.02,2.3505935139637386,0.060359129601258395,212,0.2295190215438103,0.026384269082984458,0.18793947445601925
20261463,0.03,2.601558157571251,0.06447752726140638,212,0.2506519082701248,0.04317993757117461,0.3058339981643663
20261463,0.05,3.746890353501199,0.08417189637798114,212,0.362797541912945,0.07465293423672159,0.5413324850405189
20261463,0.075,5.432418599660343,0.11505143004612522,212,0.9617646770293858,0.11443543696081403,0.8350657856856408
20261463,0.1,7.040529849906645,0.14464214027642372,212,1.102864709520864,0.15167459998853014,1.1279553365979476
20261464,0.0,1.6822010213132181,0.04108361530079717,212,-0.0993537253585815,0.01185441057193652,-0.11951365021883376
20261464,0.02,2.0376176619582504,0.050054686667922885,212,-0.18749654754047276,0.03960123792592106,0.14243760782473727
20261464,0.03,2.5012660368106334,0.05985322671822644,212,0.00728350061847826,0.05358269361538272,0.2734685650103464
20261464,0.05,3.6822790159134198,0.08299367518986718,212,0.267736653414827,0.08172994207719218,0.535598030609606
20261464,0.075,5.408509869279685,0.11550920046862584,212,0.6349740586058874,0.11658501216624746,0.8632974273402215
20261464,0.1,7.2260020648680845,0.14770008766252388,212,1.1114273555198069,0.1508998721929559,1.1909124513435432
20261465,0.0,1.3148218183832052,0.027411436272622252,212,0.10960202777963986,-0.0021121957414037508,0.25412132189748127
20261465,0.02,2.440298911071973,0.04546622944641526,212,0.14013227239570075,0.0327582357712254,0.4437564379990797
20261465,0.03,3.383221896583818,0.05998123858134181,212,0.4762509155532436,0.049683452264888295,0.5386028584874641
20261465,0.05,4.800959903964051,0.08664252533610795,212,0.636641588522061,0.08470544982344604,0.7283250942331481
20261465,0.075,6.431299352093606,0.11978018826960732,212,1.006521169090756,0.12482283158144832,0.9654744713410637
20261465,0.1,8.044535588904532,0.1541191145265814,212,1.229710045200676,0.16513632751374335,1.2025372226923392
20261466,0.0,-0.3324874278371982,-0.006653032549832456,212,-0.2333139324042412,0.04185834309637143,0.38235112908769453
20261466,0.02,1.5680157556219463,0.028757096977691115,212,0.1873565884206651,0.06783963083426867,0.6115003098131147
20261466,0.03,2.5825135286677745,0.04675812516897566,212,0.46411783483125707,0.08080262414078439,0.7260696501989572
20261466,0.05,4.573547958374253,0.08382472820521224,212,0.8364419564361031,0.10819869898983278,0.9551572885132625
20261466,0.075,6.532357261044659,0.12157081821086523,212,1.1299633317083246,0.14111157309170158,1.2413375877911679
20261466,0.1,8.163513054074665,0.15321279053572454,212,1.4007390106904383,0.1743004407704471,1.527200858890981
20261467,0.0,2.807952822383729,0.06787752234575083,212,-0.0676737226635724,0.01953256212159693,-0.28710082227183503
20261467,0.02,3.0830638406834656,0.07272712376801382,212,-0.12503915110481037,0.045338217583299874,-0.058312623819057705
20261467,0.03,3.276507496743462,0.07568727009069384,212,-0.08872453888422431,0.05845277693574418,0.056148293270042206
20261467,0.05,3.970863057734434,0.0881827640731122,212,0.3170737851300658,0.0851877985236648,0.28516170951935127
20261467,0.075,5.0368830896006465,0.10836562645933523,212,0.600256124454898,0.11814778099116002,0.5715131998613863
20261467,0.1,6.214281036931711,0.13191929722511245,212,0.8192344641520496,0.1511681850580457,0.8578355860937584
20261468,0.0,1.9842089077106926,0.04674890831483135,212,-0.005558725087721779,-0.005479419788790668,-0.4186597004917828
20261468,0.02,1.9597095300004232,0.048571797245594336,212,0.0704624024350558,0.020765572387124263,-0.15872477295268153
20261468,0.03,2.1857726864865143,0.05428931909977962,212,0.2291313084781547,0.03424112519355394,-0.0290506109284546
20261468,0.05,2.9846575031433358,0.0720276669479514,212,0.5103349692883096,0.061477953284886824,0.2296398967478254
20261468,0.075,4.051053504193571,0.09260224563530753,212,0.8567329070510409,0.09442923094569018,0.5516256142236023
20261468,0.1,5.529089567091324,0.11873663556149078,212,1.1625680813674222,0.12762424319386528,0.8718819347541773
20261469,0.0,1.6567879939644947,0.03562058103048526,212,0.18320599026168322,0.0038546932221302788,0.08696526552444932
20261469,0.02,1.9190259182335194,0.03865036580670004,212,0.3633695566179321,0.030252787586331202,0.31428409115131123
20261469,0.03,2.4910157083108775,0.048307580760124195,212,0.32132558748851725,0.043702738020137806,0.42785652083624875
20261469,0.05,3.876260492077549,0.07214236557730277,212,0.5300277114872365,0.07025751890479195,0.6547829460433636
20261469,0.075,5.656296889822939,0.10403370501151084,212,0.995786444423987,0.10330710967646795,0.9379403168854092
20261469,0.1,7.311176986911795,0.13407501699997543,212,1.3913076208855486,0.1363264896484487,1.2204137049317942
20261470,0.0,-0.8501570202409798,-0.015858109602733105,212,0.028978429116249097,0.008038632956193318,0.022384755730186986
20261470,0.02,0.5283664086478325,0.009632124628253547,212,0.15172995463254438,0.0349958831384822,0.22456856009151005
20261470,0.03,1.267527894344391,0.022891593409744466,212,0.20615195142623396,0.04856514062871235,0.3258788056648796
20261470,0.05,2.7155802837628604,0.04820670741198928,212,0.3377953309487894,0.07573591459867768,0.5289046447908216
20261470,0.075,4.520740317532135,0.07957422230232922,212,0.6398209267555116,0.11091613482004606,0.7833813080595411
20261470,0.1,6.534594800863799,0.11280763810943886,212,0.9014009146524455,0.14591611433814794,1.038535187584191
20261471,0.0,2.3306962978132186,0.05976464250895058,212,0.035767595526240696,-0.003817825805553052,-0.05838931416220718
20261471,0.02,2.5909947629408796,0.0646434306360039,212,0.04819411843697696,0.02702176816129905,0.1705142034491929
20261471,0.03,2.9380731871340706,0.07042598251665179,212,0.2749755336644334,0.04292237770258645,0.28503109023882894
20261471,0.05,4.105842698582259,0.08940809362685258,212,0.5023747344933633,0.07477070515078774,0.5141448145042959
20261471,0.075,5.840255016702266,0.11837256982279062,212,0.7525769193543482,0.11344411309284855,0.8005828164727112
20261471,0.1,7.540763801076308,0.1489776460564153,212,0.990452970007547,0.15163875666685783,1.0869243990681798
20261472,0.0,2.266089243918782,0.049109959118131395,212,0.26032710894681355,0.01838147944846345,0.264923897977603
20261472,0.02,3.2013299617013677,0.06477809911600128,212,0.298096069392365,0.04967218722093414,0.49145749984044523
20261472,0.03,3.9956896284188685,0.0767733227373647,212,0.3197113059882798,0.06502644213044512,0.6045837575858861
20261472,0.05,5.483326067539408,0.10184521419969032,212,0.6885832522857459,0.09503395898704725,0.8305030424184817
20261472,0.075,7.078839760465694,0.1308491180494679,212,1.0489023503250092,0.13276929599619855,1.1121708961111807
20261472,0.1,8.635845693682553,0.15879974028953212,212,1.3036096827961374,0.16854297921496983,1.3928776497338247
20261473,0.0,0.6177907921737568,0.01402600381782581,212,-0.3822530172718049,0.012038747654822672,-0.19409111615616487
20261473,0.02,1.8083190421949988,0.037930939135991604,212,0.0942987198907278,0.04242261938898403,0.05541158316980333
20261473,0.03,2.7663891806685794,0.056202840429628295,212,0.14873503174236938,0.057401543515840696,0.18017896630069505
20261473,0.05,4.2590316686826215,0.08398141472566546,212,0.266672445071854,0.08610999598554799,0.42969519195740186
20261473,0.075,6.30659280653172,0.12092000589878664,212,0.7299314442852747,0.12138852931778894,0.741451375503077
20261473,0.1,8.193942064017744,0.15392453649464605,212,1.17428217499298,0.15580119040791748,1.0529057650650722
20261474,0.0,3.182595586344211,0.07248338918064215,212,0.3750387987722937,0.02734077372418257,0.15603802466548353
20261474,0.02,3.5948080187994527,0.08131979206777051,212,0.36390794923481906,0.05722386304983656,0.47064728680147633
20261474,0.03,4.097351369189893,0.09104562137982448,212,0.38462043615986696,0.07340968302214503,0.6276105370178724
20261474,0.05,5.12433508206209,0.11005640714736316,212,0.5458738449029834,0.10255286377899213,0.9407691574840321
20261474,0.075,6.684960776258297,0.13915760001310845,212,0.9399434604068557,0.13968142455697655,1.330605242783795
20261474,0.1,8.306978434526357,0.16725261963476679,212,1.3325319327870273,0.17521137318837612,1.7184114051486075
20261475,0.0,-0.11858170047559577,-0.002589936014550336,212,-0.31419849747940104,-0.03584332167230602,-0.06858632052604878
20261475,0.02,-1.0946148858205482,-0.02375439336714212,212,-0.23316725386796278,-0.0038470125103433595,0.14224950467412545
20261475,0.03,-0.48645197663152784,-0.009521522378521862,212,-0.0950977903718658,0.013214408605674298,0.24773149750292178
20261475,0.05,1.9401055856100289,0.03380025233698457,212,0.39031593981805235,0.04720002212044996,0.4587766982759088
20261475,0.075,4.629634055332437,0.07921937341777338,212,0.9404657078517895,0.08876086564694122,0.7226383426808334
20261475,0.1,7.003199277901704,0.11818567250264216,212,1.2388799827966561,0.12957463194029117,0.9864236719220806
20261476,0.0,2.597306115909788,0.05935858887914861,212,0.2551029940862026,0.027318243636274258,-0.025471446037369217
20261476,0.02,3.51524971401857,0.07460121744402297,212,0.3538296488064458,0.05610811165092292,0.2238793889444327
20261476,0.03,4.019331667465348,0.08256509147215689,212,0.40490119388089135,0.07040652471345825,0.34839403326395607
20261476,0.05,5.234065351165242,0.10151699178266248,212,0.7554628742304685,0.09714205834883131,0.5970660569101821
20261476,0.075,7.074971465527989,0.1322167967949926,212,1.0697771181218028,0.1307088170474934,0.9071633274400048
20261476,0.1,8.699021168178364,0.15927543237286884,212,1.406217378418423,0.16306816785325126,1.216333529051527
20261477,0.0,0.19946423735811727,0.0037753258669987444,212,0.3260169696426954,-0.02978733645204368,0.16206607693460498
20261477,0.02,-0.7047524436900772,-0.01529690559483529,212,0.4138861339314423,9.370468380045442e-05,0.34538663729734304
20261477,0.03,-0.12760738276900893,-0.002811652561466177,212,0.38606811208908326,0.014195491524590563,0.43718758479787145
20261477,0.05,1.487738750743905,0.03108281650677132,212,0.6015138480512002,0.04361261766850458,0.6210413559211163
20261477,0.075,3.3734241480677527,0.06721288475245578,212,0.7034575310998239,0.07964795713548367,0.8512694104191509
20261477,0.1,5.389148302777893,0.1041217771733342,212,1.0118641679222453,0.11505962280536461,1.0818661864954744
20261478,0.0,-0.028788706984720913,-0.0005601799129928975,212,-0.1554844383470705,0.02687890692206229,0.29139405227110043
20261478,0.02,2.46491653290028,0.04564288581751448,212,0.2747836583047637,0.058156301460768965,0.5230067353557399
20261478,0.03,3.3893743718216296,0.06313545088850474,212,0.24583604125554326,0.07429398897254606,0.638795494847237
20261478,0.05,5.183855248705453,0.09598483110626828,212,0.6176639093819692,0.10545412464463906,0.8703003772417337
20261478,0.075,7.072380623972169,0.13007951072841822,212,0.952062840821702,0.14390684013468896,1.159468134330313
20261478,0.1,8.884476294766227,0.1637589198666219,212,1.3065330630904946,0.18119208743312662,1.4482900801517744
20261479,0.0,0.8891812972795899,0.020853132501495182,212,0.0898054317406874,0.016847385280888753,-0.0856181899707862
20261479,0.02,1.7824660717394212,0.04030581522050811,212,0.29471169627224764,0.047002371803799806,0.12829863286999577
20261479,0.03,2.382319824866861,0.052458237409777245,212,0.34872863567801426,0.06125930902268575,0.23524365805354536
20261479,0.05,3.9266282648462387,0.08087789511629623,212,0.4798326579523082,0.09035179708173917,0.44907295286091053
20261479,0.075,5.701932846872469,0.1126412226873889,212,0.7732569017558351,0.12428262151910141,0.7161756996414663
20261479,0.1,7.545741837235549,0.1454429824920735,212,1.0953247430473785,0.15888576426154563,0.982975547118951
20261480,0.0,-0.05035748669919668,-0.0009846672510834909,212,-0.1692987595568289,0.0009616251157227223,-0.03198972185010307
20261480,0.02,-0.08489429410945105,-0.0015648170147223909,212,-0.13143422390734913,0.029228180633955703,0.22958733481853236
20261480,0.03,0.631600515724671,0.011630645835210843,212,-0.020578307694205024,0.042808703168140005,0.3605566464438133
20261480,0.05,2.308775836171625,0.04193002973971604,212,0.26276459571864985,0.06967327276153334,0.6227917295498755
20261480,0.075,4.264922833995825,0.07881895230994845,212,0.5872141650560904,0.10357132616193808,0.9510059545339506
20261480,0.1,6.111249417957306,0.11249631325834228,212,0.8381005872289289,0.13690971169680233,1.2794942093770048
20261481,0.0,1.8618115084905806,0.04036828500970843,212,0.341118581423603,-0.03177408056759436,-0.3352695625927869
20261481,0.02,1.4376954964579014,0.031028539476810398,212,0.17511098164418354,-0.00047876436805151533,-0.1050043781622557
20261481,0.03,1.6298568106320028,0.03370091513120704,212,0.17009599197602826,0.015102839610352371,0.010286464761684176
20261481,0.05,2.6500428575818438,0.04895788102475033,212,0.25218184993038695,0.04432794795959331,0.2411410475337083
20261481,0.075,4.48889991944606,0.07821678450585372,212,0.4501400497816684,0.08144524369362356,0.5301302209873162
20261481,0.1,6.174467358774948,0.10765848892748589,212,0.7792498027048494,0.11876070179175643,0.8194577776455019
20261482,0.0,0.6697952453284354,0.015209857527916827,212,-0.16851895818257132,0.025341228422320353,0.05437474466742585
20261482,0.02,1.6224927197706902,0.035189437075512656,212,-0.08774902029186951,0.052574984228938464,0.2981163077694468
20261482,0.03,2.3436188912385347,0.050093602274309965,212,0.06269514012526041,0.06644174128904874,0.42006966562532055
20261482,0.05,3.9524029834222265,0.0817867793444154,212,0.22707434154940467,0.09276814900990504,0.6640928971088
20261482,0.075,5.817469837571735,0.11948012846246486,212,0.6044331326224935,0.1262944559598227,0.9692396851157853
20261482,0.1,7.440680451771515,0.15241553265224195,212,1.0132456852013656,0.16047720774379604,1.2743744910496495
20261483,0.0,1.0456637172271173,0.025489722183534198,212,0.23568981772953868,-0.0044000237590017905,-0.2852497295265791
20261483,0.02,1.5261260186209549,0.03451660672297824,212,0.23250862250125154,0.024815867736094836,-0.03942888021383603
20261483,0.03,2.008917794269272,0.04209849335157587,212,0.4496147620964134,0.03866367904046405,0.08334599141520688
20261483,0.05,3.502333713034952,0.06498086990717604,212,0.7577918662781586,0.0662507475892806,0.3285824059907438
20261483,0.075,5.692731295175767,0.1001518732744001,212,0.9996268367151953,0.102022382618242,0.6344541852089121
20261483,0.1,7.4556628725942105,0.1310416478915934,212,1.3188260689757119,0.13735826526515865,0.9394568209519202
20261484,0.0,-1.4173998286312854,-0.030317305565341356,212,-0.18880280589712628,0.00157608205867654,0.1318876848304929
20261484,0.02,-0.5790358775869265,-0.011924561072923752,212,-0.09552576645046411,0.03025483577614105,0.3370892709786392
20261484,0.03,0.26880787363377395,0.005475323409170977,212,-0.029229634940596248,0.04369096092873119,0.439812338480767
20261484,0.05,1.8264211802555936,0.03656223629556198,212,0.255794933897626,0.07184384191251772,0.6454699565875026
20261484,0.075,3.9381764826647347,0.07851223588592403,212,0.5934182088340727,0.10781056702086694,0.9028697476505709
20261484,0.1,5.882937960609316,0.11632028363332488,212,0.9979468834562986,0.14292114878870055,1.1605357580406732
20261485,0.0,-0.48820188453177726,-0.00921224571723511,212,-0.20076316748654652,-0.03358877673911796,-0.41620327183647043
20261485,0.02,-1.0199749204971948,-0.01953307416904939,212,-0.17236325383537174,-0.0049847819497128455,-0.16776612177370404
20261485,0.03,-0.8070384466819687,-0.015227267141300512,212,-0.20029894186933317,0.008360198756339143,-0.043509155311026226
20261485,0.05,1.20988827088135,0.0222126184877805,212,0.1664522601049291,0.03511519019490574,0.20501370018392745
20261485,0.075,3.8502317485719537,0.06939574304229922,212,0.43595159694852503,0.07033995854463826,0.5155440242034852
20261485,0.1,6.1774246641775115,0.10849978289188016,212,0.8668597204583951,0.10454831270123464,0.825739876255471
20261486,0.0,1.1808736858201854,0.027384297757641795,212,0.06286148695838473,-0.026508696613932615,-0.07715282732689258
20261486,0.02,0.51643189908681,0.011973205580907585,212,-0.04811708722902786,0.00143936538886932,0.13378285908196177
20261486,0.03,0.6746976180373518,0.014795611138875469,212,-0.09279093564144714,0.015243652659779281,0.2394329821854653
20261486,0.05,1.959944724511922,0.03865395013886727,212,0.15201364024750544,0.0450678565284002,0.451033068166466
20261486,0.075,4.290539630660014,0.07888654257367339,212,0.6417423399378138,0.08164852653225078,0.7159603965884114
20261486,0.1,6.121090772997466,0.1133304385584021,212,0.9735603362694137,0.11598438050451011,0.9811697455259666
20261487,0.0,1.307323860847535,0.03311615694049598,212,-0.2872530294248338,0.001142377866441634,0.13925289589920228
20261487,0.02,1.4301253098133295,0.03438552257514808,212,-0.2291984273007581,0.030551823298568724,0.3343156766522401
20261487,0.03,1.9655237133446724,0.0449813205089342,212,-0.08067221488171529,0.046009511793476926,0.43192609763984746
20261487,0.05,3.4878549127879284,0.0736308875216084,212,0.5816356360752465,0.07783940553338958,0.6272802629694814
20261487,0.075,5.513072090237842,0.11173489869653201,212,1.2507726021630314,0.11405396160873021,0.871671646692583
20261487,0.1,7.558722469496914,0.1487728270754307,212,1.6581600498459372,0.15168023251050722,1.1162108782149385
20261488,0.0,1.8303903153915455,0.03539988857847434,212,0.21426143307116843,0.011687995149886532,0.021030821387189137
20261488,0.02,2.5133499663706944,0.04889489918809757,212,0.43398212784257206,0.0389647629425114,0.2729185856287134
20261488,0.03,3.171415648468785,0.06111952006816376,212,0.39365560686345846,0.05277519478285092,0.39886547203920214
20261488,0.05,4.567019509340481,0.08754782523205991,212,0.8511723769364329,0.07955271630932581,0.6507261230779643
20261488,0.075,6.106009021014969,0.11568636888717752,212,1.049755064017959,0.11394540754880837,0.9654091816616968
20261488,0.1,7.713247939468106,0.14386997271811172,212,1.2800487788097368,0.1479950269951417,1.2798197939516527
20261489,0.0,1.5360544175501076,0.03223338713245234,212,-0.039280229532298636,0.00023759001794214284,-0.19315041726936782
20261489,0.02,1.6122410252550514,0.03349404796041259,212,-0.10303150683319415,0.030150890143291365,0.027493915236916806
20261489,0.03,2.2074752602451477,0.04406168328431333,212,-0.05378228344026558,0.04506478424368542,0.13773628265726623
20261489,0.05,3.652395236079409,0.06831122653798573,212,0.3904676395969531,0.07416904939414545,0.3580118720059199
20261489,0.075,5.546343684689015,0.09929931426605165,212,0.8081567993516582,0.11003234091709747,0.63286273336632
20261489,0.1,7.456792696861017,0.1301875527408876,212,0.9863855345334287,0.14611478874970302,0.907022949066044
20261490,0.0,1.3204262303924459,0.030146793763671666,212,-0.053992368688698306,0.0058061060634611115,-0.03779023968224131
20261490,0.02,1.784628991268673,0.04001753250477228,212,0.15446436241621075,0.036397357015869373,0.2466726345306764
20261490,0.03,2.231166812669249,0.04905824232543277,212,0.15856773501286048,0.051641521723101116,0.3887768132249179
20261490,0.05,3.791219930977599,0.07985226406901581,212,0.5949855864164945,0.08258813360751768,0.6726676726353177
20261490,0.075,5.662211605500588,0.11532435133828722,212,0.8703133083542465,0.11923588182764072,1.0268070818105353
20261490,0.1,7.675513674382015,0.15174167820480258,212,1.3302542833572306,0.156433056964255,1.3799615284388607
20261491,0.0,1.0248977947417395,0.02117930672871317,212,-0.04496604476695069,0.019044068851948644,0.2943848618623357
20261491,0.02,2.377928173620608,0.044697134172818065,212,0.16145654356099376,0.050213933425638416,0.5341538469344047
20261491,0.03,3.273863466672001,0.05932837807945338,212,0.24357883082716872,0.06495014706002834,0.654247400357947
20261491,0.05,5.327945006557012,0.09207227652200985,212,0.740268745946685,0.09596127692345505,0.8948080741691831
20261491,0.075,7.729620104766769,0.1313038161872537,212,1.1111260806776122,0.13555534618504164,1.1961163001664692
20261491,0.1,9.819168553435329,0.16573542303312333,212,1.5298799831269685,0.17190098640821247,1.497966242873796
20261492,0.0,-0.7531323042498668,-0.016224223531243087,212,-0.5572327025158532,-0.0005094872151992047,-0.2373809705938105
20261492,0.02,0.3332863880327217,0.007377067647613035,212,-0.4067501890087737,0.02929423475532324,0.03215530961891453
20261492,0.03,1.4541951211822222,0.03162558680638052,212,-0.0027051613382170093,0.04352403345922873,0.16691287111894296
20261492,0.05,3.3559327918237862,0.06922011076610492,212,0.46015536483162345,0.072458810902924,0.4363325107660195
20261492,0.075,5.375283477358448,0.10712903186164068,212,0.7634309504307585,0.10745315789904882,0.7727751149580834
20261492,0.1,7.21250071546829,0.1402538936088285,212,1.1428743193227529,0.14282027544056564,1.1086337019915422
20261493,0.0,-0.586856398677185,-0.01098085761803718,212,-0.0018936056629732495,0.017135667996624578,0.41111154526136284
20261493,0.02,1.7417627242225295,0.031577454345849125,212,0.35839277086275323,0.0483741469289442,0.6441033972796582
20261493,0.03,2.858032113467522,0.05223140038833679,212,0.5784292633473268,0.06345240826157841,0.7607743120092237
20261493,0.05,4.714046030843894,0.08758008422156499,212,1.0369480961751538,0.0935843526491287,0.9944111288804035
20261493,0.075,6.839565445788173,0.12739433388771004,212,1.4078725244227397,0.13159670733006168,1.286895621560244
20261493,0.1,8.77556204004107,0.16304922209751022,212,1.6724119783334495,0.16812975692083337,1.5797036720456354
20261494,0.0,0.6877210139137745,0.015545760656731581,212,0.047979654870203114,-0.004633005349871788,-0.1316516203784803
20261494,0.02,0.7311321219454091,0.016863770799367513,212,-0.04114732644580818,0.0241071940618881,0.10989106147266171
20261494,0.03,1.3018137888610302,0.02864649472795943,212,0.14817006263643925,0.0387333174939988,0.2307519500358699
20261494,0.05,2.6780673146934695,0.05450949950433806,212,0.4482373982995107,0.06701472238835318,0.4725824959619487
20261494,0.075,4.629217716916024,0.09037176693238516,212,0.6828752266809234,0.10228608705625968,0.7749290360907476
20261494,0.1,6.25730025150733,0.11980783883204024,212,0.926328919038774,0.1369598923471436,1.077134214071208
20261495,0.0,2.197411931510545,0.04897170630596679,212,0.05943726052326618,-0.023803549922578424,-0.587683612378208
20261495,0.02,1.6320200521889774,0.039215666194217555,212,0.017407373372522395,0.005413365667423132,-0.32718434332083046
20261495,0.03,1.7171304819754365,0.04120599464193545,212,0.03629847421782604,0.0198403026405263,-0.1972155938037336
20261495,0.05,2.3874634522229203,0.053377874634398116,212,0.3135911748942977,0.049034176095167095,0.06209364882840317
20261495,0.075,4.229479803119525,0.08678077814827255,212,0.4910410018980078,0.08600144192562613,0.3849176769184256
20261495,0.1,6.391124562072018,0.12325750251927346,212,0.855584422651383,0.12172187220934139,0.7060973212249929
20261496,0.0,0.038841615228378264,0.000763462751620114,212,-0.41881681788579106,-0.005138396185451294,-0.08797965220665253
20261496,0.02,1.2136141582137996,0.02351526720684258,212,-0.050294044063408726,0.025883486674477096,0.16782831075374638
20261496,0.03,2.4599928557171764,0.046263999377350304,212,0.020332950902891087,0.041553674862156824,0.2954874221236939
20261496,0.05,4.476124573242807,0.0796325957119098,212,0.5132613328176701,0.07224579916270002,0.550269244460892
20261496,0.075,6.821319361469581,0.11807353411055309,212,0.8286426087361705,0.11219778959355724,0.8676460556396688
20261496,0.1,9.128079428170455,0.15501417347348415,212,1.2008022507370126,0.1498814098100099,1.1836686539637964
20261497,0.0,1.2127146515638432,0.028161585790478377,212,0.01250065192957285,-0.00428890946181764,0.08432854355435834
20261497,0.02,1.3797124003928718,0.03175974323892544,212,0.14088654604919715,0.023352948164412295,0.26165062419929985
20261497,0.03,1.647312452311477,0.037094765646121956,212,0.18311532421164908,0.036476212323548446,0.3503629758752337
20261497,0.05,2.680740272352318,0.05561244971694016,212,0.4724328313763892,0.06299771012379259,0.5278643252842418
20261497,0.075,4.471012683310528,0.0857848458532349,212,0.772989953354273,0.09576004227463768,0.7498309520292035
20261497,0.1,6.199790050736963,0.11526136950163447,212,0.931985666012097,0.1288649341711795,0.9718212672206104
20261498,0.0,2.3042585682909564,0.05399437976716179,212,0.6204526483604142,0.013113535257539386,0.2898038195748386
20261498,0.02,2.9890815574949974,0.06544017647203403,212,0.600270725125632,0.04228692681408172,0.5479828991852943
20261498,0.03,3.5411936655045904,0.07518341539747171,212,0.6056923112725705,0.05707024881409811,0.6772776872214089
20261498,0.05,4.692806004522167,0.0952351936358646,212,0.7545417921604562,0.08581608074783507,0.9362205805796285
20261498,0.075,6.396972014311173,0.12722484618094526,212,1.005494340981402,0.12360671888185223,1.260442413325011
20261498,0.1,8.031371004840762,0.15523589002039997,212,1.3883467096944315,0.15898561351477564,1.5850974751478564
20261499,0.0,1.602518296137283,0.034447992364348395,212,-0.05919924154665831,-0.024567012674198547,-0.3126456272609391
20261499,0.02,1.282083214564442,0.02834233854119729,212,0.011508230502303592,0.003970927993839043,-0.04782290430955291
20261499,0.03,1.338588443051037,0.02979655330618799,212,0.055751312383563636,0.018941659361456344,0.08442075708923631
20261499,0.05,2.1691450148776155,0.04593936129248969,212,0.41464737752958425,0.04728246176029624,0.3485092360168548
20261499,0.075,3.996335222436918,0.0802101852382864,212,0.7838587013416315,0.0817842191071531,0.6777426341842369
20261499,0.1,5.92029483837415,0.11435965393784972,212,1.072540850013653,0.11717181854676836,1.0058209935433287
20261500,0.0,1.4096430938749183,0.03537070187368404,212,-0.06889455847837421,-0.0005965352821176612,-0.18087926134149315
20261500,0.02,1.3872387286955101,0.033260042274637684,212,-0.05627205669450021,0.024584422287582234,0.11771750389905049
20261500,0.03,1.6803296349749248,0.03849316723879435,212,0.05238553632128413,0.038158800252336984,0.26673135915750973
20261500,0.05,2.7604999591864354,0.05854084909756757,212,0.4273800298334632,0.06428243718201854,0.5641256343540255
20261500,0.075,4.579968287688364,0.09128269935031419,212,0.875397458151494,0.09682356483340025,0.9345501232743784
20261500,0.1,6.325609787448763,0.12204395005693966,212,1.2940583737710991,0.12864372967171614,1.303328485817452
20261501,0.0,-0.928057851505337,-0.018104973824134226,212,-0.39776184680477245,0.012608656469412338,-0.07608710607948126
20261501,0.02,1.960231432513211,0.03713624148977134,212,0.2676248482504442,0.03997656870857536,0.15319327048033768
20261501,0.03,3.1446388994293972,0.05911895067139663,212,0.3685379928370589,0.05355862738511704,0.26794072635825805
20261501,0.05,4.846916280713374,0.08980134607034303,212,0.6981169765772873,0.0820571403993151,0.4976136516060713
20261501,0.075,6.8619748922476385,0.1255883425228783,212,0.9630563887674493,0.11568176046010537,0.7849627994751098
20261501,0.1,8.955458362158648,0.16170919391441846,212,1.4146827051454922,0.15015893952924406,1.0724908797587187
20261502,0.0,0.13877272631857662,0.00334469395947861,212,-0.5608052740487434,0.018793165600242506,0.09256983427467667
20261502,0.02,1.3172954795230674,0.030130920292645365,212,-0.0543480457089458,0.04932194676345046,0.3807599746129077
20261502,0.03,2.211604535209771,0.048607640567266644,212,0.13439553341360158,0.06513602028527189,0.5248811804230784
20261502,0.05,4.085845835291154,0.08558617144167985,212,0.5082522633928132,0.09451935129732343,0.813094769283761
20261502,0.075,6.122726490378269,0.12363641763409501,212,0.9596639169051463,0.1316632734988817,1.1731404707632207
20261502,0.1,8.187991691382933,0.15988835317346528,212,1.3848264972598474,0.16822858207915845,1.5327043505892888
20261503,0.0,-2.6694752013276974,-0.053462362464054274,212,-0.38301060378757595,0.00023195749596506841,-0.16173471818909277
20261503,0.02,-1.1329347816742121,-0.021436354549848848,212,-0.11729712741696352,0.02956203557296061,0.07385298424256745
20261503,0.03,0.1419923484492221,0.002629875715842341,212,0.015653273857137422,0.0435230093643238,0.1919145774008851
20261503,0.05,2.5970904846075196,0.04853697801882696,212,0.22927996465427167,0.07186073947844895,0.4285328857864316
20261503,0.075,4.73144423618308,0.09027294177406009,212,0.511558588017326,0.10780339835653246,0.7251495097507211
20261503,0.1,6.636172780551527,0.1266021964787521,212,0.9371419263254916,0.14103118164166512,1.0225820495402114
