seed,ic_nominal,t,mean_ic,n_ic,active_ir,oracle_ic,oracle_active_ir
20261004,0.0,1.2223535055279522,0.02596182993470371,212,0.08517329818122847,0.023108701529588143,0.09047744646473091
20261004,0.02,2.9261518266502993,0.05488841461915958,212,0.3533580809439886,0.05503434814311111,0.2865811586019296
20261004,0.03,3.8723532102523452,0.07009622395726656,212,0.43967826690621126,0.07127546924028542,0.38450454685002233
20261004,0.05,5.794061810681945,0.10233473156424353,212,0.8358272260236576,0.10267882745229767,0.5800664695381694
20261004,0.075,8.025667776556137,0.14027181526966465,212,1.20313115938357,0.14082277832851328,0.8239278042787883
20261004,0.1,10.002739469473921,0.17243351575877242,212,1.3431719774115094,0.1766614915737471,1.0670528475389862
20261005,0.0,-0.09260325923358713,-0.002106563219426669,212,-0.739531923141355,0.024210627647285328,0.1475070669428694
20261005,0.02,2.439236401278079,0.047616828746753624,212,0.03685452525341514,0.05351561539911028,0.389690395570653
20261005,0.03,3.447604505646115,0.06530141161241694,212,0.15121874916824413,0.06831839520232018,0.510786818550926
20261005,0.05,5.156583451651266,0.0955987473271123,212,0.4429558634909855,0.0955465184869612,0.7529414733129207
20261005,0.075,7.199313320774193,0.13065914844460466,212,0.7567838396498469,0.12988237245922055,1.055464846727021
20261005,0.1,9.03374302600336,0.16312654126283188,212,1.0782727080641077,0.1639739797966557,1.3576606434134362
20261006,0.0,5.316644731452713,0.09516657927723479,212,0.8571803063903752,0.11130682702627417,0.8949231073189975
20261006,0.02,7.159426420952961,0.12860737430259137,212,1.0975026925201397,0.13893229913402533,1.1357934230551863
20261006,0.03,8.001738407177447,0.14454997173498063,212,1.2235791583429367,0.15231261111429717,1.255724775067776
20261006,0.05,9.776275096640296,0.17643004612523447,212,1.4430819864739417,0.1803820283633325,1.4945489101164102
20261006,0.075,11.793131153832826,0.2120429464439329,212,1.7363327414368364,0.21409574468085107,1.791070195325482
20261006,0.1,13.723155714417222,0.24659232420386862,212,2.160618207393334,0.2462456680785522,2.085275802706565
20261007,0.0,2.413692289815648,0.056683652987489654,212,-0.059430270105180795,0.01947009233239662,-0.01683996507112327
20261007,0.02,3.347109368603908,0.07254073849531784,212,0.05115633841513446,0.04786619585610238,0.18975116201507589
20261007,0.03,4.085457507047264,0.08438849245037236,212,0.23169913164484315,0.06170274211651742,0.2930920096555303
20261007,0.05,5.780605437434239,0.10903692066951227,212,0.6546070855081136,0.08961444875019457,0.49983746228324877
20261007,0.075,7.772757024172854,0.13891130518847444,212,1.0242210966654126,0.123643074250977,0.7583333849211468
20261007,0.1,9.63722138761303,0.16789370304524862,212,1.31410227688284,0.15673874929337453,1.0168220089242443
20261008,0.0,4.010192252000816,0.09088944690682374,212,0.31417827853723046,0.05334203131272581,0.15074750677254486
20261008,0.02,4.8575759619964245,0.10513870341392277,212,0.5700954622868245,0.0811349429374319,0.40747170360394436
20261008,0.03,5.377371735855326,0.11469606911411694,212,0.7720975978691587,0.09493974225579432,0.535503768004661
20261008,0.05,6.489635132172518,0.134625980058824,212,0.8663814323832557,0.12200554649800506,0.7908562708750377
20261008,0.075,8.143536056975186,0.16376199215133663,212,1.2225167315959002,0.15505769750694337,1.1086084868226105
20261008,0.1,9.603718922283733,0.1901452371394162,212,1.510515649102188,0.18796237884957273,1.4246187905173207
20261009,0.0,3.8401998445390735,0.09146392518193361,212,0.07726778640592201,0.028608803979685,0.03153840494508568
20261009,0.02,4.433849870561843,0.09992554830041207,212,0.40849946835139933,0.05595347332027952,0.2958605907765217
20261009,0.03,4.918175098832726,0.10679517692263578,212,0.4849416496782661,0.06953450790191629,0.42810200761846684
20261009,0.05,5.952564252476246,0.12306343653479054,212,0.6808117275926107,0.09646615571158211,0.6926907210532086
20261009,0.075,7.519272366934109,0.1494461694754176,212,1.146932012976163,0.12951677057816302,1.0235117899779804
20261009,0.1,9.187047258497396,0.17735275563457018,212,1.440802048788724,0.16335184214191498,1.3542668908606015
20261010,0.0,2.7715222112646147,0.06838803365585495,212,-0.24630463308716982,0.026978244127839814,-0.021192129278375712
20261010,0.02,3.286194322032095,0.07742464709689577,212,0.2245213347330979,0.05452639707026928,0.22923140901409128
20261010,0.03,3.780363275922783,0.0860925863721643,212,0.37749603683005545,0.06772698039472715,0.3541833735001766
20261010,0.05,5.092998951855898,0.11021923823724593,212,0.5870885144511883,0.09499350723830277,0.6035110109606043
20261010,0.075,6.869447339438978,0.1415990422664449,212,0.9067310070653121,0.1292986383634144,0.9139751135784459
20261010,0.1,8.663602102384816,0.17257228061838945,212,1.1809779955858788,0.16306970399560866,1.2229517601944757
20261011,0.0,1.6715978248672403,0.042709878009814926,212,0.02292209342796787,-0.015147387738716522,-0.2108291594497556
20261011,0.02,1.9199179555507015,0.04708634758600348,212,0.03335025317650204,0.012246126873069583,-0.01006780597325433
20261011,0.03,2.288888989317107,0.0527833875420903,212,0.13690451296765932,0.026895292440541053,0.09030062446586265
20261011,0.05,3.5383370639276173,0.07019760935285395,212,0.41462225824606064,0.054938083222048344,0.2909817494521928
20261011,0.075,5.500118882324636,0.09873964640051122,212,0.9601763389122308,0.08887505222884014,0.5416643427138259
20261011,0.1,7.257432695969545,0.12798728483766048,212,0.9527652997341699,0.12430054317993758,0.7920687356433352
20261012,0.0,4.006583625778197,0.08601577925429507,212,0.2891311081231565,0.06850017204794404,0.3116039598403361
20261012,0.02,5.705119194487076,0.11523525508155892,212,0.6717881341895371,0.09725317264601545,0.5653120976082274
20261012,0.03,6.417866939746257,0.1278085802767514,212,0.7517601064200762,0.11160842297577403,0.6922617727217923
20261012,0.05,7.967876426164367,0.1548733604240572,212,1.141615971463452,0.13887853415151688,0.9463107424488199
20261012,0.075,9.702435811694938,0.186036568380865,212,1.4130461054449772,0.17318468937153342,1.2640662720605216
20261012,0.1,11.422798036148853,0.21631700652962912,212,1.80730875620161,0.2064513882630531,1.5819152888325319
20261013,0.0,3.764589313348492,0.08851559491721217,212,0.42344176817101353,0.04983092193119724,0.30626521126544676
20261013,0.02,4.566298888907791,0.10465021014427449,212,0.7058533204472164,0.07694690682374916,0.5869380546015277
20261013,0.03,5.094768633990079,0.1146423041316085,212,0.7954410167070416,0.09059962804873053,0.726661103065899
20261013,0.05,6.286562835040428,0.13838082402772428,212,1.1346002824760877,0.11709449938144666,1.0048020568875167
20261013,0.075,8.071112591306722,0.17223893772683704,212,1.5843712427249217,0.15022243341334926,1.3498752751024592
20261013,0.1,9.72306796920701,0.20196841281675254,212,2.105481005233953,0.18224332085303013,1.691845113538078
20261014,0.0,3.025094983986894,0.06037602716718964,212,0.0680402630044024,0.03797548726435576,0.2590188262559147
20261014,0.02,4.5153154737518815,0.08452572116763205,212,0.4071245562330247,0.06814327497357835,0.4921198691183978
20261014,0.03,5.234059244290192,0.09807091242759648,212,0.573829394182731,0.0828129224391483,0.6085646135423287
20261014,0.05,6.683423832784281,0.12337527343333962,212,0.9311566216876019,0.11265658411096273,0.8411956203096248
20261014,0.075,8.534774051335786,0.15448881278725862,212,1.210534690268438,0.14803394260152875,1.131403673969405
20261014,0.1,10.358541109157972,0.18561412923258422,212,1.6788950469769386,0.1821434715998001,1.4208319976612223
20261015,0.0,3.448592316699013,0.06860872610786586,212,0.32383880426097,0.05308088711197044,0.3904200549450433
20261015,0.02,5.029371961316758,0.0980176594925405,212,0.7920289900856302,0.08295885596309979,0.6149700706803962
20261015,0.03,5.72359204512299,0.11137492933745156,212,0.900201233819628,0.09720043175841192,0.7268880394184951
20261015,0.05,7.1530564001316215,0.13809356540689338,212,1.3061216285683972,0.12598773953579825,0.9499694452179566
20261015,0.075,8.94586301161632,0.1722829738077487,212,1.5793985693953934,0.1602549791494277,1.2273251716864515
20261015,0.1,10.680637157782321,0.20492395071236041,212,1.8315809952537192,0.19468095347332026,1.5029070658386865
20261016,0.0,3.625443534706141,0.0857067728678754,212,0.17074143820906162,0.046917380070200264,0.2119769035128575
20261016,0.02,4.8104911771432,0.10746442294300297,212,0.6682410417185836,0.07307326784587781,0.45236838263878876
20261016,0.03,5.452575620829576,0.11889690641411121,212,0.8236406382672506,0.08615403206645968,0.5724598178444357
20261016,0.05,6.542596335996042,0.13839260111913093,212,0.9679481537407949,0.11113529112969957,0.8123902205822677
20261016,0.075,8.08761246124723,0.16561509188179485,212,1.3397463838423025,0.1421515414676509,1.1117400499484076
20261016,0.1,9.617561241753185,0.193726497021932,212,1.7803266706318197,0.17385342334444814,1.4103383238350755
20261017,0.0,3.890123786505662,0.08503111200321158,212,0.31299134293731423,0.07324019531538026,0.14624597458874294
20261017,0.02,5.336896225437207,0.11260025889119196,212,0.45503709047274116,0.10199831638797631,0.368745436927358
20261017,0.03,6.052324827478823,0.12705331028437067,212,0.5827179641072456,0.11502377948369231,0.4798849874489447
20261017,0.05,7.464473254728514,0.1543495358801891,212,0.899463386388259,0.14210596924438185,0.7019060208615826
20261017,0.075,9.3188770035141,0.18995782777181527,212,1.1599821600837361,0.17759649022194185,0.9788713085855378
20261017,0.1,11.022237845503911,0.22183534192480683,212,1.4081004954639795,0.21146791715481858,1.2551053013876752
20261018,0.0,1.058699096117994,0.02425466372819702,212,0.008463532366703302,-0.012825252541803552,0.06567646521953616
20261018,0.02,1.6267895800836678,0.035152569658935436,212,0.10700358993590843,0.017983106530448396,0.27822780642389794
20261018,0.03,2.061365221855799,0.04277542008373,212,0.29079619062854767,0.03328308440999845,0.3844555215925414
20261018,0.05,3.5628712947746033,0.06835884695106466,212,0.7321394488897414,0.06304737872668136,0.596773524943603
20261018,0.075,5.7961458801055,0.10494361333453495,212,1.119635516962257,0.10062961354754665,0.8618281027917202
20261018,0.1,7.8489519453228045,0.13825076397479907,212,1.5093515031094593,0.13654820619536454,1.1263818487156643
20261019,0.0,3.0339029660891255,0.06677866851276842,212,0.31439589390635725,0.03644856176111553,0.17442040528678002
20261019,0.02,4.595551457826172,0.09627516201181398,212,0.6181493858030118,0.06663631932098413,0.4414376484642586
20261019,0.03,5.3885671801494786,0.11149679663113742,212,0.7417651983432528,0.08177397815810386,0.5748032800483476
20261019,0.05,6.976625743939554,0.14065943519117802,212,1.0747049418137316,0.11237239777484659,0.8411964543346586
20261019,0.075,8.886810900607337,0.17682278652127248,212,1.3914551380461504,0.14937806716424024,1.1734474966206856
20261019,0.1,10.713481125071912,0.21198252484454239,212,1.8354765706531153,0.18584659877600176,1.504726909109308
20261020,0.0,1.796638792740423,0.044793399093880824,212,0.11412076120008902,0.0009570166886505704,-0.27023834779049555
20261020,0.02,2.1610936957728866,0.0479604125873553,212,0.15521376339624737,0.029972185582382297,-0.003850924094233109
20261020,0.03,2.7822732313600147,0.05696988751341565,212,0.35534525807561596,0.04354553945223212,0.12927821519255978
20261020,0.05,4.549308496192869,0.08329680728172442,212,0.513147320344363,0.07246085909273384,0.39533710975568176
20261020,0.075,6.650180573582156,0.11658091578662777,212,0.8092897037205861,0.10932110700562843,0.7273928150669734
20261020,0.1,8.625404983440715,0.14810870152958816,212,1.1164144929590785,0.14501337467945832,1.0586709593488035
20261021,0.0,1.6325091531435862,0.031137605584184692,212,0.07855579162314473,0.044242948082484704,0.34239424340844166
20261021,0.02,3.3789445519995893,0.06491327964345112,212,0.5635087018422134,0.07427965164387715,0.5490984935233082
20261021,0.03,4.1724076342301135,0.08002584815540026,212,0.7276225969083704,0.08943113576221336,0.6524666023398095
20261021,0.05,5.687616087409099,0.10964420894813165,212,0.8353502840242852,0.12024461530898992,0.8591949143238741
20261021,0.075,7.669897159875524,0.14517108529481643,212,1.180391161039703,0.15865687905029532,1.1175081972410215
20261021,0.1,9.483335819855249,0.17887712090054814,212,1.3952543478605952,0.19564513882630535,1.3755973330533349
20261022,0.0,5.119981563123932,0.12098759616251158,212,0.7622566637585557,0.0914783014771545,0.4769957611892093
20261022,0.02,6.20760691622933,0.14257398061593163,212,1.0355156371280194,0.11955181510580949,0.7503904496270644
20261022,0.03,6.874761726876086,0.15524357073218692,212,1.136181710179617,0.13334074095314563,0.8868784998993091
20261022,0.05,8.2472439841085,0.1798310653044839,212,1.4750796928301086,0.1592441974782687,1.159389908989108
20261022,0.075,9.977574696430462,0.21049912337476134,212,1.842533363823029,0.19263122752111683,1.4990639401173607
20261022,0.1,11.661310177654657,0.23916200362119955,212,2.1559031625327876,0.22334690600447327,1.8375345678590513
20261023,0.0,2.4182013652354466,0.05945075742059167,212,0.16047739548185774,0.009542004276620324,-0.07822442607915794
20261023,0.02,3.112157447432706,0.07009417576745672,212,0.18737674299167253,0.038192595384199446,0.17745438343063388
20261023,0.03,3.749773176344222,0.08003096862992488,212,0.3487462979229574,0.053512031066943036,0.30509195887030854
20261023,0.05,5.1858938403893236,0.10175202156334233,212,0.6503065469537264,0.0819531947664654,0.5598944252988164
20261023,0.075,6.979995834971577,0.1284020432741543,212,0.8648636176239701,0.11774735988333511,0.8773707955546479
20261023,0.1,8.829801941401943,0.15735013395161357,212,1.020194200239489,0.15399212675837096,1.1935111123397935
20261024,0.0,3.375811566814917,0.06325890621509897,212,0.29490597923975587,0.04662706617430495,0.17591077788840168
20261024,0.02,4.829407305468062,0.0885949622723437,212,0.5697903556905892,0.07603853464308245,0.39257675716898005
20261024,0.03,5.588635579567972,0.10193226226660877,212,0.6498245393467899,0.0905361341646253,0.5007389407747219
20261024,0.05,7.012910541925286,0.12786080911690248,212,0.9242442484824755,0.12092461432585881,0.7166936848785833
20261024,0.075,8.959960898511554,0.16240301821250377,212,1.314511445757781,0.15709769455755004,0.9858870289053058
20261024,0.1,10.677636265335995,0.19413306269918645,212,1.6106420374661474,0.19145607861771766,1.2541674548566282
20261025,0.0,2.524454827416492,0.06499571928329742,212,0.05704069968752192,0.020973463652823637,-0.02485916582566477
20261025,0.02,3.3441746639044516,0.07902581948074291,212,0.2951910399447681,0.05432106604183222,0.15064469936665728
20261025,0.03,4.048168178230968,0.09097854316355206,212,0.5299808295037506,0.0700680613473812,0.2384201326515191
20261025,0.05,5.927563535720347,0.11961940536953442,212,0.8899507377327682,0.10333629638125826,0.41399810610104293
20261025,0.075,8.474348087292013,0.15627278611163456,212,1.006139421218031,0.14388072571461344,0.6334803106139957
20261025,0.1,11.1147474193936,0.19151906045437042,212,1.2989917237780124,0.1827225972685341,0.8529152002608383
20261026,0.0,3.1916459362117786,0.07226218468117877,212,0.3497371814732237,0.0469066189301895,0.011726969305971663
20261026,0.02,4.2285516765348845,0.08814589665653495,212,0.5440513010625825,0.07719320164838316,0.22586408335313182
20261026,0.03,4.984172983043981,0.1016112085139154,212,0.6759675350681036,0.0925013722871726,0.33277118042645537
20261026,0.05,6.502773533059191,0.12895659066517012,212,1.0104089660366016,0.12058000639035221,0.5462254984552103
20261026,0.075,8.307802492355396,0.16220127151623392,212,1.3563980993155151,0.15639362931041548,0.812293353373385
20261026,0.1,9.93576152979345,0.1922502642164855,212,1.6980793976302955,0.19091740469772814,1.0774229444097256
20261027,0.0,2.6606934802114197,0.06079488198330316,212,0.05260372592010994,0.038707715121375726,0.12844966512118594
20261027,0.02,3.852869503215346,0.08172021317559539,212,0.5100802267878733,0.06581038678016368,0.3738816020652802
20261027,0.03,4.576035903696224,0.09457209218492697,212,0.7383590870209137,0.08013337812041717,0.4964249300789333
20261027,0.05,6.082803315235984,0.12148684242866153,212,1.0992581563640114,0.10837433126602707,0.7411162540384697
20261027,0.075,7.88251071143962,0.15292399577253624,212,1.3097819871426022,0.14327036515127928,1.0461371327610345
20261027,0.1,9.532089065101372,0.18056226906659895,212,1.6940836483469532,0.17530251763491428,1.3500787914376262
20261028,0.0,2.7103873754978247,0.06440276833334699,212,0.15846764575859085,0.043603912861812734,0.06347773863952533
20261028,0.02,3.930723531729873,0.08906450978625091,212,0.3632689750768575,0.07435645876174637,0.2742110001321174
20261028,0.03,4.591314299393951,0.1025026831286509,212,0.40608329252336484,0.08971737028813935,0.3795320479430034
20261028,0.05,5.893802849235933,0.12869237417969998,212,0.5330237200320529,0.11960250780360317,0.5900521310108564
20261028,0.075,7.516877936536758,0.1605094667333011,212,0.7286454206789404,0.1558928469019081,0.8529100948186543
20261028,0.1,9.179101427643166,0.19231683038530548,212,1.0654960085847343,0.19099933229012195,1.1153543375757966
20261029,0.0,2.1349448092664147,0.048772007799506786,212,0.1888425666027472,0.021334969154261467,0.02618818705573082
20261029,0.02,2.9220548267112068,0.06319638453534766,212,0.17655268671229185,0.04993947599111905,0.28283974746210894
20261029,0.03,3.4135716337999193,0.0711387525704782,212,0.301161190755488,0.06358502855176595,0.4110082578240173
20261029,0.05,4.938410052151691,0.09726187745270728,212,0.44806870884201366,0.09183417445661524,0.6669727223453891
20261029,0.075,6.948433420702385,0.1303816187253705,212,0.7773968620025443,0.1252739453870669,0.9861113563918767
20261029,0.1,8.812462967548964,0.1613476884129806,212,1.1709881383086524,0.15947615497423376,1.3041770166654216
20261030,0.0,2.880850746710269,0.07166257711434634,212,0.3545271476769681,0.027796495956873314,-0.19911869270524873
20261030,0.02,3.93472243861965,0.09162065066893879,212,0.716547824759496,0.05787057898229546,0.08245856500274074
20261030,0.03,4.599848698962073,0.10273720086187829,212,0.7934431252010862,0.07282748506869628,0.22337304089078758
20261030,0.05,6.112782098447049,0.12818288696450078,212,0.9426748186824234,0.10475774010929141,0.5053868563022905
20261030,0.075,7.902920397875625,0.15782428989259295,212,1.0374511953800976,0.14103579006873726,0.858112199351298
20261030,0.1,9.53627612782895,0.18590855651774965,212,1.2439489185150998,0.1769026659238565,1.210872116284302
20261031,0.0,3.6966476468749274,0.07638109438877919,212,0.20149891580455842,0.03650232674362399,0.19696436673865217
20261031,0.02,4.811238538635604,0.095449741518446,212,0.5429106053309113,0.06479038825486036,0.4193102510788635
20261031,0.03,5.526774337220475,0.1072058389795099,212,0.694494871426738,0.07832841085049033,0.5301679092296907
20261031,0.05,6.913008227651738,0.12854848884555828,212,0.9634273130797791,0.1049922578425188,0.7511977817454492
20261031,0.075,8.6702651711187,0.15753242284468985,212,1.322865747021084,0.1390326604347078,1.0260893435562664
20261031,0.1,10.344423904692128,0.18450042602348043,212,1.6062524139169814,0.17228399790265367,1.2992778746147042
20261032,0.0,0.036701732615835536,0.0007130147169405942,212,-0.09136122339298271,0.007473368505731215,-0.021929203600526196
20261032,0.02,1.4890376165307257,0.02734077372418256,212,0.040730558629933314,0.03826940250206867,0.22944918391468297
20261032,0.03,2.447982957580002,0.0446300559565456,212,0.31991964269078954,0.052954411391212444,0.3550104263859349
20261032,0.05,4.229205679240364,0.07679329258801071,212,0.726640483179121,0.0834765359375384,0.6058266058965197
20261032,0.075,6.472702839930019,0.11670483127012346,212,1.124920102447072,0.12077868080190728,0.9186694696059506
20261032,0.1,8.467578763335844,0.1516295398127135,212,1.407701660932414,0.15694152008454926,1.2306156107135182
20261033,0.0,1.2931387027882744,0.0317891881839773,212,-0.13465658631016722,-0.008678973775230048,0.05946743369309259
20261033,0.02,1.4293681589322804,0.032318387009560946,212,-0.061931679726246226,0.022095359621166807,0.27508315126305993
20261033,0.03,1.845291546110742,0.03833545662343621,212,-0.012179907423201032,0.037850547685955145,0.3829886907973875
20261033,0.05,3.5564470498384213,0.06409093143479792,212,0.3909523535447251,0.06701216215109088,0.5989548375581205
20261033,0.075,5.664293393200969,0.09816717734865925,212,0.6423954396854283,0.10390313291113314,0.8691196806328578
20261033,0.1,7.4988203582972375,0.1297103245151935,212,0.9625278970936534,0.13884576311455935,1.1393959318481397
20261034,0.0,1.7821193373350745,0.045941921529752,212,-0.11135443251717612,0.007291043675599507,0.2102942681421949
20261034,0.02,1.998937643029503,0.049155019293948006,212,0.1782337720342411,0.038663166993011575,0.4332713658541419
20261034,0.03,2.4880720983559637,0.05810253647826052,212,0.32090829634662327,0.05407425916974578,0.5445090154045825
20261034,0.05,3.8998394548634505,0.08387337271319609,212,0.7840067706861544,0.08556773773339123,0.7664212990012698
20261034,0.075,5.862677715284485,0.12057130158366036,212,1.1568604621967913,0.12347512268656961,1.0426320562694085
20261034,0.1,7.692808602239967,0.15362396464005115,212,1.3134192936996807,0.16033895493163147,1.3173607218008787
20261035,0.0,2.411386124933343,0.05768675394686175,212,-0.03450146384791298,0.01693136106309244,0.004157566838678723
20261035,0.02,3.084653152670044,0.07106143340515653,212,0.06157365879216747,0.04611345742632661,0.26355808935825514
20261035,0.03,3.571845553509702,0.08008422156498085,212,0.15554581996185832,0.06011488296643427,0.39292633553330064
20261035,0.05,4.978671459002979,0.10545361259718661,212,0.5777409703342434,0.08922990111339599,0.6509339670028117
20261035,0.075,6.8016074680446525,0.13669055538714883,212,0.8846739474987797,0.1255202402117009,0.9719460067199461
20261035,0.1,8.731758477347638,0.16732328218320647,212,1.1892026789254766,0.1607485928936006,1.2911136550986024
20261036,0.0,3.6448399203247797,0.08921197945255982,212,0.46820557935025753,0.01354826354467921,-0.4092417070219861
20261036,0.02,4.00865391404653,0.09709546203065732,212,0.5383338185842564,0.04039030305016427,-0.16116868576202764
20261036,0.03,4.287213753957434,0.10212632825109168,212,0.5974056023178614,0.05356989242907119,-0.03736213227398152
20261036,0.05,5.116299377362271,0.11716413783498145,212,0.7147679353298477,0.08025882974627026,0.2097277158382861
20261036,0.075,6.582667552069169,0.14299437157440256,212,1.16955804841938,0.11250757830229645,0.5174803838469492
20261036,0.1,8.204096705276955,0.17018613948991881,212,1.4947359395630586,0.14574048206195364,0.8238218866974423
20261037,0.0,5.072460277500978,0.11983190506230594,212,0.7778123600790645,0.07516549373663557,0.4624121311339466
20261037,0.02,5.875519144505051,0.1355266715277038,212,0.984664033175089,0.09863416462530417,0.6948444456118551
20261037,0.03,6.352328691046839,0.1441828337115657,212,1.2245769524072,0.10951261275284904,0.8106020773977028
20261037,0.05,7.231191109814648,0.15970247994822176,212,1.4563821723772736,0.13236119417658673,1.0411679515848025
20261037,0.075,8.544169393472734,0.18419575778926586,212,1.6315595462805168,0.16048232821832062,1.327530722443797
20261037,0.1,9.887141473734896,0.2088953907536519,212,1.9424118066827725,0.18799156555436303,1.6117562204228613
20261038,0.0,3.0045098387571043,0.07932127086081323,212,0.25671628169028227,0.015496092053842806,-0.09523168054357221
20261038,0.02,3.325490771769288,0.08296756076979167,212,0.32880869697773385,0.041663765064436045,0.1709579366561945
20261038,0.03,3.7511806207413865,0.08965490049893904,212,0.4478820029423936,0.055514648653520016,0.3038560115481573
20261038,0.05,4.847576820417949,0.10668252648309424,212,0.6738807645711705,0.08293581382773905,0.5691822799688471
20261038,0.075,6.627908268010163,0.134572727123768,212,1.0603879830149958,0.11698389713171499,0.8998035242871866
20261038,0.1,8.409651483296033,0.16189353099730458,212,1.501895963969982,0.14833502650357616,1.229056569114077
20261039,0.0,1.3877561361039858,0.02762752029756102,212,0.08255338633079692,0.03511365405254837,0.21764816919824942
20261039,0.02,3.1052637179075475,0.059514763352149384,212,0.449295206858621,0.0643787021030813,0.4369102238873431
20261039,0.03,4.064480774689145,0.07745895427621068,212,0.6686066526878098,0.0783289228979428,0.546557431205186
20261039,0.05,5.773125916028572,0.10838303607271893,212,1.153922454740935,0.10629490656158087,0.7658520322824699
20261039,0.075,7.76774072386934,0.14432876723551727,212,1.4777798834068616,0.1417854275391409,1.0399042421748477
20261039,0.1,9.580963371080655,0.17631381135352578,212,1.7075524003812743,0.17556878231019427,1.3137892465208423
20261040,0.0,-0.14314924475164487,-0.0037374343555165957,212,-0.422317008868664,-0.0077114346340704035,-0.1637845432357763
20261040,0.02,0.5426966938641035,0.011947091160832054,212,-0.05456913305312614,0.019939639846303845,0.07021057801898518
20261040,0.03,1.202608245697681,0.02342821913992413,212,0.20320938329439459,0.033202180912509524,0.1870059437964686
20261040,0.05,2.9688083090166058,0.05208546686438524,212,0.4281185185701877,0.0596141005579269,0.42012812719745385
20261040,0.075,5.092500426191453,0.0861811705814401,212,0.7859021832081875,0.09430377931983713,0.7105219801689716
20261040,0.1,7.395427627650968,0.12341214084991683,212,1.1929816113790934,0.12759147215690775,0.9996138898219333
20261041,0.0,3.2726467257393286,0.08471569077249527,212,0.2618317884102001,0.03123899097977208,-0.11370978795660297
20261041,0.02,3.85810379132357,0.09550094626369215,212,0.2958049944460054,0.060580846148174244,0.12899283008618184
20261041,0.03,4.4312523893159925,0.10670300838119269,212,0.49370349252903634,0.07489052425466373,0.25028435160525986
20261041,0.05,5.590644164547552,0.1276611106104425,212,0.8053576556324396,0.10318114600316239,0.49269014481655304
20261041,0.075,7.227480566698743,0.15568341949385134,212,1.201735277741302,0.13816422795533306,0.7952467071982169
20261041,0.1,8.761909121180093,0.18345431307810156,212,1.476802874805873,0.1731785448021039,1.0971364186555235
20261042,0.0,2.464344434352115,0.04809764130461498,212,-0.14873414109971597,0.019980091595048297,-0.0059727768687104004
20261042,0.02,3.697019329263628,0.06552722453895247,212,0.23110571814047876,0.048625050180650345,0.30295682291037845
20261042,0.03,4.5415722425488605,0.07836169393490035,212,0.46394053691146103,0.06366183566963518,0.4572032229164852
20261042,0.05,6.311314942171671,0.10526671527703815,212,0.8710670804875267,0.09252339032762845,0.7651766155913002
20261042,0.075,8.700196758874549,0.14352126840298543,212,1.5111895835723568,0.12815574844952032,1.1490011678209529
20261042,0.1,10.852559133918318,0.17744441212856074,212,1.8643657593803662,0.16225298830893256,1.5313222422613126
20261043,0.0,2.615443655995182,0.0640607206351027,212,0.012856988588746098,0.007659205793919334,-0.11165613606216207
20261043,0.02,3.0871234374848253,0.07243986514718294,212,0.13076898890467112,0.037078892175095655,0.1415415277764754
20261043,0.03,3.559303499590694,0.08098081665424099,212,0.23106432735601015,0.05259546612703693,0.26799447834398316
20261043,0.05,4.873443809771259,0.1055744557959675,212,0.5463771008468217,0.08069816646048224,0.5205352166888862
20261043,0.075,6.592684035404235,0.13887187753463492,212,1.0147290663443447,0.11785437780089955,0.8353766619793553
20261043,0.1,8.351495280690543,0.1715461375236566,212,1.4600976634785934,0.15430959617889708,1.1490819480811871
20261044,0.0,3.7086185143546415,0.08760824683145037,212,0.003433437453754094,0.012187753463488972,-0.019837744033202057
20261044,0.02,4.249787982752768,0.09444817670143128,212,0.1824903898715168,0.041861415381086196,0.22805779317906363
20261044,0.03,4.770058444044288,0.10154464234509543,212,0.4258526957279748,0.056866453928018416,0.3518969757173496
20261044,0.05,6.165756831173054,0.12075410252418912,212,0.6283486588815688,0.08767174071555559,0.5993066542830663
20261044,0.075,8.24319871942717,0.15107550446915016,212,1.04376765875891,0.12674147338582162,0.9079595443587086
20261044,0.1,10.468982160409544,0.18344868055612448,212,1.7233758222596403,0.16285720430283712,1.2157879460301544
20261045,0.0,2.6291790119504377,0.05982660025069843,212,0.04072650897614907,0.04185680695401404,0.2759178040889546
20261045,0.02,4.146665356152169,0.08443764900580868,212,0.5847207857427308,0.07224426302034262,0.4778092341783389
20261045,0.03,5.023609028196557,0.09932286844886488,212,0.7909681815565135,0.08734454239343269,0.5787991759173575
20261045,0.05,6.511040757607735,0.12585563129306318,212,1.0577206016851066,0.11665874699940194,0.7808409905541204
20261045,0.075,8.246511275543524,0.15887757150230628,212,1.3872108720496694,0.15243038202836331,1.0334545233187054
20261045,0.1,9.885003307699659,0.19096144077863983,212,1.6293509272327173,0.1891155097125161,1.286058401478103
20261046,0.0,1.9412316936314582,0.048338055900764405,212,0.06831466240240663,-0.00539952266782088,-0.11145601226740248
20261046,0.02,2.061147630741446,0.04798550291252592,212,0.03130523245173574,0.02301499684578769,0.09642386178531874
20261046,0.03,2.565101822465154,0.05696937546596318,212,0.07675319643298496,0.03704458499578073,0.20045348952024167
20261046,0.05,3.9397510015664534,0.08037250428071671,212,0.33215572209018807,0.06383746794582949,0.40866462514941454
20261046,0.075,5.830953497178099,0.11181324195675861,212,0.6421249826007391,0.09897877256081075,0.6691562777894716
20261046,0.1,7.74484671870585,0.1433087687102139,212,0.9988457505215949,0.13274881409810008,0.929819902143345
20261047,0.0,2.6695381273121055,0.06639256223473666,212,0.23328389205365407,-0.01222973034834647,-0.7393424042826144
20261047,0.02,2.825522863574872,0.0730681473713532,212,0.01772637956847054,0.01788684160938563,-0.4987642136073408
20261047,0.03,3.136869799509675,0.08050666071326162,212,0.06567509277086933,0.031561068827370364,-0.3786542038679091
20261047,0.05,4.03487841054819,0.0987893150034,212,0.32855004918869374,0.060017081903014115,-0.13885374458906274
20261047,0.075,5.567376656173832,0.12791662228922077,212,0.6505486148308802,0.09573085556984737,0.15998530031810987
20261047,0.1,7.2304279504112055,0.1572589895050754,212,0.9410601894293154,0.12990080616750915,0.4576379661065265
20261048,0.0,1.9540208957546257,0.04515003224420472,212,-0.015709133829971557,0.03629465333416333,0.04824202755151372
20261048,0.02,3.6785477724676854,0.0767666661204827,212,0.3567139020822388,0.0675001433732867,0.2310619409030161
20261048,0.03,4.524945172947464,0.09322847966966795,212,0.5530088240032817,0.08267057324736399,0.3225077174870755
20261048,0.05,6.025516588638363,0.12356473099075037,212,0.8519823582724625,0.11386757633603421,0.5054416865716861
20261048,0.075,7.935625789570534,0.162726120155007,212,1.0730676058114315,0.1524575205433438,0.734128276586643
20261048,0.1,9.583571243092317,0.1976073046641378,212,1.317090484411576,0.18979755691919484,0.9627506226614737
20261049,0.0,1.2263199268746094,0.026449911171976023,212,-0.3529189689880506,0.024276713897992425,0.14805341202760106
20261049,0.02,2.748259704111923,0.05516696843329866,212,0.21559692132708205,0.053730675329144106,0.41846579142759976
20261049,0.03,3.6984585462089647,0.07219817874962109,212,0.5311982733978909,0.06868706936809249,0.5534454796203989
20261049,0.05,5.471864553345233,0.10394512080223497,212,0.8719225405946542,0.09928497693738274,0.8228930443659105
20261049,0.075,7.572379273366149,0.1397510630105113,212,1.2977590063278304,0.13515082869759706,1.1586232316814122
20261049,0.1,9.432167776929573,0.17259532275375022,212,1.7357593906016098,0.17014005521919728,1.4929878652030664
20261050,0.0,1.5104459657782057,0.037295488247486866,212,-0.10115579461234571,0.005464570412669281,-0.32643933822781823
20261050,0.02,1.869671635563199,0.044131321737848096,212,-0.00036691309470381284,0.033087482283158144,-0.09489814748688588
20261050,0.03,2.268514359021345,0.05169989513268174,212,0.21703387586203451,0.04576884949082002,0.02058819564738958
20261050,0.05,3.4051227081035362,0.07210805839798785,212,0.4755296788946965,0.07195085983008216,0.25094914287118486
20261050,0.075,5.2561833700910805,0.10530767907323509,212,0.7067437763965954,0.10343307334977347,0.537665977950403
20261050,0.1,6.908629496471504,0.1355732678458778,212,0.955505970984862,0.13510679261668537,0.8228907250359435
20261051,0.0,-1.136578005040555,-0.02195454657173989,212,-0.3270092848360803,0.008286975970637152,0.32791354877926293
20261051,0.02,1.5142292584365418,0.026410383503060002,212,-0.12580424753024239,0.03834672166739036,0.5100205537232575
20261051,0.03,2.591134555401449,0.044171773486592555,212,-0.016001856556558593,0.05327751333371565,0.6011741703832828
20261051,0.05,4.680251433384734,0.0786617537420428,212,0.5612182448291794,0.08270948885375105,0.7836554631679001
20261051,0.075,6.863051613136154,0.11499612892125936,212,0.959609134598724,0.1179260644442442,1.0120290403306367
20261051,0.1,9.001515415538226,0.150073427604683,212,1.4073965109463829,0.15186456959339337,1.240627309466793
20261052,0.0,1.8969772716885014,0.03714077213660407,212,0.0804398514121791,0.040532112720575546,0.04244321490651629
20261052,0.02,3.7503194647259086,0.06838188908642541,212,0.3636777266858209,0.06897125570420862,0.2646510005257629
20261052,0.03,4.725426544259919,0.08541002711803308,212,0.538749530848218,0.08432397447136221,0.3753663673572665
20261052,0.05,6.422508273968976,0.11469760525647435,212,0.7021617234190553,0.11328589043003794,0.5959870778875457
20261052,0.075,8.651762364239842,0.1517734251468552,212,1.1369597215987037,0.14949788626811622,0.8701781687934971
20261052,0.1,10.591009057826128,0.18329813860510077,212,1.5430934787206838,0.1832771446595499,1.1425181195531946
20261053,0.0,2.181204752158101,0.0558899794361743,212,-0.04077909393853896,-0.02377129093307335,-0.5002296277356609
20261053,0.02,2.0613419546677747,0.05260365888627631,212,-0.11012793812550059,0.005118426334805302,-0.2357333214587652
20261053,0.03,2.1146407563798757,0.0528166706265003,212,-0.09200173138089682,0.01937843583840602,-0.10397350503959675
20261053,0.05,2.857450161468463,0.06665065664965304,212,0.042515017543932984,0.04995688560450274,0.15850616771815343
20261053,0.075,4.479356412748175,0.09536576573624231,212,0.4050958150192753,0.08643924249748072,0.4845294279201556
20261053,0.1,6.309137985968586,0.12487864475376663,212,0.8115877854952843,0.12178331790363675,0.8080733584599264
20261054,0.0,0.2671839774153838,0.0056110159840732825,212,-0.4332127973031209,0.019666206506689383,0.43137242737901416
20261054,0.02,1.9946426895335572,0.03808711360899238,212,0.052449401118237655,0.04845505042643313,0.661092094017718
20261054,0.03,3.105960504427875,0.05770262741788807,212,0.3498514849216492,0.06286765007086738,0.7758542467791867
20261054,0.05,5.022973494602355,0.09112396464005111,212,0.8779151810866006,0.09127501863852727,1.005147747041405
20261054,0.075,7.319140486090352,0.13074926879623788,212,1.5350543917355903,0.12777324900253156,1.2912592587298661
20261054,0.1,9.304576976144626,0.16583885661852055,212,1.9019175265967232,0.16204970547030534,1.5767074609612457
20261055,0.0,3.097819339072211,0.0792403673633243,212,0.4590211414991301,0.011617332601446845,-0.12729001763138587
20261055,0.02,3.609879057722318,0.08977062322319533,212,0.40029736460434145,0.03947373811025815,0.11448648236619269
20261055,0.03,3.934447898205368,0.09519474188712015,212,0.4538143504340878,0.052856098280339846,0.23472542784580575
20261055,0.05,4.9830059377045215,0.11258540951507058,212,0.7002624264580416,0.0798563604486355,0.47386116205503304
20261055,0.075,6.447228372137214,0.13711862705740666,212,0.9720522195363361,0.1127569454116452,0.7701788375379296
20261055,0.1,8.039333496717287,0.16357304664137834,212,1.2346990488491545,0.14608662613981763,1.0634911924322277
20261056,0.0,3.2223254994541315,0.07402106768038408,212,0.29935509388860737,0.013030071522788159,0.10729217903443107
20261056,0.02,3.893341506797887,0.08302234984720504,212,0.5025905313475341,0.04108105506353484,0.3269408626589039
20261056,0.03,4.356148883776174,0.09004610475261961,212,0.6361368377831225,0.05433745156031099,0.43665210848607294
20261056,0.05,5.603100617707313,0.10920640837627706,212,0.7963223064503399,0.0814862074898205,0.6558147164695907
20261056,0.075,7.5547380836886235,0.14008184566480145,212,1.2004884220924839,0.11540627893068107,0.9292117980655654
20261056,0.1,9.403271385210749,0.16894544851260454,212,1.409945781483376,0.1481133099566603,1.2018944834269227
20261057,0.0,2.04587658519347,0.05005775895263766,212,0.362583326217556,0.010384834383371977,-0.14005786236973441
20261057,0.02,2.614601148299756,0.06058647867015132,212,0.36517192328454956,0.035716845951548025,0.08352539569770452
20261057,0.03,3.141279453897478,0.07000251927346611,212,0.44375612982156687,0.0488943871406451,0.19516793011247577
20261057,0.05,4.280894734400351,0.08835993249166388,212,0.7574308337110692,0.07391507385772454,0.41811635405736036
20261057,0.075,6.049238551497269,0.11871308137867755,212,1.058613720072091,0.10578081091930952,0.6960922522363374
20261057,0.1,7.586312561878185,0.14422891798228724,212,1.3069762686102835,0.13654410981574483,0.9731702597274761
20261058,0.0,3.0078239976412884,0.0735325744107358,212,0.4937292963853649,0.07024164543376563,0.516859978025184
20261058,0.02,4.367516638906624,0.10209150902432432,212,0.8176544087531155,0.09888301968720045,0.7736960570460889
20261058,0.03,5.113738955304065,0.11636841609385624,212,0.942911085727098,0.11273031894411718,0.9020259106303393
20261058,0.05,6.563269296847445,0.14388277390442328,212,1.2529543174325495,0.1405508811312562,1.1584608573892095
20261058,0.075,8.369499672239003,0.1772308883408843,212,1.6601802735503466,0.17446122367052,1.4784838774790814
20261058,0.1,10.038797112148591,0.20724506181436841,212,1.9455318546211715,0.20683132747277955,1.7977891057415623
20261059,0.0,1.8950302339571068,0.04756869628622223,212,-0.11472795506189286,0.008239355557558234,-0.3251572510928089
20261059,0.02,2.1752342982253823,0.0524254663728197,212,-0.023221983746090843,0.03489296160053744,-0.05951145369592271
20261059,0.03,2.595989233362741,0.06089626737889053,212,0.09823972949214252,0.04770592500348192,0.07326376283957017
20261059,0.05,3.8048889021913763,0.08472439557918714,212,0.5221987720843588,0.07411733260144684,0.3386515845049442
20261059,0.075,5.548529416724584,0.1193480202197298,212,1.0317860554546257,0.10615818989177365,0.6699434033411767
20261059,0.1,7.129051453961516,0.15101252263249737,212,1.4212007898892032,0.13867678745524706,1.000549156439026
20261060,0.0,1.2767859144652636,0.025060607852282486,212,-0.28352813149532535,0.021879019273721195,-0.10002711454144037
20261060,0.02,2.6101628982354192,0.04993589165895183,212,0.16231235543749978,0.05065941470927993,0.13998941147042449
20261060,0.03,3.4508745612040514,0.06626201263323475,212,0.13326151970502514,0.06499059880877281,0.2601706678961382
20261060,0.05,5.142666257005492,0.09874783915975062,212,0.4760193406633729,0.09440362857306711,0.5008126412462031
20261060,0.075,7.046439040617831,0.13395161356393218,212,0.8076458485491715,0.1286242718685226,0.8020006296719443
20261060,0.1,8.919746389217996,0.1685583406385437,212,1.2420239718787578,0.1630113305860281,1.1034196996415515
20261061,0.0,0.7981422387336804,0.019838486245418667,212,-0.08077034648314341,-0.0027187250581792227,-0.1918244292020159
20261061,0.02,1.2724292731790767,0.027072972906545197,212,0.1315125373383523,0.024099513350101184,0.004708499951775955
20261061,0.03,2.0045973588842854,0.03923409990250616,212,0.2597793392493553,0.03719359080444703,0.10276230737221359
20261061,0.05,3.7950326202037976,0.06679044560417503,212,0.5299462385745832,0.0638318354238524,0.29841657798762783
20261061,0.075,5.7621607961567465,0.09764181666243375,212,0.7556925090753837,0.09738937726837021,0.542077616265784
20261061,0.1,7.73497786186637,0.13006210111503455,212,1.0394541563788626,0.1307876723551725,0.7846524388907844
20261062,0.0,2.451408630360093,0.05818600021301174,212,0.151146786496322,-0.009597817448938631,-0.22534606160515683
20261062,0.02,2.5191001257188477,0.058009343841912524,212,0.13480165595584112,0.020994969645827016,0.0020511382159654713
20261062,0.03,2.82697295983923,0.06280159594949983,212,0.21538288587771673,0.035705068860141416,0.11577709048380107
20261062,0.05,3.7663026596222995,0.07743693623575486,212,0.5300904339108915,0.0656240015074677,0.34325001539043876
20261062,0.075,5.853071006208508,0.10631078003260716,212,0.9332488679668085,0.10126864876821864,0.6275610585925222
20261062,0.1,8.265685124857754,0.1377218189564063,212,1.310192165789526,0.13665317592311915,0.9117403610370981
20261063,0.0,0.4620118513350673,0.01012727451478384,212,-0.45058804277319314,0.03928940102737201,0.01671449461053487
20261063,0.02,2.2052376785208545,0.04537252476261481,212,-0.08043356227804119,0.06731478219549561,0.2640412350063959
20261063,0.03,3.2315421230260717,0.06531574894108588,212,0.19018058862988282,0.08048310653044839,0.3875709955009801
20261063,0.05,5.136359248407328,0.10265885760165167,212,0.6778596545493573,0.10780800678360464,0.6343028039186206
20261063,0.075,7.141759437120927,0.14242599890217023,212,1.1138462433152378,0.1429810583406385,0.9419795205027512
20261063,0.1,8.863807576182085,0.1759256793845599,212,1.4396621032758672,0.17519293948008752,1.2486635420395968
20261064,0.0,3.8759494086606745,0.09801100287565848,212,0.6653478301060254,0.04468791731867376,-0.07455815532032313
20261064,0.02,4.6099303588463805,0.11223824134230166,212,0.8491630432324215,0.07162980607738881,0.16653921973627245
20261064,0.03,5.173191474559321,0.12250684095396489,212,0.9331236018859097,0.08435111298634268,0.2867734118350645
20261064,0.05,6.531485297732602,0.1446022005751317,212,1.1754959897784443,0.11005231076774347,0.5265662932230949
20261064,0.075,8.361827345577602,0.171859510564563,212,1.4426282948007947,0.14149816891831,0.8249469599802782
20261064,0.1,10.167595378408244,0.19833594818899056,212,1.9181973394936824,0.17203411874585242,1.1216865742082973
20261065,0.0,2.76623609850908,0.06795944993814466,212,0.34262556399692023,0.011849802144864375,-0.3206184368410442
20261065,0.02,3.464520386499334,0.08051178118778624,212,0.491599243533839,0.04225825215674387,-0.06549410975226398
20261065,0.03,4.068870556850379,0.09051718840888424,212,0.6390584323821252,0.05680859256589027,0.06175433915381388
20261065,0.05,5.674739718465642,0.11706377653429899,212,0.8456893931811403,0.08730767497685545,0.3155650167236368
20261065,0.075,7.533150136232372,0.1504241801096191,212,1.0491618587248677,0.12343108660565792,0.6314229595063384
20261065,0.1,9.080851235725461,0.1800369083803734,212,1.2079250916154387,0.15814739183509616,0.9455554856210552
20261066,0.0,0.19514937405405477,0.004301198600676723,212,-0.2811204467451929,-0.003831651086769514,0.01431925049406475
20261066,0.02,0.3398540156869665,0.007149206531267665,212,-0.3398845539084375,0.023556743050491977,0.23102007272033812
20261066,0.03,0.7638438333071544,0.015397266895517741,212,-0.18151248499533382,0.03797497521690331,0.33928142016589485
20261066,0.05,2.1654841359598054,0.04063710992225071,212,0.07421073629065558,0.06554514619978861,0.5555799846680168
20261066,0.075,4.500972032954949,0.0806981664604822,212,0.5863543164312075,0.10171003367224048,0.8254387624909719
20261066,0.1,6.6910595712809,0.11712829451330914,212,0.8886389353161246,0.13647549545711501,1.0945940391528384
20261067,0.0,2.717738821752814,0.06294295858156354,212,0.3798656732296683,0.02923079413754957,-0.054633086941838986
20261067,0.02,3.4467892571048844,0.07517675878058971,212,0.5525484944253378,0.05690332134459564,0.21577228566622422
20261067,0.03,3.9856238632690917,0.08400650505083607,212,0.6353603813000387,0.07129134271131174,0.3508922287781528
20261067,0.05,5.4722940004702885,0.10735074840855652,212,0.8816002173912233,0.09921073005677583,0.6209204954649692
20261067,0.075,7.398419387731565,0.13846428776247555,212,1.2554430788160764,0.13352251779876945,0.9579644264226909
20261067,0.1,9.232136303699514,0.16701554166427712,212,1.4699513070774783,0.16591873602110457,1.2943295393865533
20261068,0.0,2.3535309545105214,0.0505308907987121,212,0.10960620957484848,0.025624902710984034,0.05133828419068251
20261068,0.02,3.526291680040452,0.06836806380520896,212,0.29777720394138285,0.05383206072473148,0.2615764421660838
20261068,0.03,4.26878743533739,0.0791871144282683,212,0.6004721025356813,0.06790670905054114,0.36664052624325083
20261068,0.05,5.744953529616721,0.10279711041381626,212,0.8420827590946217,0.09603603585151443,0.5766261818871962
20261068,0.075,7.69797319540614,0.13549543663310365,212,1.2326431745701318,0.1315137556427629,0.8387742805934457
20261068,0.1,9.5783639695205,0.16719066189301895,212,1.561108410116409,0.16457921988546523,1.1004574878132183
20261069,0.0,2.267833216364114,0.057120941511891794,212,0.034000326632223875,0.015766453108742497,-0.12012315291737823
20261069,0.02,2.5675641272640726,0.06226087383970048,212,0.21617685107034013,0.042331986989898325,0.10620749915328999
20261069,0.03,2.9334297789919197,0.06875312348946001,212,0.4328753980065115,0.05546805233534603,0.21917615384238492
20261069,0.05,4.119750642540564,0.08885713056800398,212,0.7971244983048813,0.0809034974889193,0.44467037097226575
20261069,0.075,5.839625989771298,0.11809401600865155,212,1.051228663055256,0.11345332994699285,0.7256062388352209
20261069,0.1,7.371944442547595,0.14611734898696532,212,1.324119403178444,0.1443559057504977,1.005366180181921
20261070,0.0,4.342647043947029,0.1046537944764417,212,0.5662486565105671,0.031370587175054684,0.2074537020020129
20261070,0.02,4.804220437518998,0.11100932745639404,212,0.8001322537223519,0.05928997452051876,0.4729124617525328
20261070,0.03,5.114650948850915,0.11476621961510418,212,0.7834950695704967,0.07378347766244193,0.6051828403931605
20261070,0.05,6.154612092862532,0.1316561048345472,212,1.1683854078895632,0.10121129945354294,0.8687501683195707
20261070,0.075,7.697626369094494,0.1572482365085737,212,1.275947309049734,0.13529881041135844,1.1962730835081925
20261070,0.1,9.485060145565186,0.18627723068352192,212,1.7449405617203753,0.16802529924053122,1.5214926562694162
20261071,0.0,2.850946190050496,0.07359709238974593,212,0.13850976981546848,0.004130174751554574,-0.29149069617217366
20261071,0.02,3.218806312579785,0.07817786889946665,212,0.20733630273927797,0.032282543687888646,-0.06454053033705665
20261071,0.03,3.7203409907007194,0.08728514488894716,212,0.3033985253497358,0.046868727418707345,0.048948833621205376
20261071,0.05,4.876433159065101,0.108255536257056,212,0.6701331412226241,0.07590796254270475,0.2759151904100314
20261071,0.075,6.47421158865266,0.13714320533512483,212,1.0100664678426194,0.10947011281429474,0.5595155510717333
20261071,0.1,8.186018587030311,0.16774418518912984,212,1.2535313635782197,0.14390530399233156,0.84287725904708
20261072,0.0,2.24637187533442,0.057326272540328856,212,-0.010471764361823765,0.03636356188400691,0.12065367881404972
20261072,0.02,3.254566768392171,0.07832226628106079,212,0.025832457625279193,0.06746071571944716,0.329147713887133
20261072,0.03,3.844214562749001,0.08978188826714947,212,0.11137316301342202,0.0817043397045691,0.43331170224306925
20261072,0.05,5.343924333912328,0.11885338238065198,212,0.49499857000256164,0.11034929829017114,0.6414317309923823
20261072,0.075,7.0577789169452325,0.15167972046305475,212,0.935466517045578,0.14541174759747336,0.9011060672777845
20261072,0.1,8.758430857827625,0.18317217493179527,212,1.307453392663906,0.18054127512104806,1.1601316150881824
20261073,0.0,2.726967972191004,0.07108091520807731,212,0.26733744251759767,0.02819663568630935,0.0015690142766029795
20261073,0.02,3.5256961982565334,0.08691493458081748,212,0.39134547660708496,0.060149702193201655,0.24904863380346878
20261073,0.03,4.0796658702237,0.09715178725042807,212,0.5113557008917008,0.07575332421206138,0.3725271992712838
20261073,0.05,5.8708765005454815,0.12908511457573796,212,0.9220033805468502,0.10659803865343809,0.6189102569721545
20261073,0.075,8.060779911028765,0.16592846492270133,212,1.5194429987955265,0.1459499094700104,0.9257081470514342
20261073,0.1,10.021937611013227,0.1990533266698892,212,1.7957971801171562,0.1826585913369764,1.2310490584877134
20261074,0.0,3.6336754803442357,0.08087072645196176,212,0.36593872721179105,0.038805516184795885,0.15538108704460052
20261074,0.02,4.539177721017775,0.09494639887267632,212,0.6666577674528453,0.07113465619085853,0.41424261423561803
20261074,0.03,5.25179353572772,0.10715565832916871,212,0.7507140570453457,0.08652577851694673,0.5435040646567073
20261074,0.05,6.910926493941815,0.13413748678917572,212,0.9925494794831692,0.11816672674690108,0.8016314743245587
20261074,0.075,8.986791439939603,0.1674610229479186,212,1.4622932719078707,0.1570823331339762,1.1234331880185642
20261074,0.1,11.168949579389807,0.2033755192161168,212,1.9293662111388201,0.19672095052392696,1.4441202349707765
20261075,0.0,2.5903808555836627,0.0723659122771317,212,-0.04518132002113307,0.014527601789734165,0.038550689812389995
20261075,0.02,2.966396157090173,0.07868274768759372,212,0.19181547498786958,0.04542424155531341,0.25198083954305334
20261075,0.03,3.477507906435107,0.0879098427809502,212,0.397326647545314,0.0614328931090702,0.35878196642524335
20261075,0.05,4.845094015820416,0.11039179822872545,212,0.6954125353527416,0.09202311996657353,0.572515487615087
20261075,0.075,6.662539790799323,0.138151938816474,212,1.0363604687611947,0.12930529498029641,0.839843865250577
20261075,0.1,8.523315462733668,0.1692347553232453,212,1.4929612434093067,0.16516090579146148,1.107231495208877
20261076,0.0,3.61221924316704,0.0849415036990308,212,0.11375310516449266,0.05236555682088171,0.34713861501399496
20261076,0.02,4.597829103928708,0.10081855905750499,212,0.3543371584794722,0.08092346733956532,0.5609559630892175
20261076,0.03,5.238927309622889,0.1119294767284674,212,0.48862235755819017,0.09546612703692477,0.6678705801297304
20261076,0.05,6.524335448925941,0.13188908642541722,212,0.6238639566734556,0.12313614727304008,0.8816790106790038
20261076,0.075,8.293579650338009,0.1616072964713786,212,1.0432329248709415,0.1588258547096076,1.1488331248448833
20261076,0.1,10.188400135936691,0.19297327521936117,212,1.4265206532467607,0.19444592369264044,1.4157737761171894
20261077,0.0,4.34368580878498,0.11102468887996786,212,0.36826059315106474,0.0383262397692919,0.12718253929234113
20261077,0.02,4.924231301064538,0.12074181338533002,212,0.46712019924240045,0.07010288057414857,0.39728506638677635
20261077,0.03,5.405403443929828,0.12983423999868918,212,0.5693071852383437,0.08540900302312815,0.532291132750397
20261077,0.05,6.617987544121308,0.15181643713286197,212,0.8032557552076127,0.11531411038923799,0.8021447655897109
20261077,0.075,8.483042720200515,0.18153106284665615,212,1.1656748639332866,0.15200947902243997,1.139024678335536
20261077,0.1,10.308962259071006,0.21022978641476664,212,1.450520773725485,0.18784409588805415,1.4752221871939573
20261078,0.0,3.1459305048822097,0.07348802628237164,212,-0.286379402009865,0.0003266862746704486,-0.19669292320631454
20261078,0.02,3.7953788100956043,0.0845661729163765,212,-0.028783034307825122,0.028695139235943277,0.041030612175764
20261078,0.03,4.148589352543566,0.09006300231855088,212,0.13218585374333183,0.04364282846819981,0.15975239771501498
20261078,0.05,5.206680323297937,0.10751357949843927,212,0.3365886001582225,0.0733728156055678,0.3968662535163652
20261078,0.075,6.63489145466318,0.13183378530055137,212,0.7779467583436684,0.10906149894723045,0.692538806289053
20261078,0.1,8.232520789188298,0.15819040382110292,212,1.1103909304083992,0.1427808477867261,0.9872698405726821
20261079,0.0,2.113298476026569,0.052732694844296615,212,-0.0699182424276439,0.01677365044773429,-0.15508595292907587
20261079,0.02,3.03120366442307,0.06667267469010887,212,0.01046647102755468,0.04609604781294292,0.11578503062446793
20261079,0.03,3.8008036361784017,0.07920349994674707,212,0.20349501893267147,0.060708858011289626,0.25101049126127145
20261079,0.05,5.638004373845309,0.10804969318116649,212,0.505029786866766,0.08932719012936367,0.5209740686877645
20261079,0.075,7.690075430280982,0.14256169147707257,212,0.9554290302676774,0.12508346373475124,0.8573778573687547
20261079,0.1,9.609730100440201,0.17571471583414577,212,1.3407992424445645,0.15974139555460884,1.1924237655594936
20261080,0.0,2.8816157980380606,0.062321049622544596,212,0.3176832452741669,0.032986103474641246,-0.04094207116923384
20261080,0.02,4.1238677640075805,0.08207711024996106,212,0.5538956261085827,0.06023470207031026,0.1888696996642111
20261080,0.03,4.920528748428289,0.09358896107620084,212,0.7542561046548953,0.07503031320918573,0.3036489265398759
20261080,0.05,6.468825747286593,0.11662187958282469,212,1.0618394514574279,0.10200446095740585,0.532913214784005
20261080,0.075,8.284778968535743,0.1462786439344907,212,1.4211756557916475,0.1359701046215355,0.8188585547361563
20261080,0.1,10.249387574678536,0.18010296250174093,212,1.7403756044246825,0.17097674075651942,1.1039816448340798
20261081,0.0,0.6421083954011169,0.01516735758936252,212,-0.38785497046490663,-0.007005321197125977,-0.05300333624564363
20261081,0.02,1.041442540833278,0.02431457328013501,212,-0.1694113300248747,0.023450749227832437,0.15797710397837977
20261081,0.03,1.611493255570546,0.035593954562957254,212,0.06761561033313267,0.038372324040013436,0.26346443384793566
20261081,0.05,3.1979565561694874,0.06334641443891889,212,0.45573469484566703,0.06710177045527163,0.47439125277008404
20261081,0.075,5.5769885020051815,0.10087437222982329,212,0.9155991878632979,0.10338596498414702,0.737873447019312
20261081,0.1,7.652574482754468,0.13438378161380973,212,1.3091259591899704,0.13843766129494753,1.001037593871317
20261082,0.0,2.0050338407431525,0.04316201591033844,212,0.1346351712235368,0.04135244021333944,0.11222663429497094
20261082,0.02,3.349104740251219,0.06732297495473501,212,0.3272243688360831,0.06887396668824095,0.35402148900205616
20261082,0.03,4.245184757755444,0.08288102475032567,212,0.40997248766840844,0.08257430832630121,0.474733216910316
20261082,0.05,5.955348665189533,0.11342260709984515,212,0.7818075128493203,0.10992685914189039,0.7157320715581599
20261082,0.075,8.026572357390545,0.14984505444088514,212,1.2212769983391216,0.1434270516717325,1.016076180010764
20261082,0.1,9.846545469303363,0.18149368338262645,212,1.6261274682791897,0.17555137269681056,1.3152644971549732
20261083,0.0,1.6357576637149243,0.03448588387583054,212,-0.1398708489724286,0.04278924536494647,0.30919753925080234
20261083,0.02,3.360802899358841,0.0629787643680515,212,0.2886959308488982,0.06984890503772766,0.5469345144697599
20261083,0.03,4.398706646336771,0.08011852874429579,212,0.6680725423559933,0.08403978813524605,0.6659537743267074
20261083,0.05,6.191921053403751,0.11044914754340114,212,0.9930945318065902,0.110717460408491,0.9042480558368794
20261083,0.075,8.315592914154902,0.14777279840077337,212,1.3014127009741674,0.14568620503199273,1.2025001940595843
20261083,0.1,10.31151235426905,0.18186952621273317,212,1.6633434820627353,0.1790343194684538,1.5010435324881874
20261084,0.0,2.909858174906301,0.06894258104687077,212,0.0725053542673023,0.06494400249059881,0.42475418778311996
20261084,0.02,4.280255692332286,0.09438724305458839,212,0.4706624487999938,0.09148137376186924,0.6843643967305456
20261084,0.03,5.030473118947918,0.10835384936792863,212,0.5757650975605145,0.10474237868571756,0.8141113655066281
20261084,0.05,6.555367704428742,0.1364995616873807,212,0.8851357625316394,0.13064481111593573,1.0734370800552138
20261084,0.075,8.25107121939389,0.16876162347717089,212,1.2853767288373361,0.16305946304655947,1.3971720828957015
20261084,0.1,9.828562649875067,0.19861552609803454,212,1.7425399266615962,0.19413459884154383,1.720288005857215
20261085,0.0,2.2905889309491463,0.05575121457655725,212,-0.11751689599658482,0.01356516111061044,-0.20477026631175174
20261085,0.02,2.7909720642772053,0.061064218943297915,212,-0.09730341605852896,0.04314460629695475,0.03213998342438567
20261085,0.03,3.403319262597987,0.0699533627180298,212,0.04411889748296137,0.05823720495825789,0.1505741159161723
20261085,0.05,5.000946419218801,0.09337953366814408,212,0.27053400856918963,0.08701324769169007,0.38734803165721193
20261085,0.075,7.3011327277095655,0.12838668185058047,212,0.5566474452477015,0.12415614579834343,0.6830308283658426
20261085,0.1,9.28056434192006,0.1602944068032673,212,0.9665939376699645,0.16024473820037846,0.9782458449255999
20261086,0.0,1.1525647893092528,0.02830188679245283,212,-0.1696806867442572,0.016933921300354742,0.042263444124901385
20261086,0.02,2.0321531866444995,0.04367662360006226,212,0.1506477813543677,0.04705920907102303,0.3343330188413671
20261086,0.03,2.9606452447542826,0.05933401060143046,212,0.21113056149875062,0.06224346422631678,0.480005249741356
20261086,0.05,4.923364683579131,0.08955812353042382,212,0.46054820307200967,0.09379224391482806,0.7705520109654893
20261086,0.075,7.686455776640251,0.12939951171154934,212,0.9878649168384125,0.13360495743861575,1.1320931256266245
20261086,0.1,10.082130898732547,0.16241786758862517,212,1.332814907093013,0.1705389401846648,1.4916070235155923
20261087,0.0,2.453360588773407,0.05801600045879451,212,0.005664359624650781,0.020595572632907035,-0.05995618674021019
20261087,0.02,2.7574356797055883,0.06413496751570961,212,0.04151983392431751,0.04845402633152819,0.22454316872232405
20261087,0.03,3.0725666555940068,0.07028107308760519,212,0.08487320785108375,0.06240015074677,0.36640398046250267
20261087,0.05,4.19569002071456,0.09264269738405198,212,0.3519924313317128,0.08972505099992627,0.6492561016090379
20261087,0.075,5.858669829678919,0.12201373925724444,212,0.7346187639554121,0.12370298380291495,1.0010060019771678
20261087,0.1,7.75842174510421,0.15548781736701103,212,1.1631870909512643,0.15807980157137122,1.350484574992094
20261088,0.0,2.322794454155691,0.05308293530178028,212,0.0533794843574981,0.04288090185893707,0.060253521654020696
20261088,0.02,3.4030710448815675,0.06985453755970474,212,0.2186523650797415,0.06960977887742813,0.28973125216784484
20261088,0.03,4.044607704885996,0.07936223465701014,212,0.3635751648249247,0.08340792157890856,0.40424200266556415
20261088,0.05,5.6938006417910385,0.10552734743034105,212,0.7959711880921302,0.11050598481062439,0.6327495449970825
20261088,0.075,7.393300276844483,0.13535564767858166,212,0.8697273476817695,0.14441120687536355,0.9173031956661918
20261088,0.1,8.89127557860359,0.16271383101614792,212,1.1220681604462956,0.175944625140301,1.2004936452228294
20261089,0.0,1.9418406970953297,0.04645140874495121,212,0.0013921657127943076,0.03204546571739896,0.13209713466092196
20261089,0.02,3.1594275869676185,0.06763122752111686,212,0.3609557370982805,0.06221530161643141,0.34110155763491445
20261089,0.03,3.9754214860845503,0.08037199223326423,212,0.5066422422906279,0.07756955652594237,0.4455385062410284
20261089,0.05,5.95636837295219,0.11013065402797009,212,0.9595447209798886,0.10688580932172147,0.654234955067616
20261089,0.075,8.330317341086799,0.1457077110249961,212,1.323440920299551,0.1443958454517897,0.9146765778692905
20261089,0.1,10.66541537714417,0.18230835087949268,212,1.6223605551118738,0.18057148592074326,1.174506609069072
20261090,0.0,-1.0073693054052102,-0.022812738102065383,212,-0.6354487063203953,0.020302681490099055,0.08698236268090848
20261090,0.02,0.4701344244086639,0.009239896279668031,212,-0.3320224765930438,0.04880221859920204,0.3343855573256682
20261090,0.03,2.0401982484354884,0.03715416315060749,212,0.011090944710655777,0.06248310243406878,0.4580100763328039
20261090,0.05,4.808264568547917,0.08226093528539477,212,0.45466497855313837,0.09113727787381512,0.7050455060510178
20261090,0.075,7.3764367602145136,0.12508858420927585,212,0.9761831426253612,0.12658376277046346,1.013317382377833
20261090,0.1,9.397349903686235,0.16214494629646317,212,1.3710226549912488,0.161335911321574,1.3208378433712462
20261091,0.0,1.3489451524770968,0.03222877870538018,212,0.1057671218309054,-0.04215737880860896,-0.2919592533776735
20261091,0.02,0.48715688111030236,0.01159019408646639,212,-0.08402118398035939,-0.011428899138941006,-0.08814514248763139
20261091,0.03,0.6027811431070046,0.013139137630162459,212,-0.1421703987069537,0.0027415020604789485,0.013703173469190484
20261091,0.05,1.7605313963104818,0.03215965229929788,212,0.004173250889604561,0.03161688199968867,0.2172442026779379
20261091,0.075,4.0204167852335875,0.06686418043732949,212,0.2137980581539818,0.06838137703897294,0.4713005588022812
20261091,0.1,6.430389847656624,0.10319138695221165,212,0.6090845084705407,0.1049349085278431,0.7248361787079605
20261092,0.0,2.236335488777313,0.051541160422418665,212,0.044157493081904635,0.03160664105063944,0.04503529059610015
20261092,0.02,3.5543887301978168,0.07431395882319206,212,0.33552073707684915,0.06243701816334723,0.25972761882339745
20261092,0.03,4.2698097980271426,0.08767942142734252,212,0.4507779451894444,0.07785169467224866,0.36716330182243706
20261092,0.05,5.78276758059751,0.11645187982860745,212,0.7154269824658017,0.10758731433159373,0.5821762436424498
20261092,0.075,7.550437327193355,0.14978258465168484,212,0.979636577019615,0.14530216944264657,0.8511301967295943
20261092,0.1,9.248904879809514,0.18250907348085765,212,1.3006804357780242,0.18055407630735956,1.120182469419312
20261093,0.0,1.2392638403232472,0.02504424089989267,212,-0.07423454841820441,-0.027943453575729766,-0.3719729728560927
20261093,0.02,1.195455461071034,0.02322493630129691,212,-0.06420493767448984,0.0028608091169024814,-0.10188304164153365
20261093,0.03,1.5395238548037153,0.028364356581653136,212,-0.060711234923409796,0.019602200575131706,0.03285295361258625
20261093,0.05,3.0215121970621173,0.05125748613375499,212,0.24074161828124635,0.05147305811124129,0.30163348869824874
20261093,0.075,5.279806641891816,0.08721038596088776,212,0.600061301646942,0.09081417593131191,0.6361640330324393
20261093,0.1,7.560734558020245,0.12517409613383693,212,0.9757996768160145,0.12911378923307582,0.9688835772222851
20261094,0.0,3.150476538106341,0.08338129511138055,212,0.2678550238837518,-0.0024578277718152707,-0.254373153962095
20261094,0.02,3.5641730871138524,0.08945008151795442,212,0.4128961596460197,0.02754968908478686,-0.021204087572540498
20261094,0.03,4.070369104936929,0.09714871496571331,212,0.4199064119865948,0.04180406606641051,0.0953637571681222
20261094,0.05,5.28187385419871,0.11348968531611763,212,0.6473798905572329,0.07062824126037409,0.3284211288786748
20261094,0.075,6.913557125735747,0.13543603912861812,212,1.016677896387236,0.10653812910150011,0.6195035362969645
20261094,0.1,8.720748788872818,0.16229139186786717,212,1.2067026400724057,0.1413768136720766,0.9101898394286517
20261095,0.0,3.691752509302773,0.0873588797221016,212,0.5918117779819956,0.04413900244963501,0.08918554862613476
20261095,0.02,4.669783047208351,0.103405934834793,212,0.6445193523378885,0.0719585405418691,0.3338873681652651
20261095,0.03,5.296824009779192,0.11388549799687037,212,0.8712900479542403,0.08530147305811125,0.4558906609848064
20261095,0.05,6.6789533116936175,0.13563317739781583,212,1.1162167077647163,0.11277486707248136,0.6991594228123243
20261095,0.075,8.52286390130851,0.16542256203966937,212,1.4193874637489665,0.14584033131518365,1.0017761577803028
20261095,0.1,10.488880254529693,0.195642578589043,212,1.8787281076581677,0.1790358556108112,1.3026423158530491
20261096,0.0,3.5497530040668512,0.08917050360891043,212,0.33331905651515065,0.04449026700202361,0.12023886051142006
20261096,0.02,4.023000570940245,0.0985046166198314,212,0.46972019131370824,0.0685805634979805,0.3962001636179561
20261096,0.03,4.458009082833627,0.10674448422484209,212,0.5846215926812071,0.08080057595097452,0.534010849455632
20261096,0.05,5.535117524721003,0.12739126160299527,212,0.9408534094935049,0.10629900294120057,0.809237588578267
20261096,0.075,6.913079563702261,0.15282312242440133,212,1.188904693570967,0.1370623018376359,1.1524194169515496
20261096,0.1,8.310611356151515,0.17750636987030863,212,1.5113545336059986,0.1671015656362906,1.494499117794856
20261097,0.0,1.1619313115061043,0.028899958216927885,212,-0.1794926286666565,0.003800928239621817,-0.24185713946133366
20261097,0.02,1.3573906435002225,0.03110073816760747,212,-0.10633574652036114,0.033886788356450565,-0.008517865792754499
20261097,0.03,1.9273401012458737,0.041743644467020044,212,-0.0853373377485304,0.0485446587306139,0.1080087703085063
20261097,0.05,3.675468085078574,0.07249055784497661,212,0.26521200962161096,0.07914205425245169,0.3407225863636502
20261097,0.075,6.099475240635495,0.11345793837406498,212,0.6732802703267238,0.11660907839651317,0.6308693283086326
20261097,0.1,8.439007801205129,0.1524902915803013,212,1.1154740347153527,0.15260703839946255,0.920035580336436
20261098,0.0,2.2953265068455937,0.05433949975012083,212,0.04811644224426752,0.04258698662122416,0.2854041446728265
20261098,0.02,3.2410573665958773,0.07132462579572173,212,0.21964567619375638,0.07009007938783704,0.4906440076342809
20261098,0.03,3.9826534525140445,0.08485240744230248,212,0.3009287399782642,0.08346015041905964,0.593302318764298
20261098,0.05,5.6711217470882564,0.11580362775379117,212,0.6683877451875301,0.11132833301927758,0.7986491036469937
20261098,0.075,7.552045000915748,0.15007496374704035,212,1.0771363332559911,0.14546858486469658,1.0552928415340983
20261098,0.1,9.281829386943603,0.18289669340237097,212,1.3176766881069848,0.1794311562441115,1.3117561980587373
20261099,0.0,2.3195589413007296,0.05461498127954513,212,-0.011854501162319904,0.02290951507058062,0.17855698125086605
20261099,0.02,3.6623933392373558,0.0745530849834916,212,0.27332301111684265,0.053157694229839667,0.3808690887644054
20261099,0.03,4.445216940063899,0.08441972734497251,212,0.4135466881219328,0.06837932884916312,0.4820411645075749
20261099,0.05,6.178251695418545,0.10958737168090842,212,0.9336521128686024,0.0975916360120925,0.6843895118446931
20261099,0.075,8.064015050013879,0.1411028682850097,212,1.2973013858217686,0.13448311881958727,0.9372753422573333
20261099,0.1,9.694961461122515,0.170004362644295,212,1.5249723762131684,0.17005505534208867,1.190024823155668
20261100,0.0,2.4417390566844164,0.052766529262336825,212,0.08017002301840963,0.027652440390734556,0.1805241681715894
20261100,0.02,3.2114218396611127,0.0651063215330291,212,0.0880047204710157,0.05513061306417388,0.42966242105232855
20261100,0.03,3.7953362879489188,0.075465553543778,212,0.24143317925645785,0.06858414783014773,0.5542690296181978
20261100,0.05,5.049143602209152,0.09722603413103499,212,0.5087664735761137,0.09598380701136337,0.8034962399386445
20261100,0.075,6.5602861344281695,0.12453659705552234,212,0.8668729312097518,0.12802261611188032,1.1149305931008056
20261100,0.1,8.314450837104056,0.15529272728762317,212,1.1086849397845553,0.16114389352690092,1.4260763082221364
20261101,0.0,3.302422034479493,0.08517709016359852,212,0.3382108087803769,0.004778723810836003,-0.007465272757272662
20261101,0.02,3.568621120898719,0.0907942060806659,212,0.3678130216670789,0.034060884490287484,0.20839664503706154
20261101,0.03,3.9568600133995915,0.09806374376326202,212,0.4272174956715894,0.04964146437378645,0.31637093425298385
20261101,0.05,5.082996306223892,0.11677395767620576,212,0.6996936997975852,0.07933816842674445,0.5323719809081882
20261101,0.075,6.908734082548907,0.14436921898426172,212,1.0820298846255394,0.11535763442269721,0.8024009962138039
20261101,0.1,8.85860246353179,0.17459486805561242,212,1.4943479369908788,0.15308989914713375,1.0723607601277143
20261102,0.0,4.0057660545907225,0.09850103228766416,212,0.38979020721204005,0.026785202238261828,0.17051482579179272
20261102,0.02,4.770531114451893,0.11230480751112168,212,0.6639209203560329,0.05605588281077183,0.4184085092922879
20261102,0.03,5.2851987157704805,0.12063377137286065,212,0.8339365630440745,0.07070914475786301,0.5422412462360313
20261102,0.05,6.462873102366721,0.1398201894165936,212,1.0741376038289934,0.09829826149648942,0.7896338766956474
20261102,0.075,8.202076229953196,0.16709183673469388,212,1.4889291448258437,0.13351534913443497,1.0982717406625015
20261102,0.1,10.02620972403063,0.19569173514447932,212,1.8755444203957394,0.16766942626107045,1.4061117763578947
20261103,0.0,3.682129493210967,0.09891405101144468,212,0.6098392674775898,0.014263878841214614,-0.13578002304530878
20261103,0.02,4.075041029002587,0.10570707608615507,212,0.7538120895076229,0.04297102221057031,0.14671931260785845
20261103,0.03,4.515849059438192,0.11424649145085573,212,0.7954366256583373,0.05686440573820858,0.28775561213835166
20261103,0.05,5.599771227642761,0.1322854111536224,212,1.1689268441672573,0.08691954300788961,0.5693328256962563
20261103,0.075,7.254144191611684,0.15887091488542426,212,1.3780284390089343,0.12181148051352218,0.9202357454848137
20261103,0.1,9.135701138196582,0.18707192832974215,212,1.5567117559479067,0.15726206178979021,1.2697568463253353
20261104,0.0,3.09413352460572,0.08274072374835122,212,0.40773745319815585,0.005147100992143145,0.04368749553314051
20261104,0.02,3.1867828460316217,0.08274942855504305,212,0.4206462094544424,0.032688085270238164,0.2550177907505901
20261104,0.03,3.386058596588866,0.08430810100033591,212,0.3605768289934113,0.0471846606968761,0.36064688470343925
20261104,0.05,4.333043210856179,0.09592287336452043,212,0.678840104922139,0.07438820570379898,0.5717957890750328
20261104,0.075,6.045587951107228,0.12128970415946387,212,0.998689208453245,0.10980243161094225,0.835450604887797
20261104,0.1,7.7855231375953595,0.14782451519347203,212,1.244839738402327,0.14396828582898435,1.0986853521238589
20261105,0.0,2.5635708823848007,0.06313340269869488,212,-0.008029619570891891,0.03324314470870644,0.06855946013248412
20261105,0.02,3.3672457993129603,0.07973346906004475,212,0.28329322791560835,0.058963288245848317,0.32866904135733355
20261105,0.03,3.8666560572943194,0.08893342563842076,212,0.5171768599249752,0.07161802898598217,0.4589262158788425
20261105,0.05,4.9612031751227095,0.10985056407147364,212,0.7997493972331966,0.09615687905029535,0.7197790401627363
20261105,0.075,6.553047481268939,0.13933220819439782,212,1.0437360437501542,0.12786029706945,1.0463415537360805
20261105,0.1,8.015934039204645,0.16605801292817407,212,1.3944773041894396,0.15891853529850317,1.373258576398305
20261106,0.0,3.638723008563825,0.08325584348552749,212,0.37833677509707914,0.049220049320410623,0.16579166140360704
20261106,0.02,4.551717988497005,0.1001636503658067,212,0.5655327026799957,0.07781073087605175,0.40940280679418267
20261106,0.03,5.2296613905641305,0.11200577179888413,212,0.6139504975509203,0.09192019842862877,0.5308421948971359
20261106,0.05,6.572237483169579,0.13431414316027496,212,0.8457502568716836,0.11869311152803154,0.7729419059626053
20261106,0.075,8.165487960544661,0.16117717661131095,212,1.3245037146646965,0.15242116517421905,1.0740118538263754
20261106,0.1,9.645638124486329,0.1883305409678926,212,1.7185852339534526,0.1878364151762672,1.3732252478221363
20261107,0.0,1.8628617841479627,0.03943431045641861,212,-0.11611610947005079,0.01748846869137057,0.43113117432580644
20261107,0.02,2.974886456672229,0.061848163593016495,212,0.18548973932544885,0.04726095576729287,0.6749088044346926
20261107,0.03,3.558850057279975,0.07332109881286919,212,0.4664589138375265,0.061002773249002544,0.7966357362977083
20261107,0.05,4.867205312373211,0.09847594196249354,212,0.8646503195431356,0.08920890716784505,1.039723669205847
20261107,0.075,6.575308780702602,0.13149071350740216,212,1.3402554445755892,0.12474756060593649,1.3428114201226249
20261107,0.1,8.318690112369161,0.16468931008774446,212,1.7575063264567168,0.15992880492220976,1.6449210771435385
20261108,0.0,2.5109305368577286,0.06299640470608589,212,0.37975982292341215,0.034252563387827534,0.18390191889864657
20261108,0.02,3.41421729805727,0.08241966999565785,212,0.5798082701794404,0.060312021235631945,0.42815538714278617
20261108,0.03,4.0988822928767785,0.09565660868924046,212,0.7982557190443512,0.07351260456008979,0.5500907043878758
20261108,0.05,5.58033138827436,0.12236090743001335,212,1.1660418243379693,0.09944575983745566,0.7935137245311473
20261108,0.075,7.123695613623789,0.14971857872012717,212,1.5069015644637274,0.1306146003162405,1.0968213568850262
20261108,0.1,8.816047204527989,0.17955302353779728,212,1.821644492146825,0.1636549742337722,1.3988664710818883
20261109,0.0,2.369791154458511,0.06094491188687438,212,0.2097261833452962,-0.005067221589559146,-0.3150724160803322
20261109,0.02,2.4574630891263314,0.06234177733718938,212,0.12644981803865912,0.025585475057144494,-0.11157142615132036
20261109,0.03,2.7650687282989868,0.06729532439230208,212,0.25008702321944654,0.04134936792862468,-0.009750389601304322
20261109,0.05,3.7628042631502776,0.08200388746425909,212,0.28326323974336437,0.0713742943986105,0.19399527799166622
20261109,0.075,5.870320267758784,0.1127139334256384,212,0.6916694968006804,0.10902309538829584,0.44879399226161104
20261109,0.1,8.17671979221803,0.14741794951621756,212,0.8909618031476584,0.14561810272081535,0.7036122687747415
20261110,0.0,2.2512000260351677,0.056538231510990584,212,0.22702919117053724,0.01397070269295996,-0.042303731738469574
20261110,0.02,2.616626018505475,0.06194186827681694,212,0.3493562074470683,0.04443445382970532,0.19131861353521484
20261110,0.03,3.0840458366973005,0.07009673600471902,212,0.4228105775595507,0.05915223375580662,0.3081972941824179
20261110,0.05,4.487314247167344,0.09415016508409868,212,0.6662509383454339,0.08865077544466202,0.5420525832740751
20261110,0.075,6.601986592634331,0.12747779762246125,212,0.9359658175385236,0.12445722970039078,0.8344785542466413
20261110,0.1,8.808095227831194,0.16184847082148796,212,1.242810741554806,0.1606415749760362,1.1269144603173589
20261111,0.0,3.83345924799944,0.1024653036646212,212,0.4568255859724197,0.0353845271549005,0.08964877176669106
20261111,0.02,4.444793485682975,0.11481435207563555,212,0.55179035505289,0.0637985523394424,0.3158198816471383
20261111,0.03,4.907348099357434,0.1238504534692239,212,0.6598285065144239,0.0779602487321705,0.42872988925363864
20261111,0.05,5.977630798745931,0.1438279848270099,212,0.9132325812837678,0.10609930443474058,0.6541429772003189
20261111,0.075,7.4417206513777785,0.1720679138777149,212,1.371100867799777,0.14108801890888834,0.9350326908001145
20261111,0.1,8.959712499319128,0.20058998107472614,212,1.653039218483752,0.17601579973619313,1.2147901833722041
20261112,0.0,1.644886236993409,0.03676421831631443,212,-0.21804714624382257,0.003715932684409673,-0.3401307825761932
20261112,0.02,2.0096490522100807,0.04072159775190686,212,0.25897125113083214,0.03106335870357778,-0.11142249192667698
20261112,0.03,2.5636606762143863,0.04932911542778491,212,0.3718563210693485,0.04493677238057005,0.0027455275431154096
20261112,0.05,4.013846391571405,0.07220381127159817,212,0.36928293262218476,0.07346549619446331,0.23065266626246317
20261112,0.075,5.9064581819253545,0.10333168795418608,212,0.6332954929251875,0.10780083811927019,0.5146172360768407
20261112,0.1,7.574474908740446,0.1322659533504289,212,0.9412373850654234,0.1411151574238688,0.7974002637972558
20261113,0.0,0.8586082284741287,0.017934973778084774,212,0.0304085892772549,-0.01950594271362971,-0.08585664311215929
20261113,0.02,0.6728090875553026,0.013893895575090734,212,-0.005314307702849005,0.009009986973512804,0.14617026602500208
20261113,0.03,1.1578325609016364,0.022774846590583243,212,0.15866255152740444,0.023661712778246583,0.26206298800231315
20261113,0.05,2.520117284068316,0.046737643270877205,212,0.38500368902811494,0.05074646277619839,0.49356568005037504
20261113,0.075,4.4407089390845025,0.08152768333346987,212,0.7960789565074922,0.08590159267239614,0.782329494080795
20261113,0.1,6.2099452325985265,0.11205031992724829,212,0.9382793122841259,0.12005874208374638,1.0702924465601136
20261114,0.0,3.251959416155897,0.0831585544695598,212,0.2177109308346268,0.032417212167886025,-0.16565409939270076
20261114,0.02,3.659048159242673,0.09054227873405485,212,0.33500267262854255,0.059293046805233535,0.047229552734389495
20261114,0.03,4.032339120562455,0.09789015967687756,212,0.288703505098603,0.07315775567553398,0.153722229047465
20261114,0.05,4.9313278640777,0.11485275563457016,212,0.45452388264214305,0.09945907307121964,0.3667726036620745
20261114,0.075,6.405397781306108,0.14217458360301166,212,0.5887496123042152,0.13161616513325525,0.6331316559986157
20261114,0.1,7.881043660675324,0.16933562867138024,212,0.8765608615584803,0.16245575910010732,0.8994345476421515
20261115,0.0,2.5155857327535727,0.056162900728336296,212,0.2614924350935868,0.036400429300584146,0.0730808669573434
20261115,0.02,3.5018292922031065,0.07560022202377538,212,0.4821564816549227,0.0630443064419666,0.375160361042145
20261115,0.03,4.102684508580188,0.0869425851432504,212,0.6256227457090652,0.07553672813967018,0.5261198208204888
20261115,0.05,5.626724151709663,0.11374826927961067,212,1.017289916829065,0.09974684373950304,0.8277901652481217
20261115,0.075,7.5612895448862085,0.1465244267116722,212,1.4864638960039243,0.1297046919932164,1.204231518043897
20261115,0.1,9.199792844016123,0.17379812221958232,212,1.9251718580090205,0.15976699792723192,1.5797012983073815
20261116,0.0,3.188917789583364,0.07875853071055801,212,0.1054849983640696,0.035372750063493885,-0.06629306939741764
20261116,0.02,3.911965332174858,0.09210914393858706,212,0.41337604378675336,0.06156704954161512,0.18938704325959285
20261116,0.03,4.540775553976106,0.10474289073317003,212,0.605601621295627,0.07560380635594262,0.3170565800419427
20261116,0.05,5.753636218667132,0.12787207416085664,212,0.9971619796407333,0.10171003367224048,0.5720093723483068
20261116,0.075,7.387552884494696,0.15731377858248882,212,1.241652803215504,0.1341569445923693,0.8898838164944967
20261116,0.1,8.91463707815251,0.1849228651717612,212,1.4537852184312599,0.16680355401895805,1.2067222538793534
20261117,0.0,3.650070575010168,0.08248879640174016,212,0.08064763824093561,0.015065972193775147,-0.10056810632627843
20261117,0.02,4.47578931758136,0.09805145462440296,212,0.27252637793277534,0.04404632186073948,0.1200166304173809
20261117,0.03,5.075954744329269,0.10823095797933786,212,0.49288834505805035,0.058336542164035415,0.22998713144102906
20261117,0.05,6.421210148699028,0.12913427113117426,212,0.8968388516486099,0.08484882311013525,0.4492539550302457
20261117,0.075,8.086666980278007,0.15636956308014974,212,1.337354865878028,0.11942738757486134,0.7220121337408861
20261117,0.1,9.688366050462086,0.18259100107325146,212,1.5439510152796527,0.15326809166059036,0.9932134290268747
20261118,0.0,4.697906222573362,0.10290924308043478,212,0.52937703914519,0.07850200449785473,0.3072098961645298
20261118,0.02,6.163849366106585,0.12994689043823068,212,0.848926453666339,0.11007944928272392,0.5809873992915157
20261118,0.03,6.82011101722398,0.1419185598767809,212,0.9465053415000664,0.12497490967482937,0.7175909564370855
20261118,0.05,8.197404682212058,0.168321262668054,212,1.2382983817695803,0.15511914320123874,0.9901704493041145
20261118,0.075,10.04237852512923,0.20281892363529114,212,1.6322249646829154,0.19260920948066101,1.329601963861346
20261118,0.1,11.734555377675786,0.2340702037539223,212,1.9501541260089394,0.22779198993929167,1.667436086012693
20261119,0.0,2.987302774050201,0.06449186459007529,212,0.5839524647208825,0.052540165002171096,0.48862743279723375
20261119,0.02,4.846267473637412,0.09262579981812076,212,0.8468079325770351,0.08285491033025015,0.6886292758177411
20261119,0.03,5.7642420635503315,0.10557291965361017,212,1.119344842912585,0.09860292973070402,0.7886805797809986
20261119,0.05,7.801405939112966,0.13641200157300978,212,1.3539066301320448,0.12912146994486273,0.9888637153403451
20261119,0.075,10.17103689866463,0.17236592549504745,212,1.8807397267610388,0.16728129429210464,1.2392017347642994
20261119,0.1,12.228802611500326,0.2036361513694197,212,2.143923467385479,0.20313536896091233,1.4896015604058046
20261120,0.0,1.387571383127018,0.03450995010609623,212,0.177190092227785,0.0018915032893928377,-0.243629226061786
20261120,0.02,1.9519332074469997,0.04575143987743632,212,0.27286471884347346,0.02988411342055891,-0.0020520810664427336
20261120,0.03,2.441905610851443,0.05470714982098822,212,0.3895000926003891,0.04266430578654585,0.11845397390187798
20261120,0.05,3.555822308777283,0.0742043806683653,212,0.49234186860796747,0.06818628695958513,0.3588490532521254
20261120,0.075,4.967577596843287,0.0986520862861403,212,0.7881338479005664,0.10013497570846887,0.6580808305703214
20261120,0.1,6.674502155665748,0.12834264576966878,212,1.0462471053656177,0.13110616587060359,0.9557650156034369
20261121,0.0,3.2152488976335865,0.07697353329127715,212,0.21956141860558423,-0.001312377620658867,-0.4664014439448429
20261121,0.02,3.5981223552052244,0.08495328079043743,212,0.2509871438191324,0.026216829566029543,-0.2108144837246006
20261121,0.03,3.8173585591207506,0.0887880041619217,212,0.3578281849550321,0.039095847090341564,-0.08318357606228016
20261121,0.05,4.585026401402877,0.1030080739642304,212,0.6227492971068092,0.06742333625541747,0.17170723877051342
20261121,0.075,5.825139245461324,0.1267081903014116,212,0.7673275601296253,0.10154873872471508,0.48953160848065874
20261121,0.1,7.247717917798363,0.15439357196110076,212,1.0865809415899659,0.13486869055129075,0.8063486608133508
20261122,0.0,2.26405124376569,0.046947032935298026,212,0.08953386788185799,0.05138498390659225,0.5860789416136104
20261122,0.02,4.154665877626645,0.08235463996919522,212,0.6120615118137791,0.0849973168713491,0.7652864971954376
20261122,0.03,5.10495045272191,0.10167828673018785,212,0.7583641141718225,0.10206949098386846,0.8549480188479684
20261122,0.05,6.844386358585561,0.13677248297954267,212,1.0596914917486033,0.1356254966860289,1.0343650876065447
20261122,0.075,8.781207719441996,0.17636706428858176,212,1.3179990073578483,0.1774761590706134,1.2587682441640298
20261122,0.1,10.554120588380437,0.2132170712524271,212,1.5944419467185023,0.21890796663908438,1.4832547122610968
20261123,0.0,3.533817953821266,0.0947938087318428,212,0.1643924900399373,0.03629494752537707,-0.1911382287780359
20261123,0.02,4.03389273539538,0.1038396390270279,212,0.4117194512607971,0.06760152876887407,0.1081901636726345
20261123,0.03,4.547420968776771,0.11380664268919131,212,0.4932728060204464,0.08312168705298258,0.25748411234295904
20261123,0.05,5.80411616248597,0.1372527834899516,212,0.8410471783337689,0.11280968629924873,0.5552461744839126
20261123,0.075,7.397952105395845,0.16486955079101087,212,1.1178524137537944,0.14856083943011167,0.9257279726297344
20261123,0.1,9.204020086310418,0.19634561974127268,212,1.4293432839419846,0.1864436461055719,1.2940601176006783
20261124,0.0,1.736761739099997,0.04459626082468314,212,0.0823789612374691,0.005680654437608041,-0.18599513349259716
20261124,0.02,2.103004396325537,0.05101272745147838,212,-0.11455653463329246,0.032378808608951405,0.03525774860535096
20261124,0.03,2.532238495322941,0.058732354844788184,212,0.08380257729132264,0.04494854947197666,0.14575382961672448
20261124,0.05,3.617015056913268,0.0793253672404329,212,0.29961730859544766,0.07103071055800883,0.36644980862915705
20261124,0.075,5.264972050139335,0.11039333437108285,212,0.7769365067404634,0.10296967040529581,0.6416920305098129
20261124,0.1,6.870379981323119,0.1392856118762238,212,1.1265910783638937,0.13586564694123332,0.9161355854133161
20261125,0.0,2.173834810521756,0.047021829606993346,212,0.13427061581423075,0.03518841298060774,-0.037567313064150926
20261125,0.02,3.552505625033984,0.07190375146445571,212,0.4218039205615368,0.06298337279512367,0.2265157592958965
20261125,0.03,4.317521490506643,0.08537828017598045,212,0.5682963579226719,0.0763821184836841,0.3583627782156403
20261125,0.05,5.885692880777799,0.11326182419977222,212,0.9115602353032318,0.1042482528940922,0.6215932727355903
20261125,0.075,7.8710465926768745,0.14754237704716575,212,1.2170955922783417,0.13837365536338983,0.9496105373967776
20261125,0.1,9.769919787892972,0.18011576368805252,212,1.5206871900948364,0.17218466069687613,1.2762824055574158
20261126,0.0,2.374231751115594,0.05851371058258711,212,0.19107305690690923,0.014540099460097164,-0.09257271972908365
20261126,0.02,3.4712598691894367,0.07489462063428343,212,0.5127836787191803,0.044123128978608706,0.16824136446613056
20261126,0.03,4.207496400150544,0.08544023791772831,212,0.5936818764742239,0.059151721708354164,0.2984004849203686
20261126,0.05,5.811626732611992,0.10936975151361226,212,0.8955681553581659,0.08785710189334667,0.5581686758743821
20261126,0.075,7.760614188729519,0.14119964525352494,212,1.2813420971119498,0.12249506386255828,0.8817375377315029
20261126,0.1,9.599712000356833,0.1720474319796164,212,1.5573038110170265,0.15746790486567971,1.2038855031655273
20261127,0.0,3.41667108310652,0.07120378259694081,212,0.21149390599204132,0.03533025012493959,0.11168579474676141
20261127,0.02,4.274810911290158,0.08134590648784604,212,0.41333457905237836,0.06116970071850498,0.33044468246481873
20261127,0.03,4.822280515625214,0.08954276210684997,212,0.6770016480450417,0.07338459269697443,0.4395979464088787
20261127,0.05,6.058303007720204,0.10834053613416463,212,0.9992997322111246,0.09934642263167813,0.6574039861494477
20261127,0.075,7.85111461908956,0.1366910674346013,212,1.2972821248106814,0.13061818464840774,0.9286255330907216
20261127,0.1,9.685137710425131,0.16626846443113574,212,1.5549833183867154,0.16285618020793224,1.1985607134415242
20261128,0.0,3.4110259209271705,0.08064900990504592,212,0.20806022174224165,0.043181473713531975,0.1979808281191732
20261128,0.02,4.478252103172106,0.09677594442032131,212,0.4544701051147244,0.07442865745254346,0.38490180253026324
20261128,0.03,5.288034581651404,0.10952643803406548,212,0.6345422947909228,0.09034360432249976,0.4783655209060542
20261128,0.05,6.766590124775572,0.13330950605854547,212,1.0245774424820133,0.12122928256007341,0.66527273648203
20261128,0.075,8.655490627054434,0.1639739797966557,212,1.3479290791415277,0.15811410875068613,0.8988138239335323
20261128,0.1,10.61131143330559,0.19647875207891266,212,1.553608549756183,0.19444489959773553,1.1321739664203683
20261129,0.0,1.517908235066042,0.03846142029674174,212,0.054064352808059095,-0.023350387927149982,-0.4667667062256946
20261129,0.02,1.3747297381003367,0.03674810952080551,212,-0.13973069709995234,0.0031137605584184718,-0.23388689403801657
20261129,0.03,1.458556295030985,0.03809069794115961,212,-0.0786591890479444,0.016407536519224317,-0.11776080615787816
20261129,0.05,1.9573725951609022,0.0467417396504969,212,0.33045088718928606,0.043127196683571054,0.11382234314063519
20261129,0.075,3.4745678245358715,0.07470772331413496,212,0.6409415611985037,0.07579889643533046,0.4019634287236145
20261129,0.1,5.216054967501197,0.10475108349240939,212,0.871817162889137,0.10830366871758741,0.688503096483107
20261130,0.0,1.9681260343663218,0.042791293554756304,212,0.1988035368841703,0.02146502920718669,-0.08522873205158538
20261130,0.02,3.022706602155243,0.0619731031714171,212,0.45127914909544936,0.05237170139031124,0.17699869498568624
20261130,0.03,3.8188014221229496,0.07597452871152476,212,0.5855827093219379,0.06699833686987441,0.3076240995684421
20261130,0.05,5.4717497427471296,0.10311816416650965,212,0.9054743436046374,0.09495663982172554,0.5678376492385714
20261130,0.075,7.665859079068388,0.13872645605813583,212,1.2821359701663542,0.13176261070465925,0.8910385557120754
20261130,0.1,9.821935314533295,0.1730361956103196,212,1.6502448287269043,0.1677277996706511,1.211778637134311
20261131,0.0,2.1337443338619746,0.048156014714195595,212,0.015874221358872547,0.02024277193816106,0.02118660489311454
20261131,0.02,3.084366676636644,0.06429523836833007,212,0.2500752507646332,0.04778938873823315,0.22759092019863894
20261131,0.03,3.8303878456726066,0.07674003965295473,212,0.3983991388599564,0.06167048312701234,0.3308598736510092
20261131,0.05,5.422646075108925,0.10195479235451707,212,0.7843438307877638,0.08977215936555273,0.5375020026748251
20261131,0.075,7.318766506103479,0.13080200968384142,212,1.3853201783311184,0.12284171998787471,0.7959392581443938
20261131,0.1,9.306516922005725,0.16227347020703103,212,1.5585323249640968,0.156639412087597,1.054439775295721
20261132,0.0,2.7165404399076687,0.06442017794673069,212,0.023856014306862537,0.024262344439983936,0.05406448649303092
20261132,0.02,3.5125277505798294,0.0771583824216158,212,0.20330396984719182,0.05248025545023309,0.31524300637582814
20261132,0.03,4.021894057059483,0.08528611163453739,212,0.49059406131349065,0.06663683136843657,0.4458576035981349
20261132,0.05,5.256132190436403,0.10475261963476679,212,0.7476382530152242,0.09456031509352035,0.7070659254849538
20261132,0.075,7.115709212895814,0.13609555624738856,212,1.2412239012924933,0.12961354754667828,1.033389625968918
20261132,0.1,8.792257233235022,0.16442355745991694,212,1.704010275957574,0.16164826026757556,1.3592976580840075
20261133,0.0,2.7144388758272493,0.059422082763253836,212,0.1335025807299928,0.027556857749121328,0.03673907273901619
20261133,0.02,3.6939672734634765,0.07371998377833672,212,0.31457725447631,0.053947271401535324,0.296894968471101
20261133,0.03,4.4010780429806955,0.08525590083484216,212,0.5490620408498982,0.06759487215199206,0.42679534842361233
20261133,0.05,5.951130463546027,0.11334682407688085,212,0.7938105010187991,0.09403188212258008,0.6861801509347907
20261133,0.075,7.765876894079275,0.14641382446194054,212,1.0452052895394095,0.1265724977265093,1.009507243117422
20261133,0.1,9.44080845587432,0.17624212471018116,212,1.3272799472149908,0.15856573460375717,1.331657154682919
20261134,0.0,2.57165519512045,0.04801008119024406,212,0.3622644934485835,0.05274600807806061,0.37326948577461977
20261134,0.02,4.251265740732653,0.07873446448029232,212,0.7096716475456237,0.08013132993060731,0.5950329889415165
20261134,0.03,5.041704654421222,0.09296221499438796,212,0.7936122777174787,0.0935828165067713,0.7057877520195253
20261134,0.05,6.548288298459015,0.11998756748785425,212,1.1147610379532709,0.12004798908724468,0.927001368536106
20261134,0.075,8.583309220545319,0.15424456615243448,212,1.4914007184334697,0.1534222179437813,1.2028778706876415
20261134,0.1,10.396660598479057,0.18321416282289713,212,1.7515527896638543,0.1850498529399717,1.4779228918240692
20261135,0.0,1.830890839378698,0.04371007920943691,212,-0.06792210834487189,0.013205707551111215,0.08440838119825006
20261135,0.02,2.317632299105095,0.05056212569331225,212,0.024013651604858428,0.04076051335829394,0.3529241371283837
20261135,0.03,2.8717832246263115,0.060251599636241486,212,0.07714373475748978,0.054497722412931444,0.48729744444198153
20261135,0.05,4.446533258621988,0.08671933245397717,212,0.35999380976218,0.08172840593483478,0.7561938353582175
20261135,0.075,6.3338678356301426,0.11929937571174598,212,0.75803156940875,0.11653124718373903,1.0924271017182965
20261135,0.1,7.986512911212401,0.14610966827517838,212,1.142894945042252,0.14932942265625637,1.4285473622329214
20261136,0.0,1.8541412639768227,0.04351584069998936,212,0.03574152336774759,0.009181010822634953,-0.13993766578021172
20261136,0.02,2.284487199303738,0.04893381479448463,212,0.28074033901108936,0.03447001040480423,0.10154643482647861
20261136,0.03,2.9003661818074384,0.059486600742263994,212,0.379761142292819,0.0468758960830418,0.22183135097961484
20261136,0.05,4.513176350446564,0.08688677197093209,212,0.9429857324839527,0.07216028723813893,0.4614363118901744
20261136,0.075,6.385164688820374,0.11856919604453582,212,1.2537948780873198,0.1044054514619979,0.7590323440899565
20261136,0.1,8.006783464667235,0.14663861329357114,212,1.5892571938412319,0.1360100443228275,1.0543682776242544
20261137,0.0,2.7328612017894596,0.06842131674026496,212,0.40224201876409993,-0.012051548841134208,-0.32878334347582605
20261137,0.02,2.7023742604488783,0.06788469101008528,212,0.4764153480744187,0.015663019523345263,-0.09013295072787457
20261137,0.03,2.9521159371092276,0.07244344947935014,212,0.4704264614156965,0.029869264044437523,0.029091144493300813
20261137,0.05,3.8291961124675282,0.08865435977682924,212,0.67698889545042,0.058292506083123724,0.26728871434096424
20261137,0.075,5.408968130672481,0.1172153425802276,212,0.9608073195010348,0.09300881131256196,0.5644666933000954
20261137,0.1,7.270207833572943,0.15086914934580817,212,1.1742882173819493,0.12790894157743385,0.8608737868341285
20261138,0.0,2.249889976922697,0.052996399282314297,212,0.3125882563049699,-0.012016729614366822,-0.3260784898902369
20261138,0.02,2.5525769935915754,0.05937343825526999,212,0.3263573884068321,0.016365036580670005,-0.079513205003479
20261138,0.03,2.902438133724555,0.06578529645499308,212,0.4539182082280968,0.02981703520428645,0.04378742631291486
20261138,0.05,3.8688997007478205,0.08194039358015386,212,0.48936975328141996,0.056957598374556564,0.2903504923515423
20261138,0.075,5.7558268921157225,0.1113728811476417,212,0.7780236666653004,0.09082646507017098,0.5983299043026531
20261138,0.1,7.648691227640422,0.1400173276857913,212,1.1026282096635185,0.12444494056153173,0.905844670344847
20261139,0.0,1.419734062974852,0.03463028125742469,212,-0.12575492205494637,0.025678155646040028,-0.24811144728773266
20261139,0.02,2.7487321541821808,0.05954395005693968,212,0.2560049892545323,0.05356067557492687,0.020423643185702944
20261139,0.03,3.679826347225994,0.07501495178561189,212,0.4466371375674978,0.0679789077413382,0.1543743392918796
20261139,0.05,5.3695317439757595,0.10327331454460549,212,0.7079086812355392,0.0950887480644606,0.4215637457280915
20261139,0.075,7.423056244832862,0.13764501183853708,212,1.1131115390302029,0.12961866802120284,0.7540573131262663
20261139,0.1,9.216993748191417,0.16837758788782475,212,1.6261591193906468,0.1616682301182215,1.0846734068003805
20261140,0.0,0.3964586602850185,0.008457487772306838,212,-0.08544602214502497,0.006870140669676143,0.015694298889582823
20261140,0.02,1.232876896154015,0.024454874282109473,212,0.06423107175841994,0.032566730024004786,0.21980066691628705
20261140,0.03,1.8740366938351225,0.03661804946788029,212,0.25080619625525447,0.04721179921185656,0.32185706571538564
20261140,0.05,3.5798885398835303,0.06760152876887407,212,0.4511582082317879,0.07521260210226202,0.5259358221621084
20261140,0.075,5.6771667045522385,0.10349605518642624,212,0.7948231575981985,0.11000725059192686,0.7808870411355311
20261140,0.1,7.468789208675026,0.13426857093700587,212,0.9930097467613007,0.1424285591394326,1.035557030966589
20261141,0.0,3.851810872410202,0.09964392220155825,212,0.13577732360443617,0.03947476220516307,0.14074683858702294
20261141,0.02,4.281037502032662,0.10707629097403713,212,0.4122339612714185,0.0672405353148887,0.4096185091161003
20261141,0.03,4.715911034522562,0.11573501339516135,212,0.6339110982808924,0.08190147797376679,0.5435724780656108
20261141,0.05,5.789453492908914,0.13561423164207473,212,1.1117250820178985,0.11091613482004606,0.8104638885073067
20261141,0.075,7.491520381522959,0.16459355721413418,212,1.4968286730633287,0.14525966950409228,1.1420665117416704
20261141,0.1,9.160576659061535,0.1929645704126693,212,1.8563015018954907,0.1787603740813869,1.4712896239615618
20261142,0.0,4.700347300583106,0.09392281601520577,212,0.8114755460983898,0.0667469215707158,0.3272306547621374
20261142,0.02,6.2138021899673515,0.11687380692943576,212,1.0456813704871948,0.09440106833580482,0.5800093508025851
20261142,0.03,6.886676347351181,0.12841074808084615,212,1.1640704064168224,0.10731644122924161,0.7063007386713062
20261142,0.05,8.353075567545993,0.15507254688306474,212,1.4183106175068754,0.13403917367830312,0.9586250004672493
20261142,0.075,9.918465953283604,0.18381325834227707,212,1.5788087237006556,0.1655546702824044,1.273417384013789
20261142,0.1,11.559167041728415,0.2145105031173449,212,1.9201491567586833,0.19752640116664896,1.5873490481304113
20261143,0.0,2.2314629090122766,0.05462419813368943,212,0.05283329351160821,0.01905123751628312,-0.08324010878574623
20261143,0.02,2.249296489235148,0.053545314151353024,212,0.3642028835233075,0.043094937694065985,0.16428016841094206
20261143,0.03,2.4325208044918134,0.05626274998156629,212,0.43320670137262435,0.055479829426752635,0.28783339472719355
20261143,0.05,3.333151099457596,0.0726835997345546,212,0.6159760388520262,0.08076166034458744,0.534473836763591
20261143,0.075,4.863353856314116,0.10117033565734604,212,0.8745881965983685,0.11085776141046544,0.8417944942838718
20261143,0.1,6.453368527387338,0.1310641779795017,212,1.1627504247578901,0.14156473508713,1.147878814151262
20261144,0.0,1.772822777075804,0.04317276890684014,212,0.03660002186211377,0.009075016999975418,-0.216257449996161
20261144,0.02,2.3092933482051072,0.053269832621928734,212,0.16483894641710395,0.035362509114444655,0.033152819232166404
20261144,0.03,2.809690323904349,0.06241192783817662,212,0.2962271563489108,0.048517008168180956,0.1575100479889419
20261144,0.05,4.04327905229779,0.08475819071104958,212,0.5432469276905528,0.07463552462333789,0.40546248196480644
20261144,0.075,5.683568197265312,0.11374468494744344,212,0.8033599617515392,0.10730364004293004,0.713840872976733
20261144,0.1,7.451690880855227,0.14439891773650446,212,1.1533463586089414,0.14003371320427008,1.0203001268688767
20261145,0.0,3.5841452378100533,0.08104072620617898,212,0.022965824240645017,0.04434996600004917,0.256259362367162
20261145,0.02,4.636683047678645,0.09692853456115484,212,0.33514918776135505,0.07076034950310917,0.5004050192288513
20261145,0.03,5.364388157152767,0.10813059667865539,212,0.6351684612767945,0.08410123382954145,0.6223081654719415
20261145,0.05,6.951348493204201,0.13276775985384118,212,1.0906132878841361,0.11166065181592508,0.8657298550631598
20261145,0.075,8.830526840756717,0.16249928313356657,212,1.2829070442001935,0.14534825371336813,1.169193584950492
20261145,0.1,10.740171511754685,0.19120773560327384,212,1.7237119299649293,0.17875218132214746,1.471624871654633
20261146,0.0,2.6148006187450195,0.06009388902088335,212,0.010550205123815356,0.039692382372459215,0.1843564400380668
20261146,0.02,4.279109585456433,0.08598352026478999,212,0.37512789093113336,0.0707915843977093,0.38718705978895673
20261146,0.03,5.224906664360251,0.09976322925798181,212,0.5686114917909095,0.08564249666145062,0.4884745613339928
20261146,0.05,6.970235219992458,0.12408189891773648,212,0.9392533298311387,0.11465305712811018,0.6907554600523661
20261146,0.075,9.136237147785344,0.15668139997869882,212,1.1702127909104136,0.15032945133091374,0.9429765774972105
20261146,0.1,11.18668933727468,0.1876413250968794,212,1.551304194438382,0.18507238302787993,1.1943879923422065
20261147,0.0,3.3402182527243065,0.06579348921423248,212,0.21582533836865905,0.04913965787037416,0.3240926591668734
20261147,0.02,4.4921502063875005,0.08715508483602193,212,0.4928740232459899,0.07696431643713285,0.557351198754721
20261147,0.03,5.303624078682048,0.10174690108881772,212,0.6572660301862796,0.0912094765646122,0.6740163397388309
20261147,0.05,6.629687678266805,0.12588430595040104,212,0.9548481027259327,0.11965166435903948,0.907364690237673
20261147,0.075,8.395385510439498,0.15717450167541924,212,1.360554750489707,0.15596658173506256,1.1989731393151328
20261147,0.1,10.210843388232748,0.1883715047640895,212,1.6134240133358753,0.19063373040906448,1.4903393019884779
20261148,0.0,3.43382802833593,0.08368954767776238,212,0.32506410012897824,0.04346207571748089,0.08490636180990661
20261148,0.02,4.484616350864085,0.10257693000925781,212,0.5526408431934284,0.07189607075266881,0.3400781783532924
20261148,0.03,5.121594016355602,0.11299811976175456,212,0.8132600853908906,0.0857315929181789,0.46715868839560487
20261148,0.05,6.529949083467521,0.13748986146044126,212,1.0722287170822564,0.11421372041389818,0.7202590306282947
20261148,0.075,8.37812945643072,0.1676986129658608,212,1.4914884079514532,0.14876770660090613,1.0345462348549814
20261148,0.1,10.282867154212436,0.19878091742517962,212,1.943665615561465,0.18215832097592152,1.3463778588601953
20261149,0.0,2.3195774017211472,0.05360522370329104,212,0.38504958196503664,0.032973807748711684,0.19072115542888046
20261149,0.02,3.11442582441534,0.06705927051671733,212,0.6820397677225,0.062007410350732026,0.4387197570515611
20261149,0.03,3.7058019698786957,0.0775332011568176,212,0.8234481933961186,0.07642973889676304,0.5625803364840405
20261149,0.05,5.14986095525863,0.10289695966704628,212,1.0392470512929388,0.1047285534045011,0.8099598995515405
20261149,0.075,7.035001752190477,0.13542016565759182,212,1.3721621170601381,0.1399850686962862,1.1184128135698599
20261149,0.1,8.831938256087074,0.1653457549218001,212,1.6901082107087448,0.17483092193119718,1.425825425746985
20261150,0.0,1.8053887892447915,0.04140927748056269,212,0.1608293262112089,0.014346545523066714,0.029330148167019936
20261150,0.02,3.072037187889952,0.06597475401240384,212,0.4933857086890863,0.04398487616644411,0.2528682157353708
20261150,0.03,3.7763316382360275,0.07864792846082631,212,0.6252962747508352,0.059012444801284626,0.3644067147016226
20261150,0.05,5.423378244932099,0.10768921177463357,212,0.8834116814067801,0.08948848507688904,0.5869869187388527
20261150,0.075,7.510739060012955,0.14436102622502234,212,1.1117303277268442,0.12532515013231305,0.8642082409173515
20261150,0.1,9.451910336293931,0.1784377841863361,212,1.4221024602990207,0.16055145462440298,1.1402136164171242
20261151,0.0,2.985618372193719,0.0670981861231044,212,0.25250933401278153,0.016766481783399827,0.034775800046996715
20261151,0.02,3.7232107772121448,0.07751783973324376,212,0.28839903730397926,0.045285476695696346,0.23859985113526191
20261151,0.03,4.216802538051641,0.08478737741583989,212,0.3567609624658044,0.058899282314290625,0.3406353355354184
20261151,0.05,5.447337881482987,0.10522523943338877,212,0.6626342313894472,0.08736656043388853,0.5449279241369083
20261151,0.075,7.307766494765464,0.13569615923446857,212,1.0306281173241723,0.12163328800006554,0.8006565747265938
20261151,0.1,9.205451113302704,0.16713126438853343,212,1.3265053291783084,0.15701781515496607,1.056713448823434
20261152,0.0,3.5741420584395094,0.08499424458663433,212,0.1631494350138132,0.013534950310915209,-0.3114353103294326
20261152,0.02,3.8673597386568415,0.09165803013296848,212,0.02039963670443084,0.04058180879738487,-0.027312508974863165
20261152,0.03,4.084621210436732,0.09579895788102477,212,0.10602615225062263,0.05361136827272057,0.11450398653201317
20261152,0.05,4.913625793022779,0.11003694934416963,212,0.556079985539458,0.0791138916425663,0.39758784083238075
20261152,0.075,6.415914183050964,0.13498748556026183,212,0.6675286782665861,0.11039999098796481,0.7502924607795008
20261152,0.1,7.824845225095572,0.1562441114542967,212,0.8600080816221766,0.14098407327603865,1.1015515530050928
20261153,0.0,3.48716363967341,0.087007615169713,212,0.2601419114420108,0.018996448438869728,0.1506864744486357
20261153,0.02,4.177801652493259,0.09893166419518427,212,0.5572297229130582,0.04746987112789717,0.3884233413829222
20261153,0.03,4.539770838157504,0.10421343366732483,212,0.6707541937687531,0.06152198936579851,0.5068041006316479
20261153,0.05,5.473975929410268,0.11816109422492402,212,0.8532886921336079,0.0885534864286943,0.7425368972290023
20261153,0.075,6.827821205601539,0.14123190424303,212,1.2188717872953188,0.12315611712368607,1.0351677335356457
20261153,0.1,8.258219245188432,0.16811439549725954,212,1.521389817893108,0.15805419919874814,1.325392823301577
20261154,0.0,3.4658377034531274,0.08782518162031655,212,0.4300046966975121,0.016938279741848614,-0.2243072995274069
20261154,0.02,3.6902187349756645,0.09137384379685233,212,0.41557984729470765,0.04404939414545425,0.050682857401976165
20261154,0.03,4.023824582874225,0.09705245004465053,212,0.5233034226384382,0.05708714638002933,0.18768887140183663
20261154,0.05,5.090387920622446,0.11472730400871708,212,0.7739647487337487,0.08328656633267519,0.46066511967220714
20261154,0.075,6.74021296291607,0.1423563604486355,212,0.9850322266694861,0.1152598333592771,0.7998279984881798
20261154,0.1,8.376806283129122,0.17039812713523783,212,1.3935388620257005,0.14651725804733778,1.1365472923300137
20261155,0.0,4.95734488014204,0.10078117959347528,212,0.6527469599329635,0.09472007389868833,0.7053169845072772
20261155,0.02,6.458906970871974,0.12922234329299764,212,0.8787278074283494,0.12096916245422297,0.9797670533854227
20261155,0.03,7.217861253401813,0.14396726173407942,212,1.0444234416983074,0.13405607124423433,1.116891321093432
20261155,0.05,8.54293084359348,0.16997415184459977,212,1.3542432956713149,0.15899483036891998,1.390877845311376
20261155,0.075,10.252916359227001,0.20282762844198302,212,1.967961322282494,0.19169725296782705,1.7327457306594356
20261155,0.1,11.754278902604788,0.2321556583291687,212,2.317357209816955,0.22265564194365017,2.0737560466331253
20261156,0.0,0.7344281063665995,0.016985126045600898,212,-0.05749133807149118,0.002663158800252339,0.0010533130303935641
20261156,0.02,1.5702201561223568,0.029901010986490142,212,-0.10436356022046389,0.0343507033483807,0.20600572229717232
20261156,0.03,2.5087055154070823,0.04431821905799654,212,-0.01699754991870145,0.04936393465455231,0.30840169706981757
20261156,0.05,4.512352191351625,0.07709232830024824,212,0.4441702158335185,0.08010009503600718,0.5129877781618919
20261156,0.075,6.473558199284294,0.1123457713073186,212,0.9264867264226477,0.11726808346783112,0.7682413885192573
20261156,0.1,8.368273438522008,0.14642406541098976,212,1.240562416638813,0.15347495883138487,1.0228325244409777
20261157,0.0,2.901685177828716,0.07145468584864696,212,-0.03091843474069554,-0.011682874675361912,-0.3062664580202212
20261157,0.02,3.307704335017734,0.07681684677082394,212,0.09406441786978176,0.0176902153876404,-0.08864753937108336
20261157,0.03,3.7202963769723745,0.08255177823839291,212,0.20934385439192257,0.031519080936268526,0.020128074192716713
20261157,0.05,4.851258612400453,0.09843958659336878,212,0.505539143192665,0.060882442097674065,0.23756491143726158
20261157,0.075,6.476034230791526,0.12262051548841135,212,0.7974564223212954,0.09663922775051409,0.5090505461050833
20261157,0.1,8.194582014662819,0.15033457180543838,212,1.1439338665552548,0.13097098534315374,0.7800564293910606
20261158,0.0,3.4343667490084937,0.0898827616152844,212,0.25050153432459704,0.004707764277931163,-0.21509386817272128
20261158,0.02,3.8619066302720055,0.09626645720512213,212,0.29017487317399543,0.03302910887357753,-0.018466987082211707
20261158,0.03,4.320916958643218,0.10407262061789789,212,0.38489997188479325,0.04644167984335444,0.07973279596387625
20261158,0.05,5.465337403792748,0.12250940119122719,212,0.6596742285688368,0.07302871971751368,0.2758712267662208
20261158,0.075,7.047211776739964,0.1502552044503068,212,0.9767263067954025,0.10724219434863469,0.5204855797060717
20261158,0.1,8.543924032910533,0.17763642992323384,212,1.402323521435068,0.14061898344243356,0.7643826947772324
20261159,0.0,1.1685185995369776,0.026808756421075053,212,0.059934801828572894,0.0040313495932295116,-0.12757391608211066
20261159,0.02,1.6928394070159236,0.035133111855741896,212,0.013881604054295237,0.03455449823446038,0.10311572063013025
20261159,0.03,2.4766692527499305,0.04816727975814974,212,0.14657504345748731,0.04894047141136662,0.21845675838839101
20261159,0.05,4.2401347888312255,0.07733043036564283,212,0.2875434480845626,0.07778154417126144,0.44908538823034233
20261159,0.075,6.179499988375827,0.11049267157686037,212,0.794649758603675,0.11324390253893608,0.7371764728403657
20261159,0.1,8.157996419915428,0.14539587412644703,212,1.1120453687570353,0.14814864123088015,1.0249180262273185
20261160,0.0,2.1579223523494164,0.05187473495580882,212,0.07113560820111514,0.01252958576522339,-0.03426129886333387
20261160,0.02,2.9086098927383928,0.0637002392285698,212,0.24849241027422686,0.04150707854398283,0.1522662408564293
20261160,0.03,3.5739290187211203,0.07398317616890193,212,0.400189487415091,0.05649880385715104,0.24549241702826485
20261160,0.05,5.2754996908043585,0.09930597088293365,212,0.7864043271466837,0.08450165493736636,0.43184332401905057
20261160,0.075,7.124289888345729,0.12764165280724896,212,1.320489262146183,0.11915497833015183,0.664537799503612
20261160,0.1,8.984078940384324,0.15682477326538805,212,1.387868408400434,0.152833875420903,0.8968850976818391
20261161,0.0,3.071353301528098,0.0657771036957537,212,0.04295713447470792,0.029977306056906905,-0.13747470276394322
20261161,0.02,3.8221438525183036,0.07799455591148542,212,0.3426995032630796,0.05743277841044084,0.09459849922281938
20261161,0.03,4.4540644488610415,0.08904402788815247,212,0.44455111112476575,0.0709472468232576,0.21049414313798526
20261161,0.05,5.733290937034923,0.11058535216575589,212,0.6027971439722936,0.09732741952662238,0.44195779392346346
20261161,0.075,7.560769481979788,0.14042952588502283,212,0.951545045524821,0.1318849900457975,0.7305797218404119
20261161,0.1,9.222424286367959,0.1682838832040243,212,1.228212641836296,0.16328425187819007,1.0182851137350464
20261162,0.0,1.309787269089792,0.03256567229890879,212,-0.2432515823656646,-0.019320341847769266,-0.207512998145274
20261162,0.02,1.5051452924300615,0.03585919514333232,212,-0.013578008064556158,0.009643389672207701,-0.00044474091767110095
20261162,0.03,1.9197662280252799,0.04320758813360752,212,0.11688165164997179,0.024492253746139163,0.10311895524571946
20261162,0.05,3.4545400188455075,0.06959748973856907,212,0.4899702312196104,0.05497239040136327,0.3102696987695598
20261162,0.075,5.82052116071458,0.10614078027838995,212,0.8505919632367158,0.09284444408032182,0.5691780401998768
20261162,0.1,8.191598129723273,0.1420465717398963,212,1.1994676652207437,0.1292151746286632,0.8279485289593959
20261163,0.0,1.047678569672112,0.023952555731244725,212,-0.3084722221755371,0.015174526253696983,-0.2641561603941819
20261163,0.02,2.1350664076067667,0.04396695450560794,212,-0.12202492010202493,0.04474014615882484,-0.023474127699046783
20261163,0.03,2.9096085684627435,0.05800831974700759,212,0.012590607196109754,0.059283829951089224,0.09663394839188001
20261163,0.05,4.5713154082708,0.08827544466200772,212,0.415649890110193,0.08696357908880131,0.33633158196541274
20261163,0.075,6.614578084137438,0.12516385518478768,212,0.792066579263838,0.12306241243988564,0.634874615698794
20261163,0.1,8.544822238843846,0.1593906430496727,212,1.2031876156220056,0.15829537354885753,0.9320706657332829
20261164,0.0,3.9792473997848927,0.09726648587977946,212,0.3865981434105436,-0.002968339081919402,-0.38586838501006254
20261164,0.02,4.15040572465897,0.0999788012354681,212,0.3994012492032227,0.022312979788462958,-0.16911524366906946
20261164,0.03,4.363473034250933,0.10317448938628039,212,0.41430428996086976,0.033654830860485506,-0.06096502611251156
20261164,0.05,4.960173143284593,0.11356905267124913,212,0.43656292551786174,0.059518347684316616,0.15484240194957818
20261164,0.075,6.162677478168954,0.1313944485863394,212,0.7489638992437485,0.09264167328914705,0.423595645241329
20261164,0.1,7.702713718386391,0.15414881327882415,212,1.0117160573620172,0.1228514488894715,0.6911179576110297
20261165,0.0,2.7361098124214625,0.062088825895673404,212,0.19645113591664495,0.05702570068573395,0.22101362050440726
20261165,0.02,4.38363582318069,0.0908049590771676,212,0.6106115634818963,0.08578126152106766,0.5062645410775173
20261165,0.03,5.236441584932458,0.10608957553314383,212,0.8270870866572202,0.09949696458270181,0.6488998421596127
20261165,0.05,6.801987486907122,0.13348104195512006,212,0.9715478558993509,0.1273057496784342,0.9341290886792115
20261165,0.075,8.83058125027058,0.16915846025282852,212,1.4844547620425175,0.16278295742223023,1.2904622707554527
20261165,0.1,10.744012221240736,0.20193410563743763,212,1.7744639045400192,0.19658986637609682,1.6463919193666963
20261166,0.0,2.9430410175639636,0.07212751620118141,212,0.16543432689503554,0.04862300199084049,0.23013399047396446
20261166,0.02,4.058586446018716,0.09593823478809431,212,0.4536795831607984,0.07835452527056588,0.4786764060976702
20261166,0.03,4.788938474715667,0.11130989931098893,212,0.7093679779374481,0.09246194463333306,0.6027141131990872
20261166,0.05,6.16819934401837,0.13989597243955793,212,1.087482118858977,0.12208030542606443,0.850265492423641
20261166,0.075,7.724946043967058,0.1705374040423074,212,1.4417635457662088,0.1568252853128405,1.158606316991836
20261166,0.1,9.348679523713908,0.2009591672879509,212,1.7586719366707892,0.19118930189498523,1.465565882487253
20261167,0.0,2.795297515844342,0.07095851186721175,212,0.18519124217584526,-0.0038475245577958214,-0.3497959951988724
20261167,0.02,3.024532205001687,0.07176601069974356,212,0.2812541105979286,0.025468216190530808,-0.10254528872709663
20261167,0.03,3.403530237688576,0.07706109340564808,212,0.2432156682542548,0.03863654052548358,0.020885365747857175
20261167,0.05,4.622036514145454,0.09459564636774019,212,0.5647793990048169,0.06783963083426867,0.2672992401422019
20261167,0.075,6.3561967526911065,0.12247919039153196,212,0.83211222000557,0.10313915811206056,0.5743595913380655
20261167,0.1,8.259413220920338,0.15280929714318486,212,1.3612308070460477,0.13913455787774764,0.8801924566221535
20261168,0.0,2.19504651765873,0.05523580911130207,212,0.22445041359120216,-0.005542423068164434,-0.1511354969020438
20261168,0.02,2.4029624418855873,0.055310341719987874,212,0.3059660428473568,0.02135801128962223,0.09598153846455389
20261168,0.03,2.8975599940466057,0.061973615218869564,212,0.33132464408240014,0.03462772102016238,0.2193845571701598
20261168,0.05,4.020098766181926,0.07558998107472616,212,0.49646388507188166,0.060194250321565806,0.4658232134415803
20261168,0.075,5.983528763026827,0.10306900761107333,212,0.9155898422147565,0.09445636946067065,0.773067683452087
20261168,0.1,7.992858188386202,0.1314845689379726,212,1.2918636765429201,0.12774252615538387,1.0792585588839563
20261169,0.0,2.562844388114117,0.05844612031886219,212,0.09620855685747785,0.02099496964582702,-0.036037267342466685
20261169,0.02,3.274822034731852,0.07238661221212692,212,0.24971707948439337,0.04990004833727952,0.1862964573231503
20261169,0.03,3.722662103443647,0.08189942978395692,212,0.2590419688193795,0.0636162634463661,0.2974025855504253
20261169,0.05,4.915276275859617,0.10554322090136738,212,0.5349616189012353,0.09183878288368741,0.5194501652530279
20261169,0.075,6.436029359506405,0.13727889791002715,212,0.7272063444928168,0.12591707698735857,0.7966122205775036
20261169,0.1,8.020879641888367,0.16879541860903333,212,1.1449665066596464,0.1603988644835694,1.0732082315835256
20261170,0.0,2.8364001237157805,0.06512987571584233,212,0.12483921066458617,0.022669364815376163,-0.007778739312580282
20261170,0.02,4.30519453207659,0.08575514710099214,212,0.5485658772252958,0.05172140112568512,0.2103905944642607
20261170,0.03,5.118640394202268,0.09734738937726836,212,0.8273639216592712,0.06578785669225537,0.3194057761662054
20261170,0.05,6.8932561384849,0.12414897713400895,212,1.067476461759818,0.09518296479571355,0.5372610347454593
20261170,0.075,8.78924364220527,0.15466188482619062,212,1.3442621203683347,0.13064583521084067,0.8091776860754186
20261170,0.1,10.88068293387685,0.18653786283682483,212,1.549038835824207,0.16588238065197977,1.0805431939782018
20261171,0.0,4.322469380947254,0.09593693171894221,212,0.5980726518205439,0.012441713074207824,-0.29930295508495436
20261171,0.02,4.536221102430942,0.09842422516979495,212,0.5044660484978201,0.03789816809903409,-0.07360687716236249
20261171,0.03,4.772986904350836,0.10198039472714014,212,0.6521280314998128,0.050700378505476866,0.03920369014688168
20261171,0.05,5.534960948458509,0.1149915204941872,212,0.7465386142015192,0.07595967933540335,0.2647029583700101
20261171,0.075,6.774181506887277,0.13740895796295233,212,0.9928168463945402,0.1076543925478662,0.546252159473985
20261171,0.1,8.35644459840111,0.16343428178176125,212,1.3417120835022718,0.13776534298986556,0.8273048955040504
20261172,0.0,1.532824207211149,0.03196712245717235,212,0.03939704553736978,0.02945245741813385,0.0802297129665089
20261172,0.02,3.0374638710950204,0.05775178397332437,212,0.27079454349834936,0.057737958692107925,0.3516798752552289
20261172,0.03,3.9610814451465295,0.07429194078273622,212,0.47797516663904277,0.0721049861132731,0.48720765691489354
20261172,0.05,5.560817490939409,0.10264964074750736,212,0.8850454982694362,0.0997217534143324,0.7578104106926568
20261172,0.075,7.524639756203914,0.13677913959642468,212,1.4115705446615432,0.13419022767677924,1.0950962314843298
20261172,0.1,9.604287449625552,0.1705921931197208,212,1.5669985022241666,0.16870325006759027,1.4311416635574237
20261173,0.0,2.2940733052328124,0.05959771503944814,212,0.21106615924056846,0.002218189564063283,-0.25806912078441163
20261173,0.02,2.6430822826898006,0.06541559819431586,212,0.35705531266043605,0.028762217452215737,-0.010252214481391525
20261173,0.03,3.0348271286803543,0.0713942642492565,212,0.4229567569699521,0.04163969883417036,0.11345344268202821
20261173,0.05,4.300469676595753,0.09048339327702178,212,0.6799799914562977,0.06823237123030663,0.36039809108660925
20261173,0.075,6.189070172661968,0.11807404615800554,212,0.896839908256297,0.10239156883146674,0.668079726768343
20261173,0.1,7.840778878269022,0.14320277488755437,212,1.2432038731990274,0.13536281634291614,0.9744785868066062
20261174,0.0,2.1892929223801514,0.051302342544660866,212,0.025453535908545828,0.015168139856095008,0.0019130413935199027
20261174,0.02,3.2949712107889866,0.06763634799564146,212,0.25161590536291056,0.04653692066951228,0.17566378841541644
20261174,0.03,3.984020107545071,0.07816557976060759,212,0.2747619105466612,0.06201867539468617,0.2625267058568381
20261174,0.05,5.5289746740282135,0.10552017876600663,212,0.65250373045467,0.09470061609549482,0.4362023972684784
20261174,0.075,7.500805366162729,0.14268458286566332,212,0.9110938426006835,0.13494344947935016,0.6531510512193344
20261174,0.1,9.32244593448692,0.17852483225325458,212,1.2374535973115937,0.17273613580317715,0.8698643080080092
20261175,0.0,4.344696342028377,0.10722427268779851,212,0.4231490192078843,0.03489910616996698,0.1328147680659912
20261175,0.02,4.84179326027115,0.11516408048566677,212,0.49661098356387684,0.0655108390204737,0.38272412865924293
20261175,0.03,5.251497652305419,0.1212108488517848,212,0.5479701472366924,0.08049181133714024,0.5072829539651196
20261175,0.05,6.303998811740466,0.13621998377833672,212,0.9230965819050686,0.108847975159554,0.7555681636017776
20261175,0.075,7.975149804964474,0.1607649784120794,212,1.5093575972607105,0.14513319378333428,1.0642820368814132
20261175,0.1,9.709154180143955,0.18651430865401158,212,1.8927933522569012,0.18077784104408523,1.3710584836652253
20261176,0.0,2.018223504783703,0.04775559360637068,212,0.020216982375587573,0.00594026249600603,-0.36453645358269426
20261176,0.02,2.310844653147325,0.052875044036080905,212,0.17870919209956412,0.034075733866408865,-0.14084987091477294
20261176,0.03,2.803264924860038,0.062165120966090164,212,0.2542628976862579,0.0482476712081862,-0.02916132540898808
20261176,0.05,4.224146176516722,0.0894787561752923,212,0.456823012450659,0.07691106350207685,0.19387204008323183
20261176,0.075,5.891960922855158,0.12148837857101893,212,0.6987243246466712,0.11144251960117647,0.47194948517251073
20261176,0.1,7.398516507472875,0.15085839634930648,212,0.8845996817496274,0.14560376539214642,0.749135998056725
20261177,0.0,3.381764551811115,0.0758301313299306,212,0.17845623951276485,0.03287651873274399,-0.011258175842028722
20261177,0.02,4.180468152741406,0.08777517430095283,212,0.4100877530195856,0.059372414160365074,0.25463456822313096
20261177,0.03,4.813907990049167,0.09704630547522101,212,0.5530922970738886,0.0720184500938071,0.38715627833978783
20261177,0.05,6.229186165047176,0.11922717702094889,212,0.7369453198656167,0.09826907479169911,0.6512806745107113
20261177,0.075,8.2077964238385,0.1481855086474574,212,1.146556621251628,0.1306294496923619,0.9795730487058797
20261177,0.1,10.338073686995983,0.17943474057627867,212,1.628856838011191,0.16319617971636666,1.3056034553343403
20261178,0.0,1.1030370744748252,0.02552812574246881,212,-0.4283624883252583,0.016625156686520454,-0.09267961811955333
20261178,0.02,1.9637344785882365,0.042018101901539415,212,0.0329915800709388,0.04391062928583718,0.15645900517737926
20261178,0.03,2.7746329249900743,0.05741895312922439,212,0.1992703154599772,0.05758434445636946,0.2809495258224461
20261178,0.05,4.205704807938726,0.08351391540156809,212,0.4657298908160614,0.08485240744230249,0.5297107785212294
20261178,0.075,6.164705531956048,0.11833519035876092,212,0.6592130601069485,0.11869464767038893,0.8401227470970188
20261178,0.1,8.036135357817425,0.1507216796794993,212,0.984522869921063,0.15232029182608411,1.1497564409586738
20261179,0.0,3.786409408632771,0.09095652512309622,212,0.5459743385241914,0.04110512129380054,0.0877392701045784
20261179,0.02,4.384960803623492,0.09900335083852892,212,0.6269739439815164,0.07184998648194725,0.32446613430475935
20261179,0.03,4.946180866242297,0.108441921529752,212,0.7373863537257487,0.08705830786750669,0.44286804823371884
20261179,0.05,6.564934725412487,0.13501974454976692,212,0.8919758315749136,0.1177366068868334,0.679690446091689
20261179,0.075,8.480404441584223,0.16836017827444105,212,1.2076459948465401,0.15428552994863134,0.9756326821404423
20261179,0.1,10.327103378952907,0.20211997886268118,212,1.5671261037490187,0.19169213249330241,1.2713092313206773
20261180,0.0,2.7105504251675745,0.06652398540477081,212,0.3075345680698461,0.020391244743040958,0.2034847588596778
20261180,0.02,3.496477386290635,0.08042268493105793,212,0.43619450769198775,0.047840081436026846,0.4208435709032842
20261180,0.03,4.132651077485042,0.09072507967458361,212,0.455016099052,0.061747290244881584,0.5295819372507272
20261180,0.05,5.526103272616717,0.11099857445989232,212,0.9271262381132328,0.08960728008586012,0.7471450948077352
20261180,0.075,7.340968738270008,0.13865220917752888,212,1.1505446336480043,0.1244889766424434,1.0191959031455011
20261180,0.1,9.103209751653457,0.16597301305106546,212,1.5023763561165644,0.15762254319632307,1.2912619210851333
20261181,0.0,2.2111660228375034,0.05087959511383838,212,0.15344423440293817,0.041452801514021906,0.309647799736643
20261181,0.02,3.3772403010461134,0.07139272810689912,212,0.4710676743703439,0.07217052818718817,0.49897776313969167
20261181,0.03,4.178443514145781,0.08661180248896026,212,0.5942813209500147,0.08719502453731394,0.5935773203885937
20261181,0.05,5.793905046734655,0.11760603478645573,212,0.9879578155132581,0.11768284190432496,0.7826172959885836
20261181,0.075,7.603001343202122,0.15282158628204393,212,1.3702052025914684,0.1539235123997411,1.0185608628073408
20261181,0.1,9.306398650265042,0.18628030296823667,212,1.690730429974764,0.1894452682719013,1.2540269775294666
20261182,0.0,3.9550629073938603,0.0960298912820849,212,0.3233380743202244,0.02088027101647564,0.0970354812505481
20261182,0.02,4.471458581724953,0.10330659762901545,212,0.47351340789151675,0.04735056407147362,0.30784125988709304
20261182,0.03,4.869735284876464,0.1086242104228283,212,0.6091259316087005,0.05994539525966951,0.4132657106505499
20261182,0.05,5.842593233950904,0.12144843886972692,212,0.7999096598373228,0.08503111200321155,0.6241199402545149
20261182,0.075,7.280938904262478,0.1405257908060856,212,1.048904858149373,0.11711498127954513,0.8876197149689934
20261182,0.1,8.783444954790447,0.1608131108726108,212,1.437345071328548,0.14735138334739756,1.1509336958243863
20261183,0.0,4.072091586587591,0.10184060577261816,212,0.35736803597013667,0.03437220934138408,-0.28028500209733415
20261183,0.02,4.601955478182735,0.11038872594401068,212,0.3611435144322374,0.06458403313151835,0.007011719873720134
20261183,0.03,4.98489015049223,0.11630082583013132,212,0.28786523898141303,0.07948205376088611,0.15049129775628092
20261183,0.05,6.147042103057473,0.13498338918064215,212,0.6299339827671352,0.106991803144381,0.4370271396316296
20261183,0.075,8.074945376918121,0.16574515193472011,212,0.9921419825730797,0.14147461473549677,0.7942283142408685
20261183,0.1,9.956984277506091,0.1941243578924946,212,1.4055241117236255,0.17604549848843593,1.1501093775207016
20261184,0.0,2.34206728384925,0.05902478709530107,212,0.2519019660152393,0.020527210872448836,0.15955076213806552
20261184,0.02,3.08330756479905,0.07257453362718029,212,0.41939501212006935,0.04899986891585216,0.36510690672896656
20261184,0.03,3.6148024159147307,0.08201924888783291,212,0.528076618452879,0.06243701816334723,0.46780691923061185
20261184,0.05,4.8046728549928215,0.10229786414766628,212,0.8447812832892336,0.08887300403903031,0.6730184863040729
20261184,0.075,6.4892860933885785,0.13070728090513603,212,1.1871503639973247,0.12172545654150863,0.9291133167066236
20261184,0.1,8.336051675008024,0.16212958487288934,212,1.4400763337530584,0.15376938611655025,1.1846489394257498
20261185,0.0,0.5708714203143774,0.013969678598055039,212,-0.2247698224697698,-0.006679659017360457,-0.017676291122279877
20261185,0.02,1.0809814976700491,0.02446869956332593,212,-0.11243316739629414,0.026104179126488016,0.19745012055204167
20261185,0.03,1.789830336110463,0.03706762713114149,212,0.11814467362603957,0.04367508745770487,0.3050770297334206
20261185,0.05,3.5286296503303385,0.06493888201607419,212,0.5344617654325858,0.07671853365995134,0.5204203649943185
20261185,0.075,6.034942798205026,0.10500864336099755,212,0.9994792009715473,0.11660088563727378,0.7896889619807005
20261185,0.1,8.610902223062485,0.14439686954669465,212,1.4000659652016465,0.15617959347528654,1.0589457825561581
20261186,0.0,3.2191834765334817,0.0787866933204434,212,-0.00819375368126231,0.008688933220819439,0.11259734306151324
20261186,0.02,3.4774982983495404,0.08275813336173492,212,0.013006490909160704,0.038279643451117895,0.34729973453615676
20261186,0.03,3.8685350798962035,0.08949770193103335,212,0.31385379608364994,0.052394743525672006,0.4645297727800587
20261186,0.05,4.980120530630427,0.10902002310358107,212,0.5748566348322552,0.08143193045985958,0.6986978337757025
20261186,0.075,6.535551000181698,0.13828455910666154,212,1.0272540250134519,0.11657528326465069,0.9907587777150774
20261186,0.1,8.032618932337058,0.16627512104801778,212,1.3175743237764614,0.15082357712253908,1.281956381820291
20261187,0.0,2.6699128477903518,0.06293677647694967,212,0.15967301070849718,0.030266612867547664,-0.09798153309827469
20261187,0.02,3.4912129121504796,0.07550805348233232,212,0.4183393359507773,0.05793919334092529,0.14174867320520154
20261187,0.03,4.094006166082247,0.0853859608877674,212,0.5331361390076819,0.07189607075266878,0.2611061904439974
20261187,0.05,5.60738082687814,0.10999086507344809,212,0.7390640020891867,0.09918461563670027,0.4987547017643242
20261187,0.075,7.501857165641017,0.13992771938161055,212,1.2096465269398595,0.13285378382585472,0.7937135179642275
20261187,0.1,9.387182599438406,0.1689766834072047,212,1.4157623410314295,0.1666125603191899,1.086198511824084
20261188,0.0,3.275422840356275,0.07375668450659402,212,0.11172447319919629,-0.0042713401362941645,-0.30477018304043146
20261188,0.02,3.299569041362751,0.07717527998754702,212,0.012188359588647689,0.02751845419018671,-0.007987921277418262
20261188,0.03,3.5049315244841766,0.0812972619798622,212,0.031762894658682594,0.04401150263397209,0.14009526199338312
20261188,0.05,4.41425368976328,0.09884461612826585,212,0.2755100959572924,0.07402106768038408,0.435575185678231
20261188,0.075,6.153416012019752,0.12957872831991085,212,0.8794580990530236,0.11270164428677937,0.8034950655482055
20261188,0.1,7.908129739031808,0.15947257064206657,212,1.179479778252096,0.14987475319312793,1.1696280931510528
20261189,0.0,2.306262048170845,0.05380287401994118,212,0.020310413008253918,0.021993462178126973,-0.0578173177115199
20261189,0.02,3.1315253868830566,0.06908749047591739,212,0.2517747466768808,0.05426013239498931,0.2379882747697098
20261189,0.03,3.9070176310639813,0.08295834391564735,212,0.3995484594746717,0.07065794001261685,0.3856449324666203
20261189,0.05,5.54409665373562,0.11144610393334373,212,0.7656891787550062,0.10182729253885417,0.6803879933085173
20261189,0.075,7.6481189757477885,0.14826590009749385,212,1.1385926556911066,0.14033940553338958,1.0475890445190068
20261189,0.1,9.694340428402393,0.18399657133025832,212,1.609118665578995,0.1784126938611655,1.413205577350072
20261190,0.0,0.14291229778516307,0.0030379775354541683,212,-0.0749461242472137,0.004411288802955951,-0.10841829499244322
20261190,0.02,1.1544389136438802,0.022835780237426166,212,-0.06139594308955113,0.03040332953735488,0.10815401369859862
20261190,0.03,2.069753084707547,0.040099460097166126,212,0.12493743098554773,0.04339192521649366,0.21648095434968578
20261190,0.05,3.6547105796285027,0.06851194913935063,212,0.42648347684201426,0.06911565308580277,0.43317197531000257
20261190,0.075,5.695560288297946,0.10535376334395662,212,0.8374024127624415,0.10065060749309761,0.7040136063434578
20261190,0.1,7.624885723572568,0.13971470764138655,212,1.057116452008541,0.13265459736684718,0.974700842194866
20261191,0.0,2.4794582209131786,0.0525237794836923,212,0.03549594136151937,0.05276188154908693,0.364722522803214
20261191,0.02,4.13715398403393,0.08407921578908562,212,0.6943555767647644,0.08146828582898434,0.6097389254566531
20261191,0.03,4.800508959361199,0.09696949835735177,212,0.9044098049182898,0.09544154875920662,0.7320825039081634
20261191,0.05,6.495353120825587,0.12825150132313062,212,1.216908714294818,0.12306599677205286,0.9763988999121544
20261191,0.075,8.38012797931975,0.16312858945264175,212,1.7607162716535494,0.15757031435617203,1.2810145142708258
20261191,0.1,10.416498087316285,0.19831853857560688,212,2.2357237209694127,0.1912773740568086,1.58464535491707
20261192,0.0,2.24029727285655,0.057478931831505674,212,0.27533093258991925,-0.004674994588960628,-0.38563400411926513
20261192,0.02,2.552511686861409,0.06278162609885383,212,-0.03482274967442808,0.023289454280307063,-0.12512707560589237
20261192,0.03,2.8554899665997553,0.06722978231838701,212,0.1186784914517829,0.03833545662343621,0.005090638986022917
20261192,0.05,4.080552937004964,0.08692927190948638,212,0.46440140705167415,0.06602493466274506,0.26540855308183775
20261192,0.075,6.012694316956914,0.11835874454157416,212,1.0043971885816736,0.10132548603544189,0.5904910242683187
20261192,0.1,7.9937681289074,0.14975339794689452,212,1.5031503856537227,0.1364319714236558,0.9150905126851773
20261193,0.0,2.110840348251001,0.04807920759632637,212,-0.09053757701378194,0.020483946288270424,-0.005692241684590184
20261193,0.02,3.2221967076713915,0.06857544302345586,212,0.3233602566155327,0.04807715940651652,0.22032038237615995
20261193,0.03,3.796883111047652,0.07932229495571813,212,0.4442387341184169,0.061759067336288186,0.3331153037725363
20261193,0.05,5.204760926424276,0.10556011846729862,212,0.652858757269878,0.08887197994412539,0.5582442124768875
20261193,0.075,6.960693970784379,0.1375400421107825,212,1.1394967284169826,0.12196867908142782,0.8387136111241136
20261193,0.1,8.73877534515974,0.16974885096551667,212,1.4607879507395327,0.1557945337910355,1.1180290091904328
20261194,0.0,0.7170977073420951,0.016050639444858635,212,-0.09693440399031229,0.002736381585954338,-0.24022115465649965
20261194,0.02,1.3894714717891194,0.027341285771635034,212,0.0691533284114083,0.03044224514374196,-0.0019870286384260517
20261194,0.03,2.0982259936495185,0.039455816449422004,212,0.29691458450193614,0.044158460252828546,0.11689278878177009
20261194,0.05,3.769214662109374,0.06898559303287755,212,0.6264045455082247,0.07086583127831622,0.3541310627047295
20261194,0.075,5.690062966821561,0.10497587232404001,212,0.8171284468620837,0.10482635446792125,0.6496062980221463
20261194,0.1,7.371003253593433,0.13764245160127478,212,1.1834502189789786,0.13782320435199372,0.9437579489932157
20261195,0.0,2.417126240620101,0.04998556026184058,212,0.14187649808546315,0.038035396816293754,0.06631566828529596
20261195,0.02,3.7012414503258304,0.0733687192259481,212,0.47548932821682527,0.06297415594097937,0.3034946034229721
20261195,0.03,4.415399006352967,0.08620267657444351,212,0.5976452901193693,0.07509022276112372,0.421991430501189
20261195,0.05,5.720659018612073,0.10934107685627442,212,0.7064406659105117,0.10064855930328775,0.6587541376809543
20261195,0.075,7.508785604679199,0.14105934425155048,212,0.8898093153104029,0.13162743017720938,0.9541809577928462
20261195,0.1,9.183396268481259,0.1707534880672462,212,1.2128416111829354,0.16272407196519717,1.2488916071320215
20261196,0.0,4.343241952515652,0.10342948901760624,212,0.7765711915006354,0.006584930238655079,-0.1344755775772986
20261196,0.02,4.396446957874839,0.1033250313373041,212,0.8726045211309237,0.03375928854078765,0.09364917796535253
20261196,0.03,4.597474860589876,0.10588987702668382,212,0.8835681424020344,0.04689484183878288,0.20754473196858744
20261196,0.05,5.522767707326477,0.11997220606428038,212,1.0937925087309204,0.07375070662548439,0.43495678881077915
20261196,0.075,7.166035917073395,0.14449825494228202,212,1.2615797444490533,0.10681924315290146,0.7184186548906495
20261196,0.1,8.696625901682857,0.16769093225407386,212,1.3794399257274883,0.13953702717538238,1.0008592323136185
20261197,0.0,1.9553223003302704,0.043925990709411035,212,-0.09939188321648904,0.024522976593286852,-0.05012220699231063
20261197,0.02,3.1255513832709063,0.06371508860469118,212,0.08604886300769826,0.05335483249903735,0.1827015729817156
20261197,0.03,3.954121441234733,0.07752449635012575,212,0.22976410163410413,0.06806749195061404,0.29918947511709393
20261197,0.05,5.691916508110057,0.1061694549357278,212,0.6225621170706299,0.09730232920145176,0.5322709620693555
20261197,0.075,8.043358818967505,0.1462320476163167,212,1.035888585781845,0.1335803791608976,0.823725040481789
20261197,0.1,10.181380104905408,0.18340157219049805,212,1.659752016360503,0.1697734292432348,1.115156709510334
20261198,0.0,2.806861273328264,0.06177647694967188,212,0.03882914415835554,0.04675710107407073,0.41026923963970896
20261198,0.02,3.924686879351709,0.07991780614293087,212,0.2931456694633544,0.07372510425286131,0.6100351481162546
20261198,0.03,4.629377809701442,0.09206818014239015,212,0.49414827399722194,0.08801686069851464,0.7097797528749573
20261198,0.05,5.9845902739164245,0.11547028486223877,212,0.8661603255486923,0.11457266567807371,0.9089665740344326
20261198,0.075,7.707805230744369,0.1470968957635242,212,1.3153577273653274,0.1479750571444957,1.1573307136994908
20261198,0.1,9.330948381577883,0.17504188548161134,212,1.5695308648180868,0.1795289573075316,1.4049334726696303
20261199,0.0,2.853487344983133,0.06398852194430561,212,0.15147835255853637,0.032010646490631574,0.02297341168003746
20261199,0.02,3.7428091816063525,0.08035919104695269,212,0.5293385050149003,0.05857464422943002,0.2584579824826629
20261199,0.03,4.296771695914448,0.09183007807699556,212,0.726649950469446,0.07116589108545868,0.37615814811841036
20261199,0.05,5.356005928212556,0.11265812025332009,212,0.8027220958168004,0.09572215076315553,0.6114202549804798
20261199,0.075,6.643377707498578,0.13895380512702873,212,1.1713832806241855,0.12775123096207572,0.9051278124948364
20261199,0.1,7.972530741340066,0.16543945960560058,212,1.5096724398248031,0.1596476908708084,1.198268285267549
20261200,0.0,4.10355602409616,0.09746445208050625,212,0.48459117989861616,0.046796001227246045,0.11420890005146273
20261200,0.02,4.888303425330646,0.1112136343899262,212,0.7458324865135386,0.07501136745344465,0.40608033847974867
20261200,0.03,5.440599848936153,0.12077663261209744,212,0.8566386845408523,0.08903532308146057,0.5517700898021781
20261200,0.05,6.532683375778263,0.13905877485478338,212,1.0728924122336505,0.11731877616562483,0.8425563294602154
20261200,0.075,8.196100747802115,0.16671906618930193,212,1.6317316093103384,0.15161469043659212,1.2047208016810524
20261200,0.1,9.891844031669198,0.1960312226054613,212,1.7746585575410248,0.18649075447119837,1.5651345458641486
20261201,0.0,4.3424953906273975,0.1097420100115518,212,0.348502788361994,0.056006214207883064,0.1915854657811602
20261201,0.02,5.108470217148591,0.12497542172228182,212,0.5734797817152915,0.0841217157276399,0.4622402695829494
20261201,0.03,5.527520609640973,0.13314206654159055,212,0.7404594510839512,0.09781232846410343,0.5970257098431572
20261201,0.05,6.553063469948983,0.15295113428751667,212,1.003029614366077,0.12512596367330553,0.865469558719535
20261201,0.075,7.98823626329564,0.17909371697293933,212,1.2437249576243163,0.15731019425032158,1.1988253015876484
20261201,0.1,9.55141143793448,0.20618461154032067,212,1.5795227709347492,0.18851846238294598,1.529620832191726
20261202,0.0,1.5635817209774865,0.03810273405104706,212,-0.11857059039658112,-0.004232076780529565,-0.02879856665433861
20261202,0.02,1.7474485806984426,0.03939949122965124,212,0.09065385472131192,0.022227979911354345,0.2130735659846765
20261202,0.03,2.1593463035738463,0.04655996280487307,212,0.12625808390456814,0.03707581989038088,0.33403688410635124
20261202,0.05,3.344637939733154,0.06905779172367461,212,0.5029031884377635,0.06589743484708215,0.5759673478155588
20261202,0.075,5.079719004394276,0.10298247159160735,212,0.8333353241776663,0.10169262405885679,0.8782830348667763
20261202,0.1,6.7812417429011,0.13501820840740952,212,1.1612005436323982,0.13691995264585158,1.1803428055181058
20261203,0.0,2.5071648426100204,0.056570490500495674,212,0.01806235117743738,0.03880807642205818,-0.014502289043691777
20261203,0.02,3.71376687560487,0.0776781105858642,212,0.2086371047648581,0.0661242718685226,0.20038431316958627
20261203,0.03,4.405197298264898,0.08933691903096043,212,0.28834087600783675,0.08041705240908084,0.30778801338810136
20261203,0.05,5.90200741722217,0.11534636937874307,212,0.5743917457034458,0.1081838496137114,0.5224783058950224
20261203,0.075,7.710883009514603,0.14656078208079698,212,0.8352748584033175,0.14192265625640058,0.7905437078709002
20261203,0.1,9.393845282162296,0.17750841806011844,212,1.049050729816596,0.17541004759993115,1.0581690516785438
20261204,0.0,3.525763228989904,0.08578769525107909,212,0.3319248358194586,0.01675597268568978,-0.2378641052812783
20261204,0.02,3.943472984844603,0.09174507819988696,212,0.5297043792696209,0.04329873258014567,0.007496919947654983
20261204,0.03,4.307487490585739,0.09764898532676822,212,0.6107333897691641,0.05632880410293382,0.1297298468655264
20261204,0.05,5.297567350033154,0.11463615956217896,212,0.7243283123581702,0.08252207948615012,0.3732561969204119
20261204,0.075,6.731096574136415,0.13911868440672134,212,1.1481613608644055,0.11431510580948558,0.675813957988024
20261204,0.1,8.140520148605658,0.16314753520838282,212,1.5112902284621905,0.14528015140219075,0.9761950479813697
20261205,0.0,3.065780633560247,0.06944643574009292,212,0.22405690718193913,0.05432874675361915,0.16533977791616566
20261205,0.02,4.431584168729659,0.09334010601430454,212,0.49141011056438,0.08474180519257081,0.43698697980614415
20261205,0.03,5.089672911322552,0.10443207792952588,212,0.609713480581089,0.0986479899065206,0.5721868481899218
20261205,0.05,6.875116042094197,0.13491631096436968,212,0.9423677038466691,0.12821821823872062,0.8412747059333704
20261205,0.075,8.748099289865522,0.1683207506206015,212,1.267293069517655,0.1629288909461818,1.1750470653377767
20261205,0.1,10.81984177835985,0.2036218140407508,212,1.7193935073083992,0.19916034458745363,1.5057718830335445
20261206,0.0,1.6218337716530078,0.032481991124822036,212,0.04392763992161136,0.018606559900404756,0.011703832986071059
20261206,0.02,2.836583375327177,0.05381925953841994,212,0.22475170245749929,0.043898852194430564,0.2631046758551072
20261206,0.03,3.4208535798116326,0.06433466602216961,212,0.3069975681576686,0.05718136311128225,0.3886076666601272
20261206,0.05,4.6994763477526735,0.08819812549668604,212,0.5683194431815862,0.08280882605952859,0.639165114427421
20261206,0.075,6.257135298933632,0.11726398708821144,212,0.8651411257502134,0.11600537445006104,0.9514116749207846
20261206,0.1,7.809159512908136,0.14595605403943995,212,1.1371433499526717,0.14760023840929387,1.262450347411375
20261207,0.0,3.455186200080424,0.08973221966426072,212,0.22840013919185617,0.0156532906217485,-0.17981650883798295
20261207,0.02,3.9008235312220814,0.09758293120540067,212,0.385575316293221,0.04145433765637929,0.08208834683989408
20261207,0.03,4.2619633469473035,0.10386984982672313,212,0.48410090135961265,0.05383308481963641,0.21280647988704487
20261207,0.05,5.247539818403421,0.12167937227078707,212,0.7453418120668416,0.08015539616087301,0.4737234388725666
20261207,0.075,6.736708655935411,0.14897764605641534,212,1.22190970754076,0.11251218672936858,0.7987928967355326
20261207,0.1,8.168898594783709,0.17612742608082974,212,1.5174008207689103,0.14443015263110462,1.1225228292767315
20261208,0.0,2.5348034111523905,0.06397981713761378,212,0.040619116905156114,0.0093054383535831,0.06356632702807602
20261208,0.02,2.941191316155007,0.07062670511801669,212,0.33290673219958505,0.036221212692222615,0.3050255948870139
20261208,0.03,3.3034773124453705,0.07664684701660672,212,0.47652670769117833,0.0496460728008586,0.42558892754447925
20261208,0.05,4.429112946785604,0.09600531300436674,212,0.8184037639853525,0.0761132935711418,0.6663249083479166
20261208,0.075,6.218963441788642,0.12771077921333124,212,1.2737720865327027,0.11024791289458376,0.9663939550543945
20261208,0.1,7.977909450667003,0.15642384011011068,212,1.524805798892448,0.14342295529211282,1.2653525129119545
20261209,0.0,2.0376130947806574,0.04383950617748963,212,0.2793187111145325,0.034936757145676595,0.22239932861599682
20261209,0.02,3.6265634307586327,0.07222378112224415,212,0.7032473775817787,0.06256451797901015,0.4346204676392455
20261209,0.03,4.398657051308262,0.08569011707452953,212,0.8644361589916363,0.07626844394923765,0.5407644870253752
20261209,0.05,5.863757459712763,0.11174104326596153,212,1.1612314877677954,0.10380225956299821,0.7530862858813321
20261209,0.075,7.921268581641501,0.1463928305163896,212,1.5255109362079566,0.1380203426211914,1.0184833656203396
20261209,0.1,9.710898871830997,0.17665278676705531,212,1.7709544588576118,0.1718374925241072,1.2837778196802727
20261210,0.0,2.7491562593516554,0.06288352354189367,212,0.2734629244669197,0.019413767112625862,0.042274704163789006
20261210,0.02,4.051774908666411,0.07911952416454338,212,0.4517907802106494,0.04927791068253877,0.241403523138126
20261210,0.03,4.840207502806933,0.08937173825772782,212,0.5593312266230741,0.06360397430750703,0.3409453332498659
20261210,0.05,6.536091180567681,0.11466278602970696,212,0.9410917189777633,0.09260070949295013,0.5399516986481477
20261210,0.075,8.441365038982429,0.1459831925544204,212,1.2924567489005547,0.12926381913664703,0.7884988559506731
20261210,0.1,10.258709656861619,0.17752633972095463,212,1.5062688944812532,0.1640492507721676,1.0367189081584325
20261211,0.0,2.742103848636453,0.06690412013862147,212,0.19970112198986295,0.011534380914148068,-0.09869655115964415
20261211,0.02,3.3569988168314997,0.0753421501077348,212,0.5425593874423812,0.03829602896959667,0.08411623259341132
20261211,0.03,3.792155036544618,0.08156147846533233,212,0.4799440846555064,0.05178489500979034,0.17552201433514378
20261211,0.05,5.0505850773269865,0.10410692779721284,212,0.6015334771833278,0.07895157260013601,0.35830981905144943
20261211,0.075,6.659587318967331,0.1335829393981599,212,0.771402027561231,0.11241592180830581,0.5867035808003481
20261211,0.1,8.462377487416319,0.16564837496620488,212,1.0795893335113143,0.14511732031230798,0.8149306798755063
20261212,0.0,1.2209731353892712,0.021787619102237435,212,0.031806326266552346,0.02633767276481046,0.03432276543273031
20261212,0.02,3.1736141396844477,0.05435434912624223,212,0.4104985827811211,0.055811636175947706,0.2640449503942314
20261212,0.03,4.070283108411218,0.06965125472107753,212,0.5371042418655192,0.07029694655863147,0.37896537210194964
20261212,0.05,5.62207093814991,0.09829877354394186,212,0.6214750531885177,0.09982569904718211,0.6088798662773319
20261212,0.075,7.575400346710362,0.1337652282912362,212,0.8247161832002542,0.13546829811812322,0.8963179890344549
20261212,0.1,9.504738963317235,0.16694334297348004,212,1.0781261003954417,0.17106583701324768,1.1836742861862166
20261213,0.0,2.105832722201412,0.05987422066377735,212,0.024559735649917157,0.03206133918842527,0.14944680468321236
20261213,0.02,2.89987745927652,0.07329191210807888,212,0.2477361596035831,0.061568073636520046,0.4550665607412512
20261213,0.03,3.7099414392353816,0.08695436223465701,212,0.3808450630572141,0.07648145568946167,0.6074101960942621
20261213,0.05,5.551007856682565,0.1152383273662737,212,0.8202527586801527,0.10657960494514948,0.9110724080031416
20261213,0.075,7.953190749056705,0.1525824601217444,212,1.3089325266743284,0.14344906971218838,1.2885420494102169
20261213,0.1,10.051038747859964,0.1850319312791355,212,1.9127293567126036,0.17782383929083476,1.6634138801549965
20261214,0.0,2.663933333905566,0.06733833637830886,212,0.4231398929773369,-0.008831794460056197,-0.14307297522009096
20261214,0.02,2.669002265610735,0.06386972693533456,212,0.4888054591320431,0.020002621682956606,0.10572456302735343
20261214,0.03,2.9866618516360655,0.06850529252246862,212,0.537485568216747,0.03363281282002966,0.22992564051460135
20261214,0.05,3.9724293492187264,0.08446990799531373,212,0.6928924471206072,0.06285484888455584,0.4778702315858718
20261214,0.075,5.731568786706181,0.11475085819153034,212,0.9872811209470418,0.09725726902563515,0.786816544243798
20261214,0.1,7.501109787697973,0.14493554346668414,212,1.4185799692289407,0.13056851604551897,1.094493151064069
20261215,0.0,2.150866909575952,0.045708427891429544,212,0.09267153473967546,0.047583033614891156,0.42471695667870285
20261215,0.02,3.4935089042293823,0.06840800350650096,212,0.4064989007226145,0.07544404755077462,0.6678293603671399
20261215,0.03,4.160175054719089,0.08018407081821087,212,0.4872109809243103,0.0892068589780352,0.7893729364698558
20261215,0.05,5.5973651802806925,0.10505575172662401,212,0.8904613223883437,0.11734847491786758,1.0323926506883232
20261215,0.075,7.601446079535493,0.13940287074283747,212,1.10211206329842,0.15158806396906416,1.33595395068004
20261215,0.1,9.373552442676662,0.16973963411137238,212,1.4987692011430345,0.18466428120826817,1.6391556600029857
20261216,0.0,1.2833533936119557,0.03129121981992316,212,-0.05427950919621772,0.012247150967974504,-0.07763645880647516
20261216,0.02,1.888956358553068,0.03961352706478014,212,0.027211053240467055,0.043960297888725935,0.16863465008723938
20261216,0.03,2.6832669603624733,0.05318022431774797,212,0.21181962823435657,0.05910563743763263,0.2916552164141748
20261216,0.05,4.490962829854952,0.0833659336878067,212,0.5178662486798814,0.09053459802226793,0.5374184808818286
20261216,0.075,6.470099144524448,0.11644675935408287,212,0.8091728582962322,0.12727861116345374,0.8440035936654533
20261216,0.1,8.578053560444491,0.1520222802087515,212,1.1891214911671364,0.16508973119556933,1.149763862344029
20261217,0.0,5.3555172321554725,0.12876457287049706,212,0.5126364390013513,0.04910995911813141,0.11582252910720897
20261217,0.02,5.820676743676021,0.1376731744484225,212,0.5071504591934362,0.07942316830385306,0.3977737163557802
20261217,0.03,6.335296542856007,0.14791053916548555,212,0.5485786650025791,0.09357718398479423,0.5384927310181689
20261217,0.05,7.382653648531906,0.16732225808830153,212,0.8654798564757632,0.12156825797360293,0.8193592614722748
20261217,0.075,8.777716754921425,0.19095939258883002,212,1.3079911123857857,0.15613350920456504,1.1692523309841307
20261217,0.1,10.306539973641671,0.21744248683013953,212,1.7165905497315344,0.1905441221048837,1.5176584149184014
20261218,0.0,3.7774922300811506,0.0797083787348741,212,0.16977868791547523,0.06017581661327718,0.25768866319792305
20261218,0.02,5.120673607507207,0.10001771684185516,212,0.3924047238664224,0.08796872823798327,0.49551074047740584
20261218,0.03,5.837943103446725,0.10976966057398471,212,0.6348074177061637,0.10061117983925809,0.614092421604717
20261218,0.05,7.4543201309493865,0.13358191530325497,212,0.9908734137446322,0.12711014755159392,0.850557123108717
20261218,0.075,9.405039974876955,0.16118792960781264,212,1.5254493471176933,0.15889600521059485,1.1447474727842688
20261218,0.1,11.33202573843007,0.19151752431201305,212,1.9575094133756883,0.19061683284313327,1.4372818125541658
20261219,0.0,2.1734713059142092,0.048905652184599246,212,0.028733943945156052,0.02036668742165675,0.22192448980092908
20261219,0.02,3.098765976913027,0.06557638109438878,212,0.25512554837659124,0.04924769988284353,0.43780798196352266
20261219,0.03,3.8057601335681737,0.07840931434797924,212,0.428086140699676,0.06408683505517825,0.5456167766675474
20261219,0.05,5.144502535937745,0.10339210955357656,212,0.8201408004028702,0.09326790732350748,0.7609289204427208
20261219,0.075,6.776474075504302,0.13481492556878233,212,1.0872335819345889,0.12825406156039293,1.0294156528780782
20261219,0.1,8.517579411525253,0.16697662605789002,212,1.4410783348940115,0.16301286672838544,1.2970635575863458
20261220,0.0,1.067153950951992,0.02357775554823507,212,-0.36933890247075707,0.024376270210718278,0.37233875176067677
20261220,0.02,3.281417426302047,0.0613970497873979,212,0.17622622572433277,0.059294070900138454,0.5747063999044001
20261220,0.03,4.405720174683098,0.08076934105637437,212,0.5169332133854351,0.0758541975601963,0.6757769247635226
20261220,0.05,6.4465776769715335,0.11678624681506485,212,1.040259496068586,0.10885975225096063,0.8776605133510785
20261220,0.075,8.741527798413733,0.15988323269894067,212,1.4084355619788365,0.15012975282445376,1.1294691715649423
20261220,0.1,10.722549880278088,0.19562772921292165,212,1.7813512501187658,0.189176443359359,1.3805830987548304
20261221,0.0,3.6890715480689233,0.08575821938570691,212,0.32991805421316794,0.055867961395718466,0.527227801286594
20261221,0.02,5.040824201392604,0.1120195970801006,212,0.6947171121176795,0.08587394210996321,0.7859600104477065
20261221,0.03,5.732885885564164,0.12447105498160727,212,0.9925741283521885,0.09978934367805734,0.915444454576991
20261221,0.05,7.235248671292724,0.15194393694852487,212,1.2264303865598922,0.12936674067459178,1.1746067708283283
20261221,0.075,9.11249355402434,0.18575289409220133,212,1.7692182204890454,0.16456334641443893,1.4988325606603348
20261221,0.1,10.884422017311659,0.2185182985277612,212,2.0640639148411335,0.19953721151246528,1.8232338975021476
20261222,0.0,1.5149546300215768,0.03652946525860445,212,-0.01968800364776718,-0.006974086302525825,-0.3206586064195771
20261222,0.02,1.862566635916283,0.04020955029944535,212,-0.04938153047804401,0.021154216403542543,-0.09604736983934997
20261222,0.03,2.6013466178048508,0.05092055891003531,212,0.048555185585083094,0.035832568675804324,0.01624751192054722
20261222,0.05,4.237556974467605,0.07503031320918573,212,0.2426427859404284,0.06405969654019777,0.24077444486248056
20261222,0.075,6.4103840595218715,0.10721147150148698,212,0.7533045456405868,0.09883386313176414,0.5212301868712405
20261222,0.1,8.390991297787282,0.1380372401871226,212,0.9691455445280945,0.13238065197978027,0.8013405428833674
20261223,0.0,1.6500939827746166,0.042136896910510487,212,0.19612978460714328,0.005748244701332962,-0.17118668092856867
20261223,0.02,1.949365618309314,0.04615902964959568,212,0.1911535138325149,0.03333582529760198,0.09107082444129899
20261223,0.03,2.4237351667075697,0.053803386067393634,212,0.38628120980481717,0.04809405697244776,0.2220066221760512
20261223,0.05,3.9456263709069663,0.07909392179192032,212,0.7567693817095071,0.07695407548808364,0.483428829725633
20261223,0.075,6.084764932606368,0.11229456656207243,212,1.154494307535534,0.11245790969940765,0.8092347320033405
20261223,0.1,8.404397970957236,0.14762430463955956,212,1.5254803166195563,0.1472469256670954,1.1337808597777705
20261224,0.0,3.734414188266609,0.08894059430275522,212,0.14968813129939804,0.04656252304213536,0.17855873833153837
20261224,0.02,4.815311980634228,0.10541418494334708,212,0.308365417376171,0.0729498644098346,0.39004920109607716
20261224,0.03,5.27244848703197,0.11211944633333061,212,0.5423614983968841,0.08637984499299518,0.4957649031571562
20261224,0.05,6.509814077697328,0.13249893494129888,212,0.9336192785643994,0.11254854209849337,0.7071011439283915
20261224,0.075,7.995608242034559,0.15854013223113414,212,1.2601453205054525,0.1438981353279971,0.9710187589937251
20261224,0.1,9.551148557383044,0.18608726107865867,212,1.6793520286422046,0.17589444448995972,1.2345510668244726
20261225,0.0,2.6461913033346667,0.05781630195233453,212,0.00332603494386476,0.026798003424573363,0.3931008970786209
20261225,0.02,3.9174594388266053,0.07580657714711739,212,0.23183688086101165,0.05967349806241245,0.6167390732293819
20261225,0.03,4.6900145831045466,0.08829746270246355,212,0.39910262210236513,0.07603751054817752,0.7282515961080293
20261225,0.05,6.23392557172266,0.11519736357007677,212,0.7177208770978138,0.10879523427195045,0.9506068600602883
20261225,0.075,8.435309654804028,0.15296086318911348,212,1.249901555569637,0.14805544859453215,1.2271808171710217
20261225,0.1,10.768620149371472,0.1911877657526278,212,1.419464557330834,0.18836894452682718,1.5020749537358131
20261226,0.0,2.2281717184236283,0.04029198993929165,212,0.4439681094268313,0.05521612498873496,0.6134092318859244
20261226,0.02,4.350542818603291,0.07820859174661436,212,0.7156464043688019,0.08818890864254174,0.7901817358141495
20261226,0.03,5.442266943826416,0.09801663539763558,212,0.7988529158270744,0.10578439525147675,0.8785753324121007
20261226,0.05,7.350779753459925,0.1328845066730024,212,0.978280768308072,0.13750983131108727,1.0553547234365352
20261226,0.075,9.631081625419966,0.17310685815875929,212,1.186657248036241,0.17684070818210867,1.2762679181273235
20261226,0.1,11.817939180952918,0.20996403378693912,212,1.4112245845078297,0.21465592459384397,1.4970476755836766
20261227,0.0,3.5447525535222675,0.09012291187048888,212,0.2830492090752817,0.010632665350363349,0.20984776929034069
20261227,0.02,3.8391985261484867,0.09393356901170746,212,0.2966394869765906,0.04225313168221925,0.41046465859831177
20261227,0.03,4.156174301796476,0.09845853234910985,212,0.33007488781614336,0.05759100107325146,0.5107338549945919
20261227,0.05,5.49682550563221,0.12024871168860961,212,0.6291598307027595,0.08863951040070786,0.7111623366566954
20261227,0.075,7.589483565872422,0.15245444825862903,212,0.973540860665281,0.12646240752423007,0.9614272940935762
20261227,0.1,9.492214393663739,0.18059196781884168,212,1.4482559985879406,0.16336003490115436,1.2113006989492732
20261228,0.0,-2.301718852345044,-0.04731830508196856,212,-0.4821816756841311,-0.007678663597112875,0.16203300135090232
20261228,0.02,-1.0817369619915027,-0.01907376760419142,212,-0.110809511436579,0.02076813262438657,0.3526087397333009
20261228,0.03,-0.06209585203612478,-0.0010573779893330282,212,0.1676133110066864,0.03441266109012854,0.44784709324082556
20261228,0.05,2.2846217654414103,0.039093798900531704,212,0.33587999065271545,0.06306120400789782,0.6381915922296882
20261228,0.075,4.720400902877813,0.08121379824511098,212,0.6640418670849619,0.09814311111839356,0.8758062178231573
20261228,0.1,6.834626280788428,0.11758606493580973,212,1.0464940184965972,0.1328752898188581,1.1129740332859879
20261229,0.0,2.613673471280815,0.06488767727082806,212,0.35363194771228024,0.0034460793550659895,-0.09124018171918052
20261229,0.02,2.9978588982496963,0.07240760615767784,212,0.21680242019258167,0.03340290351387445,0.1701936508166866
20261229,0.03,3.560458425969911,0.08227220032934891,212,0.3618900873411568,0.048033123325604825,0.30063347787450956
20261229,0.05,4.728262863427391,0.10283448987784596,212,0.7041357551721833,0.0776171769390213,0.5609049506363486
20261229,0.075,6.407198093808181,0.13035345611548513,212,1.0169008668297859,0.11350146240752422,0.8849945257265253
20261229,0.1,8.20157463001608,0.1595918776984901,212,1.44583643715378,0.1484005685774912,1.2075439056470696
20261230,0.0,4.593362645256841,0.10786791633554266,212,0.46056394888822555,0.06727279430439378,0.3001829938743266
20261230,0.02,5.6151082394979515,0.12591195651283393,212,0.7279533613109661,0.09665510122154039,0.6093415361026099
20261230,0.03,6.233683129300991,0.13645910993863622,212,0.8045521782473307,0.11167959757166616,0.763458404324825
20261230,0.05,7.57349605916016,0.16005528064296776,212,1.1402148366669904,0.14000503854693222,1.070689182664031
20261230,0.075,9.449068193800242,0.19207053556067147,212,1.3949092116077517,0.17545818006046254,1.4526898398137962
20261230,0.1,11.31323666822222,0.2236321164354943,212,1.7922955897485051,0.21106237557246904,1.8322101459002043
20261231,0.0,4.5088750720157496,0.09324435314069428,212,0.5210071812643939,0.07826440491893265,0.5575795982478196
20261231,0.02,6.030739156166443,0.11940280929714317,212,0.8680306825951282,0.10797237401584481,0.807812652068136
20261231,0.03,6.726912335556831,0.13159209890298953,212,0.9730332462628978,0.12274289482954964,0.9327879926379138
20261231,0.05,8.179117197207717,0.1576343202877297,212,1.2256481182477843,0.15121938980329183,1.1823948325721916
20261231,0.075,9.849198186983438,0.18731412677475648,212,1.6627635614433836,0.18627927887333176,1.4936330494424914
20261231,0.1,11.416640309146423,0.21451511154441705,212,1.8715914794374513,0.21878302706068375,1.8038397528496328
20261232,0.0,1.8633329316553215,0.04163638462400574,212,0.14391871582102123,0.029749225263845522,0.019361813792212114
20261232,0.02,2.777431862623992,0.05748756748785423,212,0.3343920383402738,0.05703798982459303,0.20941898483463228
20261232,0.03,3.4890912882814478,0.06918375539698016,212,0.48680398597981,0.07032971759558902,0.3043506862386442
20261232,0.05,5.2736803262439915,0.09905711582103736,212,0.8089993585028914,0.09619169827706274,0.4939926340463502
20261232,0.075,7.46353859667659,0.13711913910485912,212,1.1902881419133946,0.12958180060462562,0.7305732221978309
20261232,0.1,9.464126910140452,0.16967409203745729,212,1.5862009331941633,0.16355051655347003,0.9665502918322274
20261233,0.0,3.5622782703072233,0.08434650455927051,212,0.21939089719175567,0.04623481267255999,-0.036812348835637526
20261233,0.02,4.590439655675075,0.1021580751931443,212,0.5859116736455112,0.07442609721528112,0.23425357714256134
20261233,0.03,5.260314168826583,0.11348507688904545,212,0.5951169690713217,0.0879907462784391,0.3696617896999973
20261233,0.05,6.672754628854033,0.1350770938644426,212,1.0174652300253095,0.11493161094224924,0.6401694977124859
20261233,0.075,8.518023806995851,0.16319771585872406,212,1.3931666598369903,0.14790746688077078,0.9776041565383362
20261233,0.1,10.500372030730832,0.19314481111593573,212,1.7752494270328643,0.18147320148452797,1.3140915692198643
20261234,0.0,2.1400382007278065,0.04856462858125988,212,-0.07136251149518827,0.05374245242055072,0.3473633540893413
20261234,0.02,3.604130057286709,0.07915792772347799,212,0.12454753742490893,0.08379144512080224,0.5700362991665502
20261234,0.03,4.388409397934304,0.09444561646416896,212,0.4222815806034805,0.09895777861525981,0.6811693044202403
20261234,0.05,5.931229356481601,0.12595343235648335,212,0.8818118495256286,0.1274081591689265,0.9029993228989625
20261234,0.075,7.831783048898727,0.16247419280839598,212,1.3727335216861354,0.1637758174325531,1.1794102987375799
20261234,0.1,9.664490704090056,0.19721610041045726,212,1.8095763544531827,0.19872715244267117,1.454765199252361
20261235,0.0,3.257241040072175,0.07926545768849491,212,-0.11132362700191244,0.020381024750325664,-0.3044430708736661
20261235,0.02,3.7789705033215513,0.08619397176775166,212,0.012639545539499284,0.05023134303902212,-0.048854041664703245
20261235,0.03,4.194398465509152,0.09134875347168173,212,0.21345293875773777,0.0644012321909896,0.07849050552846147
20261235,0.05,5.275005275995564,0.10711264634316192,212,0.4692664234894725,0.0924214928845886,0.33220444747052474
20261235,0.075,6.865433952692517,0.13191980927256494,212,0.8581038115625037,0.12701234648817375,0.6473679634432425
20261235,0.1,8.730311214980476,0.16091244807838834,212,1.2303858686340035,0.1610645261717694,0.9601272421573781
20261236,0.0,2.318340745404969,0.05156420255777943,212,0.12894031565657063,0.011980886292694518,-0.42264562958856755
20261236,0.02,2.8708319321690645,0.06233819300502218,212,0.1975837417690539,0.03879117885612695,-0.14977246781496598
20261236,0.03,3.382467937264385,0.0722806183894674,212,0.19884593253685376,0.05267892986178815,-0.0135375655949124
20261236,0.05,4.757031505050868,0.09860856225268108,212,0.661766631039701,0.07936121056210521,0.25847865226926964
20261236,0.075,6.456445435117876,0.13017833588674327,212,0.9605831413521303,0.1120702897778943,0.597546168435382
20261236,0.1,8.132696420574174,0.16109422492401215,212,1.3130487728695,0.1439570207850302,0.9354126103626714
20261237,0.0,2.58726105186108,0.06618213323065075,212,0.1552280294719845,0.016876059938226596,-0.25018285758573316
20261237,0.02,3.1628430914965953,0.07768374310784128,212,0.30955584768152156,0.044992585552888355,0.0265263825181878
20261237,0.03,3.64640525966093,0.08582632169688428,212,0.39348929331376936,0.058535216575590486,0.16482667619984903
20261237,0.05,4.838383852023463,0.10447099353591294,212,0.6150965205247372,0.08555698473688954,0.44124852539248105
20261237,0.075,6.536410721175741,0.13103806355942618,212,0.8389539835926254,0.12061021719004744,0.7862968328174171
20261237,0.1,8.18670462874511,0.15858672854930814,212,1.1523440866209516,0.15472128233067617,1.1306108960145518
20261238,0.0,2.3391311521385854,0.05849220458958372,212,0.06405958747590601,-0.010602454550668118,-0.3912382047914963
20261238,0.02,2.38484129347591,0.05693814057136303,212,0.035692767190422185,0.020176205769341055,-0.0817427699166371
20261238,0.03,2.6845945198486323,0.0611656043388853,212,0.13349202791317868,0.03639377268370214,0.07233507675867254
20261238,0.05,3.9252082704007996,0.08023783580071933,212,0.3450995322579285,0.06744740248568315,0.37902833243249845
20261238,0.075,6.106623483339232,0.1117932721061126,212,0.9536001676463423,0.10567840142881721,0.7594091943551907
20261238,0.1,8.278598911219143,0.14289759460588733,212,1.5725491833465046,0.14261084803250887,1.1361430875334928
20261239,0.0,1.4328433243949599,0.028467278119597903,212,-0.0645309068052445,0.03207567651709419,0.2862486371651648
20261239,0.02,3.265834952414098,0.06027822610376949,212,0.30549540835172545,0.062062199428145406,0.5205976992702954
20261239,0.03,4.287954467419176,0.0786110610442491,212,0.5173627874539685,0.07689621412595547,0.6377174275037073
20261239,0.05,5.997115462795339,0.10920333609156228,212,0.9337526119732066,0.1062611114297184,0.8717995590547658
20261239,0.075,7.969900338204616,0.14590536134164622,212,1.2787377416637893,0.14207115001761444,1.164009239629367
20261239,0.1,9.87770094917942,0.18115829230126415,212,1.5560171884062095,0.1785412177717333,1.4556445453891287
20261240,0.0,2.45795119544088,0.05883271614547062,212,0.23360156604269225,0.016914463497161216,-0.013232832622305554
20261240,0.02,3.023668342453471,0.07086839151557853,212,0.2859053360799695,0.04594704200427662,0.2915361900215718
20261240,0.03,3.549574485457635,0.08147187016115158,212,0.4037964468352829,0.059906479653282434,0.4437701718496379
20261240,0.05,4.895777782141443,0.10727752562285453,212,0.745742225834143,0.08837631801014263,0.7478246683896231
20261240,0.075,6.5504246489359605,0.1366245012657813,212,1.1403920886031742,0.12339626737889053,1.1268879038660897
20261240,0.1,8.093494058098706,0.16198416339639024,212,1.2073300181977251,0.15860413816269184,1.5045141284517956
20261241,0.0,3.3830256862417896,0.06961438730450029,212,0.2833083221147715,0.032823265797688,0.10061502201920255
20261241,0.02,4.190800056267016,0.08122813557377989,212,0.5610676484259189,0.06154247126389697,0.35207340274222204
20261241,0.03,4.9450960552359495,0.09302826911575549,212,0.6507316492935644,0.07620751030239475,0.4776705461408729
20261241,0.05,6.685934243866343,0.12099988530137064,212,0.8364737099599824,0.10542084156022907,0.7285385288908951
20261241,0.075,8.695171793670065,0.15450980673280956,212,1.2127148631033131,0.13997124341506975,1.0413845531764376
20261241,0.1,10.516703673500778,0.18602325514710102,212,1.5125190196382943,0.1738201402600382,1.3532318485101793
20261242,0.0,1.9401777118778403,0.04455222474377146,212,0.08028808736101672,0.013626094757453364,0.06273027551836752
20261242,0.02,2.886069284428656,0.06145849548169328,212,0.27595680068308176,0.04375855119245609,0.32605565385709623
20261242,0.03,3.486213981817854,0.07126830057595097,212,0.4114121799214127,0.05811533766457205,0.45765710559973166
20261242,0.05,4.957190188678363,0.09580715064026414,212,0.8737756072743719,0.08705062715571978,0.7206673057973125
20261242,0.075,6.937399301343933,0.1300585167828673,212,1.1594961220753666,0.12325494228201116,1.0489245999726327
20261242,0.1,8.678679525055221,0.16013208776083698,212,1.500797936634059,0.15799428964681017,1.3764179449177045
20261243,0.0,4.141746773426406,0.10217497275907553,212,0.3958707809100558,0.01769687200452241,-0.29271102463103865
20261243,0.02,4.60495519939499,0.11149526048878002,212,0.4345070425077431,0.04733673879025717,-0.06802085023089119
20261243,0.03,4.998859060916455,0.11882778000802889,212,0.5796854171732636,0.06166331446267788,0.04425963364815789
20261243,0.05,6.11834740116195,0.13874540181387687,212,0.8832366475167748,0.0901623395243284,0.2686593991269927
20261243,0.075,7.881442580801232,0.16808776902973152,212,1.1264395314470195,0.12477623526327433,0.5487912172739043
20261243,0.1,9.796670435205181,0.19919157948205377,212,1.525579758210161,0.15849199977060272,0.8284220953852348
20261244,0.0,2.941981614477354,0.0689410449045134,212,0.16417624551264126,0.04331460605117198,0.06663695033042182
20261244,0.02,4.037025018531298,0.08953508139506303,212,0.3239755695583622,0.06983047132943904,0.336083073108332
20261244,0.03,4.591619680832848,0.09906735677008661,212,0.47892596736306076,0.08274584422287583,0.4704837689084401
20261244,0.05,5.807571266950717,0.1213250354336837,212,0.6712483311627091,0.10709114035015854,0.7385693304406837
20261244,0.075,7.513890247548594,0.15164950966335955,212,1.1000182897741568,0.1379947402485683,1.07219035557977
20261244,0.1,9.14358149871142,0.18036410670249636,212,1.5638370697847541,0.16826442540083078,1.4039618256300501
20261245,0.0,3.7489429571409367,0.10016774674542639,212,0.2912020574299058,-0.0003343669864573634,-0.31077908675648225
20261245,0.02,4.103807578003,0.10553810042684275,212,0.39334696141005965,0.02901721708354156,-0.06547619647354767
20261245,0.03,4.41393713413089,0.11065601471419559,212,0.4360439312924193,0.04444111044658731,0.056735162585955554
20261245,0.05,5.298002822224937,0.1256584930238655,212,0.7036624010067333,0.07477275334059759,0.3002335700760764
20261245,0.075,6.761417939521095,0.14968171130354993,212,1.0395817131770646,0.1106949303205827,0.6027852358582964
20261245,0.1,8.662507789574605,0.180800883179446,212,1.4287573890152139,0.14740822061462078,0.903192674622305
20261246,0.0,2.5814008853977213,0.06095310464611376,212,0.23420641061841088,0.02890251845419019,0.1564995708056432
20261246,0.02,3.535651236583255,0.07483573517725035,212,0.5069168537543919,0.055415823495194944,0.36939991865426214
20261246,0.03,4.203425053396502,0.0850423770471657,212,0.6650976319490698,0.06836038309342203,0.475807893702098
20261246,0.05,5.7864075403168505,0.11052646670872283,212,0.9129499540006374,0.09570883752939151,0.6885089248730111
20261246,0.075,7.639319755725351,0.14098970579801573,212,1.2708148440017901,0.12951677057816302,0.9541070190310786
20261246,0.1,9.230032114722167,0.16731713761377695,212,1.7481515807851316,0.1603635332093496,1.2193077552048739
20261247,0.0,2.301153230774449,0.05101067926166854,212,0.0846870812298498,0.03391239072907365,0.1411929664762007
20261247,0.02,3.411233099485238,0.06877821381463063,212,0.3206666119933821,0.06288045125717891,0.3709007200006344
20261247,0.03,4.215727515485744,0.08267671781679352,212,0.5322775212600908,0.07681633472337149,0.48566773113301587
20261247,0.05,5.668530009046038,0.1088305655461703,212,0.8474974092989598,0.10464816195446465,0.7149674564356661
20261247,0.075,7.561954157694619,0.14316283518626238,212,1.117857296039904,0.14090316977854972,1.001028753980382
20261247,0.1,9.223939770558186,0.1736716464988243,212,1.3809098954549355,0.17391640518110094,1.286290337043168
20261248,0.0,0.5925205991029667,0.01306233051229324,212,-0.1756217612262396,0.018505906979411596,0.34880610365328807
20261248,0.02,1.8024198108592528,0.036371754643246296,212,0.2952093796699561,0.045850265035761395,0.5710824166221872
20261248,0.03,2.599012898214032,0.05089956496448439,212,0.41929065520122943,0.060010425286132124,0.682216551719653
20261248,0.05,4.180078637287948,0.07876569937489247,212,0.7004348403757945,0.08761797573304714,0.9044294339425878
20261248,0.075,6.010548243247069,0.11127968851129372,212,1.109082209038239,0.1220116910674346,1.1819941293111687
20261248,0.1,7.833926603125881,0.14426066492433987,212,1.5839307321543084,0.15627637044380177,1.4591974594479327
20261249,0.0,2.518121276554772,0.06044032102251637,212,0.05416100319247187,0.008128757824277827,-0.014864515544405233
20261249,0.02,3.1946349927401148,0.07340712278488272,212,0.30660685570330554,0.035309256179388654,0.25103034426701637
20261249,0.03,3.731475557099032,0.08301006070834596,212,0.5243751174132533,0.04960152467249444,0.3837921718844619
20261249,0.05,5.06112168160948,0.10658779770438888,212,0.7236966090596579,0.0775465143905816,0.6488930599652909
20261249,0.075,6.778834735873922,0.13703055489558327,212,1.03768564308968,0.1128603789970424,0.9793713771370457
20261249,0.1,8.643194031578183,0.17058246421812404,212,1.3637000538723596,0.14787879222343292,1.3087056074035655
20261250,0.0,1.1679492578506514,0.027862550078240848,212,-0.2732838976832933,0.01995090489025799,0.3044597428930112
20261250,0.02,2.1576833040250505,0.04727426900105687,212,0.05317609821005542,0.05199841879746679,0.5048871827967956
20261250,0.03,2.8970549909054517,0.06166433855758281,212,0.286146417359355,0.06782529350559975,0.6052383349550918
20261250,0.05,4.772179851546778,0.09767919612646343,212,0.8115895399433722,0.0973842567938456,0.8061854336387353
20261250,0.075,6.6761883084787605,0.1336121261029502,212,1.2176649807207784,0.13466182338049631,1.0577656607763304
20261250,0.1,8.622025670216846,0.16981695327669405,212,1.6017826012280962,0.1733342072276522,1.3096968788091647
20261251,0.0,5.177337802459735,0.13400281830917835,212,0.666835043606035,0.02696134656190859,-0.4463061516696622
20261251,0.02,5.401420517000132,0.13933016000458795,212,0.7155288961847248,0.053532512965041495,-0.18134479281424118
20261251,0.03,5.604605357206721,0.14279723330520486,212,0.7845888884568053,0.06706439099124194,-0.04937819093063556
20261251,0.05,6.2690899397860065,0.1552236008815409,212,0.8737167941450618,0.09350396119909223,0.21347599397754122
20261251,0.075,7.43935449135124,0.1746373679941667,212,1.139111318325493,0.12624734759419626,0.5399191537189967
20261251,0.1,8.593436497935386,0.19417863492245552,212,1.4215037475485073,0.15854934908527843,0.8638636751013989
20261252,0.0,2.327530505828431,0.050358330807232565,212,0.1864589894462318,-0.004991950614047307,-0.10685916565309467
20261252,0.02,2.5058160394957687,0.05324781458147289,212,0.3574792532337443,0.020775813336173492,0.1131765303975397
20261252,0.03,2.8785376441820456,0.05984913033860675,212,0.48468370066626576,0.034902690502134216,0.2232055409682525
20261252,0.05,3.8815008352047307,0.07887169319755201,212,0.5707059865895611,0.060881418002769146,0.4432436098916443
20261252,0.075,5.338329324221027,0.10696415258194807,212,0.8745023424274467,0.09436829729884727,0.7181666287643604
20261252,0.1,6.911877150797716,0.1369757658181699,212,1.328537775126821,0.1259606010208178,0.9928282370784279
20261253,0.0,0.9030734225211601,0.019664670364332008,212,-0.01569713817337126,0.0335524213699932,0.3229148695919005
20261253,0.02,2.632553049459955,0.0530614293087769,212,0.28284615183555784,0.06281695737307368,0.5560607819858451
20261253,0.03,3.5782656310995886,0.07047923545170778,212,0.49218643804596235,0.07741030976822685,0.6724371338811951
20261253,0.05,5.472846824586674,0.10454524041651987,212,0.8916669965661866,0.106798761254803,0.9047341787144485
20261253,0.075,7.515602300154838,0.14080332052531974,212,1.2189996216548071,0.1419902465201255,1.1941240879533785
20261253,0.1,9.451965224528237,0.17542899335567225,212,1.5284608325358549,0.1769385092455288,1.4822469399191702
20261254,0.0,1.0277013862526534,0.02407698326219287,212,-0.0181028324819246,-0.004999631325834224,-0.1634289186958254
20261254,0.02,1.5726314197216935,0.03213302583176988,212,0.135616849221288,0.02843706731990267,0.04513225107875711
20261254,0.03,2.3709228993927076,0.04556505460474033,212,0.24424409371387634,0.044755507582398685,0.14933435467892664
20261254,0.05,4.212321578157321,0.07793515840699991,212,0.45038423231409436,0.07672058184976119,0.3575387186693978
20261254,0.075,6.30486492384718,0.11670636741248086,212,0.8312605971496486,0.11626344636610166,0.6173316505983346
20261254,0.1,8.140182220986405,0.1507037580186631,212,1.1079648616459281,0.15503619151394,0.8764876235039211
20261255,0.0,3.125385572249776,0.07237585921562521,212,0.3679592435999995,0.01715871013198535,0.17373004571518716
20261255,0.02,3.541173961942996,0.07878720536789585,212,0.4933095526789412,0.04177078298200051,0.3598551553425799
20261255,0.03,3.955688603653898,0.08532553928837691,212,0.6217541383086046,0.054429108054301616,0.45293784679314814
20261255,0.05,4.978762341586924,0.10244430971907029,212,0.6800428088503991,0.07959624034278506,0.639113839681988
20261255,0.075,6.5504457330333565,0.12969086671199995,212,1.1836197590792992,0.11141538108619603,0.8717924858887809
20261255,0.1,8.019605627146372,0.1543357105989726,212,1.4451006926109378,0.14282949229470993,1.1043386159985862
20261256,0.0,3.9111864294149634,0.09438417076987358,212,0.5082402869875097,0.01839581677713237,-0.07564516649386088
20261256,0.02,4.57081653803172,0.10355698883326915,212,0.5490791739381673,0.046858998517110576,0.16207496807066557
20261256,0.03,4.919228703494463,0.10874915000122892,212,0.7252069323917317,0.06046409932901301,0.28097146822313135
20261256,0.05,5.940674878172384,0.1251500299035712,212,0.95795614910408,0.09009730949786579,0.5187941661957609
20261256,0.075,7.466442968361728,0.15215643664129644,212,1.172684112208828,0.12519406598448293,0.8160390815897881
20261256,0.1,9.070984343103467,0.18161145429669256,212,1.505471703995125,0.15933534192480683,1.1131207888045442
20261257,0.0,2.6500494202701246,0.0634964443424901,212,0.1230427222054207,0.034459257408302545,0.34170174851458923
20261257,0.02,3.4711236568159762,0.07754344210586685,212,0.3995439533335992,0.06444424417699637,0.5743346574191184
20261257,0.03,4.124177233740383,0.08897592557697506,212,0.6524879734602517,0.079078048320894,0.6904934407053656
20261257,0.05,5.49650736280681,0.11257004809149673,212,0.9771266240301073,0.10661186393465452,0.922455114101989
20261257,0.075,7.3495484948576,0.14511629621740307,212,1.439957151438108,0.14166202410309767,1.2116571788240706
20261257,0.1,9.241997256164597,0.1775319722429317,212,1.9860472982081252,0.17603628163429164,1.4999104180845684
20261258,0.0,1.4536298305070916,0.03587199632964386,212,0.09294454563246543,-0.012786848982868942,-0.46183830585485547
20261258,0.02,1.6170967598785433,0.039501900720143535,212,0.052888286527932975,0.017974401723756542,-0.2087691397853371
20261258,0.03,2.0375512074982853,0.04775200927420345,212,0.14470660921150375,0.03404961944633333,-0.08247943089790427
20261258,0.05,3.320220267872378,0.07036351272745146,212,0.4851657283428437,0.06454153319296407,0.16952705442774424
20261258,0.075,5.441572256350419,0.10587502765056243,212,1.0221907081332622,0.10299783301518119,0.48329234203595234
20261258,0.1,7.664328933740905,0.1416138916425663,212,1.2789079608304113,0.14142392203770307,0.7954434333055821
20261259,0.0,3.0726411897880435,0.0758992627666448,212,0.3991642340476814,0.020093813031104198,-0.33978227578998765
20261259,0.02,3.8528675453801746,0.08975167746745427,212,0.48350725359215296,0.049601524672494436,-0.03792053560614218
20261259,0.03,4.354574578121563,0.09802124382470773,212,0.7068523545577304,0.06392195577548564,0.11265133060054282
20261259,0.05,5.74129108029391,0.1195886825223867,212,0.7773925963507244,0.09211836079273136,0.41297640284107034
20261259,0.075,7.393828227450269,0.14624177651791345,212,1.2526886689225618,0.1266047567160144,0.7866444426497379
20261259,0.1,9.163154371223841,0.17541721626426565,212,1.7638323243447493,0.16162163380004752,1.1581006728657028
20261260,0.0,2.9253912992122233,0.06013997329160488,212,0.2804237137242711,0.06064075570011224,0.6244255648744692
20261260,0.02,4.332948059585388,0.0870982475687987,212,0.6529823465906556,0.08780589714810051,0.8525497821245412
20261260,0.03,5.068745934104567,0.10134135950646818,212,0.8118654436939445,0.10220108717915106,0.9664352346694447
20261260,0.05,6.558168313326843,0.1299243603503224,212,1.0894246955069715,0.12915270483946287,1.1938236153682917
20261260,0.075,8.440093941194817,0.16489515316363396,212,1.4299256633591149,0.16304102933827086,1.4772823318786694
20261260,0.1,10.209390078224912,0.19711881139448956,212,1.7401920275085951,0.1958141144856176,1.7597949761886436
20261261,0.0,1.3894118312231372,0.034621064403280374,212,0.014826561119982623,0.0299348061183526,0.347902764664958
20261261,0.02,2.64665234286,0.05772413341089144,212,0.17306819803399034,0.06316822192546227,0.5365185511756911
20261261,0.03,3.6010647726804144,0.0744184165034942,212,0.44098363909109745,0.07952660188925029,0.6308115457733968
20261261,0.05,5.441463314405225,0.10581102171900474,212,0.9299654456172491,0.11263917449757903,0.8193348591323837
20261261,0.075,7.559030893337399,0.14187810812803645,212,1.271194339466682,0.1523566471952089,1.0548037857840242
20261261,0.1,9.630272063454195,0.17651350985998573,212,1.7228456010280544,0.19124409097239858,1.2899714888758147
20261262,0.0,3.3436322684553472,0.07868991635192817,212,0.03769247576301001,0.029434535757297695,0.013454049877722404
20261262,0.02,3.8814167339088175,0.08684375998492531,212,0.13729502211017627,0.05728991717120408,0.2962839471776834
20261262,0.03,4.395984674999577,0.0950252541803554,212,0.3163582615480115,0.07128724633169206,0.43733390869364924
20261262,0.05,5.799998975058373,0.11855844304803415,212,0.5740163138291676,0.10027681285280071,0.7186453149282986
20261262,0.075,7.545638015465871,0.14776409359408157,212,0.9703954028527938,0.13412212536560186,1.068687918393897
20261262,0.1,9.598905617467759,0.18111937669487707,212,1.4263640752173858,0.16787168500479277,1.4167934248349805
20261263,0.0,3.312608371495256,0.07267745516512505,212,0.24843583553783538,0.01023173219508599,-0.1695243828714509
20261263,0.02,3.718270545372872,0.07679892510998779,212,0.4589453723926885,0.03876352829369403,0.049081634907907026
20261263,0.03,4.148535720941538,0.08294093430226364,212,0.5058728109502381,0.05264615882483061,0.158204135672526
20261263,0.05,4.980553901184335,0.09509489263389016,212,0.5584585326747465,0.07962184271540813,0.37605054667323096
20261263,0.075,6.43742050127183,0.11943967671372038,212,0.8497229075013917,0.11416251566865204,0.6475347739420533
20261263,0.1,7.887656710967327,0.14562219910043503,212,1.2045576036048071,0.14667343252033851,0.917997348059981
20261264,0.0,3.2674519926433088,0.0819826251893893,212,-0.013812453407391297,0.016621058972810535,-0.15467478810240937
20261264,0.02,3.7008741028674343,0.08795695114657666,212,-0.03174073751763226,0.042641263651185084,0.1165264036146019
20261264,0.03,4.025818347321142,0.09178962632825109,212,0.24818739903444909,0.055789106088039386,0.2517975182149351
20261264,0.05,5.056515522753778,0.10808041602831418,212,0.597659599993734,0.08261578416995059,0.5216121058477758
20261264,0.075,6.505130340113625,0.1325117361276104,212,0.9871718744568333,0.11442365986940743,0.8573772436561202
20261264,0.1,8.063837754088366,0.15998615423688542,212,1.4747452398612892,0.14624740903989053,1.191280731309187
20261265,0.0,3.0759992296220036,0.07536109586347585,212,0.018943308163591924,-0.0026406287123440235,-0.17903379324588722
20261265,0.02,3.321665577056195,0.0792628974512326,212,0.06282804834792104,0.024667886022333458,0.1409557285598998
20261265,0.03,3.6498740560866474,0.08515912386632694,212,0.19025802659643382,0.037520277079117474,0.30061080576415017
20261265,0.05,4.647243453895355,0.10122461268730694,212,0.5907884514511828,0.06427680466004146,0.6191332630610535
20261265,0.075,6.394913886608757,0.12630623305122932,212,1.2227285067056992,0.09597715039448136,1.0155900717538906
20261265,0.1,8.267338899693351,0.15381291015000942,212,1.5985653979351786,0.1299351133468241,1.4098589341954497
20261266,0.0,3.5874184728247624,0.09266266723469797,212,0.08973484338695942,0.03958331626508493,0.28089147888447474
20261266,0.02,4.424919602260271,0.10328201935129731,212,0.33358985752568415,0.06950429710222106,0.5298612616887763
20261266,0.03,4.999874338284306,0.11137646547980895,212,0.4412764141118613,0.08439924544687405,0.6542698156515474
20261266,0.05,6.70986611554347,0.137153446284174,212,0.7974453353029973,0.11495567717251491,0.9028766517675815
20261266,0.075,8.727766843339543,0.16951945370681393,212,1.272758934666773,0.15262291187048885,1.2131227984720838
20261266,0.1,10.605227785254392,0.2010856430087089,212,1.630527948268025,0.1887842150107735,1.5226338416900744
20261267,0.0,0.6728545877679039,0.01403982909904227,212,-0.11328912573561636,0.018235545924511917,0.2933264245702836
20261267,0.02,1.7277893356043152,0.033819710140178115,212,0.07890139206503123,0.047948635495948674,0.540929908871902
20261267,0.03,2.6657096269841594,0.049975831360243826,212,0.3507920384059395,0.06299258964926797,0.6645703294782103
20261267,0.05,4.598476664314167,0.08253795295717645,212,0.8348942950632684,0.09260582996747475,0.9114918433534788
20261267,0.075,6.860625369536741,0.11811091357458278,212,1.3044764539414992,0.12941948156219532,1.2193951267549765
20261267,0.1,9.130286169292361,0.15339354328644347,212,1.8745390504479558,0.16508307457868734,1.526362057582744
20261268,0.0,1.1673833695473181,0.02757504976820524,212,-0.06639309316054615,0.0294829153406721,0.15948372758576823
20261268,0.02,2.2287976355374677,0.04759378661139286,212,0.1026778879540383,0.05959361865982846,0.4079224428179459
20261268,0.03,3.180873018783279,0.06561632079568078,212,0.3089686367804608,0.07543022226955817,0.5318420945913495
20261268,0.05,5.054027461651408,0.1006506074930976,212,0.7844041911245859,0.1045201500913493,0.7790335526514895
20261268,0.075,7.174208784018644,0.13877151623395242,212,1.26001865068086,0.1412426572395317,1.0867102262098665
20261268,0.1,9.166538826031195,0.17433065157014227,212,1.6946253755338223,0.17642441360325747,1.3927930387261889
20261269,0.0,3.635593979510892,0.08414475786300069,212,0.29151860300066484,0.052158689650087256,0.06661850026935441
20261269,0.02,4.358919124061237,0.09694492007963362,212,0.5660228389574848,0.07881792821504355,0.3149045174572637
20261269,0.03,4.796471072849517,0.10493234829058078,212,0.7557116185181325,0.09215420411440368,0.4388779080750261
20261269,0.05,6.14552767616119,0.12959050541131747,212,0.9161676881420557,0.11824660614948508,0.6864421597919053
20261269,0.075,7.828605939796366,0.16001226865696097,212,1.305741080531928,0.14944565742796517,0.9950919453145856
20261269,0.1,9.415715900550824,0.18774885506189629,212,1.6593516430351773,0.18169030960437169,1.3027235323601625
20261270,0.0,4.1286744323117075,0.08902969055948354,212,0.37710423552242084,0.05353916958192349,0.15812675569541265
20261270,0.02,5.248034194570373,0.10867592721552692,212,0.5992014370090069,0.07889831966507999,0.4121894601636874
20261270,0.03,5.915053435312125,0.11953747777714056,212,0.7939899957604476,0.09164215666194217,0.5389043735462478
20261270,0.05,7.11062215643389,0.14011922512883113,212,1.095826780356595,0.11615591640108472,0.7916522077472284
20261270,0.075,8.811914989016197,0.1688906594351912,212,1.5431042591934796,0.14685981779303453,1.1062090144317516
20261270,0.1,10.522799097226256,0.19804561728344489,212,1.887415480027818,0.17698817784841758,1.4190976487131879
20261271,0.0,1.5420483706567572,0.03825609078305295,212,-0.139272473937234,-0.0065214431917622485,-0.26513952347477837
20261271,0.02,1.7339407919300132,0.04081888676787454,212,0.0361613775915827,0.02229710631743664,-0.035161141996599546
20261271,0.03,2.143282202248129,0.0481785448021039,212,0.23219835168659164,0.03604660451093324,0.07956206517143274
20261271,0.05,3.4892584881468114,0.07151869178020466,212,0.5005349788581464,0.06462858125988251,0.30842202590183915
20261271,0.075,5.55495017795018,0.10477258948541278,212,0.8567813868074403,0.09906274834301444,0.5932871947474107
20261271,0.1,7.824007465442543,0.14036961633308478,212,1.249309062372425,0.1331794460056202,0.8766559220188695
20261272,0.0,1.3269006950293483,0.0338570896042078,212,-0.012527475374981667,-0.007710410539165486,-0.18197570802769647
20261272,0.02,1.8985855959033642,0.043603912861812734,212,0.14251228766568175,0.020829578318681943,0.05734088311379297
20261272,0.03,2.4563687607826505,0.05125697408630254,212,0.2518851066708206,0.03495645548464268,0.17682487066071623
20261272,0.05,4.3599292441189,0.08150310505575172,212,0.5723341905268865,0.06333566144241719,0.41539908768638717
20261272,0.075,6.5187621577155745,0.11758196855619005,212,0.9411811250105835,0.09922455533799228,0.712786606247919
20261272,0.1,8.42634171300021,0.1506069810501479,212,1.2767495200755958,0.13449028748392172,1.0091234996779128
20261273,0.0,4.633177972957983,0.1103554428596007,212,0.7080785240637173,0.06015123833555904,0.2215019950114486
20261273,0.02,5.3336434616873785,0.12520942740805677,212,0.7921046096837937,0.08705677172514932,0.45245889604827194
20261273,0.03,5.880365118769468,0.13676992274228036,212,0.9996062621451876,0.10040584881082097,0.5679044438538673
20261273,0.05,6.948301766813134,0.1578637175464325,212,1.377693293556566,0.12488427727574371,0.7986961305285655
20261273,0.075,8.312296006727895,0.1831481087015296,212,1.7057585981208687,0.1564719725706421,1.0869302302036867
20261273,0.1,9.925888177785898,0.21182788651389903,212,2.0344668930473393,0.1874718373901146,1.3747830904867127
20261274,0.0,3.682008062481676,0.09185720001312563,212,0.3584377681086842,0.023982262974415903,0.03389314041253966
20261274,0.02,4.293205138915431,0.10079654101704913,212,0.48171598137627897,0.049923090472640284,0.27805675731677565
20261274,0.03,4.776114507369878,0.1071541221868113,212,0.6009168661313475,0.06336331200485013,0.39993849797978925
20261274,0.05,6.0242211766937395,0.12351967081493377,212,0.8955407367961196,0.09021098403231223,0.6432417431926286
20261274,0.075,7.837250754918404,0.1483821348692026,212,1.1494230582630651,0.12340189990086761,0.9463856059507378
20261274,0.1,9.410985970257398,0.17032900072915555,212,1.3241841099400908,0.1563183583349036,1.2482648224832023
20261275,0.0,2.9559939338069454,0.06718830647473763,212,0.06232348863084084,0.01394970874740904,-0.12115919886247235
20261275,0.02,3.553772781053317,0.07639133533782842,212,0.19063789286736652,0.041838885293177884,0.12735414853554178
20261275,0.03,4.056476486853432,0.08522773822495681,212,0.31612201638849385,0.05554946788028739,0.25115904639446945
20261275,0.05,5.167472056507666,0.1057557205941389,212,0.7249160285869494,0.08331882532218027,0.49780750846338845
20261275,0.075,6.590625132028519,0.13311236778934782,212,1.0707372607650623,0.11663519281658871,0.8042000435804109
20261275,0.1,8.23252293254417,0.16482346652028937,212,1.4465456747647814,0.1510780647064125,1.1083037285915422
20261276,0.0,2.589968945782914,0.06796917883974143,212,0.20274714542348107,0.013809407745434585,-0.10336064132462629
20261276,0.02,3.3432389058777714,0.08033051638961486,212,0.41281418586951557,0.043723219918236265,0.1446197032463267
20261276,0.03,3.962890841895687,0.08973734013878534,212,0.6039970998983102,0.058298650652553276,0.26840997576532616
20261276,0.05,5.480342517808421,0.11367504649390868,212,1.01405637291358,0.08881258243963984,0.5155407175511478
20261276,0.075,7.482918733353498,0.1459115059110758,212,1.3606700357802155,0.12492984949901277,0.8235090259455632
20261276,0.1,9.460065597657755,0.17767483348216845,212,1.752922066907983,0.1610855201173203,1.1302856508452386
20261277,0.0,2.9352274761746946,0.07503850705237343,212,0.276624760758831,0.026138509054820607,0.2799191777358708
20261277,0.02,3.9276470214018713,0.08947414774822011,212,0.38660313624100684,0.057926392154613746,0.4823129094663639
20261277,0.03,4.588449728910161,0.09874118254286861,212,0.5463249410820972,0.07304510523599243,0.5831935304079922
20261277,0.05,6.1962552883449,0.1233619601995756,212,0.7877037646076981,0.10305518232985686,0.7842928171538186
20261277,0.075,8.299520033540027,0.15528965500290842,212,1.3061331059760417,0.1412733800866794,1.0343665448277675
20261277,0.1,10.312756798093835,0.18875605240088808,212,1.6717046528825314,0.17802609803455707,1.282914085122782
20261278,0.0,0.5911838163978294,0.011142664613015019,212,-0.3226391563776571,0.021490631579809766,0.41045951646440976
20261278,0.02,2.5464040878773897,0.043323822905316285,212,0.18536100378073136,0.051989713990774955,0.609329452856224
20261278,0.03,3.5768467909210577,0.0608076831696147,212,0.35984768538238593,0.06828408802300526,0.7085929539918788
20261278,0.05,5.564499782523085,0.09573956037653922,212,0.5813204097993282,0.0978138646064608,0.9067413802347105
20261278,0.075,7.577226491221333,0.13104113584414095,212,1.0085731972130836,0.13352149370386454,1.1536445706798788
20261278,0.1,9.570993905723256,0.165021628884392,212,1.3620015520397817,0.16949436338164328,1.3995775929452665
20261279,0.0,-0.9614249965490288,-0.019080936268525882,212,-0.3959803209743072,-0.0006661737356524283,-0.09337771139711135
20261279,0.02,0.0896897397972602,0.0017624673313725314,212,-0.45925601601414373,0.026590112158873982,0.12363312576004934
20261279,0.03,0.9319695502475266,0.01818331708436084,212,-0.2555024698949052,0.04019982139784859,0.23208076421627494
20261279,0.05,2.5544154418154195,0.04963736799416676,212,0.14348716186292687,0.06836755175775648,0.44880670967857117
20261279,0.075,4.369271830170703,0.08474385338238065,212,0.492805160719559,0.1017678950343686,0.7192863574090809
20261279,0.1,6.047161850651825,0.11687790330905545,212,0.8090935535567431,0.13398028822127003,0.9891359603754051
20261280,0.0,2.8640918967999696,0.0528991102663466,212,0.06263046541563697,0.04968089202762599,0.36552977308903467
20261280,0.02,5.162570585241099,0.09231191472976184,212,0.6130802940210738,0.08461174513964557,0.5757283766399519
20261280,0.03,6.127111070317248,0.11052390647146051,212,0.8719880227487883,0.10164705183558771,0.6808170793834464
20261280,0.05,7.965915084817579,0.14384693058275097,212,1.096815622078279,0.13463980534004047,0.8909353075232188
20261280,0.075,10.218568306253148,0.18412765547808846,212,1.4029881486849485,0.1748652291105121,1.1533939048080566
20261280,0.1,12.454414897239742,0.22140419796983424,212,1.7884697270677183,0.2139687569126406,1.4155319778587725
20261281,0.0,-2.3500547417716047,-0.04867574287844403,212,-0.5685210238278339,0.019468556190039243,0.2464583034335798
20261281,0.02,0.7233804474799382,0.012799138121728016,212,-0.29973858901023376,0.050551884744263025,0.45045384043149334
20261281,0.03,2.193257270045333,0.03770461416200362,212,-0.10245052164516961,0.06631680171064812,0.5526052254227092
20261281,0.05,4.535979543771863,0.07967458360301165,212,0.7213984398059634,0.09691931770701054,0.7571731192537003
20261281,0.075,7.06329916354343,0.12461340417339155,212,1.175233537553583,0.13485435322262185,1.0132923185248535
20261281,0.1,9.318821681442135,0.16520238163511086,212,1.5787957858522506,0.1724959855479727,1.2697410089919043
20261282,0.0,2.902735866012319,0.06811357622133558,212,0.14209305022091884,0.026731949303205823,0.14704588419768067
20261282,0.02,3.8774539451239995,0.08409918563973161,212,0.3517994968148847,0.05768777804176669,0.33114921743022213
20261282,0.03,4.616391082251265,0.09622242112421042,212,0.49306975670269165,0.07397856774182977,0.423276398313727
20261282,0.05,6.070767580437106,0.12154111945862246,212,0.853610214311631,0.10444078273621774,0.6076574099081515
20261282,0.075,7.986265091399937,0.15490766760337216,212,1.151878628251468,0.1422780171884089,0.8383205801170058
20261282,0.1,9.928045979402686,0.18926144323646762,212,1.470749611510561,0.1802391671240957,1.0691195707283923
20261283,0.0,4.633830459719113,0.09308101000335903,212,0.6236162001821038,0.05360112732367134,0.3071217481418228
20261283,0.02,5.698273951966177,0.10958890782326582,212,0.9254233416074438,0.08087533487903391,0.5548534910277636
20261283,0.03,6.524417797650113,0.12287346692992734,212,0.9967687305709793,0.0937773945387067,0.6784159732670892
20261283,0.05,7.835719900588184,0.14415723133894265,212,1.259574500907563,0.12060304852571298,0.924885270722849
20261283,0.075,9.57963543379375,0.17503522886472936,212,1.6140211464090348,0.1540750784456697,1.2316436696162216
20261283,0.1,11.372470787551839,0.20400277734538216,212,1.8953928257806443,0.1867298806314979,1.5367896674114196
20261284,0.0,1.5238532428364773,0.035470039079461564,212,0.021242906922846947,0.0029668029395620173,-0.138546783987769
20261284,0.02,2.319779685943678,0.046327493261455535,212,0.14414874832443883,0.02989998689158522,0.0647313724641888
20261284,0.03,2.6833056362555348,0.0507597760099624,212,0.2833139079673543,0.04403300862697548,0.16636299688776804
20261284,0.05,3.923999871038588,0.07243730490992062,212,0.6515606514510225,0.07019197683087687,0.369579779111438
20261284,0.075,5.847033384348234,0.10730517618528744,212,1.0468433076850108,0.10369165731326654,0.6234486444296506
20261284,0.1,7.579716451509435,0.13886419682284798,212,1.3032394794167614,0.13615700194168395,0.877056863365295
20261285,0.0,3.926588303478378,0.08522495437819166,212,0.3711090846430622,0.061114909945685275,0.45145304346124415
20261285,0.02,5.617214104974404,0.11174923602520091,212,0.8235085284645018,0.09319724477506781,0.6467158046520383
20261285,0.03,6.623126985798765,0.12768671298306555,212,1.0490977785487203,0.11019261176971792,0.744269809175472
20261285,0.05,8.314053780830259,0.15818989177365045,212,1.3073341649281636,0.14401488214715832,0.9391985121475241
20261285,0.075,10.17659687398245,0.19144327743140613,212,1.5349644459370526,0.18339747581087834,1.1824728655023122
20261285,0.1,11.92411485941737,0.2216218181371304,212,1.7883828463298195,0.21896070752668792,1.4252471241660134
20261286,0.0,3.509354510098931,0.07304360881061277,212,0.3705624843005238,0.0526927785590674,0.40418426030707183
20261286,0.02,5.212963720200762,0.10072383027879958,212,0.7623948481587665,0.08253488067246169,0.6009436502854247
20261286,0.03,6.028094207419704,0.11454808740035557,212,0.9480359117770822,0.09728645573042544,0.6993075625289233
20261286,0.05,7.352908168571991,0.13866245012657813,212,1.1746655524998955,0.12570816162675427,0.8959651821376257
20261286,0.075,8.973228405800896,0.1693202672478064,212,1.42205206430697,0.16050895468584864,1.141576014414259
20261286,0.1,10.692761483735797,0.20165145544367888,212,1.8306667035916535,0.1944971284378866,1.3868400632074307
20261287,0.0,2.6565631166378827,0.06146515209857528,212,0.09037910731761861,0.029169295176922638,0.16628772553871646
20261287,0.02,3.634298002790443,0.07640976904611703,212,0.5845065215158138,0.05652082189760689,0.406912933746488
20261287,0.03,4.477973433058576,0.0901638756666858,212,0.8042219214881683,0.07042495842174686,0.5271112604968998
20261287,0.05,6.086814828869625,0.1160191997312775,212,1.263882033402454,0.09828750849998771,0.7672263744723637
20261287,0.075,8.13000089451042,0.14941698277062732,212,1.5191893108654966,0.13437405271221295,1.0667339908800915
20261287,0.1,10.158464326221427,0.18316807855217557,212,2.0403215803242616,0.1692839118786816,1.3653829640656205
20261288,0.0,1.5578792332475122,0.032805344136851856,212,0.15421002026196923,0.009827214707641387,-0.012079555452134112
20261288,0.02,2.340972240082877,0.0466352337803849,212,0.05268973389378173,0.037123952350912266,0.1700068051733651
20261288,0.03,2.9668242504548195,0.057920759632636674,212,0.10073122409454789,0.0498432110700563,0.2611006791851895
20261288,0.05,4.510694275693365,0.08478942560564973,212,0.4503738078565478,0.07565552314864121,0.44335842940874615
20261288,0.075,6.564119663459055,0.11942841166976625,212,0.905364915300717,0.10839327702176814,0.671246932484226
20261288,0.1,8.464428543204093,0.15058701119950188,212,1.1812114651518701,0.140221122571871,0.899117101026074
20261289,0.0,1.2161198348874889,0.02756556255581317,212,-0.05634780854714803,0.005006287942716228,-0.37371376745679274
20261289,0.02,1.8830473507634282,0.03847780581522051,212,-0.03952361608158261,0.03215914025184542,-0.13168456515066904
20261289,0.03,2.5707521837083656,0.04974438591173121,212,0.05633635482994014,0.04615646941233339,-0.010752197974821518
20261289,0.05,4.3512420563599905,0.07758696613932606,212,0.376312093098127,0.07516037326211096,0.23088553898127945
20261289,0.075,6.671429566878972,0.11235959658853507,212,0.8336891771835743,0.11009634684865516,0.5323790460342499
20261289,0.1,8.687574606986452,0.14235789659099288,212,1.1807077327119102,0.1430230462317404,0.8330780565775449
20261290,0.0,2.093175388009503,0.052908839167943374,212,0.17932774876890412,0.017997443859117314,-0.12018214335092911
20261290,0.02,2.5600131076081,0.06087732162314946,212,0.2791697262599546,0.04409855070089055,0.10142024091952052
20261290,0.03,3.042382650370558,0.06983456770905874,212,0.3023708394484044,0.05697039956086811,0.2118646211288975
20261290,0.05,4.149841541959584,0.09069538092234082,212,0.5508696686570884,0.08228295332585063,0.4319979936209105
20261290,0.075,5.789400813773757,0.1199788626811624,212,0.9357129957668244,0.11360592008782637,0.7056645322929411
20261290,0.1,7.3988628154572735,0.1478593344202394,212,1.2588848223741211,0.14373171990594713,0.9775492901606817
20261291,0.0,2.2623783907204524,0.052581640845820454,212,0.1544625767453916,0.035020973463652835,0.21652488548367183
20261291,0.02,3.5379681218110126,0.07312447259112395,212,0.5475458334597417,0.0653925560589551,0.4474300380207335
20261291,0.03,4.3707130268406535,0.08709927166370361,212,0.6945955479193777,0.08029364897303763,0.5626669807577839
20261291,0.05,6.056398515032113,0.11628392826420009,212,1.0297710552284176,0.10852589731195568,0.7926687752163205
20261291,0.075,8.0235948280219,0.15079746270246355,212,1.3693204163106418,0.1438105752136262,1.0792029146772593
20261291,0.1,9.844555730379298,0.18303494621453562,212,1.7238732381489361,0.1784941094061069,1.364546165880784
20261292,0.0,2.298977074447415,0.04447262370397656,212,0.28122447253880606,0.04678531810371985,0.28167833037750306
20261292,0.02,4.220132531785951,0.07549166796385354,212,0.6851177331895725,0.07454847655641943,0.5572541261008975
20261292,0.03,5.130113224160412,0.0896395390753652,212,0.8005971532147519,0.08892267264191907,0.6945880284894445
20261292,0.05,6.865227147535783,0.1160360972972087,212,1.2238393105446224,0.11508368903563031,0.9682930938269855
20261292,0.075,8.830428834968169,0.14678352272261774,212,1.5574318699017207,0.1476785816695205,1.3085094144840792
20261292,0.1,10.65698747469329,0.17516170458548735,212,1.8418617986736041,0.17918127708731021,1.6464473459033813
20261293,0.0,1.5192155577718494,0.03472961846320223,212,-0.015773358228806128,0.020446566824240734,0.23438361112978626
20261293,0.02,2.3856143740310123,0.04833676746491451,212,0.40062597534392147,0.04872745967114265,0.47159715768097754
20261293,0.03,3.2729358744509773,0.061526085745418194,212,0.5716436600475311,0.06260343358539722,0.5900028381550941
20261293,0.05,4.894333501581908,0.08637882089809028,212,0.8800374727506624,0.08968767153589657,0.8263769911037203
20261293,0.075,6.70736812186971,0.11497155064354123,212,1.076855475175304,0.12283762360825504,1.1209536649721057
20261293,0.1,8.47477070586772,0.14414955062715573,212,1.4140260895613839,0.1563275751890479,1.4144411478142667
20261294,0.0,1.3403302162955684,0.02995119163683137,212,0.05118036205489701,0.021312951113805618,0.14773929497701235
20261294,0.02,2.442751987999774,0.0493854406475557,212,0.2510365937691978,0.05034757781073088,0.34702551460134384
20261294,0.03,3.232036790532051,0.06260752996501692,212,0.3714311106859109,0.0656905676762877,0.44661721622485895
20261294,0.05,4.957092229608602,0.09184543950056939,212,0.7333210919211737,0.09408820734235084,0.6456615749703638
20261294,0.075,7.043230589420321,0.12683569011707452,212,1.1740430664750856,0.13024131772339606,0.8941319451483819
20261294,0.1,8.971929725707712,0.159386546670053,212,1.3627729351766078,0.1665034942118156,1.142125516875343
20261295,0.0,2.1043566377455787,0.045281380316076654,212,-0.06163310454846343,-0.0057651422672641926,-0.5386001218975897
20261295,0.02,2.5331446454223188,0.050270770692861656,212,-0.17629254955639162,0.026728877018491054,-0.2684733361245659
20261295,0.03,3.1811463777715905,0.060395484970383176,212,-0.022402506898682596,0.04351891298470412,-0.13356569448718095
20261295,0.05,4.856339732482341,0.08666403132911131,212,0.36465197280354045,0.07596889618954769,0.13586631835751334
20261295,0.075,7.2111512484436435,0.1267179192030084,212,0.7812318462851893,0.11666591566373638,0.4717913078831777
20261295,0.1,9.405021013087023,0.16287819824838806,212,1.1681880657615953,0.1556557689314184,0.8065510093394068
20261296,0.0,1.4458394636932224,0.03143049672699268,212,-0.19447071738716393,0.02238057005218787,-0.011909048706315817
20261296,0.02,2.2733541271160567,0.04551231371713679,212,-0.17881669026443417,0.050613842486010856,0.21959460495205363
20261296,0.03,2.9112730227185404,0.05617314167738552,212,-0.06779329661174548,0.06424096133836915,0.3351810784819418
20261296,0.05,4.580194787165422,0.083927649743157,212,0.4339886758558592,0.09229501716383061,0.5659763161885842
20261296,0.075,6.907206689109958,0.12291545482102918,212,1.0734250209411091,0.12561292080059644,0.8536663771939933
20261296,0.1,8.936947055394198,0.1565523640206785,212,1.344018650011592,0.15908853505272041,1.1403296330996617
20261297,0.0,2.4569053821779803,0.0572632907036761,212,-0.07413577124564684,0.048480140751603736,0.25575201347386417
20261297,0.02,3.855600335261579,0.08481554002572525,212,0.4875851450509649,0.07865714531497064,0.5068244401579645
20261297,0.03,4.6335353381185005,0.10004434330938317,212,0.615912529850884,0.09315576893141843,0.632232717445203
20261297,0.05,5.932706728193044,0.12578701693443334,212,0.9180925326194771,0.12107925265650218,0.8827401481641403
20261297,0.075,7.622171396730989,0.1603619970669922,212,1.3833424391382716,0.156579502535659,1.1951859361720603
20261297,0.1,9.357998542345085,0.19324875674878542,212,1.6774782521482112,0.19145505452281275,1.5067144031461701
20261298,0.0,-0.2777915443885277,-0.004985293997165307,212,-0.08178003773897173,0.0021905390016303612,-0.162015269477417
20261298,0.02,1.2467696105867494,0.02132472820521223,212,0.15691076325465397,0.030075619167779517,0.10874720587640738
20261298,0.03,2.203473747146418,0.03802617996214945,212,0.11815370894385412,0.04410776755503486,0.2443260124613317
20261298,0.05,4.040440645744142,0.06981203762115043,212,0.4775928789885104,0.0718720045224031,0.5158073066931093
20261298,0.075,6.326147410499881,0.10921204089825412,212,0.8196754842395794,0.10681821905799653,0.855617075460538
20261298,0.1,8.3605939452424,0.14386997271811175,212,1.2108585257602362,0.1398504002162888,1.1957239168512968
20261299,0.0,1.7503716402203964,0.04209081263978895,212,0.19312798527834238,0.011412001573009771,0.2339033409806999
20261299,0.02,2.789722215096398,0.06180566365446219,212,0.5132596782797263,0.043022226955816444,0.5520311964809391
20261299,0.03,3.6199360543772667,0.07570519175153,212,0.6522177985790103,0.05881018605756233,0.710808594491725
20261299,0.05,5.373857195474971,0.10373057291965361,212,0.9856381078199614,0.08778234296528727,1.0277071876769628
20261299,0.075,7.557363294310547,0.13959847286967778,212,1.4458981022344182,0.12518536117779108,1.422431113905073
20261299,0.1,9.810348486693089,0.17608851047444268,212,1.9813105282039933,0.16130518847442626,1.8153656587772182
20261300,0.0,2.811377143788338,0.06073650857372254,212,0.16222849481308244,0.03872461268730695,0.13219434962351137
20261300,0.02,3.971794286322197,0.078805127028732,212,0.07978469355439873,0.0670131862459958,0.38622469281294497
20261300,0.03,4.744907856628655,0.09095038055366668,212,0.2049648130195846,0.08179650824601216,0.5131726615510239
20261300,0.05,6.27661784553675,0.11658757240350977,212,0.5497874442294061,0.1104404427367093,0.7668655434106004
20261300,0.075,8.175574283314416,0.14897457377170056,212,1.0953290073297774,0.14423864688388402,1.08346007334973
20261300,0.1,10.067577337867263,0.18124738855799244,212,1.4453060281119543,0.17807167025782614,1.3992774592347286
20261301,0.0,3.516252324657476,0.08796258366855374,212,0.30365199423536776,0.01222359678516127,-0.30247143744798854
20261301,0.02,4.004475856835334,0.09514660942658877,212,0.3187505920493128,0.03840253483970868,-0.054524966615160916
20261301,0.03,4.439305929869671,0.1020172621437174,212,0.4265311662784342,0.0515007086736742,0.06919284573601134
20261301,0.05,5.447065395901547,0.11623169942404903,212,0.4861078777610624,0.0769238646883884,0.3160696919274462
20261301,0.075,6.960973232459971,0.1392431119376695,212,0.7269995728494042,0.1087424933843469,0.6235208887538001
20261301,0.1,8.57201005075248,0.1644670814933762,212,0.9648914266129544,0.140041393916057,0.9295653988193463
20261302,0.0,2.7245710986367744,0.06392246782293809,212,0.1908852087127793,-0.013001396865450321,-0.36248113036937385
20261302,0.02,2.69478774038292,0.06464445473090882,212,0.30435316610830715,0.012440192857552492,-0.13107904563021316
20261302,0.03,2.8831041429362796,0.06812637740764713,212,0.3432508565285145,0.025688908642541725,-0.01550215758935774
20261302,0.05,3.549195453527539,0.07984919178430104,212,0.47337709912456777,0.05142441360325743,0.2153628129033298
20261302,0.075,5.078892122801812,0.10555755823003629,212,0.6813394100625989,0.08440078158923145,0.5033197847268432
20261302,0.1,6.73140026236773,0.13290089219148116,212,0.9220960287575468,0.11662187958282469,0.7904675165345656
20261303,0.0,2.0130784506203616,0.049157579531210305,212,0.04100888072377157,-0.0004705716088121384,-0.3665340000010655
20261303,0.02,2.5797833876234844,0.05745223621363439,212,0.17256109175039372,0.02778727910272901,-0.16478104009057734
20261303,0.03,3.103114107890179,0.0661800850408409,212,0.28843362875459944,0.04156545195356344,-0.06421882223162104
20261303,0.05,4.539459121098869,0.09165803013296848,212,0.6574514216209816,0.06973779074054352,0.1362480096763964
20261303,0.075,6.374229642963747,0.12335274334543131,212,0.9078074374815449,0.10491033025012496,0.38554014907316164
20261303,0.1,8.15961529468995,0.1554775764179618,212,1.2020559446526435,0.1381529629113789,0.6333172750821202
20261304,0.0,3.038337209172941,0.0727137537242411,212,-0.024944121364269826,0.011366932808987344,-0.25034074222537456
20261304,0.02,3.5727446386072725,0.080288528498513,212,0.19944840684563495,0.03807533651758575,-0.006226974588793218
20261304,0.03,4.130370439647162,0.08933743107841291,212,0.3044866242836393,0.051648690387435595,0.11528317968471086
20261304,0.05,5.158934399538378,0.10526517913468077,212,0.6339273167504254,0.07814714605231896,0.35716247428275183
20261304,0.075,6.858218658293027,0.133348933712385,212,0.8699788254889285,0.11218908478686535,0.6572779267374617
20261304,0.1,8.510017584862348,0.15986479899065206,212,1.1422892108997984,0.14390120761271188,0.9547840832893321
20261305,0.0,3.5915957285585227,0.08626570192189308,212,0.4790386255295174,-0.008935201961210195,-0.5405809810479982
20261305,0.02,3.599621893575926,0.08674237458933794,212,0.39800573170803516,0.01740244471935704,-0.31778836383796233
20261305,0.03,3.685469100275073,0.08807574615554772,212,0.33147771562224104,0.031225165698555622,-0.20652846695372373
20261305,0.05,4.027108651470931,0.09289411268321057,212,0.3496657238893038,0.056777869718742574,0.01567218631167849
20261305,0.075,4.972861718853762,0.10927860706707412,212,0.6966362695776355,0.08886481127979093,0.2927301550109804
20261305,0.1,6.461390098159087,0.13672383847155883,212,1.0300885687694923,0.12141874011748419,0.5688865373324549
20261306,0.0,1.7261597792349945,0.03170700235132191,212,0.166421355997057,0.03653817006529629,0.20330397313025897
20261306,0.02,3.947335788879822,0.07070146404607608,212,0.4671787406119561,0.06958980902678213,0.4280144088363688
20261306,0.03,4.774462117423116,0.08729077741092423,212,0.7961910330765618,0.08566144241719169,0.5403799972584076
20261306,0.05,6.445224236019715,0.12016832023857314,212,0.8823465705829237,0.11772636593778416,0.7650721657762468
20261306,0.075,8.479600802381373,0.16036609344661187,212,1.0146238144732385,0.15828103622018858,1.0457410570683445
20261306,0.1,10.462034123946983,0.1976487805077872,212,1.2903791598107333,0.19786896091234565,1.3260180759506548
20261307,0.0,2.86258176198173,0.05998741956031705,212,-0.03747539169898935,0.030359288578675807,0.2881085563353225
20261307,0.02,4.145290818882754,0.08128548488845558,212,0.4796433240815514,0.06042262348536364,0.546331577041865
20261307,0.03,4.948551671987677,0.0948270918162528,212,0.6224365271484376,0.07498832531808389,0.6753002049073835
20261307,0.05,6.541876790875227,0.12051907274350927,212,0.8964700099306979,0.10443002973971605,0.9328784880601041
20261307,0.075,8.660095377568922,0.15465113182968893,212,1.5103541792862991,0.14219813778582488,1.2540287043403908
20261307,0.1,10.754153560096858,0.1870289163437354,212,1.6818678923931818,0.17763847811304365,1.5740559927102533
20261308,0.0,2.247352051827978,0.054083988071342536,212,-0.156798928413655,0.022034425974323896,-0.051258013222014516
20261308,0.02,2.785293937670978,0.06335102286599104,212,-0.003848039532456696,0.04805821365077545,0.19111839477435497
20261308,0.03,3.2634224282137088,0.07224170278308031,212,0.03713856265015071,0.060374491024832264,0.3124087636376118
20261308,0.05,4.3252980761242865,0.09173790953555248,212,0.4079516305030143,0.08613867064288581,0.5551484418845625
20261308,0.075,5.823225979588595,0.11941765867326457,212,0.8154624076652033,0.11876991864590074,0.8587769481220726
20261308,0.1,7.270540199174284,0.14682346242390973,212,0.9991263964784791,0.15012360825502422,1.162498401204298
20261309,0.0,3.615793549987295,0.08330500004096379,212,0.48777517723587854,0.05128616079109284,0.39277690061692316
20261309,0.02,4.914522581882628,0.1034899106169967,212,0.7984957628854884,0.08250825420493367,0.6202027602002345
20261309,0.03,5.638184204796799,0.11520504428186369,212,0.8494822140934386,0.09687272138883654,0.7337469576289829
20261309,0.05,7.198956488117222,0.13973877387165223,212,1.0841467032028043,0.12613572124955963,0.9604442649133937
20261309,0.075,9.05794968623181,0.16980824847000223,212,1.4157341718792382,0.16169588068065446,1.2429733328741515
20261309,0.1,10.977530169504503,0.20131760050467398,212,1.7645838655009547,0.19692986588453124,1.5244139529788605
20261310,0.0,0.7427319065286734,0.01614383208120663,212,-0.19532334565330503,0.043078552175587224,0.09292487087504653
20261310,0.02,2.25777557620549,0.04473297749449037,212,0.06739416097979856,0.06933890577507598,0.34543377334405534
20261310,0.03,3.244257151813362,0.06263108414783015,212,0.25556455520328436,0.08346527089358427,0.47145112598774486
20261310,0.05,5.114911018034503,0.09475745336271804,212,0.5728816042066907,0.1089672822159775,0.7229672602091861
20261310,0.075,7.2345669358900615,0.13142721962329693,212,1.0547190496438494,0.14115816940987555,1.0362999845274423
20261310,0.1,9.050802087764032,0.16272919243972178,212,1.5127827923870962,0.17219899802554503,1.3483270415380026
20261311,0.0,2.487209091654385,0.058239765195520196,212,0.22979897210886677,0.06045897885448841,0.5744755493105677
20261311,0.02,3.6337890360166623,0.07806880279209237,212,0.7114839490889752,0.08636448356942134,0.8413360731053698
20261311,0.03,4.405052140257464,0.09195040922832401,212,1.053066881998543,0.09900693517069613,0.9743263999792369
20261311,0.05,5.982366614673753,0.11884672576376999,212,1.242834449348872,0.12578087236500382,1.2393724266916217
20261311,0.075,7.85420734876881,0.14896945329717595,212,1.669824959956409,0.15823341580710967,1.5688175963169175
20261311,0.1,9.80892471961216,0.17984233034843802,212,1.9782204179596847,0.19125791625361507,1.8960427257259624
20261312,0.0,1.0443897761490022,0.02398071834113011,212,0.09654407425930477,0.011130887521608403,-0.007556098908746671
20261312,0.02,2.452607264866728,0.04939312135934261,212,0.3478600504857271,0.04426086974332086,0.26079618480033157
20261312,0.03,3.4773035902417138,0.06477656297364388,212,0.48417051451385174,0.06058391843288901,0.3948355522393186
20261312,0.05,5.681581143325607,0.09621371631751857,212,1.0933850476257556,0.09228170393006661,0.662563389254911
20261312,0.075,8.33331132452851,0.13371760787815729,212,1.3712051485734371,0.1326817358818276,0.9964072038710771
20261312,0.1,10.825361839769803,0.17145550512457092,212,1.720608623920054,0.17158351698768629,1.3291236094996128
20261313,0.0,2.10826391809851,0.04262948655977847,212,-0.03481986455329281,0.03942355745991693,0.20386688569657624
20261313,0.02,4.100749257786654,0.07806368231756775,212,0.3395230305017816,0.07165950482963157,0.4406817266558513
20261313,0.03,5.05031675661385,0.09506263364438508,212,0.4998409453796138,0.08837683005759508,0.5590423323251246
20261313,0.05,6.940447641777919,0.12947068630744146,212,0.9717393561454517,0.12141413169041203,0.7956287544535392
20261313,0.075,9.346797836562178,0.1709521624788012,212,1.3713794179170493,0.16072555075823985,1.0910244764418404
20261313,0.1,11.544897480590352,0.20864602364430318,212,1.8080150537713404,0.19868311636175948,1.3859264532696742
20261314,0.0,2.428088632364271,0.05671382495960066,212,0.23757768893457967,-0.02820459715113034,-0.3832622561143201
20261314,0.02,2.3200280660137893,0.055698473688953705,212,0.04998294653508432,-0.0013999377350297796,-0.15368636862686716
20261314,0.03,2.43646989195228,0.05817166288434282,212,0.0076519148297909696,0.0121421812402199,-0.03924376075081365
20261314,0.05,3.1863589335486044,0.07296061740633628,212,0.05233618804024233,0.03873792592107096,0.18889872603651506
20261314,0.075,4.570529897286433,0.09815181592508543,212,0.3379445737470501,0.07162775788757896,0.4725795846141317
20261314,0.1,6.2167699789996185,0.12584026986948937,212,0.858988438276867,0.1057931000581686,0.754453204350166
20261315,0.0,2.828250408413227,0.06211033188867678,212,0.01433023175269364,0.059093860346226004,0.3859062331250099
20261315,0.02,4.548340962270278,0.09252492646998582,212,0.3827761275399935,0.08664406147846535,0.6070004598884664
20261315,0.03,5.427143350128903,0.10783924167820481,212,0.5825904220154089,0.10060861960199576,0.7176188047700808
20261315,0.05,7.0042504912026375,0.13539456328496874,212,1.1944184522061816,0.12813526655142188,0.9389654722783946
20261315,0.075,8.830391739609713,0.1679525885022817,212,1.6473148372160549,0.16048079207596327,1.2157877187872888
20261315,0.1,10.702007518858442,0.1984967310890635,212,1.981769121846089,0.19348685881418007,1.492668811656772
20261316,0.0,4.39289472011249,0.09739757002760958,212,0.6379651441336808,-0.006774387796065835,-0.585118497612499
20261316,0.02,4.537182641096495,0.10108021530571283,212,0.524199825173961,0.022065660868924045,-0.31158530431946724
20261316,0.03,4.85562515953589,0.10676035769586839,212,0.5360787910265169,0.036987747728557493,-0.17498503249026795
20261316,0.05,5.605266744764408,0.11872946689715627,212,0.7014089510409002,0.0649547554871005,0.09780431555999801
20261316,0.075,6.921995808301144,0.13980585208792468,212,0.9102963994177331,0.09997163257113363,0.4378599057372738
20261316,0.1,8.621061644730311,0.16744002900236768,212,1.2728565513257823,0.13495266633349443,0.7766578966213034
20261317,0.0,1.2944321972269746,0.02889944616947541,212,-0.12222094934452907,0.039472201967900765,0.11608495762354777
20261317,0.02,2.685511077704117,0.054762450945854066,212,-0.09377489912102967,0.06939164666267952,0.3476230157981386
20261317,0.03,3.7534014285930644,0.07391353771536717,212,0.08952913950586049,0.08348319255442042,0.46320184232922257
20261317,0.05,5.598494735386235,0.10822020498283616,212,0.5796137676159118,0.11210459695720923,0.6939275431745875
20261317,0.075,7.525350989130389,0.14483313397619185,212,0.9213381852817047,0.14502873610303216,0.9814198846955935
20261317,0.1,9.378119357504259,0.17910754225415576,212,1.3592489450118896,0.17826829647957135,1.2677499145759128
20261318,0.0,3.4922144383550204,0.07094827091816254,212,0.36603927424666366,0.06737110741526638,0.5818055738829822
20261318,0.02,4.794899110658299,0.09595154802185829,212,0.7891954409653541,0.09295863066222072,0.7818496112160698
20261318,0.03,5.4101326464349215,0.10881008364807182,212,0.988644855205766,0.10584276866105737,0.8818712369657472
20261318,0.05,6.62933248615596,0.1347821545318248,212,1.2498149766682334,0.13162794222466184,1.0818791864291586
20261318,0.075,8.11296124907208,0.16497759280348026,212,1.5824757413549053,0.16427711188851293,1.3317517598879745
20261318,0.1,9.570571392202906,0.1941653216886915,212,1.732318515815073,0.19451914647834245,1.5813712254496604
20261319,0.0,2.8282637261713486,0.06506638183173712,212,0.2552454890296093,0.04976384371492475,0.21546749819140198
20261319,0.02,4.199384167018699,0.08942294300297396,212,0.5525032577384561,0.07560534249829999,0.48271505046418955
20261319,0.03,4.896013949312931,0.10125379939209725,212,0.6380110727466558,0.08829234222793896,0.616195056774556
20261319,0.05,6.287926148203709,0.1261684922865172,212,0.8851836856855567,0.11328281814532316,0.8828106545981892
20261319,0.075,8.04974103890968,0.1559230577016033,212,1.2983899561310996,0.14427858658517603,1.2153181307415466
20261319,0.1,9.615167768049321,0.18373491508205048,212,1.5560523822157961,0.17402649538338016,1.5468164046202628
20261320,0.0,3.562845709630091,0.0872025040272996,212,0.4322194622241552,-0.007996700721668014,-0.3219157809082296
20261320,0.02,3.6180791656291342,0.08722933171662886,212,0.36943956091268376,0.020846987932065644,-0.11595645787617681
20261320,0.03,3.781172789975895,0.08946288270426597,212,0.3892162751659962,0.035360972972087276,-0.01296745612200994
20261320,0.05,4.613609694983942,0.10276280323450135,212,0.5580961923481269,0.06391325096879379,0.1929997257142847
20261320,0.075,6.249471262714305,0.12848089858183337,212,0.8039775826227752,0.09853687560933648,0.4503775922523169
20261320,0.1,7.96495241001053,0.15513245643500276,212,1.1887608458906995,0.13147227979911352,0.7075794682306003
20261321,0.0,3.413011212728468,0.08863797425835047,212,0.49970913278100243,-0.023249514579015067,-0.5835721917612617
20261321,0.02,3.4744350513932316,0.09185516840216619,212,0.47237985076924743,0.007833301927756244,-0.3125590635830538
20261321,0.03,3.667493988477021,0.09568169901441105,212,0.40679851728576943,0.022455841027699725,-0.17717249681712033
20261321,0.05,4.513066977491109,0.10948598628532105,212,0.7402346888490826,0.05396980148944362,0.09330362370638512
20261321,0.075,6.180858253470905,0.1343428178176128,212,1.171169900344004,0.09369956332593254,0.4307252783480078
20261321,0.1,8.361157764631814,0.16428479260029988,212,1.4312531869259257,0.1328235730261595,0.7672355022942111
20261322,0.0,1.4867072584219092,0.036001075103622285,212,0.0341638706426233,0.037854389494061405,-0.02381069539684589
20261322,0.02,2.834224570341704,0.06251894575574107,212,0.23469361446148487,0.062427289261750465,0.19340051231124622
20261322,0.03,3.557375914054646,0.07681223834375177,212,0.4031472571282947,0.0743441696228873,0.3020122332324513
20261322,0.05,4.935509710391665,0.10307515218050287,212,0.8877244430769127,0.09923582038194645,0.5192114638664933
20261322,0.075,6.487094172706793,0.13111179839258064,212,1.1544899347471511,0.12988646883884022,0.7905899788758255
20261322,0.1,8.0799590688251,0.16129750776263937,212,1.367707565595666,0.16042651504600233,1.0617285432084296
20261323,0.0,2.6263168501560976,0.06474891241121096,212,0.33834374528500816,6.503002646261458e-05,0.03708114439364128
20261323,0.02,2.730069853942144,0.06585442286107539,212,0.37070566848560943,0.027786767055276544,0.24901732423100312
20261323,0.03,2.8405830147966675,0.0664837291801506,212,0.3621339281496829,0.04213843305286787,0.35508704418637693
20261323,0.05,3.8923830406164925,0.08387593295045839,212,0.5752222815881374,0.07056218713900655,0.5673989825419814
20261323,0.075,5.595763682788286,0.11257414447111644,212,0.889314199450101,0.10673782760796006,0.8330484842024034
20261323,0.1,7.234098307798971,0.14118377178249863,212,1.1781898585613104,0.14245160127479334,1.0988955906466173
20261324,0.0,1.2857155173808137,0.030841642156661943,212,-0.062458394186659216,-0.009236823994953252,0.13127726679443846
20261324,0.02,2.3232899034147483,0.04649800506312521,212,0.38586320545990893,0.022084606624665125,0.32145822129444807
20261324,0.03,3.179280961851482,0.05932940217435831,212,0.6910168800433548,0.03788639100762746,0.4165453037192543
20261324,0.05,4.815198928714665,0.0842563842076373,212,0.7614334095004891,0.06995643500274458,0.6066877764983647
20261324,0.075,6.928138147727668,0.11852976839069629,212,1.0332526705738754,0.10898469182936121,0.8442551282052244
20261324,0.1,8.847209821152113,0.15050098722748834,212,1.1414428855104706,0.14657870374163312,1.0816270104969337
20261325,0.0,1.619978270236925,0.04025000499430572,212,0.20199465342662348,0.0033258095301975277,-0.18016942753406903
20261325,0.02,2.5078667966260406,0.05766729614366822,212,0.41444150831251647,0.03511519019490574,0.07957736154041326
20261325,0.03,3.2224134302214296,0.07074601217444022,212,0.6189371822639508,0.05049402338213486,0.20937312854400272
20261325,0.05,5.0556702485244855,0.10062910150009421,212,0.8981047330672068,0.08228909789528013,0.46875038296931293
20261325,0.075,7.329714383966906,0.13691790445604174,212,1.221449304468199,0.12175566734120383,0.7924491695294583
20261325,0.1,9.578257037541038,0.17249240121580545,212,1.6421290738439462,0.1597895280151402,1.115397374606911
20261326,0.0,2.264302690376248,0.049454567053637995,212,0.008579721554911827,0.039836779754053364,0.2718343437008445
20261326,0.02,3.3727979545511793,0.07169688429366126,212,0.5135579442603634,0.06758053482332313,0.5157380510942738
20261326,0.03,4.133169557703879,0.08641005579269041,212,0.5803400151348468,0.08093831671568667,0.6375654767929799
20261326,0.05,5.556986737836588,0.11440471411366634,212,1.0486607584351317,0.10755403124718373,0.8809284061647543
20261326,0.075,7.32241405228513,0.14747529883089325,212,1.1894893061959033,0.14091904324957602,1.1844966358270361
20261326,0.1,8.994329070340033,0.17831847712991258,212,1.558270441945875,0.1735431225882565,1.4872355697046677
20261327,0.0,1.2059076134187263,0.023198033889018345,212,0.006180280145708016,0.05482567002474411,0.299536014869126
20261327,0.02,3.580973520218209,0.06554514619978861,212,0.5428656141847157,0.0821196101885154,0.5410285699814739
20261327,0.03,4.553715120480551,0.08247906750014336,212,0.6939329194424786,0.09483938095511187,0.6619089281070849
20261327,0.05,6.167736936927243,0.1124440844181912,212,0.9511093886297385,0.12043560900875806,0.9039013999604427
20261327,0.075,8.103247602479792,0.1466549988120499,212,1.336566750351105,0.15283694770561776,1.206750856455238
20261327,0.1,9.856394031680674,0.17827904947607306,212,1.5923780374387002,0.1840948844411309,1.5098912772046458
20261328,0.0,2.355105749521285,0.05897352919489755,212,0.10644931360419492,0.03387142693287672,-0.09241812856287093
20261328,0.02,3.0561751090227003,0.07094519863344775,212,0.2121099545751567,0.06244725911239646,0.16959484312372175
20261328,0.03,3.6938622156489895,0.08313397619184165,212,0.29430101620181387,0.07811539911026635,0.30016511122983736
20261328,0.05,5.011748296187736,0.10832312652078097,212,0.5822274342554072,0.10741936276718633,0.5603631621729187
20261328,0.075,6.534866871096378,0.13837467945829476,212,0.8692880979879861,0.14213822823388692,0.8837031011745285
20261328,0.1,8.125895553214688,0.16928083959396684,212,1.252337679048255,0.17709980419305418,1.2047312108887371
20261329,0.0,3.614444043598459,0.08725442204179945,212,0.19147155525127627,0.05476296299330651,0.23100452604014401
20261329,0.02,4.694523266259453,0.10987155801702456,212,0.5668634092156077,0.08309608468035949,0.5209930165447504
20261329,0.03,5.373397707548878,0.12299635831851809,212,0.8277639924418114,0.09646564366412964,0.6656950453108595
20261329,0.05,6.773090260123154,0.1484681588412161,212,1.1242630316694933,0.123416749276989,0.9544392173936935
20261329,0.075,8.552445358655252,0.17844546489812305,212,1.4475184674590575,0.1575093807093291,1.3139790953924275
20261329,0.1,10.344042226421216,0.20859225866179468,212,1.6548859174451633,0.19009198420436021,1.671762007822063
20261330,0.0,1.351466593853227,0.0286321726301539,212,-0.14264550193277883,0.04230151692158034,-0.011223199154922604
20261330,0.02,3.505201777878354,0.06716475229192441,212,0.3651475861551677,0.07200923323966278,0.24868146437780014
20261330,0.03,4.497879506055859,0.08472746786390187,212,0.5947461794518021,0.08598454435969491,0.37843003697760574
20261330,0.05,6.273785467105948,0.11585483249903736,212,0.9173034714112193,0.11479387017753709,0.637444350659662
20261330,0.075,8.474452757363794,0.15512733596047812,212,1.3785012155752017,0.1510017696359957,0.9601536990665643
20261330,0.1,10.479898375360815,0.18916517831540486,212,1.8507788436135906,0.18645491114952606,1.2814738344951306
20261331,0.0,3.73150060433347,0.08878032345013476,212,0.2591268717731244,0.059063649546530775,0.2528503253611354
20261331,0.02,4.861515660265787,0.10907378808608952,212,0.7061259020748581,0.08766969252574575,0.48910526810112426
20261331,0.03,5.580123125931202,0.1216419928067574,212,0.7978274453765053,0.10090611917187589,0.6071606724184957
20261331,0.05,6.814643272633547,0.14321813631112823,212,1.0636315069917552,0.1275730384486191,0.8430889161697954
20261331,0.075,8.468231423659757,0.17217390770037444,212,1.447043265938733,0.16183259735046165,1.1375780633660477
20261331,0.1,10.177448743467927,0.20077073382544505,212,1.6306371326408826,0.19519914549521133,1.4314885242889188
20261332,0.0,2.209002109788735,0.0471022210570298,212,-0.03280412875378271,0.045288036932958645,0.10489680217791002
20261332,0.02,3.441876299940251,0.06780429956004883,212,0.028277918893062245,0.07517983106530449,0.3715618108416459
20261332,0.03,4.280384119534812,0.08288409703504043,212,0.13578106724975436,0.09020688765269252,0.5044712270991355
20261332,0.05,6.077699437751549,0.114881430291908,212,0.6089596675138667,0.11871666571084474,0.7693764143027427
20261332,0.075,7.990612347055224,0.14961360899237255,212,1.0990382602815243,0.15425583119638864,1.0986592893311544
20261332,0.1,9.866001781749954,0.1839100353107923,212,1.548756306652208,0.18974123169942403,1.4257022966806834
20261333,0.0,4.306575083153999,0.10182114796942462,212,0.4364855586054973,0.03572094233116772,0.20525236649350023
20261333,0.02,5.028726446966318,0.11438986473754495,212,0.5703594499158596,0.06281286099345398,0.4454315703612969
20261333,0.03,5.550856987937913,0.12324367723805703,212,0.704269115081016,0.07592690829844584,0.5653264264402508
20261333,0.05,6.662285320739182,0.1418438009487215,212,0.9768660172777772,0.10175919022767675,0.804683202278575
20261333,0.075,8.24385930817918,0.1684497865786218,212,1.3781818060773274,0.13449131157882666,1.1029789884812917
20261333,0.1,9.844178314468524,0.1952355008643361,212,1.8207992066045324,0.1661030731039907,1.400151464223914
20261334,0.0,2.421519247112402,0.05457452953080068,212,0.04748182274713183,-0.007353513464799803,-0.49656299641223456
20261334,0.02,2.7693678524866656,0.06195876584274819,212,-0.0338703144947908,0.022806081485183396,-0.15068208492311164
20261334,0.03,3.1291541791011,0.06740746278439115,212,-0.028209216329803378,0.037479825330373015,0.021311536797757092
20261334,0.05,4.414842997070498,0.0876476744852899,212,0.2058546834969085,0.06818731105449005,0.36330665792499667
20261334,0.075,6.531547978200512,0.12011967573058928,212,0.5234313542122806,0.10639885219443054,0.7868720682525411
20261334,0.1,8.696864555111079,0.15256300231855088,212,0.9257727831480803,0.14344599742747358,1.2058142441042323
20261335,0.0,1.5859708778971089,0.033854293347624236,212,-0.2681989203368899,0.02891306799151016,0.02530911768149101
20261335,0.02,2.7873448895485824,0.05666982770627319,212,0.15833384683382246,0.05570359416347831,0.3043525514536813
20261335,0.03,3.596662602119599,0.07134049926674806,212,0.45534560403041424,0.06936450814769907,0.44368961585365946
20261335,0.05,5.415433358282628,0.10514126365118509,212,0.8046810126451454,0.09717636552814622,0.7219336889939553
20261335,0.075,7.56736889743315,0.14422482160266756,212,1.3225160797380426,0.13160285189949125,1.0688085316501477
20261335,0.1,9.44721136597197,0.1783010675165289,212,1.8100226442749834,0.1641153048935351,1.4144769690973718
20261336,0.0,3.311724832220641,0.08211528867074783,212,0.33189985849030496,0.034341224015459026,-0.004361304698477857
20261336,0.02,3.9475557393660763,0.09354697318509901,212,0.6479666931011415,0.060825604830450845,0.28091037493682014
20261336,0.03,4.386637952618398,0.10138693172973726,212,0.6869497746118735,0.07432061544007407,0.4232288288965851
20261336,0.05,5.401013659347259,0.11961786922717703,212,0.8653753238693922,0.1000878673428424,0.7071580020817431
20261336,0.075,7.128086525087902,0.14900017614432365,212,1.2024308373111336,0.1324267362505018,1.0605947613436524
20261336,0.1,8.70043430664303,0.17724112928993355,212,1.5924640562287904,0.16422846738052907,1.412188662516735
20261337,0.0,3.8237551984320275,0.09365143086540118,212,0.2420532016791337,0.032773597194799234,-0.1410131902939712
20261337,0.02,4.4865958750536326,0.1043096985883876,212,0.6255517470128579,0.0584886202574165,0.10144932141683453
20261337,0.03,5.072886628547141,0.11406829893739913,212,0.8128629220402543,0.0721899859903817,0.22227649727965332
20261337,0.05,6.16878496262784,0.13269248887832932,212,1.147406893716094,0.096879890053171,0.4630777018345592
20261337,0.075,7.613240820221146,0.15665733374843313,212,1.5218040410406608,0.12733084000360484,0.762389358352208
20261337,0.1,9.20345484160646,0.18335343972996668,212,1.9058256643808258,0.15850940938398642,1.0596998906615505
20261338,0.0,1.692830149226066,0.03907485314479064,212,0.12789253798844885,0.026395022079486144,-0.03941193078186082
20261338,0.02,2.656150615663902,0.05645937620331151,212,0.5250061662973052,0.05345160946755257,0.21470231363060613
20261338,0.03,3.3820432269052225,0.06962718849081181,212,0.7564703125776525,0.06670954210668611,0.3414815969963639
20261338,0.05,4.782289556395097,0.09520447078871692,212,1.0328596615950785,0.09325356999483855,0.5944347807413666
20261338,0.075,6.45296793012118,0.12725864131280773,212,1.3565847102902793,0.1259165649399061,0.9093904944044539
20261338,0.1,8.02093307522672,0.15578378079453378,212,1.4922660564286336,0.1583901023275629,1.222833747285919
20261339,0.0,1.5739433572939934,0.03594876416133533,212,-0.3296359698143399,0.016127665377843933,-0.08888105470797855
20261339,0.02,2.4770432107170812,0.053603175513481184,212,0.08283773789376125,0.04356806954014043,0.1614372165638597
20261339,0.03,3.259934529044599,0.06800451011396129,212,0.2874942226429142,0.057661151574238685,0.2865481945389547
20261339,0.05,4.883717923045498,0.09623368616816459,212,0.6146467001478096,0.08342123481267258,0.5366174363969561
20261339,0.075,6.674500614589393,0.1271326776395022,212,1.0735529678420574,0.11441393096781065,0.8488018243868959
20261339,0.1,8.33120373718656,0.15300131493785793,212,1.347286953661681,0.14590996976871842,1.1603766116486285
20261340,0.0,4.646268998066388,0.10432659615431882,212,0.9122445514544116,0.04837875535601635,-0.04689654908546688
20261340,0.02,5.631222173605511,0.12138443293816924,212,1.0015113568591107,0.07549474024856832,0.23941072927913817
20261340,0.03,6.128333280379618,0.12916653012067936,212,1.1426985385068698,0.0889994797597883,0.3820114841897793
20261340,0.05,7.2389380662397045,0.1472873774158399,212,1.3712289224129959,0.11429206367412481,0.6660378765019017
20261340,0.075,8.880891723183758,0.17382321254475291,212,1.4938372610590984,0.14620593319624117,1.0187291188106533
20261340,0.1,10.56031329355423,0.20136522091775286,212,1.764184846435921,0.1787148018581178,1.3686299478867212
20261341,0.0,3.956659584805619,0.08695999475663409,212,0.3024214751371632,0.053791096928534565,0.15462470829357705
20261341,0.02,5.120020241764802,0.1081372532955374,212,0.5142515415747047,0.08042217288360548,0.4450103047057001
20261341,0.03,5.82599733555089,0.11958868252238673,212,0.6421786113148064,0.0940513399257736,0.5900336623878764
20261341,0.05,7.333958809782145,0.14538000065542075,212,0.9288140502129271,0.12029479595933114,0.8796656374861948
20261341,0.075,9.120226556746802,0.17470751849515403,212,1.3971574529710407,0.15231977977863165,1.2407730819704654
20261341,0.1,10.93922817577047,0.20365356098280338,212,1.6227172636603262,0.18398223400158936,1.6006281728336502
20261342,0.0,3.392132958717054,0.0768147985810141,212,0.12850714962626983,0.03712804873053195,0.14216782655948076
20261342,0.02,4.652702706447429,0.09319878091742517,212,0.5170294559518883,0.06624972349437568,0.38117562758277324
20261342,0.03,5.36573709708693,0.10173205171269634,212,0.6146783474532818,0.08027777550201132,0.5008271906152515
20261342,0.05,7.009001746962855,0.12463183788168017,212,0.9657192456639597,0.10960529334174456,0.7403662064932757
20261342,0.075,8.91487866417456,0.15210779213331257,212,1.2266492944041216,0.1437225030518028,1.0401086854219128
20261342,0.1,10.61430933693628,0.17873067532914413,212,1.4912148327145436,0.17660619044888126,1.340029357172435
20261343,0.0,2.9031846412393416,0.0686496899040628,212,0.26354088785416785,0.040056960158611814,-0.03547395176137645
20261343,0.02,3.896795247509354,0.08609463456197415,212,0.5215382378564385,0.06655490377604274,0.2688858173386734
20261343,0.03,4.5338761186020955,0.09592492155433027,212,0.6556189658808588,0.0793878370296332,0.42078228329437767
20261343,0.05,6.271996043828297,0.12235169057586906,212,0.8946969346282727,0.10594159381938242,0.7239247504682768
20261343,0.075,8.273320357032286,0.15449802964140294,212,1.2173873415954028,0.1386788356450569,1.1014634480299663
20261343,0.1,10.230668611085214,0.18391105940569727,212,1.5894031332996084,0.17043243431455277,1.4772228994424708
20261344,0.0,2.4143185202565345,0.04682110700562843,212,-0.1179602728454442,0.048640923651676646,0.5263548675383782
20261344,0.02,4.438465825556671,0.0817017794673068,212,0.5062508885445994,0.07967867998263135,0.7773189641077424
20261344,0.03,5.520622307506152,0.10097217329324343,212,0.7373530527582703,0.09585528310079551,0.9027954275177905
20261344,0.05,7.221563505072639,0.13132839446497188,212,1.1660296758711421,0.12600770938644426,1.1536837392623265
20261344,0.075,9.637506007547,0.172345443596949,212,1.7181771421904897,0.16333648071834114,1.4670628396594367
20261344,0.1,11.844441895454622,0.20807816301952334,212,2.0780578565535532,0.20003696982606778,1.780029612326006
20261345,0.0,0.8724643822506025,0.019083496505788184,212,-0.05887903552542236,-0.010516942626107043,-0.0825071237698725
20261345,0.02,1.2514295359132397,0.02409439287557657,212,0.16619931437700067,0.020314970628958134,0.11058210275943389
20261345,0.03,2.0944029118602785,0.03876250419878912,212,0.2453271386297198,0.03547567160143865,0.20721520482315198
20261345,0.05,3.795364238492903,0.06887140645097863,212,0.5569750404832713,0.06605258522517798,0.40062537039539825
20261345,0.075,5.925540251680125,0.10762827812779067,212,0.7565753915865687,0.10431789134762698,0.6425895119462945
20261345,0.1,7.761416094178781,0.14103937440090447,212,0.9900844638544821,0.14020985752791684,0.8846801431201304
20261346,0.0,3.96204117347381,0.08644231478219548,212,0.4323641575295226,0.06575303746548801,0.3343814891524927
20261346,0.02,5.4721637759923265,0.11628956078617717,212,0.7926574143491802,0.09592543360178275,0.5812909956998067
20261346,0.03,6.171300184989727,0.12955773437435994,212,0.9488241553322762,0.11082857470567513,0.7046694729614096
20261346,0.05,7.560524281544418,0.15626049697277547,212,1.1121321541843294,0.14022521895149065,0.9512263861413228
20261346,0.075,9.259177787679288,0.1887253295537404,212,1.5511970702335278,0.17656010617815973,1.258950025510003
20261346,0.1,11.04531473483816,0.2200216698481882,212,1.8198544219108088,0.21133273662736873,1.5660118871737294
20261347,0.0,3.0950816148210216,0.07352793592494328,212,0.3694679914271216,0.03602306589250596,-0.10527864743604429
20261347,0.02,3.7960432040984027,0.08462096199378989,212,0.38618233758156933,0.06542942347553232,0.09200334141503468
20261347,0.03,4.39162636440265,0.09391615939832376,212,0.4620218484328183,0.08054506427219624,0.19059565877887752
20261347,0.05,5.910501116803156,0.11753844452273082,212,0.6260915559816301,0.1090446013812992,0.38764440052504284
20261347,0.075,7.921860267055853,0.14784038866449833,212,0.9455514825192097,0.14467235107611892,0.6336214361952733
20261347,0.1,9.689446633407057,0.1747162233018458,212,1.314481783990487,0.1788822413750727,0.8791164008673725
20261348,0.0,2.706181003043238,0.06392144372803316,212,0.05811431693364742,0.041787168500479276,0.16485353884347034
20261348,0.02,4.080242835315825,0.08635833899999182,212,0.33006351584382915,0.06985812189187196,0.43937246245000083
20261348,0.03,4.805238138578975,0.09848823110135263,212,0.5246125167912103,0.08324713867883565,0.5763846840984165
20261348,0.05,6.219673967962995,0.12355244185189129,212,0.995473588149914,0.11085776141046544,0.84984602307127
20261348,0.075,7.855756342306388,0.15316312193283577,212,1.3761960199605507,0.14457864639231846,1.190477443710653
20261348,0.1,9.391920162180993,0.18033952842477818,212,1.8718974495770675,0.17862468150648458,1.5295871706502011
20261349,0.0,0.30035999846951195,0.006531165256146626,212,-0.14614117894307835,0.014611786103441774,0.13763276474832523
20261349,0.02,1.6946361092392979,0.03325287361030321,212,-0.10479853163106717,0.044284935973586556,0.3709339011723731
20261349,0.03,2.525133739159955,0.047503666259759623,212,0.07886250665225258,0.058139403894837745,0.4874915821435026
20261349,0.05,4.3658340386002505,0.07908675312758583,212,0.3433801415667591,0.08807830639281003,0.7203619925446029
20261349,0.075,6.624802006832432,0.1177872995846271,212,0.8493067699090553,0.12353708042831746,1.0108695457202728
20261349,0.1,8.8357456301001,0.15485748695303092,212,1.3562536849729663,0.16086175538059466,1.3005624479278057
20261350,0.0,1.6963318163611236,0.03182221302812575,212,-0.14991225880198877,0.019038948377424033,0.1453798601406059
20261350,0.02,3.116778319482139,0.057141935457442714,212,0.18165388313229228,0.04925538059463046,0.39439014846203085
20261350,0.03,3.9381542304116923,0.07160369165731327,212,0.49171358532406667,0.06407044953669946,0.5189295222407087
20261350,0.05,5.503315048818763,0.10029985498816148,212,0.8553477442116254,0.09469600766842264,0.7680381560725906
20261350,0.075,7.2803507744664495,0.13372733677975404,212,1.2406808271606329,0.13073339532521158,1.0794003228322822
20261350,0.1,9.225735124335586,0.168088281077184,212,1.6340955859228508,0.16620906692665022,1.39062356563343
20261351,0.0,2.8902143804810385,0.07226474491844108,212,0.2124580142031094,-0.0008453903440139591,-0.2181553460984051
20261351,0.02,3.3444961597155993,0.08184566480144848,212,0.2605125942313026,0.02525827673502159,-0.0049925993781710035
20261351,0.03,3.6435726660303978,0.08663382052941611,212,0.2756242924769469,0.03915012412030247,0.10138964518843371
20261351,0.05,4.569785351610379,0.10193994297839569,212,0.6205533239234596,0.06542481504846016,0.3137167695533154
20261351,0.075,6.1109776138719205,0.12554533053687153,212,0.9416520760852811,0.09838838184812264,0.5782262186072014
20261351,0.1,7.675670765800568,0.14954141030157544,212,1.298749629236625,0.13067450986817852,0.8416260431384349
20261352,0.0,1.9437948977485646,0.05080842051794624,212,0.11559143853285847,0.018023558279192855,0.09900937613019832
20261352,0.02,2.2955543363687347,0.05721925462276441,212,0.19838612182624546,0.04559372926207817,0.31355010839868913
20261352,0.03,2.738037109263118,0.06534288745606633,212,0.2667461835021592,0.05936422140112568,0.4206713169186635
20261352,0.05,4.198184613238865,0.09069896525450806,212,0.6565809096717006,0.08575565914844459,0.6345688032232183
20261352,0.075,6.299556961313885,0.12456885604502742,212,1.1152930221885258,0.1189301894985212,0.9011988862549629
20261352,0.1,8.2884604142849,0.15614887062813881,212,1.6020902973945579,0.1500345119982959,1.1668722934264748
20261353,0.0,3.697154948650696,0.0950360071768571,212,0.439451941633507,0.03219549562097018,-0.13382289012866372
20261353,0.02,4.17735726645424,0.10382478965090654,212,0.5433420794299434,0.060195786463923186,0.13976021267173108
20261353,0.03,4.531241771028479,0.10975429915041086,212,0.5107777098826936,0.07364880918244456,0.2762612286877011
20261353,0.05,5.4731482061146846,0.12548490893748104,212,0.6872488600232223,0.09929521788643197,0.548611983710397
20261353,0.075,6.926116328992936,0.15076520371295846,212,0.9868350192753432,0.13294646441475025,0.8876870709969445
20261353,0.1,8.450755559617168,0.17743212298970173,212,1.298484168194692,0.1651552732694844,1.225050487487123
20261354,0.0,2.8614333518328547,0.06871881631014509,212,0.4213859757061951,0.050979444367068374,0.3841704669878816
20261354,0.02,3.9529310210639275,0.08860571526884539,212,0.6591713050281125,0.07747482774723699,0.6069449679304649
20261354,0.03,4.6298029512846055,0.10021434306360039,212,0.8044610104987013,0.09053715825953022,0.7182086600733092
20261354,0.05,5.931953165142614,0.12271780450437904,212,1.0131355813331087,0.11583076626877167,0.9404434936966161
20261354,0.075,7.738884330298435,0.15225628589452642,212,1.4707409653250485,0.14832580964943182,1.217595637246321
20261354,0.1,9.666922316027993,0.18358539722593173,212,1.830732728058469,0.18085516020940692,1.4939052675375708
20261355,0.0,2.078253868200381,0.04670794451863443,212,-0.35868006698138305,0.020430181305761966,-0.1402157954890836
20261355,0.02,3.07955079310157,0.06347749858674903,212,-0.014238777346498277,0.048531857544302344,0.1216337357856735
20261355,0.03,3.793286115150797,0.07610305262209259,212,0.15629832386680237,0.06313391474614737,0.25220164042137977
20261355,0.05,5.354014788965095,0.10371009102155514,212,0.5276841225691022,0.09090532037785005,0.512562090279644
20261355,0.075,7.297639463032109,0.13740537363078512,212,0.8522306679222272,0.12603740813868702,0.836434610231646
20261355,0.1,9.191036981913975,0.16990246520125513,212,1.2632178371523253,0.16060009913238682,1.1583826804521267
20261356,0.0,2.3838463130729863,0.057101995756150714,212,0.0009722324486402805,0.004264843231551954,-0.3111693905429149
20261356,0.02,3.1002845476583816,0.06777408876035361,212,0.397297990207546,0.03492675673239991,0.029161416303680354
20261356,0.03,3.79681071573699,0.07902940381291015,212,0.6324317500388202,0.05082429398897254,0.19904773015355046
20261356,0.05,5.458549910752996,0.10610391286181275,212,0.7864396585261001,0.08200695974897385,0.5381227143096787
20261356,0.075,7.613739417371094,0.14085094093839864,212,1.2368797823101993,0.11961735717972455,0.9603751053882668
20261356,0.1,9.745269292895216,0.1755068245684464,212,1.595197506327046,0.1573445014296365,1.3804666377735342
20261357,0.0,2.8486718808973537,0.07656082304459319,212,0.004143537867415452,-0.0009949082001327264,-0.3096599034445321
20261357,0.02,2.93176429207942,0.07543995117115493,212,0.04667402927279418,0.027376104998402408,-0.04348248039297168
20261357,0.03,3.2083985499749454,0.07925982516651783,212,0.16981914100046883,0.04128484994961452,0.08922592969471502
20261357,0.05,4.248491247730918,0.09598483110626828,212,0.4199748908410928,0.06919655658329169,0.3538325452749394
20261357,0.075,5.791933985065763,0.11927070105440811,212,0.6622157546714307,0.10361587429030225,0.6829718214627505
20261357,0.1,7.647007685399868,0.1489382184025758,212,1.090743618455026,0.1377018491057603,1.0101748522934773
20261358,0.0,2.0439579128207397,0.0485456828255188,212,0.1500118254220261,0.033845312512801186,0.17393924549019843
20261358,0.02,3.5284911747367884,0.07131336075176758,212,0.47264590058510797,0.06202123563194848,0.37616392957071104
20261358,0.03,4.182753282967699,0.08135563538944282,212,0.5417999468562685,0.07641079314102196,0.47719232705584463
20261358,0.05,5.634454562951204,0.1058089735291949,212,0.6386668467443978,0.10401322311341238,0.6790437753336868
20261358,0.075,7.439480613761927,0.13880889569798213,212,1.1488579932050929,0.13798347520461415,0.930896349018311
20261358,0.1,9.033475357212694,0.1685737020621175,212,1.462313210632447,0.17286670790355482,1.182128379613127
20261359,0.0,3.2367280871269357,0.06960517045035597,212,0.29831803053211947,0.04558707264519618,0.01814446337418992
20261359,0.02,4.4367989535191965,0.09251622166329398,212,0.4098168330204736,0.07421308547505714,0.27243197925164525
20261359,0.03,5.074743648051134,0.10469987874716324,212,0.5692436866229651,0.08793595720102573,0.39936547721119325
20261359,0.05,6.457377830056118,0.13104472017630817,212,0.7768967286497498,0.11454962354271295,0.6527619364994856
20261359,0.075,8.153533387318856,0.16454696089596016,212,1.11514832808055,0.14835909273384185,0.9685235056834687
20261359,0.1,9.8333911295506,0.19545414512653717,212,1.5507970158322806,0.17956377653429897,1.2830501871363171
20261360,0.0,3.386611640998228,0.07967488497885714,212,0.5066423668859531,0.016476155019092553,-0.18601458581343516
20261360,0.02,3.7969941065309847,0.08767737323753266,212,0.6532495754435825,0.04307855217558722,0.03296915569769814
20261360,0.03,4.2622531085858615,0.09707190784784409,212,0.803242108300696,0.055888955341269385,0.14216014580131883
20261360,0.05,5.239984122698788,0.11481076774346832,212,1.0982569102477486,0.08095265404435559,0.35989856025213907
20261360,0.075,6.626868235603252,0.13804696908871938,212,1.298757943741399,0.11379998607230929,0.6307806416748367
20261360,0.1,8.239873101482415,0.16376608853095637,212,1.4863769906389113,0.1458782228266658,0.9001123262920915
20261361,0.0,0.4614472431680452,0.009542516324072782,212,-0.1173457564616341,0.01056507508663843,-0.12526246530628518
20261361,0.02,1.8577320545068827,0.03620738741100615,212,0.09978068585278653,0.04203141513530341,0.1137223644391232
20261361,0.03,3.1030885684833014,0.060225485216165955,212,0.2124658553416959,0.05799961494031574,0.23331257291583038
20261361,0.05,4.586629078941015,0.09019203827657116,212,0.3846157832670064,0.08724264495039286,0.47262799897739755
20261361,0.075,6.5348824065843,0.13020189006955651,212,0.671075654879264,0.12601795033549348,0.7718999159523263
20261361,0.1,8.414519717529382,0.16659156637363898,212,1.034607269679107,0.16253563850269132,1.071135670166027
20261362,0.0,2.7476132485075615,0.06578655142741317,212,0.13362184957846474,0.002050991541758247,-0.21470095254294325
20261362,0.02,2.96900794813044,0.07093598177930345,212,0.007043929571548497,0.029130891617988024,-0.0007293063725157307
20261362,0.03,3.358345676469194,0.07898127135237877,212,0.17028781066267476,0.04347180461907765,0.10630110831593326
20261362,0.05,4.007514722172999,0.09292329938800087,212,0.4338617263743533,0.07133793902948575,0.3204126043329557
20261362,0.075,5.311101654682198,0.12120624042471262,212,0.7150752851477549,0.10490930615522001,0.5880673874197614
20261362,0.1,6.697667652008225,0.15065562555813175,212,1.139651252005721,0.13909717841371794,0.8556266902197912
20261363,0.0,2.5593458668991134,0.06375861263815039,212,0.17240661451813508,0.004320656403870261,0.04623369704036274
20261363,0.02,3.1602147799756626,0.07561251116263447,212,0.3060367011430905,0.036825428686127204,0.2921288211163272
20261363,0.03,3.4648738375210986,0.08061009429865884,212,0.4213025039927981,0.05229745450970432,0.414929797885523
20261363,0.05,4.599778778528039,0.10097626967286312,212,0.5941619614151538,0.08356716833662409,0.6601718132174613
20261363,0.075,6.424517687198398,0.1327744164707232,212,0.9426258952229009,0.12257903964476195,0.9659131772658025
20261363,0.1,8.35068432957087,0.16721933655035676,212,1.3610681823943656,0.1612934113830197,1.2705631235859918
20261364,0.0,1.5928213174406687,0.03254624812590633,212,-0.08779714618166483,0.024864000196626226,0.16745895354195756
20261364,0.02,3.004847554434048,0.061348405279414056,212,0.3415921866097134,0.05608660565791953,0.3930690115928261
20261364,0.03,3.8602737621558,0.07796741739650496,212,0.6600145242267584,0.07235025684300216,0.5057851310207669
20261364,0.05,5.440788214512294,0.10846291547530293,212,0.9921011649266857,0.10380430775280806,0.7309815288795075
20261364,0.075,7.375625910425316,0.1457517471059078,212,1.3740707294361094,0.14102657321459297,1.01191600179986
20261364,0.1,9.162013193005132,0.17916847590099869,212,1.6379459913625791,0.17811365814892796,1.2920607000631028
20261365,0.0,2.911684051110204,0.06821444956947051,212,-0.05910375250661825,0.021277107792133307,-0.12231184817835428
20261365,0.02,3.7666507042143897,0.08417752889995822,212,0.21241513341997825,0.05133992577360129,0.09049929777051217
20261365,0.03,4.323481797387121,0.09324179290343194,212,0.2051383319107592,0.06610737430259137,0.19679894579862886
20261365,0.05,5.758397261968055,0.11682311423164206,212,0.503246258964191,0.0946606763942028,0.4091448510390449
20261365,0.075,7.809664500738824,0.1504815294242948,212,0.8230963652210763,0.13067092553601128,0.6740171983627328
20261365,0.1,9.790177113885642,0.18310202443080806,212,1.1818029346546808,0.16604777197912485,0.938148502528218
20261366,0.0,1.8446729474742487,0.04251524364036112,212,0.3970163713062279,0.04099197159183786,0.11914463426958377
20261366,0.02,3.3679569206796116,0.07039116328988441,212,0.5432941025800424,0.07233028699235615,0.3902021557669483
20261366,0.03,4.255759394687088,0.08537213560655092,212,0.6179055000650193,0.08693695262127332,0.5253946019247403
20261366,0.05,5.996291166210152,0.11500380963304632,212,0.8884239648692165,0.11862244897959184,0.795042045676631
20261366,0.075,7.977247073289917,0.15057523410809528,212,1.1376997389529213,0.15624513554920166,1.130587659588273
20261366,0.1,9.74979623024242,0.18276048878001622,212,1.4600591891694104,0.1924422820111585,1.4642705845075545
20261367,0.0,3.8314214356090983,0.09349525639240039,212,0.22179321782460562,0.06024187073464472,0.10981285422796237
20261367,0.02,4.7492219073601225,0.1124108013337812,212,0.5205262240993667,0.08840140833531326,0.37860907280660905
20261367,0.03,5.318944821113316,0.1234259661311333,212,0.6552688591088661,0.10303162814704363,0.5127485611065531
20261367,0.05,6.679736673817075,0.1500893010757093,212,0.9690982430515905,0.1311205031992725,0.7804432967010735
20261367,0.075,8.41840714274749,0.1827010912755307,212,1.4488474728521934,0.16565810386780164,1.113830276727285
20261367,0.1,9.90726737257035,0.21047966557156786,212,1.8654139763754,0.19854998402411947,1.4456603545946367
20261368,0.0,0.4034115342094415,0.009174866253205414,212,-0.3251632677933549,0.01695337910354829,0.05811718574730654
20261368,0.02,1.5095344969773086,0.031097665882892707,212,-0.048649444367523914,0.044411411694344545,0.29404647014082924
20261368,0.03,2.2891915563019163,0.04607095748777231,212,0.16008187369888416,0.05772822979051114,0.41183994098713017
20261368,0.05,3.755252801198898,0.07269230454124645,212,0.38407186734411247,0.08373819218574624,0.6470395597263554
20261368,0.075,5.555266710798966,0.10522011895886416,212,0.9486596686602653,0.11560700153204598,0.9402211952056944
20261368,0.1,7.266976937566796,0.1363904955800064,212,1.2069397643985715,0.14842412276030442,1.232366317075275
20261369,0.0,2.4044445774063634,0.052804381487641217,212,0.3901329895179159,0.01250061445694296,0.07923388285919306
20261369,0.02,2.9420344801139526,0.0627964754749752,212,0.49917956836132066,0.04166683734915082,0.3203701690723824
20261369,0.03,3.486502755803084,0.07309272564907135,212,0.5743296950029881,0.055453715006677104,0.44072521865500486
20261369,0.05,4.865351406516071,0.09814157497603619,212,0.8764175993360833,0.08247241088326139,0.6809633943832211
20261369,0.075,6.670124865514654,0.12949731277496948,212,1.171312396310018,0.11712368608623697,0.9802832905402085
20261369,0.1,8.510959343609384,0.16042139457147772,212,1.4622631172731113,0.1511866187663343,1.2783874889155178
20261370,0.0,5.552080780926685,0.13011791428735284,212,0.5792481376487891,0.08481144364610557,0.3926503268175634
20261370,0.02,6.541133275438318,0.1496791510662876,212,0.8538120941559123,0.11392236541344761,0.6851329643762901
20261370,0.03,7.1598782545195165,0.1609564841593,212,0.8939691345248023,0.12808508590108061,0.8309173780563173
20261370,0.05,8.416623598345964,0.18365554772691894,212,1.1514555747638096,0.15645763524197312,1.1215002921897865
20261370,0.075,10.067898919085707,0.21118321877124996,212,1.4406686922076903,0.19186878886440165,1.4827353942268418
20261370,0.1,11.655047773556026,0.23857417314577375,212,1.8029314229550872,0.22657229290752834,1.841556470118637
20261371,0.0,2.3206568657975355,0.05563088342522878,212,0.011905487398001565,0.03799699325735914,0.12149103308885979
20261371,0.02,3.4811520592809284,0.075485523394424,212,0.26156782103480236,0.06667728311718103,0.31795365351849014
20261371,0.03,4.1472898303648,0.08742851817563638,212,0.352068330177937,0.08123940061773403,0.41619399469163454
20261371,0.05,5.556524050177604,0.1126847467208481,212,0.6644752708574242,0.11006101557443533,0.612661096393973
20261371,0.075,7.470624022981943,0.1479059307384134,212,1.0097370895485114,0.14574304229921595,0.858154251409938
20261371,0.1,9.32114044023123,0.1822090136737152,212,1.3402120799930788,0.18228274850686962,1.1034544449162764
20261372,0.0,3.1545928310982876,0.07579070367609106,212,0.1660739034860847,0.021242288565365926,0.11866534674892538
20261372,0.02,3.330188592489002,0.07870783801276429,212,0.1271440620538432,0.04612728270754308,0.386379193787041
20261372,0.03,3.692541041665099,0.08582632169688428,212,0.2557013058559422,0.05817422312160513,0.5197600519755853
20261372,0.05,4.492587592245153,0.1012758174325531,212,0.6065947233190894,0.0829895788102475,0.7855077884090654
20261372,0.075,5.9402307522312014,0.1280656280978871,212,0.9264957916900717,0.11414613015017326,1.11566743298785
20261372,0.1,7.431225048753204,0.15389791002711806,212,1.3338370129511619,0.14525403698211523,1.443407857740842
20261373,0.0,2.939112430169742,0.07332929157210857,212,0.3690941552475522,0.015372176570347132,-0.4147639565448675
20261373,0.02,3.5218941499729235,0.08553650283879108,212,0.48324411330925093,0.04086855537076332,-0.14980623038866472
20261373,0.03,4.067129677516705,0.09547534389106908,212,0.5408878768366421,0.05362519355393702,-0.017668542221680936
20261373,0.05,5.322814106330113,0.11529106825387722,212,0.7399322221526484,0.08085792526565022,0.2458480389343177
20261373,0.075,7.022823408050393,0.1407265134074505,212,1.1281244685883436,0.11278715621134043,0.5736668477147454
20261373,0.1,8.759186955482217,0.16748099279856465,212,1.5190631888229276,0.14445933933589494,0.8995212018337859
20261374,0.0,1.646963132554324,0.0368320853030092,212,0.045330459721824076,0.026003817825805554,-0.03525326627331319
20261374,0.02,2.6140594861721405,0.05440606591894084,212,0.3691213575357791,0.05571281101762263,0.21000351120630892
20261374,0.03,3.24567767433113,0.06589282642001001,212,0.6725858257298818,0.07010339262160104,0.3325651519982063
20261374,0.05,4.915175857902739,0.09535296454993077,212,0.944262819091177,0.09751124456205604,0.5775045023884804
20261374,0.075,6.885994974890156,0.13071700980673281,212,1.1639334207746563,0.13206676689142136,0.8832303466164457
20261374,0.1,8.838493022557632,0.1624112109717432,212,1.4583171465109808,0.16517831540484518,1.188312772993116
20261375,0.0,2.5647194107081286,0.06159930853112019,212,0.1008681049391838,0.019133165108676953,0.01170257435214715
20261375,0.02,3.365174230116642,0.07576510130346799,212,0.2177643069583875,0.04771360571526885,0.22087671186187302
20261375,0.03,3.9989342916247717,0.08740086761320345,212,0.3167135030644416,0.06166485060503525,0.325420655592868
20261375,0.05,5.3617037887572,0.11155465799326554,212,0.7234946881318441,0.08901893756298183,0.534381544956407
20261375,0.075,6.855877605729611,0.13899067254360598,212,1.053128191300612,0.12226669069876042,0.7952608430812121
20261375,0.1,8.499681779666421,0.1697165919760116,212,1.3016776945934712,0.15534802841248901,1.0556649296584084
20261376,0.0,2.739412549095381,0.060132292579817954,212,0.5554420685963152,0.050092578179405045,0.3068323854696034
20261376,0.02,4.217908320494471,0.08381755954087777,212,0.9129536464875349,0.08052202213683546,0.593032805161079
20261376,0.03,5.019011957561686,0.0952341695409597,212,1.014503464198678,0.09590648784604165,0.7358653736050121
20261376,0.05,6.945654149283565,0.12294054514619979,212,1.428166798704312,0.12516590337459751,1.0209293326036022
20261376,0.075,9.341057108262948,0.15833019277562488,212,1.7898386206104915,0.1620768439852858,1.375998225261777
20261376,0.1,11.583066490908065,0.19059839913484458,212,2.2205535799533402,0.19722838954931632,1.7294800973979716
20261377,0.0,2.0578607690640194,0.048445833572288814,212,-0.12741781981591563,-0.0156466340048665,-0.003588358154853975
20261377,0.02,2.098314713513009,0.045983909420853855,212,0.022854259164830876,0.011775555264257446,0.22757119702628645
20261377,0.03,2.313321707112262,0.04880221859920204,212,0.15069154457749326,0.025807191604060333,0.34265518217677676
20261377,0.05,3.374562815536054,0.06705824642181239,212,0.45939041198895164,0.05445778271163945,0.5717840085295551
20261377,0.075,5.1537403689606105,0.09710314274244422,212,0.8724133877137418,0.08828926994322418,0.856152137490397
20261377,0.1,6.964643700404571,0.12782906217484985,212,1.2466739310570836,0.1236481947255016,1.1381222521086622
20261378,0.0,2.1646972900996717,0.047414057955578855,212,0.006786661779817354,0.051644081960363436,0.3419238859010056
20261378,0.02,3.5874057918828877,0.07474919915778434,212,0.3449276431293401,0.0775664842412276,0.54708991243125
20261378,0.03,4.271839179930916,0.08708339819267732,212,0.57520207437667,0.09034309227504732,0.6495808116933266
20261378,0.05,5.839049443061389,0.11571350740215795,212,1.0673826991694377,0.11692962010175409,0.8543342454773528
20261378,0.075,7.670440163035131,0.1496038800907758,212,1.4480876525697925,0.14802216551012215,1.1097574977773599
20261378,0.1,9.462253037992586,0.18112296102704425,212,1.7967381438622647,0.1803180224317748,1.364478053334918
20261379,0.0,-0.2525842061718311,-0.0054026126709214375,212,0.4703935879966599,0.019169520477801717,0.4924660982073872
20261379,0.02,1.998468802375347,0.04013325522902859,212,0.7435879557607767,0.05214844870103801,0.679645542437254
20261379,0.03,2.9984384690713517,0.05983120867777058,212,0.8931076577630803,0.06858414783014771,0.7733146788941822
20261379,0.05,4.803821513106843,0.09532480194004538,212,1.0267222343047073,0.10003000598071424,0.9607886691673251
20261379,0.075,7.047167213206281,0.1372312774969482,212,1.2894578885310717,0.14206705363799474,1.1953376641758584
20261379,0.1,9.18420721741136,0.17570447488509652,212,1.4661898394428734,0.1823339532521158,1.4300479051065746
20261380,0.0,1.3805460046273095,0.03291799457639338,212,-0.006747893872225429,-0.03628880295594754,-0.3701038555731571
20261380,0.02,1.3247354984688335,0.031065406893387635,212,0.08413486256422366,-0.006794357646711835,-0.140498876475852
20261380,0.03,1.7112018297375304,0.037733800866793926,212,0.06764997471188498,0.008073452182960697,-0.025489758375347053
20261380,0.05,2.941635073632275,0.05642711721380644,212,0.3450912551269647,0.03673069990742182,0.20488917016670236
20261380,0.075,4.975600809541395,0.08700044650537857,212,0.6269335776847526,0.07385874863795377,0.4934294314809295
20261380,0.1,7.199394611146989,0.12183503469633539,212,0.8992814618425021,0.10986131706797532,0.7824424644600294
20261381,0.0,2.9465230055177423,0.07254483487493754,212,0.37682594400764763,0.024431320099296248,-0.022060593160481076
20261381,0.02,3.734336465372452,0.0847044257285411,212,0.44773628346422434,0.05269326719045707,0.22006710804509297
20261381,0.03,4.3291233229194255,0.09336980476654733,212,0.38915802685033385,0.06652162069163273,0.3408499312538765
20261381,0.05,5.7467924827259615,0.11390239556280159,212,0.586905418156696,0.0949387181608894,0.5818034737157213
20261381,0.075,8.06487654529726,0.14944053695344056,212,1.1394261637973577,0.130142492565071,0.8817464522317999
20261381,0.1,10.05625629896053,0.17910344587453608,212,1.3431070518514665,0.16411120851391542,1.1801617017755541
20261382,0.0,1.9589836282372677,0.040214158726517506,212,0.6036450083302984,-0.008191735144479307,0.046598315174175196
20261382,0.02,2.0894353698418415,0.04055671847221426,212,0.6017856440486946,0.021366716096314076,0.21512822209700677
20261382,0.03,2.6445361024249663,0.04955083197470077,212,0.6706590440765642,0.03508293120540067,0.2993403065822921
20261382,0.05,4.210121722197674,0.07560585454575246,212,0.7290220361193441,0.06287379464029691,0.46763537236674285
20261382,0.075,6.018218039567865,0.10801845828656634,212,1.0892474558934666,0.09810317141710156,0.677714207522976
20261382,0.1,7.59555060645313,0.13695221163535667,212,1.2474467472918729,0.13320812066295806,0.8874035151948104
20261383,0.0,1.4238161832734062,0.03401889659918563,212,-0.056887263162819876,-0.0005955111872127426,-0.2325747044075289
20261383,0.02,1.883206275412767,0.04168936743705912,212,0.11361790238240027,0.02693779237909536,-0.03610137241235153
20261383,0.03,2.2471757410337627,0.0479470993535913,212,0.12723240585320372,0.03936313586052647,0.062211009561526996
20261383,0.05,3.51456110509645,0.06921550233903277,212,0.46127837280887013,0.06578120007537339,0.258944445756845
20261383,0.075,5.463167010245305,0.10052771610450684,212,0.828786080449627,0.09885588117222,0.504976440894758
20261383,0.1,7.221987376482603,0.12862785620068984,212,1.0776899247317486,0.12960637888234378,0.7510108605339529
20261384,0.0,1.4927421790903705,0.03598823110135262,212,-0.061274070415613814,-0.032991217362095385,-0.26189028517669627
20261384,0.02,1.3704980999452718,0.03303832572772184,212,0.08514336013278995,-0.00203590067098698,-0.027070049061878904
20261384,0.03,1.5514394994307343,0.03593446611884417,212,0.25195252430239196,0.013305041004759991,0.09013757109183655
20261384,0.05,2.695313936172625,0.05589305172088907,212,0.4903191197536471,0.043160991815433515,0.3241059898362447
20261384,0.075,4.663078439372629,0.08878851620937415,212,0.8630095511809985,0.0810125635962936,0.6156437069491449
20261384,0.1,6.818767842055621,0.12497286148501952,212,1.3987768073615965,0.11843299142218108,0.9060379004624667
20261385,0.0,4.012580412442458,0.09091477458540585,212,0.4114343853429656,0.03820740569649146,0.14925351308772222
20261385,0.02,4.808994942560847,0.10374849458048978,212,0.7206627015830578,0.06320099296241981,0.3737144328641589
20261385,0.03,5.365543357873953,0.11355369124767531,212,0.9473085836963977,0.07572669774453337,0.48584466354898825
20261385,0.05,6.525877331126072,0.13223471845582874,212,1.2584888267824526,0.10004434330938317,0.7098602166832961
20261385,0.075,8.214487564638292,0.16029082247110002,212,1.6163754276136926,0.13032017303107515,0.9893294777023668
20261385,0.1,9.792519554930177,0.18660698924290714,212,1.9074481287336749,0.16104250813131354,1.2680600273232494
20261386,0.0,2.4929100950982575,0.06116611638633776,212,0.15733813700979846,0.026601889250280605,-0.23716244794615376
20261386,0.02,3.1599148814654945,0.07496630727762804,212,0.508970745547299,0.051605166353976356,0.015821090521453057
20261386,0.03,3.595647353139209,0.0829721691968638,212,0.6538330457030247,0.06455331028437067,0.1419474805178397
20261386,0.05,4.683135900089404,0.1023137376186926,212,0.8745929486444765,0.08978240031460195,0.3934177938941347
20261386,0.075,6.198432321038125,0.12838770594548538,212,1.2059733731636653,0.12000856143340516,0.7061844844741635
20261386,0.1,7.6367951729389745,0.15490357122375245,212,1.4450599464584226,0.15069198092725647,1.0170622892051058
20261387,0.0,4.215510083449602,0.08791854758764205,212,0.4303049029000324,0.060350936842019025,0.4503604160030668
20261387,0.02,6.134849638672115,0.1141553470043176,212,0.7575580645629324,0.0905893870996813,0.6564699241408036
20261387,0.03,7.063810352885602,0.12713062944969236,212,1.1138847206998428,0.105455148739544,0.7595054608834813
20261387,0.05,8.790692029073117,0.1529352608164904,212,1.6223014081036304,0.13515082869759706,0.9655114508221486
20261387,0.075,10.807369609250019,0.18855225751480842,212,1.833356579385784,0.17313246053138234,1.2228420367858073
20261387,0.1,12.635969750922111,0.21898118942478637,212,2.3361236807693477,0.2075000614456943,1.4798986930390026
20261388,0.0,3.5272005676878524,0.08241813385330045,212,0.16525931180655176,0.043836382405230266,0.2536840272430309
20261388,0.02,4.399398151663215,0.09769814188220452,212,0.4046217336773543,0.07362935137925102,0.46680552246077195
20261388,0.03,4.978825121095423,0.10770457319820743,212,0.6551125370687525,0.0875493613744173,0.5733013484477909
20261388,0.05,6.268683134188202,0.12958692107915026,212,0.8470560812104018,0.1161523320689175,0.7861250201103618
20261388,0.075,7.929211487155155,0.15808901842551554,212,1.082333899422355,0.15074933024193218,1.0517614028763573
20261388,0.1,9.690193020404738,0.18874529940438642,212,1.5398563328660329,0.1834261504682162,1.3168510221596583
20261389,0.0,3.808679823500935,0.09847901424720831,212,0.4771901920629254,0.03648184484552552,0.26110883791323414
20261389,0.02,4.567583802581788,0.11009225046903545,212,0.6108424219690056,0.06745969162454224,0.5054224303929665
20261389,0.03,5.157371497585672,0.11861937669487707,212,0.637813666792135,0.08209093553117754,0.627397667425968
20261389,0.05,6.624525173151657,0.14151301829443136,212,1.067776647649385,0.11238417486625318,0.8709190121605667
20261389,0.075,8.494327643876394,0.17230345570584715,212,1.5274595887961924,0.14932174194446948,1.1743816050805567
20261389,0.1,10.255966471287918,0.20162022054907872,212,1.9414999615871342,0.18483325686758043,1.4766135291249083
20261390,0.0,0.6502817834383829,0.01461639453051393,212,-0.136119469847497,0.006142009192275869,-0.04173082212284459
20261390,0.02,2.1348699527569006,0.04406373147412317,212,0.25704043062241017,0.03452582357712254,0.19187548674773394
20261390,0.03,2.8720822237839996,0.057710820177127455,212,0.38635131688247065,0.049056194135622934,0.3084700259900654
20261390,0.05,4.3728418232073665,0.08632454386812935,212,0.7475527772737958,0.0778061224489796,0.5411786782275224
20261390,0.075,6.212988564202322,0.12049859084541086,212,1.021573182865482,0.11299555952449225,0.8310353288082788
20261390,0.1,8.021247882105735,0.15433417445661524,212,1.339709435415697,0.1471352993224588,1.1195702830240992
20261391,0.0,0.7498020057782349,0.017505878304754256,212,0.11518421554296415,0.0016692746950245393,-0.28660260895696216
20261391,0.02,0.6972660095277838,0.015583140120761271,212,-0.13181355038462136,0.028798060773888037,-0.03303872436190683
20261391,0.03,1.1950704680185122,0.02504116861517791,212,0.06297581779890041,0.04312207620904644,0.09338040368751427
20261391,0.05,2.776281999975487,0.051765437206596814,212,0.32928723452482656,0.0702861935621298,0.3454330290282043
20261391,0.075,5.0334553257697285,0.08802966188482618,212,0.6492084174163476,0.10277867670552765,0.6589049754691051
20261391,0.1,6.917890339702916,0.11908021940209243,212,1.0133253531913995,0.13511549742337722,0.9704399538792501
20261392,0.0,1.9631694761040845,0.04739920857945747,212,0.1068340601830219,0.008373511990103147,-0.051148108764656225
20261392,0.02,2.491781219986367,0.05745582054580162,212,0.09458841456687195,0.039090214568364486,0.18188369429654744
20261392,0.03,2.953407937262917,0.06564601954792355,212,0.36417877238309415,0.053924741313627005,0.29830139945780226
20261392,0.05,4.261881502817166,0.08756267460818128,212,0.6664250382425941,0.08446222728352681,0.5308929840414868
20261392,0.075,6.2388752461963595,0.12080530726943527,212,0.9090598425889169,0.12140184255155292,0.8210782000240295
20261392,0.1,8.201974279339355,0.1548339327702177,212,1.3670910664336877,0.15792004276620322,1.1105115979958908
20261393,0.0,1.2942454086363875,0.03091894563252672,212,0.04438199989609965,0.008920616300678988,0.03242764414170787
20261393,0.02,2.2696295504400226,0.04664393858707674,212,0.3221197883579837,0.03609422492401216,0.26691545830603797
20261393,0.03,3.0599534646227573,0.05794277767309251,212,0.5149478257619641,0.05031992724829795,0.383958403115379
20261393,0.05,4.7418745038864,0.08329219885465226,212,0.8603980796582593,0.0776970563416053,0.6175730473750682
20261393,0.075,6.797552167215295,0.11643959068974839,212,1.2425326543751036,0.11105797196437789,0.9085668792608399
20261393,0.1,8.544179526562184,0.1459796082222532,212,1.491674224474352,0.14238861943814057,1.1982267612439261
20261394,0.0,2.0978411836732143,0.04854670692042374,212,0.03146767829510454,0.012619409465914022,-0.008351306889499416
20261394,0.02,2.6979583966479996,0.05935705273679122,212,0.2680673442064943,0.040685242382782094,0.25474083324613933
20261394,0.03,3.324780334947316,0.0710245659885793,212,0.4671368798162275,0.0546979329668439,0.3863627158324764
20261394,0.05,4.696391818656821,0.09479841715891496,212,0.6877425592280497,0.08347192751046624,0.6497043023443617
20261394,0.075,6.66550718795573,0.12806050762336246,212,1.1635299336155138,0.11917853251296505,0.9789533788464152
20261394,0.1,8.588668011451936,0.15819757248543734,212,1.5371720274047767,0.1522286353320935,1.308124861733791
20261395,0.0,3.3823038022154677,0.08165364700677541,212,0.22607519600767215,0.0416617168746262,-0.30801767972813593
20261395,0.02,3.954778648448533,0.09405185197322605,212,0.26964031688032936,0.06671619872356813,-0.023200535143064464
20261395,0.03,4.352778295289155,0.10246735185443105,212,0.22349141126141261,0.07965000532529351,0.11921421259546366
20261395,0.05,5.39486753982497,0.12424524205507173,212,0.3888647806620573,0.10500096264921063,0.40399826743023254
20261395,0.075,6.645098775412877,0.14968273539845484,212,0.5824567850950881,0.13536281634291614,0.7597740761625567
20261395,0.1,8.084248854483636,0.1773230568823274,212,1.0549075463320359,0.16523720086187826,1.1151550422548828
20261396,0.0,2.428248315168835,0.05606356352255877,212,0.11874470941906547,0.014162208440180572,0.03214581941146664
20261396,0.02,3.2750230350817913,0.07177317936407802,212,0.3563754029612666,0.041232109062010996,0.26300412221588343
20261396,0.03,3.8231391043077707,0.08221024258760108,212,0.5010970876551686,0.054811607501290355,0.37815385551370007
20261396,0.05,5.05921988829959,0.1046435535273925,212,0.7563655140429101,0.08265930820340983,0.6078570656581272
20261396,0.075,6.70811130577911,0.13612115862001165,212,0.9903679862026755,0.11632284387058718,0.8937924428233751
20261396,0.1,8.30883454626705,0.16630840413242776,212,1.236716953399364,0.14904011584561566,1.1782969875532299
20261397,0.0,-0.2569222975169527,-0.005295082705904518,212,-0.3135925681832005,0.0044471321246282525,0.1672326719023264
20261397,0.02,1.0041163862924756,0.018151058094855767,212,-0.02156077863321588,0.03575883384264986,0.42211655623523653
20261397,0.03,2.2839614610779186,0.03888846787209464,212,0.11483311812321811,0.05136604019367682,0.5496041597146593
20261397,0.05,4.480916050605211,0.07446450077421575,212,0.4735633830015852,0.08328400609541288,0.8045913959956287
20261397,0.075,6.887121102589019,0.11595416970481488,212,1.019923378992569,0.1227224129314512,1.1231842505088312
20261397,0.1,9.037409650103209,0.15326041094880344,212,1.3235443894612806,0.16114286943199602,1.441388936040946
20261398,0.0,3.062271660838002,0.059230064968580756,212,0.14361366662875524,0.0444943633816433,0.30235806050382086
20261398,0.02,4.678304530567768,0.0873721929558656,212,0.5308390874919233,0.07544507164567955,0.5589044899658471
20261398,0.03,5.447377611153398,0.10163220245946632,212,0.6421999959794082,0.09045983909420854,0.6870366753293242
20261398,0.05,6.985002799137323,0.1288797835473009,212,1.0710028962868416,0.12083295783186818,0.9429525523822906
20261398,0.075,8.789394474573049,0.1621644040996567,212,1.280892267656948,0.15790212110536705,1.2620582220250367
20261398,0.1,10.704477135709427,0.19711471501486985,212,1.6113504608704485,0.19457035122358862,1.580097361468616
20261399,0.0,2.4864761900726084,0.06311343284804889,212,-0.1677460607657132,-0.003710295840536131,-0.39229874168821527
20261399,0.02,2.786933718010648,0.06654159054227872,212,-0.01549556845194824,0.024457946566824245,-0.17589508362501927
20261399,0.03,3.1291712667398404,0.07180748654339295,212,0.07532346066279323,0.03860735382069327,-0.06785848052474118
20261399,0.05,4.2414260473003305,0.09015107448037424,212,0.41569595447068347,0.06663990365315134,0.14784640520867046
20261399,0.075,6.180877748896369,0.12255599750940123,212,0.8340013656951243,0.10030446341523362,0.4167098305518909
20261399,0.1,7.800954412271729,0.15123731146412803,212,1.0664087128051825,0.13252863369354162,0.6846129567846978
20261400,0.0,3.2620843706510763,0.07153200501396866,212,0.5972468384863433,0.026926527335141195,0.17823380044580203
20261400,0.02,3.773639443542025,0.08004735414840364,212,0.7976745453814976,0.05498007111315021,0.4128819764669952
20261400,0.03,4.20978413628771,0.08710541623313316,212,0.8747473943496702,0.0677075225915336,0.5298944876493918
20261400,0.05,5.393502838332891,0.10594671429390703,212,1.1691908396346538,0.09452088743968082,0.7632306673110661
20261400,0.075,7.045999281049236,0.13320709656805313,212,1.437988761719323,0.1262053597030944,1.0534767674203875
20261400,0.1,8.940601340804248,0.1629160897598702,212,1.8440245712043086,0.15902708935842502,1.3419578732019486
20261401,0.0,2.6772735811060873,0.060549611253574095,212,0.3058716105574204,-0.012308596662269883,-0.09243149088445954
20261401,0.02,2.9503999722914585,0.06384310046780654,212,0.441168662878207,0.015471001728672204,0.11749588189557579
20261401,0.03,3.387822203092324,0.0699267362505018,212,0.5105201158005548,0.02930857208399217,0.2224302825770023
20261401,0.05,4.18300523709751,0.07866328988440016,212,0.7275886767914702,0.05726789913074824,0.4322058018040704
20261401,0.075,5.76342631002108,0.10286418863008871,212,0.9833781621690507,0.09138664498316387,0.6941789301823726
20261401,0.1,7.574582842129441,0.13252863369354165,212,1.2944638401850845,0.1257276194299478,0.9557779726691238
20261402,0.0,0.7233530420461184,0.016990246520125513,212,-0.03863763672521199,-0.004613547546678249,-0.33212479688803626
20261402,0.02,1.3449298428323724,0.02949546940414062,212,0.02294053540310045,0.024786168983852074,-0.10534927105949893
20261402,0.03,1.99998648764729,0.041763102270213584,212,0.21114451755355337,0.03992024348880459,0.007965081936492792
20261402,0.05,3.400831466212217,0.06792616685373468,212,0.5086460983057179,0.06850785275973095,0.2343951858639771
20261402,0.075,5.206021265259328,0.10272132739085195,212,0.7213524039157504,0.10518888406426401,0.5169543463231873
20261402,0.1,7.047619901271179,0.13807871603077201,212,1.0675426354865294,0.14132970530645017,0.798833186720255
20261403,0.0,3.2176556971273427,0.07943289720544981,212,0.22788870510103545,0.040146568462792576,0.0007108104542738562
20261403,0.02,4.0960097204044725,0.09719223899917255,212,0.21124853523904574,0.07230263642992323,0.268674477429173
20261403,0.03,4.7836353529088385,0.11062375572469049,212,0.3186440226678093,0.08780231281593327,0.4024770321081725
20261403,0.05,6.200140318974588,0.13774639723412446,212,0.7152280584698377,0.11994199526458516,0.6696671361623595
20261403,0.075,7.933401798391963,0.17090659025553215,212,1.1075580966091203,0.1576409769046117,1.0027615246782768
20261403,0.1,9.727481389055209,0.2035844345767211,212,1.512710994463036,0.1938350510818539,1.3347028928740152
20261404,0.0,1.092445032654114,0.023347827689887673,212,-0.14609968867510184,0.01303519199731277,0.034716064070056035
20261404,0.02,1.8686981086706491,0.03833801686069852,212,-0.14488825275603145,0.04147789183919253,0.2854448191310597
20261404,0.03,2.6834982090854727,0.053307212085958434,212,0.12061848443057417,0.05575787119343924,0.41078888141435377
20261404,0.05,4.576841056574505,0.08660360972972088,212,0.3436848906338083,0.08458665481447496,0.6613771751352105
20261404,0.075,7.0389343443750185,0.12622020907921577,212,0.8494131735187261,0.11961786922717703,0.974303563148129
20261404,0.1,9.243104527087295,0.1614910616996698,212,1.2132535046260198,0.1540131207039219,1.2867151868339575
20261405,0.0,2.8344625553970193,0.06855700931516726,212,0.15176819186185198,0.019209972226546176,0.24321743409230973
20261405,0.02,3.3248772547588707,0.07594790224399675,212,0.32034006751818567,0.047382311013526246,0.46914121679321136
20261405,0.03,3.730939451250562,0.08205918858912493,212,0.2652721282626854,0.06084455058619192,0.5823847838333778
20261405,0.05,5.074181872484843,0.10313813401715566,212,0.6582075892769925,0.08851405877485478,0.8093976633573442
20261405,0.075,6.798513658288356,0.13075899769783467,212,0.947528468794157,0.12172545654150863,1.0940705125829384
20261405,0.1,8.762896925221451,0.1635085286623682,212,1.398533305959905,0.15571772667316625,1.3796370416354153
20261406,0.0,1.4202374159636986,0.02976330439394321,212,-0.12622474969886638,0.009361220313748872,0.10031906528277444
20261406,0.02,2.81279120128934,0.05355401895804488,212,0.355385339914451,0.038195667668914225,0.30584083109385124
20261406,0.03,3.6714032960344443,0.06785345611548514,212,0.5535702762021122,0.053473115460555956,0.4085998387585115
20261406,0.05,5.378645845105398,0.09688449848024315,212,0.8047646490317814,0.08329168680719981,0.614084329300301
20261406,0.075,7.301319453211603,0.13055673895411235,212,1.2300184083736114,0.11960301985105566,0.870815725913707
20261406,0.1,9.207882228877226,0.1632402157972784,212,1.5588137558009088,0.15522001654937365,1.1273225145479264
20261407,0.0,1.130626262888749,0.024355537076331934,212,-0.018704690956313167,0.017159222179437817,0.13961941742301415
20261407,0.02,2.3748146970515656,0.04807152688453945,212,0.4918389743701705,0.04461367043806684,0.34647903514890843
20261407,0.03,3.2872719622349003,0.06440123219098959,212,0.6846273692720363,0.058633529686463105,0.45003026526895173
20261407,0.05,5.020375270569934,0.09498480243161093,212,0.920050601400817,0.08574080977232323,0.6573400237679328
20261407,0.075,6.9892663999606945,0.13106264183714436,212,1.2929993247136038,0.12049859084541083,0.9167920030322391
20261407,0.1,8.83282536058677,0.16424229266174556,212,1.4719028459220436,0.15336947705617776,1.1764884764875136
20261408,0.0,2.5407950973962374,0.05770723584496022,212,-0.240726492178351,0.032366519470092336,-0.13546480268494937
20261408,0.02,3.3580031215138977,0.07257350953227537,212,0.15403065989753878,0.05871494523140448,0.10045784285412819
20261408,0.03,3.9759076633165966,0.08411301092094806,212,0.27869677293282047,0.07242194348634677,0.21821861433703965
20261408,0.05,5.223219286790467,0.10831339761918417,212,0.5758224925653725,0.09854916474819553,0.4533038088057578
20261408,0.075,6.915734006994331,0.14117250673854448,212,0.8877832966715938,0.13157110495743862,0.7462704714207026
20261408,0.1,8.56127103491275,0.17270950933564916,212,1.1871542069392276,0.16356280569232912,1.038148716826666
20261409,0.0,0.24870535119322446,0.005254630957160056,212,-0.3140474078519494,0.005199329832294215,0.13817701175070563
20261409,0.02,1.398295409306586,0.027597821545318237,212,-0.19819020969919657,0.034444408032181156,0.34975310899752965
20261409,0.03,2.2101471032377416,0.04209337287705127,212,0.006156219570136919,0.04789179822872545,0.4556226407756848
20261409,0.05,4.005702443487083,0.07454694041406205,212,0.4734759586850377,0.07648043159455674,0.6674863820026692
20261409,0.075,6.110223936952272,0.11353372139702932,212,1.0290557443067438,0.11269652381225473,0.9324704674736901
20261409,0.1,8.107860814675458,0.15140935940815511,212,1.1523572148546015,0.1497313799064387,1.1975134612036238
20261410,0.0,3.1551642466348753,0.06841722036064526,212,0.38376665495758383,0.02972230642558107,0.053587940432815104
20261410,0.02,4.147087640556069,0.0835830418076504,212,0.6764473933433706,0.05827048804266788,0.2247702446334911
20261410,0.03,4.674486955398258,0.09158531939471895,212,0.8117489761515003,0.0728950753324212,0.31026338129184655
20261410,0.05,6.1628043371742285,0.1177156129412825,212,1.0748858986392267,0.1009844624321025,0.48103295069111346
20261410,0.075,7.786734119488409,0.14678915524459485,212,1.4326672098433892,0.1357770627319575,0.6940463514798054
20261410,0.1,9.432461308567563,0.1778914295545597,212,1.4184963442060001,0.17068282551880648,0.9065022698749842
20261411,0.0,2.2225318639760037,0.05638717751251444,212,0.22599668879105783,0.01826114829713499,0.1395736690551217
20261411,0.02,2.7516564679701654,0.06533162241211218,212,0.39349564754275623,0.047636286549947164,0.3340560482571037
20261411,0.03,3.3826110701312166,0.07631913664703135,212,0.5728481927195782,0.06229313282920554,0.43120414946292157
20261411,0.05,4.843202151063586,0.09830030968629926,212,1.0661044413035157,0.0911869464767039,0.6252911804275005
20261411,0.075,7.276014829124531,0.13660504346258776,212,1.380448276824307,0.1282115616218386,0.8674607149188236
20261411,0.1,9.424420620745364,0.17047698244291695,212,1.6761578220690518,0.1636360284780311,1.109076259639881
20261412,0.0,0.731639435852296,0.01750484924870131,212,-0.37547930172980226,-0.013505244651976176,0.021190482895900892
20261412,0.02,0.7816701781852281,0.01798259448299593,212,-0.2625739648071099,0.015001966262217456,0.2256928939176203
20261412,0.03,1.233920573889336,0.026876346684799976,212,-0.16059808053107236,0.03002595056489075,0.32799239191082463
20261412,0.05,2.7127500644476563,0.054458294759091926,212,0.16186086689469598,0.05885729442318879,0.5326563297700121
20261412,0.075,4.808350575173109,0.09177580104703463,212,0.6660836375221627,0.09562383765228293,0.7885425780054496
20261412,0.1,6.7276230759725335,0.12487352427924202,212,1.0621042529477345,0.13062330512293235,1.0443987176905383
20261413,0.0,1.2296443884385542,0.029064327255748538,212,-0.2570638360161643,0.007131607550030246,-0.2180262337523174
20261413,0.02,1.6219544388873957,0.03919364815376171,212,0.04858479124723215,0.035742448324171096,0.07430160983989285
20261413,0.03,2.1910665231379385,0.05104754667824577,212,0.15192167507034351,0.05060872201148625,0.22027405478249829
20261413,0.05,3.7690178157744127,0.08006629990414471,212,0.6321312332662331,0.07845283838143847,0.5117593999653383
20261413,0.075,5.59416146307483,0.11382968482455207,212,1.128399697068615,0.11253727705453921,0.8750983085776646
20261413,0.1,7.23265818561342,0.14251509515889857,212,1.398482802005992,0.1472448774772856,1.2370887944077074
20261414,0.0,3.4312287189805,0.08392662564825208,212,0.18875779301651657,0.034332269640092075,-0.03177971185137244
20261414,0.02,4.020906870504883,0.09225712565234845,212,0.19690518391991568,0.061358646228463286,0.18772004471544326
20261414,0.03,4.509598099699279,0.10030907184230578,212,0.3684623300059118,0.0745064886653176,0.29729697774132213
20261414,0.05,5.720468853894988,0.12185807683169615,212,0.7008579593204138,0.10143455214281617,0.5160645842189434
20261414,0.075,7.317599533723628,0.15328447717906912,212,0.9753266001738953,0.13396953522476834,0.7887176824954657
20261414,0.1,8.792335241624846,0.1825198264773593,212,1.3105103236497466,0.16635244021333945,1.0603603657970357
20261415,0.0,1.9931344592689715,0.04858715866916819,212,-0.09250461673427798,0.018094732875085003,0.11623267628661813
20261415,0.02,2.6543580305340218,0.059273589002039995,212,0.178823495157324,0.0468600226120155,0.3504791462406758
20261415,0.03,3.3353095945366453,0.07161649284362481,212,0.3760772906496927,0.061060634611130676,0.4674709055070631
20261415,0.05,4.77903160298506,0.09771913582775543,212,0.677557116384562,0.08826827599767324,0.701148799063336
20261415,0.075,6.834346219674986,0.13445239597243958,212,1.0426908584973256,0.12368352599972146,0.992585929382211
20261415,0.1,8.598125856274846,0.16700069228815573,212,1.225342182631721,0.1600301903177971,1.2831675812296646
20261416,0.0,2.419887894051132,0.05791205482594484,212,0.25925386843842474,-0.0008121072596039527,-0.5709197868202756
20261416,0.02,2.5510014963245267,0.06183638650160988,212,0.13389098610329575,0.02755378546440655,-0.2650784199561742
20261416,0.03,2.861478035394124,0.06793743189768882,212,0.25124059683313427,0.0419971079559885,-0.11255173122600334
20261416,0.05,3.8313018933745617,0.08431782990193266,212,0.3240201250512517,0.06984327251575058,0.19164281208375444
20261416,0.075,5.583186756744258,0.11556962206801628,212,0.5630034885427065,0.10670915295062225,0.5701327660305777
20261416,0.1,7.393472675967528,0.14768933466602213,212,0.987940661252929,0.1414613015017328,0.9464777476640599
20261417,0.0,3.4831883774925694,0.08435008889143776,212,0.19944338282506616,0.046459601504190595,0.18663899716894675
20261417,0.02,4.180039467428396,0.09726290154761222,212,0.35797540110226944,0.07216694385502093,0.3653909122495166
20261417,0.03,4.607766328934441,0.1053512031066943,212,0.4964528265905167,0.08491692542131266,0.4546554142195239
20261417,0.05,5.5630050136378255,0.12453710910297479,212,0.8976862658607889,0.11056077388803774,0.6329445185536001
20261417,0.075,7.022996954185201,0.1532993265551905,212,1.298509136932109,0.1433927444924176,0.8553213953714798
20261417,0.1,8.517361329811648,0.1809591058422566,212,1.4677615440533573,0.17454263921546143,1.0771114336179912
20261418,0.0,4.392639762909013,0.10048624026085745,212,0.6624374923635298,0.05216893059913648,0.11002467388858773
20261418,0.02,5.345267264503794,0.11801823298568725,212,0.9155958244945727,0.08045596801546794,0.33719220132260636
20261418,0.03,5.888094344144911,0.12840767579613138,212,1.1122957681235135,0.09414760484683637,0.4506461975885306
20261418,0.05,7.153697234272771,0.15243396636053055,212,1.441400074182577,0.12300096674559023,0.677261646993373
20261418,0.075,8.64338651803861,0.18087461801260044,212,1.591947796528961,0.155967093782515,0.9599149981914492
20261418,0.1,10.000491416458958,0.20708171867703323,212,1.8313653511022328,0.1877606321533029,1.2417896431282585
20261419,0.0,3.02094559482065,0.06930152631104632,212,0.18383544515608172,0.03948449110675985,0.06141620186177989
20261419,0.02,3.9883625369830664,0.08530147305811123,212,0.3239971235139771,0.06748785423442762,0.3424756185708074
20261419,0.03,4.703795351824199,0.09644362562367381,212,0.5146020009880972,0.08046774510687454,0.48279978590064543
20261419,0.05,6.244997716524581,0.12148633038120908,212,0.6687093035963009,0.10786177176611311,0.7629699805069386
20261419,0.075,8.310565995887961,0.15336179634439082,212,1.1479735989500774,0.14075877239695556,1.112149610047157
20261419,0.1,10.307377909448775,0.1829135909683022,212,1.4986947359338636,0.17268185877321623,1.4599910855994203
20261420,0.0,2.0479288383902463,0.0412213560655093,212,-0.19559740221956487,0.020888975823167483,-0.0548025588688727
20261420,0.02,3.135393967662861,0.05883527638273294,212,-0.039943029621020476,0.04989134353058766,0.18300593946211405
20261420,0.03,3.7157725355820643,0.06804701005251558,212,0.21603723777668593,0.06379548005472764,0.3015151301632387
20261420,0.05,5.2030289563778025,0.0940738700136819,212,0.5761702641993739,0.09227658345554199,0.5376937115488468
20261420,0.075,7.093061557965147,0.1285249346627451,212,0.9413120082534773,0.12752593008299265,0.8312426733201952
20261420,0.1,8.895853862539173,0.16095494801694263,212,1.329938203602574,0.1615325375433192,1.1227948833276782
20261421,0.0,2.371447153119618,0.058323228930271434,212,-0.18836129671107316,0.008848692025987428,-0.37591705699333444
20261421,0.02,2.7874877944740493,0.06521436354549849,212,0.04272222110823404,0.03814241473385821,-0.09853204125763557
20261421,0.03,3.123975049264316,0.06943619479104368,212,0.28111843751871796,0.05269736357007677,0.04005056520742842
20261421,0.05,4.4858849393084785,0.09032056218713902,212,0.5402230952659315,0.08043343792755962,0.3169155193117968
20261421,0.075,6.6401642008406405,0.12290982229905209,212,1.0692606695901217,0.11518712262102752,0.6622691428513026
20261421,0.1,8.594959636305475,0.1519746597956726,212,1.3929233136251746,0.14942568757731917,1.0065841846600994
20261422,0.0,3.579166581073227,0.09037739945436221,212,0.24445176526134826,0.04329310005816859,0.23368592654223824
20261422,0.02,4.4018775310883385,0.1056691845746729,212,0.5087108221943237,0.06879101500094217,0.497834904239705
20261422,0.03,4.974889069537965,0.11495618921996739,212,0.632308115565454,0.0818907249772651,0.6296111556329718
20261422,0.05,6.174575971686013,0.1344093839864328,212,0.9505955744851162,0.10748900122072112,0.8924859512141465
20261422,0.075,8.043997777289125,0.16537238138932814,212,1.34067720061382,0.14089497701931034,1.2196443089015665
20261422,0.1,9.772744947350212,0.19262457090423482,212,1.7521925402875016,0.1726193889840159,1.5449807439050716
20261423,0.0,2.2660458548625932,0.04768134672576376,212,-0.16430747581680663,0.04417177348659255,0.28916893950717515
20261423,0.02,4.09749973722139,0.07821524836349633,212,0.2665269760465281,0.07459456082714097,0.5228415139462371
20261423,0.03,5.034475351609354,0.09347477449430192,212,0.36251927472828627,0.08918330479522199,0.6395658483153539
20261423,0.05,6.996156128603851,0.1256682219254623,212,0.6929228261881497,0.11930244799646073,0.8727544902198724
20261423,0.075,9.019666922992933,0.15912540246929766,212,1.0881164209328027,0.15533881155834472,1.163678824221835
20261423,0.1,11.12649909765598,0.19321444956947048,212,1.579421701800637,0.19058918228070032,1.453875776830514
20261424,0.0,2.894514321909103,0.06135813418101083,212,0.3234032351339107,0.06108162855668161,0.1991709965039718
20261424,0.02,4.403884025200442,0.0923882098001786,212,0.601603173708619,0.09004149632554748,0.4647437374481144
20261424,0.03,5.144212280375979,0.1072058389795099,212,0.772468609118222,0.1046645474729434,0.5972763538914462
20261424,0.05,6.386091222167007,0.13215023062617257,212,1.061071999464899,0.13220757994084825,0.8617930513360264
20261424,0.075,7.953045698721055,0.162679523836833,212,1.4037468776227957,0.1657717784022481,1.1913271022787157
20261424,0.1,9.53013770157659,0.1929169499995904,212,1.6943515734457515,0.19904103753103006,1.5195100691431773
20261425,0.0,1.3096373127936425,0.028512338295414517,212,-0.30387164358492,0.051494052056792215,0.3051953960468888
20261425,0.02,3.4269528925183206,0.06793743189768883,212,0.08484351705058696,0.08263165764097692,0.4850822746103905
20261425,0.03,4.516644494143676,0.0881479448463448,212,0.36856723114266354,0.09802380406197005,0.5750820542028409
20261425,0.05,6.417905395908035,0.12401533274891649,212,0.904702243624384,0.12744861091767096,0.755170165855447
20261425,0.075,8.431948564706286,0.16314343882876314,212,1.2643587877833338,0.1641992806757388,0.9803963629172318
20261425,0.1,10.415435960643462,0.19973025340204326,212,1.51910316711707,0.20082347471304862,1.2056805887741835
20261426,0.0,2.8965966444193874,0.06341525526978681,212,0.4370625732806018,0.031083580554834178,-0.1957484280069084
20261426,0.02,4.059811011181699,0.08085638912329284,212,0.5192310658507557,0.05910102901056046,0.07911379981192788
20261426,0.03,4.795807944144966,0.0924148362677066,212,0.7570714587949278,0.07252742526155384,0.21629730577052333
20261426,0.05,6.606621137849282,0.1192282011158538,212,1.0522011379465837,0.09988868088383486,0.4900846654923105
20261426,0.075,8.64686005005727,0.14972216305229438,212,1.3530009271672778,0.13381643303648236,0.8310606065249968
20261426,0.1,10.739462985378514,0.1802325105072137,212,1.6549354655564301,0.16697765015279498,1.1704007708303517
20261427,0.0,2.4520993162794356,0.05345468175226735,212,0.1048592194127228,0.02802589321557607,0.07493956907257601
20261427,0.02,3.493969276063431,0.06791899818940023,212,0.19684759982742076,0.058653499537109105,0.31764396958096003
20261427,0.03,4.379011778239119,0.08098030460678853,212,0.3524092133949208,0.0747138678835645,0.4389592868369567
20261427,0.05,6.287375634537532,0.11204519945272368,212,0.7355917938086166,0.10506957700784046,0.6814483195191884
20261427,0.075,8.443408798472232,0.14854189367437057,212,1.2436140760823533,0.1421991618807298,0.984154716076804
20261427,0.1,10.237582197488585,0.18120028019236598,212,1.4935320109932353,0.17801380889569798,1.2862153344691194
20261428,0.0,1.9170844023838236,0.0493122178618537,212,-0.039553629775618535,0.011927633357638521,-0.27449920995838856
20261428,0.02,2.5453314630228254,0.06053681006726255,212,0.25893816827722244,0.04051626672346981,-0.004410214242632542
20261428,0.03,3.1139693612447616,0.07058778951162963,212,0.4438095863307225,0.05475016180699497,0.13002888798866472
20261428,0.05,4.5563478002354465,0.09467706191268158,212,0.5771446089091797,0.0828180429136729,0.3976231550036059
20261428,0.075,6.355363858135855,0.12495033139711123,212,0.7485743263007447,0.11789226931238171,0.7295635367823747
20261428,0.1,8.234638922866433,0.15574076880852705,212,1.0926245741770682,0.1518466479325572,1.0584717294677608
20261429,0.0,1.758185948797791,0.040092291432831655,212,0.10800148173393143,0.028187188163101447,-0.2307951903529023
20261429,0.02,3.093560601262965,0.06773312496415668,212,0.2629246088369829,0.05703901391949794,0.0473761261822604
20261429,0.03,3.901136628757225,0.08341150591107582,212,0.37007332113299635,0.07113004776378637,0.1861909028769124
20261429,0.05,5.339959242162714,0.111368784768022,212,0.6927609842338355,0.09999825903866165,0.46321284288051134
20261429,0.075,7.190827302832075,0.14660840249387594,212,1.0315388066229179,0.13523992495432538,0.8082174178022283
20261429,0.1,8.912467609834211,0.17870251271925872,212,1.3697809887200607,0.1702859887431488,1.1516225274336043
20261430,0.0,0.28106835500227567,0.006233665686266481,212,-0.14085076287317452,0.016298470411850015,2.0559763068264023e-05
20261430,0.02,1.7720087866232144,0.03310540394399429,212,0.1901085339421008,0.04650466168000721,0.2273067048358322
20261430,0.03,3.0420372492035352,0.05303480284124891,212,0.3316108624531462,0.06263108414783015,0.34097805487467175
20261430,0.05,5.342719298295904,0.09072968810165576,212,0.5772587606410602,0.09273128159332782,0.5683334625171296
20261430,0.075,7.6528539807230915,0.1299786373802833,212,1.0084692554228718,0.1294942404902547,0.852461042767659
20261430,0.1,9.835433299088843,0.1650974119073563,212,1.213403980009117,0.16534165854218041,1.136386637608734
20261431,0.0,1.65113563213757,0.038174161675910825,212,-0.037995479638666625,0.004614571641583166,0.34087449090086175
20261431,0.02,2.5454860353932935,0.05479522198281159,212,0.13714914663199482,0.03479618463202222,0.5223447705011669
20261431,0.03,3.29286752507498,0.06763378775837915,212,0.14846007753793722,0.04999887349560458,0.6130251976758518
20261431,0.05,4.839374549090856,0.09181522870087418,212,0.6134851997170532,0.07974934253107104,0.7942506049046661
20261431,0.075,6.877433805057876,0.12389602569249296,212,1.0212052628024242,0.11719076430250944,1.0204749952521388
20261431,0.1,8.76888965149161,0.15549754626860782,212,1.464531112119938,0.15351694672248667,1.2462828269715465
20261432,0.0,3.6278780781524893,0.08817232193005527,212,0.29065270218437017,0.02187513827671461,0.0046412385782611835
20261432,0.02,4.321102010198606,0.0986479899065206,212,0.38867967722653657,0.05088266739855316,0.21384811429511505
20261432,0.03,4.781043443212492,0.10510183599734554,212,0.4985022325239954,0.06554053777271648,0.3184080214361319
20261432,0.05,5.9913871919924615,0.12311054490041702,212,0.7580792263047104,0.09312043765719857,0.527397680953622
20261432,0.075,7.740169179200956,0.1509019203827657,212,1.0409474823947646,0.12777222490762663,0.7883022150242983
20261432,0.1,9.625813181399785,0.18156895435813827,212,1.5332499737159164,0.16219871127897162,1.0487128852549157
20261433,0.0,2.6892402741378305,0.06547550774625387,212,0.07681128944078447,0.013167300240047846,0.004631997892148403
20261433,0.02,3.327498316754958,0.07496835546743788,212,0.2675424516386383,0.044323851579973615,0.20787887118537282
20261433,0.03,3.910016057199844,0.08442587191440204,212,0.40319151551157234,0.05989163027716105,0.3095195220167302
20261433,0.05,5.629493156550785,0.11361718513178054,212,0.6910978678805771,0.09008758059626902,0.5128003844971355
20261433,0.075,7.58070783557493,0.14728942560564973,212,1.0912437850840015,0.12626219697031763,0.7668287024195463
20261433,0.1,9.529806822014393,0.18114293087769032,212,1.3279015201240818,0.16169383249084457,1.0206745528283006
20261434,0.0,3.4404045593370416,0.07665811206056088,212,0.4706632555461178,0.045841560229069545,0.22870090950424907
20261434,0.02,4.375893298814713,0.09132571133632097,212,0.6670207861406824,0.07348034557058472,0.43907144511765733
20261434,0.03,5.080654802884754,0.10337777222490764,212,0.7729102351943208,0.08675466372819701,0.5439634619526138
20261434,0.05,6.210493864032779,0.12227334731564243,212,0.9436890755099017,0.11366736578212176,0.7531181804833728
20261434,0.075,7.897350999434351,0.1517124915000123,212,1.1682178009761228,0.14788442474541003,1.0132953026978664
20261434,0.1,9.60621903404734,0.1810922381798966,212,1.3190122027922884,0.18054741969047758,1.271946567126615
20261435,0.0,-0.691118452855198,-0.015552417273613579,212,-0.4754642133485729,-0.014510400707854398,-0.2156289162668855
20261435,0.02,0.1434404517997474,0.0029642427022997064,212,-0.06287658826209556,0.014302509442155022,0.006569192377333589
20261435,0.03,1.3802653266005698,0.02703354525270566,212,0.31207422649336886,0.028272700087662517,0.1177077360810708
20261435,0.05,3.355433292429262,0.0617575311939308,212,0.5610249365206597,0.057597145642680994,0.34001816822982794
20261435,0.075,5.368839642518927,0.0980268763466848,212,0.7602320446380928,0.09287363078511213,0.6178744955740576
20261435,0.1,7.264557274052274,0.13189676713720416,212,1.0031254873937756,0.12855412136753536,0.8955623728347669
20261436,0.0,4.022485468695972,0.09744956947720022,212,0.4521689596469264,0.013182675768846455,-0.16931191179378047
20261436,0.02,4.563153762243553,0.10781517544793912,212,0.5172791490492775,0.043205027896345206,0.09620038023939899
20261436,0.03,5.0221041428026165,0.11583230241112907,212,0.6145441905432656,0.05633597276726829,0.22854994890160366
20261436,0.05,6.130428182199764,0.13317176529383332,212,0.8066260270936658,0.08491999770602741,0.49237437677262624
20261436,0.075,7.790367042819051,0.15856931893592446,212,1.305266736575653,0.11969979681957085,0.8203911181415785
20261436,0.1,9.611318526469438,0.1866858445505862,212,1.7856744171946968,0.15412884342817815,1.1462782931227031
20261437,0.0,1.6878252091288304,0.03965602700333444,212,-0.0004997543919115385,0.014220581849761181,-0.3671739525854036
20261437,0.02,2.0067682375043137,0.04485433274072374,212,-0.0056631115188912114,0.03941229241596277,-0.12353968040662014
20261437,0.03,2.3440051642899706,0.05102143225817023,212,0.20705564344730862,0.05248076749768554,-0.0015964940221152002
20261437,0.05,3.5309784963795776,0.07305124980542199,212,0.5630677614453439,0.07734169540959698,0.2424826465767001
20261437,0.075,5.510350413999271,0.10870255368305493,212,1.1106296932546662,0.10844396971956184,0.547819920558927
20261437,0.1,7.410964407453835,0.1415329881450774,212,1.5322644156323135,0.14047202582357712,0.8532472131552683
20261438,0.0,3.525694518161255,0.07953940307556182,212,0.2635285320743904,0.020848524074423024,-0.20510217038291587
20261438,0.02,4.242693714719444,0.09131649448217664,212,0.6034483761818504,0.04925947697425016,0.07483147453506334
20261438,0.03,4.833836600288576,0.10188720209079215,212,0.7507090832183123,0.06378882343784563,0.21479284789102848
20261438,0.05,6.113485180230431,0.1224776542491746,212,1.177985079533174,0.09047212823306763,0.4946404413113905
20261438,0.075,7.8785547074154865,0.1511456549701374,212,1.425329455986577,0.12483307253049754,0.8441767376382499
20261438,0.1,9.624379875724443,0.17964826436395512,212,1.7093935147808144,0.15803678958536446,1.1932231254668748
20261439,0.0,3.240393392316342,0.070609295504633,212,0.16573929065448456,0.06520514669135417,0.4145783377122107
20261439,0.02,4.508553515201011,0.09317215444989718,212,0.4300864377065748,0.09330375064517978,0.6790127323267179
20261439,0.03,5.3906837428072665,0.10891863770799366,212,0.6321773374512091,0.10708601987563392,0.8107789245902461
20261439,0.05,7.0533110178951715,0.1383260349503109,212,0.9554057108871188,0.1340714326678082,1.0733438257809882
20261439,0.075,8.990151542874827,0.17292200902842067,212,1.4632140054348073,0.16770117320312308,1.3996046130250246
20261439,0.1,10.843350014711588,0.20657735193635868,212,1.7909612889685447,0.20085112527548155,1.7235241433703288
20261440,0.0,3.000786474665539,0.05522124546325958,212,0.3842224666031739,0.0434313528703332,0.25528565830591804
20261440,0.02,4.466587411941544,0.08297933786119827,212,0.7344540532517183,0.07478913885907634,0.4576562211068178
20261440,0.03,5.222557360344302,0.09763720823536157,212,0.7742385364224881,0.08970610524418521,0.5587051219304977
20261440,0.05,6.8401183921624495,0.1284977961477646,212,0.9672652685563069,0.12013554920161561,0.7604989048470777
20261440,0.075,8.703393579653032,0.16288997533979468,212,1.2820035338304794,0.15657130977641956,1.012107326127832
20261440,0.1,10.68620788454446,0.1983595023718038,212,1.5928853037615824,0.19292565480628218,1.2629224900988119
20261441,0.0,2.6085278979470568,0.05597088293366324,212,-0.039725764009239654,0.017653347971063178,-0.06569681771764709
20261441,0.02,3.6129151610886963,0.06769472140522206,212,0.3458158599618322,0.046553818235443516,0.22215191256794964
20261441,0.03,4.399217317649219,0.0783115132845591,212,0.635968060664941,0.06088961076200854,0.3658205488307557
20261441,0.05,5.756838849916126,0.09715998000966747,212,0.7835206817758146,0.09091812156416158,0.652547878107035
20261441,0.075,7.7385211601873864,0.12668822045076564,212,1.101833233143021,0.12825354951294046,1.0096134176174274
20261441,0.1,9.697838233585045,0.1566445325621216,212,1.611832138568733,0.16416906987604354,1.364908722275041
20261442,0.0,1.7598572082497046,0.04015578531693688,212,-0.11493476273528237,-0.01795699211037285,-0.43519106483109943
20261442,0.02,1.7293835313737043,0.04005337582644458,212,-0.25259885052603487,0.009904021825510612,-0.19713107612720676
20261442,0.03,1.9853662412810533,0.044837947222244975,212,-0.08901586656638352,0.024518880213667167,-0.07818758411456883
20261442,0.05,2.9824581392225875,0.06345445645138827,212,0.2972162777055464,0.05234149059061601,0.15947192238259197
20261442,0.075,4.777514790635212,0.09464582701808141,212,0.6237687589804374,0.08691493458081748,0.45600826389988575
20261442,0.1,6.464530148893538,0.12543421623968737,212,1.0399559556827127,0.12077304827993018,0.7517906066094342
20261443,0.0,-0.03158409250831214,-0.0006805110643213486,212,-0.25165024340143827,0.0016180699497783887,-0.19862140440632378
20261443,0.02,1.3313620524219874,0.025150746770004666,212,-0.05916811565121932,0.03304344620224645,0.04446028906314255
20261443,0.03,2.4989384671497965,0.04521686233706649,212,-0.009748583709392992,0.04879197765015279,0.1659883285872584
20261443,0.05,4.597967008841203,0.08028801645106054,212,0.3362298724751862,0.08007961313790872,0.40897043057477966
20261443,0.075,6.912942974771441,0.12011250706625484,212,0.6680757908353226,0.11882214748605183,0.7124598178020056
20261443,0.1,9.026551507774768,0.15729688101655756,212,1.178577250909648,0.15653444235984235,1.015544286352617
20261444,0.0,3.9607760408531387,0.10142482324121942,212,0.41323341683379633,0.02807248953375007,-0.35390492184374367
20261444,0.02,4.687623218776439,0.1127062527138515,212,0.4223270070125028,0.05818702430791666,-0.08446862998074912
20261444,0.03,5.259167032332053,0.12104443342973481,212,0.546215631295849,0.07285615972603414,0.04990429462203395
20261444,0.05,6.632084983663343,0.13977820152549178,212,0.9047327141243293,0.10177199141398832,0.3178996564420659
20261444,0.075,8.581645054996029,0.16582810362201886,212,1.196356100156597,0.13702031394653405,0.651365524547979
20261444,0.1,10.746583309305457,0.19650077011936853,212,1.5331494078714099,0.17318468937153342,0.9829661805403485
20261445,0.0,3.647755800958393,0.08303156670134934,212,0.536436097599394,0.05105983581710484,0.12100986886420924
20261445,0.02,4.661749813949575,0.10291436928042998,212,0.7826001568020574,0.07891470518355878,0.3760336052428077
20261445,0.03,5.316978648479579,0.11490652061707862,212,0.9726886959279785,0.09240920374572952,0.5033810745322775
20261445,0.05,6.713962689963333,0.1410992839528425,212,1.3316643543057465,0.11975356180207933,0.7576970465775402
20261445,0.075,8.354400783263596,0.17189176955406812,212,1.5504758917570995,0.15194342490107243,1.074779085537223
20261445,0.1,9.905352447481523,0.20019109610925861,212,1.8640808292793571,0.18400937251656985,1.390815006940562
20261446,0.0,1.9450170689579616,0.04777402731465931,212,0.055474052022333235,0.006298183665276631,-0.09474994061547666
20261446,0.02,2.5175100132172377,0.05572612425138662,212,0.29431356355788585,0.03302654863631522,0.13111984939452534
20261446,0.03,3.0428117159884582,0.0627621682956603,212,0.5849237494173141,0.046246077716514136,0.24389167304536982
20261446,0.05,4.538541807438212,0.08749098796483668,212,0.7071746073417541,0.07297137040283798,0.4690764389941932
20261446,0.075,6.3370569453386345,0.11663519281658871,212,0.8721333463347675,0.10471524017073709,0.7498177746980782
20261446,0.1,8.083137631328963,0.14576454829221935,212,1.2004579721534987,0.13827892658468444,1.0296442728129331
20261447,0.0,2.970337650731265,0.07019760935285395,212,0.47602060815520103,0.03946452125611384,0.25636376838229896
20261447,0.02,4.180821296746894,0.09067541107169483,212,0.8099597963561603,0.07007727820152548,0.4993238293121914
20261447,0.03,4.880368624802641,0.10219494260972153,212,0.8763860147595541,0.08436084188793944,0.6205853753518994
20261447,0.05,6.288212852229352,0.12530671642402444,212,1.3048312038467944,0.112074386157514,0.8626293784507924
20261447,0.075,8.250826321329676,0.159672781195979,212,1.5943738407586667,0.1480677377333912,1.164200472948244
20261447,0.1,10.002690956147553,0.18883849204073438,212,1.927180974522473,0.18255823003629393,1.464559306696504
20261448,0.0,2.83624014960454,0.07021809125095241,212,0.2356643577940128,0.006494809887021849,0.04674174241287687
20261448,0.02,3.3461241674370705,0.07881127159816155,212,0.3337474311464895,0.0337997402895321,0.3139546981797951
20261448,0.03,3.8352858971031827,0.08748228315814484,212,0.5138625890763915,0.047486256646375936,0.44735414661522466
20261448,0.05,4.845637667612199,0.1020315994723863,212,0.7632796984566068,0.07578302296430416,0.7136772588055766
20261448,0.075,6.260272888312436,0.1246989160979526,212,1.099467216765839,0.1110963755233125,1.045563396712338
20261448,0.1,7.912426725255536,0.15249387591246857,212,1.3885962548580304,0.1454296692583095,1.3761438069458793
20261449,0.0,3.7814732697971594,0.08796258366855374,212,0.37008257943172584,0.05047302943658395,0.17509157804987158
20261449,0.02,4.8237026777570975,0.10731080870726453,212,0.6308490800126789,0.07787985728213405,0.4426649905631741
20261449,0.03,5.39599051710876,0.11775350445276464,212,0.7657799788805205,0.09095089260111915,0.5759296743437281
20261449,0.05,6.692538317612572,0.14161337959511386,212,1.2616987499058303,0.11913500847950582,0.8413614027129176
20261449,0.075,8.440473088438594,0.17248625664637596,212,1.559763190464063,0.1524283338385535,1.170986055038912
20261449,0.1,10.06105425122056,0.20124847409859167,212,1.8920944986115082,0.18533352722863533,1.4980595153602518
20261450,0.0,1.5911660702821826,0.037090968905251084,212,-0.14835248781014704,0.0008292683465705484,-0.24479262909851324
20261450,0.02,2.234408246662634,0.04931733833637831,212,0.04821877186737372,0.03258157940012617,-0.02063331704151531
20261450,0.03,2.8624237138065323,0.06027515381905472,212,0.025212648849878085,0.04767622625123916,0.09130289240011592
20261450,0.05,4.398744946122888,0.08793698129593068,212,0.4577035049782497,0.07993316756650472,0.3148505440977564
20261450,0.075,6.3559701843823975,0.12362668873249821,212,0.8566565022876418,0.11669766260578901,0.5935989092629028
20261450,0.1,8.291071243590771,0.15914742050975347,212,1.134722697703272,0.1540126086564694,0.8714770004871164
20261451,0.0,0.9509056990613746,0.023170659271335995,212,-0.4754273784720464,0.019545875355360932,-0.06905339832752401
20261451,0.02,2.0640772681724435,0.0435762622993798,212,-0.3283096205561052,0.049371615366339223,0.17667812546476408
20261451,0.03,2.9765563834585724,0.05987934113830197,212,-0.14641577617728604,0.06322813147740027,0.2994371985844534
20261451,0.05,4.6223198220215425,0.08927035286214044,212,0.2740348936363712,0.09175531914893617,0.5446882748351423
20261451,0.075,6.59305603743564,0.12367686938283946,212,0.6308600266707572,0.1257076495793018,0.8506414932335046
20261451,0.1,8.30779640525512,0.15402336165297112,212,0.9450212746275908,0.16086841199747662,1.1557624414777659
20261452,0.0,1.2977979147110952,0.02758092397938702,212,-0.3597353055810267,0.02708065361833212,0.08590149122554522
20261452,0.02,2.4248920931170264,0.04740944952850671,212,-0.027124008924355875,0.059137896427137696,0.3171288254491351
20261452,0.03,3.2520913996960603,0.06172271196716342,212,0.12313878000074277,0.074068688093463,0.4326101921728294
20261452,0.05,5.299481069918054,0.09591519265273353,212,0.5342138044729643,0.1059421058668349,0.6632538577234451
20261452,0.075,7.533201629214851,0.1341605289245365,212,0.9549393066751889,0.14354482258579868,0.950848952342796
20261452,0.1,9.639176957022809,0.16850201541877288,212,1.3828894062100503,0.18091148542917765,1.237500376401506
20261453,0.0,1.4735432170539098,0.03458778131887039,212,-0.123781558236129,0.0040502953489705805,-0.13063949854572002
20261453,0.02,1.9130516691373431,0.0419238851702865,212,-0.09335072465317157,0.028923512399741107,0.09996262241769625
20261453,0.03,2.4188228259860436,0.05062101115034533,212,0.06211252849001091,0.04137855463341499,0.2152076339962386
20261453,0.05,3.7167115666200674,0.07313266535036336,212,0.32505328656791305,0.06594454321270861,0.44553872480043416
20261453,0.075,5.445892308937811,0.1027500020481898,212,0.71386436439466,0.09632227037744043,0.7330584733611484
20261453,0.1,7.209241363744182,0.13208110422009028,212,1.0576300799721352,0.12712294873790544,1.0200053348533065
20261454,0.0,2.0525540135415516,0.05174393121359343,212,-0.027151261267747296,0.01961346561908585,-0.14052164111304005
20261454,0.02,2.6013744190507038,0.05932684193709599,212,0.2363377680231443,0.04539556689797556,0.0897683013528951
20261454,0.03,3.1554324874132154,0.06780225137023897,212,0.34580718235286384,0.05780452486092792,0.20473666272043262
20261454,0.05,4.662737734882613,0.09069691706469821,212,0.5141844575286851,0.08381346316125808,0.4342828404822947
20261454,0.075,6.925489615074243,0.12380948967302698,212,0.863971601103328,0.11595007332519518,0.7204072892971948
20261454,0.1,9.316152412785074,0.15771983221229074,212,1.3582376722594631,0.14645837259030467,1.005527789449223
20261455,0.0,0.9773580845992783,0.0216032820193513,212,-0.12518170588705643,0.024295627524393935,0.18317734485925874
20261455,0.02,2.7973414617794794,0.054844890585700364,212,0.36029368592932004,0.055336456140063404,0.4018234640566888
20261455,0.03,3.792103478296018,0.07153712548849327,212,0.5623893727113234,0.06982381471255704,0.5110960432399073
20261455,0.05,5.886540756891916,0.1078566512915885,212,0.8392465803227391,0.10047292702709344,0.729507279083028
20261455,0.075,8.042261265838041,0.14522382618241997,212,1.187318173693754,0.13816166771807076,1.0022025160977746
20261455,0.1,10.182435763282525,0.18213374269820332,212,1.5102697349908114,0.17461074152663875,1.274448317796395
20261456,0.0,1.3419650919382156,0.033326096396005214,212,-0.1341710813960025,-0.007658693746466873,-0.24538101155739536
20261456,0.02,1.615485709613752,0.0356451593082034,212,-0.032335712242453706,0.02144966778361284,-0.011473379135195904
20261456,0.03,2.018866540257359,0.040848585520117324,212,0.20136956284963584,0.03548591255048788,0.10555523227840322
20261456,0.05,3.6656100682913912,0.06657845795885596,212,0.7534867720826706,0.0631651496407475,0.33970768483268426
20261456,0.075,5.692342039375852,0.09978627139334258,212,0.985076762376981,0.09827009888660403,0.6324643366654437
20261456,0.1,7.494579751156097,0.1302464381979207,212,1.264554487003754,0.13169553248838675,0.9251351364037782
20261457,0.0,1.6098835810933934,0.041053916548554385,212,-0.078303476338098,0.016491512301427997,0.1521031899115566
20261457,0.02,2.680313420579158,0.06416927469502455,212,0.2921125836764999,0.04545189211774634,0.34544751434645693
20261457,0.03,3.3760693036114904,0.07797151377612466,212,0.44115582717157836,0.059614612605379355,0.4422128910611039
20261457,0.05,4.768217136920097,0.10523496833498555,212,0.5765533277051431,0.08735734357974421,0.635904839660114
20261457,0.075,6.395171010810644,0.1364611581284461,212,0.9044640744387866,0.12253449151639782,0.8782696224128662
20261457,0.1,8.082169289897141,0.1689454485126046,212,1.3428760417818701,0.15769371779221525,1.120837470008983
20261458,0.0,2.2874136312693722,0.058673981435207564,212,-0.03696356233332865,0.028179507451314534,0.12619603357711007
20261458,0.02,3.086140236723147,0.07183513710582587,212,0.2675027941605228,0.055887931246364465,0.35394275901114736
20261458,0.03,3.7056154883296886,0.08146111716464988,212,0.3787729941532236,0.06972754979149429,0.46787613221754104
20261458,0.05,5.2796917796334295,0.10866671036138259,212,0.7595144790534152,0.09743034106456712,0.6958252906929214
20261458,0.075,7.109148494803906,0.14127542827648926,212,1.1210443037187254,0.13165098436002262,0.9808384473433636
20261458,0.1,8.903802935288248,0.17305770160332298,212,1.477435894105074,0.16583834457106808,1.2658265702490346
20261459,0.0,4.405389690625187,0.1049973783170434,212,0.3570135005207909,0.014655310136901004,-0.24495669606025225
20261459,0.02,5.041415494149167,0.11367248625664637,212,0.44968401550618187,0.04287936571657969,0.00801111750858298
20261459,0.03,5.431537388936522,0.11894555092209504,212,0.4674177841717668,0.056686213224751966,0.13422051761487178
20261459,0.05,6.613874281841167,0.1366470313536896,212,0.8329440201205753,0.08434035998984098,0.3860293865304436
20261459,0.075,8.247453508565103,0.1610005202402117,212,1.2779474094830134,0.11753229995330124,0.6995235137335168
20261459,0.1,9.787429121917818,0.18594798417158917,212,1.6744123159607027,0.14937141054735825,1.0114392695915657
20261460,0.0,2.0746899028443733,0.05220426187335632,212,0.4436183498493212,-0.009789835243611697,-0.3460502173394171
20261460,0.02,2.4711104795425,0.059495817596408304,212,0.4944174496417259,0.01915415905422788,-0.07813535848511446
20261460,0.03,2.9177756034314255,0.06635930164920244,212,0.4909792282797776,0.03406856520207441,0.055749105419618084
20261460,0.05,4.239138650296453,0.08786836693730081,212,0.6510964122502529,0.06315490869169828,0.323308173366292
20261460,0.075,5.945340621842446,0.11503811681236124,212,0.9662733943449214,0.09887329078560367,0.6572324449157879
20261460,0.1,7.838862908789154,0.14590740953145612,212,1.1650488714488731,0.13404378210537524,0.990390028074844
20261461,0.0,4.258317651700599,0.107351260456009,212,0.3934118191033524,0.054171548185713465,0.03443777885096669
20261461,0.02,5.234559547709408,0.12574451699587902,212,0.6580292845367298,0.08009651070383995,0.29756936376385
20261461,0.03,5.830561328435638,0.13624609819841224,212,0.722757399732586,0.09346146126053795,0.42895811097790676
20261461,0.05,7.0043820575233156,0.15722724256302278,212,0.8786780630004427,0.11898856290810182,0.6913309378822754
20261461,0.075,8.363601960955267,0.18120847295160533,212,1.223603115709513,0.15002683128650898,1.018435076920766
20261461,0.1,9.896065444221875,0.2071902727369551,212,1.5433788300957945,0.1806697990316159,1.3444376775501343
20261462,0.0,2.3473100351514224,0.051267994870148936,212,0.02391690355164898,0.06869016188650899,0.11398922271222704
20261462,0.02,4.181416951904649,0.0881597219377514,212,0.4598277427049163,0.0963238065197978,0.35044685135187487
20261462,0.03,5.016397194286866,0.10533635373057292,212,0.695390008704125,0.1095796909691215,0.46851669300484833
20261462,0.05,6.5921438429917165,0.13601311660754226,212,0.9699404967520743,0.1372911870488862,0.7042906819460304
20261462,0.075,8.384228965491703,0.1722978231838701,212,1.252847673559554,0.1711308670397103,0.9982251085277191
20261462,0.1,10.059276435780225,0.20589888906184714,212,1.578761118726158,0.20370681391785941,1.291153626759191
20261463,0.0,3.3924812286294244,0.08627538731269303,212,0.28377655126234647,0.03011607091652398,0.12977593259821926
20261463,0.02,4.095876681634288,0.0973494375670782,212,0.3594693358886624,0.06198283207301387,0.3596833181121242
20261463,0.03,4.697580409000362,0.10751255540353435,212,0.4488967236141337,0.0782572362545982,0.4744359134610627
20261463,0.05,6.146320133753395,0.13248203737536765,212,0.9503719589296098,0.1095740584471444,0.703496165139083
20261463,0.075,7.887613284377249,0.1610404599415037,212,1.3512271413556687,0.14675587216018482,0.9889003142150354
20261463,0.1,9.62194488272339,0.19078427236008816,212,1.6456519855505536,0.183987354476114,1.2731601118775857
20261464,0.0,3.145560252728996,0.07629711860657551,212,0.07616080457234066,0.04085780237426163,0.13547011240602017
20261464,0.02,3.93510619132347,0.09080547112462008,212,0.2124893737100779,0.0693614358629843,0.4119807250865462
20261464,0.03,4.4146360760320915,0.09914211569814597,212,0.39635024749517633,0.0826142480275932,0.5500808472021569
20261464,0.05,5.777352254031025,0.12352479128945837,212,0.7905060592235228,0.11050854504788668,0.8259222998705219
20261464,0.075,7.5989369560208315,0.15517342023119968,212,1.178310131514471,0.14556433773830688,1.1699524412774402
20261464,0.1,9.457017143967384,0.18777599357687677,212,1.5238512859769744,0.179716878722585,1.5129868460856588
20261465,0.0,1.2855978437929834,0.030918242563504523,212,-0.19764411704711912,0.010150040260697291,0.24708264652913098
20261465,0.02,2.78821468520044,0.057350850818047014,212,0.04922261775596756,0.044013038776329484,0.4393144206246499
20261465,0.03,3.886510118972349,0.07376709214396315,212,0.24878271420968742,0.06200945854054187,0.535438693910983
20261465,0.05,5.431636448226135,0.09953741633144626,212,0.7007295791707362,0.09431248412652898,0.7276753563577174
20261465,0.075,7.268624699127194,0.13508170229151475,212,1.0608502962369672,0.13544371984040504,0.9678897913358064
20261465,0.1,8.91157474669176,0.16787578138441248,212,1.2871663339376282,0.1745252296020777,1.207930289628229
20261466,0.0,3.4082314790875827,0.0666127651381709,212,0.5726774775826761,0.08037301632816916,0.41028466075807773
20261466,0.02,5.235383823357306,0.1000279577909044,212,0.9332811803612493,0.10754942282011158,0.6472656097554175
20261466,0.03,6.1304655607901255,0.11602073587363484,212,1.133813700339871,0.12076843985285805,0.7658187360242271
20261466,0.05,7.698775388313556,0.1449626819816646,212,1.3447560812618695,0.1475930697449594,1.0030139958676962
20261466,0.075,9.412829531958778,0.17476486780982967,212,1.63603176937274,0.17960166804578115,1.2995998355789695
20261466,0.1,11.059232089351617,0.20344003719512696,212,1.9452869347716721,0.21149710385960888,1.5961811340171206
20261467,0.0,4.117848671602018,0.09819380381618724,212,-0.11252843435269028,0.03830217353902621,-0.11073393353392927
20261467,0.02,4.529771715811996,0.10486885440647556,212,0.22386969449774743,0.06417593131190653,0.11959821007515299
20261467,0.03,4.872607609179654,0.11072411702537296,212,0.3756774164922267,0.07699555133173301,0.23486962421220092
20261467,0.05,5.532739212733241,0.1213076258203,212,0.5389506484340646,0.10373671748908313,0.4655782076932167
20261467,0.075,6.7742583974309705,0.1447153630621257,212,0.9807317438512503,0.13539763556968354,0.7541815376011651
20261467,0.1,8.098929382511402,0.17107300567758216,212,1.2942578809305327,0.16748508917818436,1.042894276615579
20261468,0.0,2.9746206975785974,0.07591154687487198,212,0.23288438425298172,0.010413509040709819,-0.3419639954347129
20261468,0.02,3.221022470675319,0.0819665080002294,212,0.4574714864470352,0.036241694590321075,-0.08604219114293325
20261468,0.03,3.505813829852697,0.08746589763966607,212,0.4666355339365865,0.04875971866064772,0.041797258193423684
20261468,0.05,4.329555323072136,0.1029722306425581,212,0.7044706683851463,0.07530272245389524,0.2971720440247185
20261468,0.075,5.740119708006042,0.12670614211160178,212,1.1149035190210923,0.10822378931500341,0.6156952076373332
20261468,0.1,7.368303200934167,0.15235306286304165,212,1.483916147626931,0.13968244865188145,0.9332709121897996
20261469,0.0,2.6355114102963393,0.0612337622649489,212,0.15842241035201146,0.03114194102651897,0.3604497902191705
20261469,0.02,3.510902153238675,0.07501136745344465,212,0.42803162086734103,0.05826434347323834,0.5722688230846849
20261469,0.03,4.0961861369250645,0.08585243611695982,212,0.5555196043690485,0.07140450519830573,0.6779986800698928
20261469,0.05,5.4004748151024415,0.10947830557353411,212,0.8533893408255778,0.09757473844616127,0.8890666124025914
20261469,0.075,7.079047140915016,0.14049916433855758,212,1.195009568367075,0.1300866793927527,1.1521008821891543
20261469,0.1,8.894227872276387,0.1723802628237164,212,1.659986020530686,0.16216901252672886,1.4141535964861147
20261470,0.0,1.1799951856757505,0.02443388033655856,212,0.003497015949367787,0.032883175349626,0.29718768560946585
20261470,0.02,2.590282475427385,0.04954929583234338,212,0.22405920275581132,0.060795394030755616,0.49478023797723847
20261470,0.03,3.3725975540953463,0.06297774027314659,212,0.39769020122476534,0.07453567537010791,0.5937072135641959
20261470,0.05,4.930338921364921,0.08917716022579245,212,0.5287202316476418,0.10110069720381128,0.7917943323260437
20261470,0.075,6.743670688687997,0.11908943625623673,212,0.9664934614423761,0.13510423237942307,1.0397816350944895
20261470,0.1,8.740097251140345,0.1508327939766834,212,1.2258187706777548,0.16828644344128657,1.2881055072621397
20261471,0.0,3.339514680011859,0.08457487772306836,212,0.03763797834449943,0.02156897484003638,-0.01043990824769669
20261471,0.02,4.031397803497201,0.09611540320664595,212,0.28203285552631835,0.054386608115747304,0.22953326152376444
20261471,0.03,4.683875155450199,0.10768869972718112,212,0.4036597206328716,0.07023447676943119,0.3495201176262362
20261471,0.05,6.0761482441538615,0.13051014263593835,212,0.8183067571362378,0.10023687315150868,0.5894453406166505
20261471,0.075,7.866145896170425,0.16152792911624708,212,1.0442628001076848,0.13821645679548417,0.8891599401115079
20261471,0.1,9.66397262664842,0.19292770299609202,212,1.4795881947541143,0.1750342047698244,1.188518847363441
20261472,0.0,2.120286963822938,0.050648661712778244,212,0.18311998402871352,0.0068173997820726055,-0.0912781472503702
20261472,0.02,2.4703072121400442,0.056647297618364886,212,0.04675261143441935,0.036237086163248916,0.12472566255260949
20261472,0.03,3.0363340598687185,0.06624511506730352,212,0.15442616777016732,0.05173573845435403,0.23261005078696476
20261472,0.05,4.504477948609924,0.08824216157759773,212,0.4926343283350862,0.0813607558639674,0.44809501490949327
20261472,0.075,6.479998571950363,0.12008844083598916,212,0.8923166652872981,0.1184247986629417,0.7168194329798354
20261472,0.1,8.06519650218691,0.14694379357523818,212,1.1914521330429837,0.15468185467683662,0.9847026672056719
20261473,0.0,3.8324541343206264,0.0831467773781532,212,0.2822334912057304,0.06452617176939023,0.15133117864964016
20261473,0.02,5.480728074026952,0.1137651668455419,212,0.6398024173480396,0.0935152262430464,0.39189451444699
20261473,0.03,6.264800105935273,0.12785312840511556,212,0.8063983388757242,0.10742653143152082,0.5120575838011518
20261473,0.05,7.843470124757274,0.1567110987309416,212,1.2244555754969084,0.13587588789028257,0.7521072478057664
20261473,0.075,9.793834146678574,0.19002900236770742,212,1.4912614438595908,0.16981336894452687,1.0515705921859693
20261473,0.1,11.467449140512642,0.21900167132288487,212,1.8099014618094142,0.20210564153401225,1.3502562007925631
20261474,0.0,4.5332528222581585,0.10499635422213849,212,0.20525374836136684,0.06079539403075562,0.601175400728193
20261474,0.02,5.435485875881384,0.12165633013542632,212,0.6124873991641484,0.09114854291776929,0.8994733128008383
20261474,0.03,6.031868355995324,0.1328445669717104,212,0.7506611019376674,0.10623192472492811,1.048261868522127
20261474,0.05,7.465124950767555,0.15625537649825086,212,1.0805274675463319,0.1345450765613351,1.3450377671187674
20261474,0.075,9.259546358283474,0.1860114780556944,212,1.5435311958296607,0.1702767718890045,1.714342699564739
20261474,0.1,10.981422049663337,0.2129149632554748,212,1.9394820600985618,0.2047396136294743,2.081572915076581
20261475,0.0,0.11419605804725227,0.0027635201009347955,212,-0.24253246765906447,-0.0009621371631751801,0.061920121958657065
20261475,0.02,1.6053454936232148,0.03325287361030322,212,0.1055997950210726,0.03251245299404387,0.26724238096825886
20261475,0.03,2.579533379317494,0.049514988653028454,212,0.27830144333304985,0.048721315101713104,0.36977705788355264
20261475,0.05,4.647366265532164,0.0824002121924643,212,0.7398306785413371,0.08148467134746312,0.574553524248538
20261475,0.075,7.308718163667653,0.12449000073734832,212,1.1340558339482634,0.12272702135852334,0.8298933307197458
20261475,0.1,9.679090305976379,0.16286181272990932,212,1.3944568418496075,0.16115874290302235,1.084418318545893
20261476,0.0,4.475440822191537,0.09774784542158102,212,0.31146250967436634,0.055365173363217474,0.21473643127966596
20261476,0.02,5.596879823405921,0.11493365913205911,212,0.5860661175635012,0.08331268075275074,0.46701186351950824
20261476,0.03,6.176478949248351,0.12367840552519682,212,0.6740437417259089,0.09660594466610413,0.5928128431626919
20261476,0.05,7.265981844648722,0.14207319820742428,212,0.8844825019748269,0.12203729344005768,0.8436978426115918
20261476,0.075,8.704984594891316,0.1662146994486273,212,1.2865449450558972,0.15440688519486478,1.1558720428323943
20261476,0.1,10.218423932949404,0.19328203983319542,212,1.5813176961767346,0.18545283428505885,1.4663340571070542
20261477,0.0,-1.3354571406235916,-0.024861952006816374,212,-0.3401288018220921,-0.006761074562301844,0.21569632794253224
20261477,0.02,-0.03270747889330912,-0.0005909027601405884,212,0.0029456053938499006,0.02198731760869743,0.39459365600713087
20261477,0.03,1.0086213063725702,0.01841681072268329,212,0.1937211245874136,0.03694780802726551,0.4841349319164295
20261477,0.05,2.9574681824680606,0.05476603527802128,212,0.47812942905849953,0.06522460449454771,0.6633773607543723
20261477,0.075,5.093056033921965,0.09400986408212424,212,0.9024066797438209,0.1005016016844313,0.8876775073424962
20261477,0.1,7.206953427856213,0.13068628695958512,212,1.1869139990283661,0.13603308645818826,1.112177262043368
20261478,0.0,1.220593635411617,0.02481842797335715,212,-0.23846303828021775,0.03401121588739872,0.22867300194295465
20261478,0.02,3.146989805660223,0.06010822634955227,212,0.29638405678982604,0.0650095445645139,0.4391213231445538
20261478,0.03,4.102814133373791,0.07716964746556994,212,0.47148211011807745,0.08051946189957317,0.5443769017535119
20261478,0.05,5.889062924382807,0.10931445038874643,212,0.9246072701267841,0.111967880287402,0.7549223042498739
20261478,0.075,7.825770796581561,0.14453409826395433,212,1.363481700822171,0.14849580940364904,1.0181091987442592
20261478,0.1,9.894515587463264,0.18209277890200642,212,1.7198109834325437,0.18567915925904685,1.2812182143599464
20261479,0.0,2.1595528272074733,0.05310648948459351,212,0.26782877277220374,0.031682936121056215,-0.04240815185244774
20261479,0.02,2.875570909263762,0.06670851801178118,212,0.34180153119444745,0.06063307498832532,0.17183625583823509
20261479,0.03,3.536264376213014,0.07950919227586659,212,0.350368104839692,0.07419055538714885,0.27878842480962673
20261479,0.05,5.025783218870122,0.10574547964508968,212,0.5109968102021425,0.10271211053670765,0.49231773713018606
20261479,0.075,6.96809718653949,0.1393598587568307,212,0.9485141428123703,0.13707971145101958,0.7584550506122897
20261479,0.1,8.681357421444615,0.16826032902121102,212,1.3534609115816103,0.17036484405082788,1.0236329223277572
20261480,0.0,1.3351017187169276,0.028406397085938197,212,-0.28215017605739584,0.024039625782858343,0.028566950439217535
20261480,0.02,2.1266257456783904,0.04181430701545974,212,-0.018342595324664753,0.0512001368190793,0.28331473422674075
20261480,0.03,2.901857296452404,0.054795734030264054,212,0.14812224536905322,0.06527068876526926,0.4107364051459293
20261480,0.05,4.425500512608641,0.0797247642533529,212,0.4947841835849444,0.09094628417404697,0.6656107458219802
20261480,0.075,6.378859625071558,0.11352399249543255,212,0.8795099695914779,0.12422476015697327,0.9841284505859659
20261480,0.1,8.233237069868414,0.14524840446013812,212,1.2253448650783587,0.15753447103449972,1.302374104192343
20261481,0.0,1.5453839360121295,0.037682079779992404,212,0.3185138914774794,0.00028981013091967277,-0.013489839113390197
20261481,0.02,2.299440051959378,0.05103935391900638,212,0.036072309184198334,0.03092356974905578,0.22527620535792345
20261481,0.03,3.0703237830015215,0.06251126504395416,212,0.06795100354523304,0.04583131928002032,0.344705155835566
20261481,0.05,4.5394774595594924,0.08209042348372508,212,0.3402466876850715,0.07575434830696628,0.5836030958205308
20261481,0.075,6.523990999317506,0.11312408343506009,212,0.645386925732835,0.11222134377637046,0.8821935444594042
20261481,0.1,8.658169360880706,0.14709945600078653,212,0.9501615563781777,0.14898839905291703,1.1805970780299075
20261482,0.0,2.6798929157509828,0.059497353738765676,212,-0.07116674219604277,0.05824283748023497,0.347491009635707
20261482,0.02,4.116001125621876,0.08885815466290892,212,0.21157334856066895,0.0862108693336829,0.606111899132269
20261482,0.03,4.921703291655851,0.10459490901940864,212,0.35825669072591365,0.10020000573493147,0.7352288349802606
20261482,0.05,6.258758638482764,0.13113740076520372,212,0.45472666672259887,0.12771845992511818,0.9930236412673108
20261482,0.075,7.898399215344144,0.1644701537780909,212,0.8600471572731769,0.16163699522362135,1.3143378490125088
20261482,0.1,9.495042470219087,0.1956517954431873,212,1.181303058513354,0.19496616390434132,1.6344717110702416
20261483,0.0,2.2853011543503943,0.05412495186753946,212,0.2881822807248155,0.03210025479481234,0.042118316281167294
20261483,0.02,3.5560327278512194,0.07273378038489584,212,0.5287469846084909,0.05973443170925536,0.2886252118613618
20261483,0.03,4.413945278356895,0.08590312881475351,212,0.7223389027645402,0.07406766399855809,0.41171446751137775
20261483,0.05,6.212512937739733,0.11502429153114478,212,0.9766115534878488,0.10221644860272491,0.6575121650970592
20261483,0.075,8.069782121796257,0.14572563268583227,212,1.3732985043490602,0.13558811722199918,0.9639383389085242
20261483,0.1,9.688555448747849,0.17503727705453917,212,1.558570185548152,0.16916511686971056,1.2693032199424614
20261484,0.0,-0.1859455622279555,-0.004131198846459497,212,-0.18450757846530008,0.021028764777689474,0.19110441826848892
20261484,0.02,1.1334960039452222,0.022897225931721547,212,0.0026004415023727708,0.048825260734562795,0.3850188621726095
20261484,0.03,1.9734657561676692,0.03900367854889848,212,0.17971248551619493,0.06231873520182862,0.48203218381984697
20261484,0.05,3.697316024007851,0.07096824076880853,212,0.39153939894891476,0.09092580227594851,0.6761441605509431
20261484,0.075,5.768500701264519,0.1098136966548964,212,0.7088509791013349,0.1248627712827403,0.9188885113683806
20261484,0.1,7.544435967101594,0.14279774535265735,212,0.9759332132325287,0.1584059757985892,1.1616699561301917
20261485,0.0,0.6944399034983272,0.01450498065016806,212,0.014092880013982859,-0.009606305941933572,-0.27875559037827913
20261485,0.02,1.7369753229010512,0.035666153253754336,212,0.05836822337967532,0.017934974069917002,-0.04989496507123897
20261485,0.03,2.376345210650776,0.04795273187556837,212,0.1843868344107761,0.031173448905857003,0.06434183924469845
20261485,0.05,3.879136321825647,0.07478811476417142,212,0.5108427394603263,0.0579509704323319,0.29237319093093145
20261485,0.075,5.846438730467856,0.10798773543941866,212,0.8028244724913313,0.0913876690780688,0.5764708857645298
20261485,0.1,7.9967790688977205,0.14144696417306385,212,1.2100351527624102,0.1241351518527925,0.8593665231063828
20261486,0.0,1.5822943679849515,0.04082600097075497,212,0.011499793590729399,-0.023487362962289718,-0.19080620138129076
20261486,0.02,1.3165396577192363,0.033077241334108914,212,-0.08256901240410841,0.005646347258293121,-0.0002305098906800479
20261486,0.03,1.4937379684776673,0.03545826198805496,212,-0.0849257830628653,0.01981111593573599,0.09519695184080566
20261486,0.05,2.481431673928753,0.05106546833908191,212,0.1780742779867487,0.04763014198051763,0.2862912871142345
20261486,0.075,4.761218195804694,0.08674595892150519,212,0.5156013833284978,0.08324560253647827,0.5255251853462932
20261486,0.1,6.616734077240434,0.11785028142127987,212,0.7759953779779674,0.1171129330897353,0.7650474722416843
20261487,0.0,2.4089754755203883,0.06129566439181052,212,-0.2331664387680676,0.01955355606714785,0.11597876653649607
20261487,0.02,2.9555584377722237,0.07031486821946763,212,-0.007238642609793562,0.05002037948860797,0.3102340073696197
20261487,0.03,3.6083260218628443,0.08194653814958339,212,0.29037544510278795,0.06554104982016894,0.40727960766950794
20261487,0.05,5.257651131461723,0.11185779008512277,212,0.8819675817429543,0.09430326727238468,0.6011816481180682
20261487,0.075,7.319901521992672,0.14906725436059612,212,1.379229863959965,0.1303631850170819,0.8431530752081623
20261487,0.1,9.221475865316911,0.1837292825600734,212,1.7526461913572908,0.16720448717423542,1.0846011175825248
20261488,0.0,3.103056123079851,0.06711918006865533,212,0.3052417779656644,0.04792815359785022,0.2275908514545649
20261488,0.02,4.345184411877554,0.09051872455124162,212,0.6969319579100886,0.07529452969465585,0.46901742391217593
20261488,0.03,4.949690653109517,0.1012082271688282,212,0.6830487320864065,0.08862978149911108,0.5895784602514468
20261488,0.05,6.40976086440759,0.12626014878050779,212,1.0030035034475833,0.11460850899974603,0.8303604702482618
20261488,0.075,8.233314666873731,0.15764712147404125,212,1.2164804479207285,0.1478869849826723,1.1306277636851252
20261488,0.1,9.950713499711751,0.18595361669356622,212,1.6456895605752988,0.17938507197338993,1.4300044975675001
20261489,0.0,2.1850848431556638,0.051739322786521276,212,0.013736430979840846,0.01895753283248265,-0.13142359402723336
20261489,0.02,2.8993116782050232,0.06328240850736119,212,0.15967098232826313,0.04761017212987163,0.09577975836009585
20261489,0.03,3.559085398700674,0.07301847876846443,212,0.21720847087233558,0.06142009192275866,0.20917727817644452
20261489,0.05,5.16185761620521,0.0973018171539993,212,0.6461376725604642,0.09026935744189286,0.43551924205624576
20261489,0.075,7.258284693181341,0.12958333674698302,212,1.0158511700756947,0.12531337304090645,0.7175062417056625
20261489,0.1,9.191770524656887,0.1600783227783285,212,1.226528164461415,0.15961594392875575,0.9983219669605693
20261490,0.0,2.782836242929567,0.06566445325621216,212,0.19773093944846037,0.018394280634774992,-0.06672811981397549
20261490,0.02,3.280530347981628,0.07459302468478358,212,0.24460666118833535,0.047382311013526246,0.2124724433669265
20261490,0.03,3.7318433105693423,0.08276376588371195,212,0.34333352948327256,0.062200964287762485,0.35169656584597864
20261490,0.05,4.923958673683414,0.10495590247339401,212,0.4885848756046132,0.0912852595875765,0.6293304727301394
20261490,0.075,6.723956688792099,0.13773462014271784,212,1.0464184823012563,0.1279790920784211,0.9747209055417747
20261490,0.1,8.522087242849514,0.16980261594802518,212,1.4469062457267887,0.16237331946026098,1.3181035371740226
20261491,0.0,3.562165625943439,0.06984276046829813,212,0.1745329433072272,0.050807908470493775,0.3953897150913029
20261491,0.02,5.449645182559352,0.09700943805864379,212,0.563086240494667,0.08033973324375916,0.6276186516447735
20261491,0.03,6.296275472765523,0.10980960027527671,212,0.6977061747704416,0.0953058561843043,0.7437794562516028
20261491,0.05,8.084058843494645,0.1361682669856381,212,1.0524021946285895,0.12522325268927323,0.9761518170391471
20261491,0.075,10.312864576881433,0.17127372827894707,212,1.5848331475048205,0.16099847205040183,1.266625753889174
20261491,0.1,12.211099263469888,0.20410723502568434,212,1.7658611240479392,0.19715516676361428,1.5569864095780643
20261492,0.0,2.223421869249932,0.051744955308498354,212,0.027991075345849353,0.03219600766842265,-0.1889588778427222
20261492,0.02,3.65051602439966,0.08094087695294898,212,0.3319307509294219,0.06046973185099009,0.053305506628435854
20261492,0.03,4.399764774619219,0.09471597751906864,212,0.6259115547227225,0.07497654822667726,0.17426963300882586
20261492,0.05,5.771311103614195,0.12126871021391294,212,0.747862470193332,0.10302394743525672,0.41580269549731247
20261492,0.075,7.592319698050934,0.15507613121523198,212,1.125810800631049,0.13783600553830525,0.7168577141016019
20261492,0.1,9.332275553878928,0.18681948893567868,212,1.5143795663634465,0.1705916810722683,1.0167881099237441
20261493,0.0,1.509139020350888,0.028817510725404734,212,0.009761175876748388,0.038606847651575855,0.21706398511163738
20261493,0.02,3.269586834536707,0.06089165895181838,212,0.3876714848865578,0.06807312447259113,0.4382125898583918
20261493,0.03,4.349082503550391,0.0798963001499275,212,0.559825681686368,0.08290201869587659,0.5489475418867791
20261493,0.05,6.135959108768105,0.11317682432266364,212,0.9841144645341764,0.1116806216665711,0.7706906620869768
20261493,0.075,8.16851592150413,0.15177240105195028,212,1.2387593248273965,0.14763147330389403,1.0482816681087568
20261493,0.1,10.284039553184963,0.1886802693779238,212,1.6885468578092255,0.18321825920251683,1.3261876371414012
20261494,0.0,1.566913116753583,0.039610966827517836,212,-0.04602740509326694,0.013873925724444734,-0.09607818630459038
20261494,0.02,2.0958581810298265,0.04995381331978797,212,0.20293312215688558,0.04174569265682989,0.13910293115913816
20261494,0.03,2.5627639683067374,0.05844663236631465,212,0.2629123239834775,0.05538100426842756,0.2567230119962296
20261494,0.05,3.84982190498316,0.08183644794730416,212,0.509248200227449,0.08234030264052629,0.4919604412928079
20261494,0.075,5.701768584138665,0.11511287574042062,212,0.8506462883486957,0.11673453002236625,0.78587465935959
20261494,0.1,7.366560736649854,0.14470000163855182,212,1.0319965837761702,0.15061107742976756,1.0794616848158436
20261495,0.0,3.0952109135607113,0.07455206088858667,212,0.06776782167868486,-0.012053084983491585,-0.6139487753492516
20261495,0.02,3.0336272579595223,0.07437591656493991,212,0.09169053834363669,0.0165872651750383,-0.36402697946761203
20261495,0.03,3.0559473755507476,0.07381983303156671,212,0.07718712309977313,0.030255347823593508,-0.23939789470616976
20261495,0.05,3.8645568840041427,0.08660616996698318,212,0.4966120024862522,0.05947789593557214,0.009139249919485188
20261495,0.075,5.567902918518113,0.11408878083549759,212,0.8342255970882972,0.09488444113092849,0.3183430746635895
20261495,0.1,7.501738550809893,0.14609021047198484,212,1.100068598720426,0.12837285656936398,0.6257569540226758
20261496,0.0,2.839963127669807,0.05981123882712459,212,-0.036404750028216235,0.026249088555534626,0.18252379642837877
20261496,0.02,4.360791470481103,0.08315292194758273,212,0.4672175594818565,0.05635082214338968,0.4391577195132925
20261496,0.03,5.2945260731762325,0.09747642533528868,212,0.6441592666641386,0.07271585872405967,0.5671905810391776
20261496,0.05,7.226413105303431,0.1268259612154778,212,0.8899267797525124,0.10357951892117746,0.8226379671817666
20261496,0.075,9.518413095072212,0.16294425236975563,212,1.2947611003627093,0.14035886333658312,1.1406862656124137
20261496,0.1,11.865413465999893,0.19918236262790948,212,1.7185177298877143,0.17704655125799817,1.457192912735432
20261497,0.0,2.313932793878709,0.05767344071309776,212,0.3543810055520592,0.020676988177848417,0.20299448072030535
20261497,0.02,2.870184323201744,0.0671406860616587,212,0.47198830987890217,0.04689125750661565,0.37695016190351166
20261497,0.03,3.342638217414135,0.07519877682104555,212,0.4103923415785598,0.06046358728156055,0.46395704477695565
20261497,0.05,4.688957848189984,0.09762235885924023,212,0.7700199542511276,0.08563481594966367,0.6380029388724263
20261497,0.075,6.443339394792799,0.12653050983540748,212,1.1966083464599675,0.11818106407557002,0.8555669092397735
20261497,0.1,8.095795295712014,0.15459224637265587,212,1.3989294305913562,0.1503023128159333,1.0730622992332632
20261498,0.0,3.0842458972231794,0.07605184787684645,212,0.40290064605116566,0.01886024381651497,0.13702335627459764
20261498,0.02,3.7500425222114893,0.08620728500151566,212,0.5480404313961432,0.04721691968638116,0.3985368569832519
20261498,0.03,4.213161331273232,0.09360944297429931,212,0.5703505873451951,0.06094696007668422,0.5293122065445247
20261498,0.05,5.3527913954293505,0.11226640395218705,212,0.7847921483150349,0.08887095584922046,0.7908370711537834
20261498,0.075,7.209493962400802,0.14299590771675993,212,1.1438882876562244,0.12558731842797335,1.1175647197334804
20261498,0.1,8.94385052742941,0.17222050401854835,212,1.495353437127059,0.16148184484552552,1.4439106563141555
20261499,0.0,1.9517257525569018,0.04614110798875953,212,0.04810786877457541,0.004319632308965344,-0.16559736511743153
20261499,0.02,2.5058273895761616,0.056832146748703495,212,0.22034740255853982,0.03173823724592205,0.10467616089308025
20261499,0.03,2.968445474740514,0.06548216436313586,212,0.3853877530612455,0.045531259472877866,0.2394458144651934
20261499,0.05,4.222735363871252,0.08774905988087728,212,0.6369067031952156,0.07350645999066026,0.5081859275143653
20261499,0.075,6.253310757063523,0.12349662867957299,212,1.0394409604942196,0.10884439082738676,0.8424816045931631
20261499,0.1,8.103075509390314,0.15552212454632594,212,1.4177692773245185,0.14235687249608794,1.1747864290138081
20261500,0.0,2.545837017828665,0.061678675886251734,212,-0.0696823374444413,0.0371475065337255,0.07094942732989519
20261500,0.02,3.517286399746212,0.07998334821684595,212,0.30383916878051276,0.06216921734570987,0.351433465987362
20261500,0.03,4.1536635249649345,0.09119974766301543,212,0.45969477564021216,0.07441124783915976,0.49128630086389763
20261500,0.05,5.5504832306137075,0.11727166779999838,212,0.7127501359430484,0.09937560933646843,0.7701631033056908
20261500,0.075,7.265795671237828,0.14709382347880942,212,1.2411703388042086,0.13076770250452652,1.1171031946573176
20261500,0.1,8.797494541589636,0.17442998877591986,212,1.5612332947668204,0.16149515807928952,1.4620631831067312
20261501,0.0,3.601983716778303,0.07245829885547153,212,0.20899304197614985,0.05815374122350667,0.21576126305603202
20261501,0.02,5.2476073168316715,0.10110991405795558,212,0.6209313350739268,0.08508129265355278,0.42475154399152354
20261501,0.03,5.987392649765634,0.11413025667914699,212,0.7779357171458696,0.09891783891396784,0.5293268677985398
20261501,0.05,7.536447543344282,0.14114895255573126,212,1.0733584472880857,0.12608810083648073,0.738613044134517
20261501,0.075,9.547942675446032,0.17587908306638592,212,1.4273780946690076,0.16009982877133191,1.0004233809598266
20261501,0.1,11.437899193706983,0.2076086155056161,212,1.7459148696870777,0.19197068630744146,1.2623856776850062
20261502,0.0,2.1338855943777175,0.050241357279588124,212,-0.10067666402611386,0.04334562314512049,0.24259752247728147
20261502,0.02,3.600089804360789,0.07983536650308458,212,0.30245187948593044,0.07394630875232469,0.5381274872827254
20261502,0.03,4.436368871185626,0.09591314446292366,212,0.4635379000664667,0.08917357589362522,0.6853483889868494
20261502,0.05,6.059984647627045,0.12592680588895536,212,0.7415927425235079,0.11938795992102179,0.9786152720480864
20261502,0.075,7.886104029004498,0.15971272089727098,212,1.1555922335488213,0.154317276890684,1.3428223729147304
20261502,0.1,9.75559287511219,0.19174845771307314,212,1.5672932205727879,0.1880565955808257,1.7041521400749924
20261503,0.0,0.40273964501938037,0.008665891085458673,212,-0.34492241439613003,0.02916673493966034,-0.015649650655944397
20261503,0.02,2.4297378833538694,0.04798806314978822,212,0.01528211861959355,0.05688591173121196,0.19791585126115674
20261503,0.03,3.2932100001571,0.06374888373655363,212,0.08342431224368026,0.07071016885276792,0.30492026190068117
20261503,0.05,4.980151903058731,0.09592338541197289,212,0.4409433549664582,0.09800434625877649,0.519343719867148
20261503,0.075,7.080229500202342,0.13493372057775338,212,0.8024519733629791,0.13310315093520347,0.7880904204938682
20261503,0.1,9.008910944483457,0.1706838496137114,212,1.1579327160391382,0.16653268091660592,1.0575479810688182
